0.002215,0.363858,-1.828186,0.220128,0.220127,-0.673593,-1.276852,-1.713707,-0.949655,-1.295995,0.004576,0.0,59.171677
0.870223,1.139527,-0.427319,-0.312838,-0.312846,-0.011565,-0.825038,-1.485826,-0.731958,-0.790216,0.003823,0.0,58.986561
0.121322,1.260365,-0.314531,-0.934764,-0.934782,0.939114,0.23322,-0.537524,0.086406,0.193033,0.003558,-1.0,58.435165
1.598781,1.947728,-1.005795,-1.494014,-1.493998,1.871554,1.6875,1.117097,1.349731,1.731397,0.002794,-1.0,57.562145
-1.201875,0.323667,-2.046127,0.76404,0.764051,0.740579,0.908979,0.459466,0.411936,0.952945,0.002313,1.0,58.001949
1.33063,2.321774,-0.476196,-0.660921,-0.660919,0.871735,1.437712,1.213358,0.919589,1.550496,0.001017,-1.0,57.618603
-0.425044,1.179156,-0.97806,-0.293921,-0.293935,0.633914,1.649,1.430535,1.021259,1.666316,-9.9e-05,0.0,57.449242
1.691385,2.096299,-0.159651,-1.23629,-1.236284,1.295728,2.626161,2.584974,2.150791,2.721861,-0.000254,-1.0,56.739006
-0.793651,0.270666,-1.65382,0.872301,0.872292,0.305083,1.380411,1.615447,1.348987,1.605755,-0.000442,1.0,57.233936
1.244042,1.450996,-0.360422,-1.355626,-1.355621,1.136611,2.316009,2.824478,2.689107,2.753543,-0.001255,-1.0,56.458061
-0.129633,0.856482,-0.379632,0.453437,0.453448,0.361099,1.42082,2.157396,2.210984,2.095546,-0.001921,0.0,56.714069
-0.048635,0.724925,-0.3613,-0.053245,-0.053251,0.144521,1.068622,2.062518,2.136206,1.937143,-0.001785,0.0,56.683868
1.985817,2.047283,0.0,-2.031174,-2.031181,1.786294,2.641378,3.832631,4.056862,3.85334,-0.002875,-1.0,55.532516
0.590155,2.192686,-0.400634,-1.45626,-1.456257,2.373092,3.639525,4.811437,5.300592,5.272813,-0.003077,-1.0,54.72382
1.206769,1.571944,-1.305929,-0.801267,-0.801267,2.399517,3.792018,5.07392,5.804835,5.919225,-0.003066,-1.0,54.285336
1.207336,1.520348,-1.115418,-2.650547,-2.650546,3.723854,5.71496,7.136847,8.156334,8.49784,-0.004115,-1.0,52.846478
0.762488,1.281576,-0.943789,0.022356,0.02234,2.2532,4.822808,6.339999,7.65022,8.073238,-0.003282,0.0,52.858284
1.46457,1.688151,-0.605418,-1.132552,-1.132538,2.171979,5.166429,6.770335,8.294523,8.893312,-0.002507,-1.0,52.259644
1.389101,1.932551,-0.060943,-1.077701,-1.077723,2.113888,5.241021,7.177129,8.740439,9.59645,-0.003339,-1.0,51.69643
-1.30381,0.943177,-1.931762,0.698365,0.698389,0.549757,3.665794,5.672536,7.315455,8.376259,-0.002993,1.0,52.057472
-1.595718,0.745322,-1.954938,3.200258,3.200251,-2.241829,-0.105565,1.912259,3.480528,4.664294,-0.002659,1.0,53.723442
-2.038278,0.750316,-2.155366,2.265287,2.26529,-3.649315,-2.63567,-0.649639,0.82009,2.126503,-0.001624,1.0,54.940434
0.014258,0.51806,-0.7961,0.551983,0.55198,-3.097909,-3.222432,-1.375472,-0.022215,1.336317,-0.001566,1.0,55.243694
0.711514,1.40626,-0.495906,-0.803232,-0.803236,-1.18058,-2.424892,-0.872975,0.53532,1.829532,-0.001905,-1.0,54.799957
1.219127,1.433561,-1.060111,-0.567771,-0.567763,0.276106,-1.830389,-0.547889,0.78701,2.076759,-0.002335,-1.0,54.488823
-2.071742,0.27229,-2.834141,1.758819,1.758818,-0.835325,-3.058128,-2.419161,-1.15082,0.043758,-0.001441,1.0,55.447182
-0.268583,0.967367,-0.589452,-0.383564,-0.383554,-0.347027,-2.254665,-2.218378,-0.970704,0.15724,-0.001848,0.0,55.234512
-1.015702,0.22467,-1.432285,1.559193,1.559188,-1.573173,-3.071456,-3.652637,-2.54839,-1.547243,-0.001824,1.0,56.095722
0.267285,0.769032,-0.726828,-0.182545,-0.182542,-0.966921,-2.126803,-3.325292,-2.480958,-1.479269,-0.001746,0.0,55.993324
-0.568504,0.940478,-0.617632,0.218052,0.218022,-0.60264,-1.616584,-3.318189,-2.72364,-1.828075,-0.001746,0.0,56.115402
-0.855417,0.118549,-1.401671,0.6457,0.645732,-0.875413,-1.76012,-3.509851,-3.368675,-2.538735,-0.001416,1.0,56.477757
-0.141758,0.443867,-0.485697,0.025572,0.025571,-0.455493,-1.510548,-3.105678,-3.410343,-2.631415,-0.001085,0.0,56.492199
0.375211,0.72031,-0.266354,0.336965,0.336954,-0.582728,-1.587453,-2.910876,-3.633268,-2.962385,-0.000453,0.0,56.682552
1.917875,2.124958,-0.141191,-1.577267,-1.577274,0.93706,0.166854,-0.865974,-1.99352,-1.510944,-0.001261,-1.0,55.788513
0.738901,0.806925,-0.197038,0.320038,0.320057,0.562027,0.111414,-0.716545,-2.155953,-1.860251,-0.000922,0.0,55.967068
1.673073,1.902196,-0.066822,-1.717062,-1.717079,1.783824,1.780245,1.173467,-0.250236,-0.269878,-0.001413,-1.0,55.006069
-0.358676,0.926197,-1.1918,5.136163,5.136173,-2.725481,-2.742958,-3.435867,-4.693312,-5.062589,0.000784,1.0,57.831276
0.501709,0.661348,-0.613454,-0.45629,-0.456296,-1.972175,-2.0415,-2.72413,-3.795435,-4.486016,0.000326,0.0,57.567394
-1.29028,0.011335,-1.507971,0.567848,0.567865,-1.798239,-2.266279,-2.917085,-3.803387,-4.806291,0.00099,1.0,57.894299
-1.561002,0.491301,-1.694991,1.541984,1.541988,-2.330123,-3.295978,-3.903927,-4.691835,-5.945571,0.001365,1.0,58.787022
-0.741203,0.844876,-0.902237,1.234955,1.234956,-2.00698,-3.965645,-4.620739,-5.368078,-6.64486,0.001809,1.0,59.513016
0.543616,1.06291,-0.685036,-0.174276,-0.174285,-1.30466,-3.306964,-3.98574,-4.826754,-6.040796,0.002449,0.0,59.409294
-0.203645,0.026277,-0.748883,0.917066,0.917053,-1.405343,-3.639956,-4.429203,-5.298777,-6.381265,0.003268,1.0,59.954109
-0.979372,0.067025,-1.271237,1.283174,1.283185,-1.722657,-4.04808,-5.12071,-6.010831,-6.972716,0.003987,1.0,60.723431
-1.013953,0.259879,-1.555007,1.493927,1.493918,-2.246451,-4.541477,-5.92068,-6.814883,-7.720689,0.005416,1.0,61.630589
0.595378,1.427188,-0.662014,-0.894661,-0.894673,-0.851146,-2.685422,-4.569142,-5.512613,-6.405919,0.005099,-1.0,61.079197
-0.253775,0.434431,-0.690355,-0.058037,-0.058008,-0.25809,-2.102679,-4.01667,-4.981944,-5.951663,0.00547,0.0,61.043766
0.618208,0.670268,-0.663769,-0.853794,-0.199172,0.258772,-1.356638,-3.361177,-4.3962,-5.391136,0.005773,0.0,60.922184
0.921995,1.322482,-0.17603,-1.422972,-1.422984,1.483517,0.427135,-1.492523,-2.677951,-3.675401,0.005041,-1.0,60.055271
-2.246662,0.27601,-2.295879,2.840806,2.840808,-1.277462,-1.865419,-3.588184,-4.909236,-5.865203,0.004917,1.0,61.761326
-3.805372,1.039698,-4.395686,4.752216,4.752217,-4.637938,-5.516239,-6.963487,-8.587982,-9.563895,0.005775,1.0,64.696358
-0.124371,1.153457,-1.023066,1.824057,1.82407,-4.879048,-6.227103,-7.815968,-9.513269,-10.537786,0.006214,1.0,65.876465
-0.299244,0.901777,-1.773414,-0.118361,-0.118385,-3.284115,-5.227736,-6.872738,-8.713303,-9.841904,0.00645,0.0,65.798477
-0.433982,0.121434,-0.690778,0.887715,0.887756,-2.228837,-5.20917,-6.839743,-8.718618,-10.00922,0.006952,1.0,66.382607
-0.669638,1.181703,-0.736598,1.076981,1.076969,-1.680003,-5.404386,-7.006646,-8.861792,-10.31337,0.006717,1.0,67.097527
1.724306,1.895937,-0.049893,-1.313664,-1.313692,0.08783,-3.369373,-5.09387,-6.802107,-8.531205,0.006396,-1.0,66.216072
0.244841,0.953491,-0.230917,0.257452,0.257471,-0.015531,-2.81273,-4.636927,-6.397094,-8.169939,0.005947,0.0,66.386559
0.401626,0.522908,-0.946397,0.119427,0.11944,0.066007,-2.094609,-4.097551,-5.83936,-7.690718,0.006051,0.0,66.465851
0.449082,0.46505,-0.333319,-0.38571,-0.385729,0.401186,-0.785993,-3.173803,-4.846804,-6.703701,0.005843,0.0,66.209473
-0.441383,1.437456,-0.491086,0.389207,0.389227,-0.177759,-0.462666,-3.064105,-4.637989,-6.43353,0.005755,0.0,66.467178
1.925958,2.849014,-0.468693,-2.859023,-2.859038,2.249339,2.446844,0.149006,-1.439944,-3.087392,0.00476,-1.0,64.566856
-0.998162,0.998172,-0.998162,0.472792,0.472781,1.301297,1.809954,0.071174,-1.482679,-3.109284,0.004807,0.0,64.872116
-0.010166,0.976206,-0.115925,0.162969,0.162979,0.678461,1.518001,0.324451,-1.256408,-2.810756,0.005407,0.0,64.977844
0.981072,1.176052,-0.14778,-0.911125,-0.91112,1.03772,2.141328,1.695327,-0.064053,-1.513814,0.004982,-1.0,64.385818
0.92513,2.460187,-0.251748,0.279131,0.279127,0.167424,1.464859,1.701805,-0.114941,-1.429957,0.005671,0.0,64.565536
0.174453,0.711862,-0.483274,2.069268,2.069285,-1.458238,-0.639893,-0.238108,-1.774066,-3.040536,0.004613,1.0,65.901581
1.00552,1.092335,-0.329112,-0.685807,-0.685795,-0.601301,-0.096933,0.407302,-0.759201,-2.001842,0.004534,-1.0,65.449631
0.044152,0.232823,-1.659907,0.595641,0.595585,-0.928073,-0.78356,-0.183021,-0.973337,-2.224492,0.004543,1.0,65.839439
-0.231141,0.345734,-0.531441,1.595677,1.595686,-1.735366,-2.240135,-1.700197,-2.017779,-3.391417,0.004562,1.0,66.89003
2.337052,2.589765,-1.039136,-2.277888,-2.277879,0.800184,-0.129784,0.414586,0.541919,-0.91089,0.003351,-1.0,65.366356
-0.149662,1.278571,-0.62004,-5.444367,-5.444368,5.279344,5.174158,5.720796,6.097276,4.841647,0.001533,-1.0,61.807571
-0.886415,0.573309,-1.413186,1.064769,1.064782,3.214772,3.68084,4.188503,4.706461,3.828127,0.001584,1.0,62.465687
0.955043,1.490651,-0.043021,-1.64802,-1.648025,3.510858,4.841689,5.388546,6.105943,5.601381,0.000574,-1.0,61.436237
2.417131,2.55265,-0.644268,-3.179178,-3.179177,4.419265,7.460011,8.095177,9.010045,9.030396,-0.001038,-1.0,59.48307
-1.616446,0.964159,-1.717477,1.15525,1.15526,1.499594,5.502273,6.162981,7.189439,7.679425,-0.000331,1.0,60.170254
-0.322805,0.359386,-0.865113,2.055697,2.055687,-0.675301,2.645258,3.68153,4.638785,5.296206,0.000398,1.0,61.407166
-0.338764,0.74741,-0.645777,1.639836,1.639823,-2.294292,0.502866,1.746221,2.632347,3.375498,0.001032,1.0,62.414135
2.265674,2.383349,-0.301667,-1.035357,-1.035339,-1.164722,0.895136,2.464212,3.325769,4.19597,0.001166,-1.0,61.767937
1.112829,1.277921,-1.638681,4.969943,4.969944,-4.19249,-4.198403,-2.340625,-1.672109,-0.832634,0.0019,1.0,64.837769
1.181763,1.302386,-0.261711,-0.313879,-0.313871,-2.509518,-4.01003,-2.026047,-1.504306,-0.67284,0.000153,0.0,64.634262
1.592835,1.684211,-0.020773,-1.54774,-1.547752,-0.277033,-2.213984,-0.723392,-0.029179,0.726351,-0.00101,-1.0,63.633884
-0.045242,0.48127,-0.477149,0.973976,0.973975,-0.666358,-2.87894,-1.805082,-1.041604,-0.378015,-0.000633,1.0,64.253662
0.213357,0.397719,-0.420509,-0.713665,-0.71366,0.683169,-1.811086,-1.312902,-0.422998,0.170601,-0.001185,-1.0,63.795109
0.104885,1.029893,-0.490818,-1.242885,-1.242892,1.367602,-0.016772,-0.482287,0.720405,1.227653,-0.001985,-1.0,63.002205
-1.948934,0.241824,-1.963282,2.351342,2.351357,-1.00788,-1.644818,-2.859809,-1.599836,-1.220932,-0.000721,1.0,64.483612
-0.802755,0.457554,-1.186781,0.327892,0.327863,-1.003333,-1.458025,-2.879709,-2.014649,-1.535809,-0.000697,0.0,64.69503
1.468739,1.849365,-0.552331,-1.256228,-1.256217,0.139843,0.025451,-1.496308,-0.890752,-0.345126,-0.001172,-1.0,63.88232
0.171827,0.325025,-0.91713,-0.078604,-0.078584,0.230195,0.427494,-1.168612,-0.970042,-0.338548,-0.001066,0.0,63.832119
-0.243986,1.004609,-0.492057,0.977165,0.977152,-0.288676,-0.603592,-1.610665,-2.117176,-1.298622,-0.000863,1.0,64.455856
1.871345,2.016892,-0.08316,-1.396215,-1.396224,0.831297,0.634186,0.137659,-0.87359,0.035442,-0.000358,-1.0,63.555908
-0.40075,0.246619,-1.707802,1.174786,1.174794,-0.461578,-0.430342,-0.724908,-1.830596,-1.225591,-0.000116,1.0,64.302559
0.343106,0.559591,-0.531003,0.626811,0.626807,-0.827133,-0.980717,-1.107203,-2.26901,-1.886854,4.4e-05,1.0,64.705612
-1.180982,0.209003,-1.552322,0.647416,0.647404,-1.068151,-1.413515,-1.399714,-2.614483,-2.561868,0.000581,1.0,65.124519
-1.251908,0.31046,-1.348677,0.655421,0.655437,-1.378119,-1.666599,-1.969194,-2.785761,-3.278041,0.000711,1.0,65.551369
-0.234611,0.665762,-0.633666,0.532217,0.532207,-1.188734,-1.972201,-2.360089,-2.865656,-3.757671,0.000181,0.0,65.900238
-0.063859,0.283372,-0.375165,0.487289,0.487296,-1.088389,-2.217079,-2.573089,-2.9732,-3.957773,0.000585,0.0,66.221367
-0.895935,0.055502,-0.955397,0.676494,0.676481,-1.163916,-2.456081,-2.986177,-3.306029,-4.350906,0.000613,1.0,66.669342
-0.569865,0.072707,-0.624887,0.87017,0.870196,-1.384596,-2.789418,-3.480659,-3.732644,-4.830288,0.000363,1.0,67.249496
-1.839423,0.563908,-1.887374,2.450437,2.450399,-2.771968,-4.469834,-5.21877,-5.740545,-6.559978,0.001993,1.0,68.897377
1.25801,1.650415,-2.277493,-0.285795,-0.285764,-1.678122,-3.447218,-4.537938,-5.174474,-5.795532,0.003772,0.0,68.700493
-1.135321,0.135244,-1.135321,0.979091,0.979098,-1.722812,-3.652484,-5.013983,-5.680255,-6.249631,0.003743,1.0,69.373138
-1.299093,0.105284,-1.778501,1.323912,1.323927,-1.976296,-4.116702,-5.647223,-6.483173,-7.026327,0.004767,1.0,70.291588
1.019082,1.382228,-0.16161,-1.118608,-1.118637,-0.218264,-2.401704,-4.03567,-5.014452,-5.529242,0.005478,-1.0,69.50528
-0.15853,0.211363,-1.258777,0.745301,0.745296,-0.634846,-2.485084,-4.215541,-5.215798,-5.931903,0.005337,1.0,70.0233
3.791512,4.368268,-0.414188,-2.491127,-2.491117,1.780213,0.354566,-1.307329,-2.516362,-3.315173,0.003769,-1.0,68.278938
-1.007812,0.499139,-1.501242,1.590927,1.590924,0.184038,-0.763767,-2.366297,-3.706329,-4.498766,0.003752,1.0,69.365204
0.440028,0.916399,-0.273579,-0.419137,-0.419134,0.253303,0.00211,-1.533702,-2.925194,-3.817638,0.003964,0.0,69.074471
0.767263,0.917253,-0.805724,-0.510803,-0.510795,0.539959,0.729757,-0.679203,-2.071046,-3.037068,0.002074,-1.0,68.721642
-1.072617,0.013292,-1.507355,1.292232,1.292203,-0.861491,-0.452944,-1.557584,-2.95015,-3.894355,0.002628,1.0,69.609665
-0.165569,0.654682,-0.466264,-0.246797,-0.24677,-0.282432,-0.100489,-0.97441,-2.286525,-3.371215,0.003077,0.0,69.437889
0.620053,0.756355,-0.522155,-0.862114,-0.283309,-0.034948,0.16428,-0.402312,-1.652284,-2.834052,0.002643,0.0,69.241165
1.38344,2.087846,-0.021466,-1.61829,-1.618321,1.32937,1.493228,1.378041,0.216137,-0.986859,0.002331,-1.0,68.120621
-1.148763,0.109498,-1.531046,1.574662,1.574696,-0.105188,-0.125291,-0.006323,-1.043481,-2.211919,0.003303,1.0,69.193314
0.181098,0.504763,-0.893942,-0.29007,-0.290079,0.006549,0.015874,0.293782,-0.506203,-1.664404,0.002392,0.0,68.992599
-0.449986,0.751908,-0.578835,0.184947,0.18495,-0.269995,-0.047054,0.149112,-0.456953,-1.523933,0.002343,0.0,69.120201
-0.505161,0.311154,-0.704924,0.119236,0.11921,-0.399887,-0.189563,0.013438,-0.360077,-1.357958,0.002817,0.0,69.202599
-1.012956,0.212052,-1.190932,1.446324,1.446355,-1.226532,-1.451769,-1.420851,-1.528968,-2.451075,0.003343,1.0,70.203514
0.302863,0.78096,-0.095247,-0.600198,-0.600181,-0.461365,-0.704754,-0.799173,-0.752926,-1.595088,0.002799,-1.0,69.782166
1.226315,1.65051,-0.082905,-1.211459,-1.211481,0.743118,0.415331,0.31229,0.467036,-0.191876,0.002863,-1.0,68.936768
-0.100088,0.737175,-0.304112,0.177395,0.177374,0.547031,0.182677,0.209985,0.315109,-0.185634,0.002519,0.0,69.059044
0.821361,1.052426,-0.130091,-0.875761,-0.875758,1.216718,0.952832,1.006619,1.134272,0.826696,0.002001,-1.0,68.454254
-0.67928,0.013435,-1.43339,1.192235,1.19223,-0.245216,-0.070595,-0.164569,-0.130987,-0.21103,0.002189,1.0,69.270386
-0.053868,0.454021,-0.244323,-0.257129,-0.25711,-0.187774,0.172373,0.128543,0.096561,0.152884,0.001874,0.0,69.092285
-0.519344,0.406687,-0.523157,0.757986,0.757979,-0.743505,-0.491653,-0.624096,-0.685696,-0.559253,0.001952,1.0,69.61599
-1.739782,0.513693,-1.76228,1.844423,1.844431,-2.021755,-2.042747,-2.286339,-2.299463,-2.236061,0.00242,1.0,70.900009
-1.767528,0.007326,-2.300539,2.35471,2.354718,-3.141635,-3.832343,-4.228526,-4.326335,-4.308984,0.002998,1.0,72.569504
-1.185093,0.406429,-1.485425,1.851779,1.851778,-3.646306,-5.078863,-5.44728,-5.738454,-5.852753,0.003337,1.0,73.91333
1.228159,2.376494,-0.074389,-0.870385,-0.870399,-1.659922,-3.769392,-4.24614,-4.600416,-4.820575,0.002192,-1.0,73.269989
-1.41616,0.010599,-1.525637,2.737506,2.737512,-2.776518,-5.49142,-6.241111,-6.766048,-7.077592,0.003234,1.0,75.275764
0.088492,0.741594,-0.739826,-0.23308,-0.23307,-1.430803,-4.466207,-5.491221,-6.171249,-6.497191,0.002816,0.0,75.100319
0.836417,1.274873,-0.262365,0.513272,0.513269,-1.161475,-4.022545,-5.418917,-6.236755,-6.650332,0.002537,0.0,75.485786
1.030323,1.20175,-0.080353,-1.387573,-1.387578,0.370349,-1.977782,-3.708793,-4.49305,-5.048573,0.002444,-1.0,74.438362
-0.97629,0.556111,-0.97629,1.144607,1.144609,-0.228802,-2.263829,-4.310747,-5.168956,-5.774115,0.002582,1.0,75.29039
-0.348329,0.411996,-0.769163,-0.155362,-0.155364,-0.100782,-1.372465,-3.608759,-4.61029,-5.331445,0.003387,0.0,75.173416
1.004706,1.711921,-0.297493,-0.740871,-0.740871,0.515179,-0.138232,-2.392761,-3.529998,-4.347227,0.002583,-1.0,74.616478
0.285445,0.856318,-0.090979,-0.146073,-0.146082,0.399621,0.267965,-1.708345,-3.032871,-3.924565,0.002677,0.0,74.507477
1.518678,1.524091,-0.137081,-1.090019,-1.090003,1.304394,1.343354,-0.224863,-1.727368,-2.563217,0.002478,-1.0,73.695343
-0.444843,0.921971,-0.446644,0.553726,0.55372,0.426182,0.897753,-0.323473,-1.976959,-2.834733,0.002223,1.0,74.103409
0.147749,0.801813,-0.290099,-0.450227,-0.450237,0.499835,1.149938,0.502719,-1.206053,-2.136249,0.002153,0.0,73.769768
-0.194271,0.123466,-2.17332,-0.760376,-0.760347,0.885289,1.666557,1.482996,-0.165698,-1.163047,0.001988,-1.0,73.208862
0.925689,1.01752,-0.134078,-1.145668,-1.145688,1.46384,2.414319,2.640782,1.261891,0.157513,0.002151,-1.0,72.370117
-0.653891,0.471753,-0.764997,0.837526,0.837535,0.424025,1.363332,1.702663,0.67474,-0.522394,0.001897,1.0,72.976242
-0.366606,0.110504,-1.285761,3.83775,3.837737,-2.845861,-2.318753,-1.835613,-2.605025,-3.882545,0.00332,1.0,75.776878
0.391076,0.741634,-0.288898,-0.424499,-0.424516,-1.984932,-1.864969,-1.40126,-1.802873,-3.127219,0.00311,0.0,75.455193
0.744812,0.993079,-0.092217,-0.664113,-0.664101,-0.863981,-1.163853,-0.755093,-0.875947,-2.164989,0.00284,-1.0,74.954094
0.665967,0.771302,-0.105336,-0.675655,-0.675646,0.368508,-0.499562,-0.172949,-0.075524,-1.177455,0.002108,-1.0,74.44767
0.530196,1.004475,-0.396739,-0.994485,-0.994486,1.575052,0.501518,0.763666,0.914217,0.055979,0.001972,-1.0,73.707298
-1.220987,0.046341,-1.251288,1.172188,1.172181,0.074863,-0.600152,-0.46807,-0.167724,-0.809376,0.002794,1.0,74.571281
0.461016,0.70508,-0.200673,-1.406368,-1.406374,0.976632,0.784095,0.801994,1.137088,0.818049,0.002248,-1.0,73.52253
2.196015,2.351282,-0.101672,-2.196585,-2.196572,2.397122,2.86664,2.814761,3.186525,3.138373,0.001793,-1.0,71.907555
-1.191328,0.527645,-1.899144,0.545302,0.545268,1.24761,2.299036,2.053604,2.40659,2.564112,0.00157,0.0,72.299644
0.792532,1.096211,-0.392572,-0.71516,-0.715129,1.440621,2.869591,2.611034,2.959219,3.184129,0.001412,-1.0,71.782608
-0.855636,0.386407,-0.877718,0.633286,0.633276,0.156035,1.732233,1.793082,2.099975,2.477612,0.001369,1.0,72.23719
1.916055,1.927234,-0.218075,-1.277007,-1.27699,0.83239,2.467557,2.880281,3.150107,3.580996,0.000292,-1.0,71.314728
1.292825,1.474836,-0.343379,-0.667264,-0.667248,1.207993,2.574937,3.348319,3.576364,4.036154,-0.00075,-1.0,70.838882
-1.086369,1.263692,-1.09197,0.523516,0.523491,0.37482,1.586056,2.701481,2.805423,3.254174,-0.001208,0.0,71.209717
-1.49527,0.062224,-1.597764,1.989808,1.989811,-1.351049,-0.544672,0.665695,0.726125,1.139913,-0.000221,1.0,72.626656
-0.688959,0.509547,-1.022677,2.007718,2.007727,-2.793885,-2.567828,-1.467883,-1.257634,-0.915826,-0.000473,1.0,74.084801
0.117275,0.469103,-0.463689,-0.557983,-0.558019,-1.608635,-2.00088,-1.076389,-0.710217,-0.441367,-0.000585,-1.0,73.671394
1.999375,2.108494,-0.142416,-2.450162,-2.450131,1.14857,0.454801,1.121812,1.690212,1.906149,-0.001607,-1.0,71.866348
-1.471575,0.182131,-1.575386,1.553624,1.553612,0.087065,-0.988386,-0.558997,0.176489,0.263584,-0.000593,1.0,72.982872
-0.108786,1.048031,-0.670886,0.444389,0.444396,-0.17008,-1.218469,-1.035338,-0.244148,-0.201191,-0.000834,0.0,73.307205
-1.121936,0.057536,-2.044299,0.846769,0.846769,-1.050746,-1.819194,-1.924319,-1.206807,-1.048655,-0.000489,1.0,73.927948
1.452196,1.748854,-0.241733,-1.817753,-1.817751,0.481616,0.173416,-0.194731,0.42448,0.717996,-0.00086,-1.0,72.584122
-0.078114,0.781102,-0.862854,0.811252,0.811226,0.030168,-0.313698,-0.882575,-0.505342,-0.094443,-0.00053,1.0,73.172943
0.446203,1.678184,-0.874621,-7.992741,-7.992723,7.038898,7.769007,7.235151,7.608792,8.284626,-0.00291,-1.0,67.324432
0.639046,1.322021,-0.425358,-1.13524,-1.135233,6.240634,8.095051,7.943416,8.307535,9.142442,-0.003492,-1.0,66.560143
0.552245,1.34459,-0.616264,-0.19371,-0.193705,4.189834,7.152736,7.570258,7.905069,8.791539,-0.003404,0.0,66.431213
-1.082698,0.18578,-1.408308,0.16407,0.164058,2.202559,5.905518,6.915708,7.203662,8.077433,-0.003085,0.0,66.540199
0.215346,1.236224,-0.444632,0.18578,0.18577,0.060225,4.928728,6.299934,6.611581,7.379591,-0.002626,0.0,66.663811
-0.57785,0.13168,-1.185163,1.447576,1.447591,-1.277548,2.639783,4.430109,4.744977,5.444045,-0.002416,1.0,67.62883
-1.176377,0.524785,-1.236858,0.746866,0.746877,-1.547447,1.119594,3.21633,3.700703,4.335146,-0.003482,1.0,68.133934
-0.478038,0.193163,-0.91705,-0.015606,0.582849,-1.505138,-0.253876,2.077955,2.829388,3.377999,-0.003134,1.0,68.531052
0.327127,0.625387,-0.442575,1.398995,1.398996,-2.015136,-2.07536,0.26842,1.279348,1.719565,-0.002423,1.0,69.489799
-1.95278,0.567121,-2.077544,1.79149,1.79148,-2.588592,-4.143489,-1.602912,-0.510484,-0.136974,-0.001572,1.0,70.734695
-0.998204,0.33398,-1.205307,1.317602,1.317632,-2.728573,-4.784199,-3.004996,-1.772458,-1.471015,-0.000775,1.0,71.666718
0.1922,0.679211,-0.500077,-0.007463,-0.007473,-1.736831,-4.065232,-3.150859,-1.832467,-1.470419,-0.001182,0.0,71.661362
-1.794537,0.077151,-1.879026,1.587922,1.587898,-2.100161,-4.690025,-4.768046,-3.455195,-2.979629,-0.000149,1.0,72.799271
-0.279424,0.365817,-0.511045,-0.080811,-0.080781,-1.127242,-3.760589,-4.676726,-3.441132,-2.82279,0.000581,0.0,72.740463
0.00183,0.952401,-0.069604,0.367652,0.367665,-0.866701,-3.244171,-5.040982,-3.716664,-3.05993,0.000519,0.0,73.007904
1.373352,1.771593,-0.561994,-1.578785,-1.578789,0.77599,-1.103909,-3.097364,-2.250632,-1.468964,0.000221,-1.0,71.855263
0.346415,1.101386,-0.404785,-1.15749,-1.157524,1.776543,0.461092,-1.543599,-1.266679,-0.405375,-0.000396,-1.0,71.023521
1.435504,1.774394,-0.12375,-1.110798,-1.110794,2.189453,1.832093,-0.07665,-0.420565,0.494066,-0.000339,-1.0,70.234596
-0.834042,0.449245,-0.972418,0.437891,0.437898,1.120656,1.537297,-0.134096,-0.999455,-0.121516,4.2e-05,0.0,70.542152
1.402139,1.438526,-0.203041,-1.04066,-1.040633,1.267264,2.4723,1.216347,-0.199398,0.810843,-0.000497,-1.0,69.808067
1.210014,1.478689,-0.338262,-0.902198,-0.902218,1.415287,3.045522,2.287169,0.843207,1.508667,-0.001494,-1.0,69.178246
-1.995568,0.210356,-2.202139,1.994786,1.994787,-0.700063,0.873837,0.51572,-0.845741,-0.632456,-0.001499,1.0,70.558205
0.53968,1.23708,-0.78291,-0.271012,-0.271015,-0.392587,0.802305,0.962811,-0.296628,-0.564846,-0.0014,0.0,70.366982
-0.822347,0.547597,-0.93793,0.288848,0.288849,-0.671514,0.20445,0.774088,-0.298257,-0.965385,-0.000455,0.0,70.570236
-0.045178,0.263541,-0.653186,0.659386,0.659388,-0.976582,-0.729613,0.142185,-0.643656,-1.734485,-0.000764,1.0,71.035568
-0.2705,0.448946,-0.606739,0.210833,0.210842,-0.621019,-1.032586,-0.113594,-0.602894,-1.724285,-0.000844,0.0,71.185341
0.384361,0.695247,-0.499292,-0.302432,-0.30243,-0.203492,-0.739904,0.12447,-0.101564,-1.177617,-0.00124,0.0,70.970055
0.122541,0.290328,-0.827615,-0.058402,-0.058406,0.013192,-0.58405,0.007157,0.125829,-0.866236,-0.000634,0.0,70.928604
-0.482174,0.453936,-0.485946,0.090484,0.090473,0.041826,-0.610438,-0.247359,0.141178,-0.704969,-0.000882,0.0,70.992775
-0.119376,0.494329,-0.652875,0.973781,0.973771,-0.742021,-1.307226,-1.33247,-0.758343,-1.382417,0.00221,1.0,71.684082
-0.391339,0.137901,-0.859094,0.097,0.097012,-0.679821,-1.043957,-1.43754,-0.84847,-1.248053,0.002635,0.0,71.753624
1.279564,1.697914,-0.280791,-1.110672,-1.110677,0.431924,0.123626,-0.336815,0.215495,0.020206,0.002318,-1.0,70.956673
0.781417,1.181658,-0.322089,-1.123157,-1.123142,1.353551,1.23139,0.788145,1.165733,1.24919,0.001874,-1.0,70.159729
0.182248,0.613202,-0.168965,0.390713,0.390726,0.800372,0.81803,0.385623,0.608249,0.908737,0.001945,0.0,70.433861
-1.035,0.107263,-1.166726,0.884683,0.884638,-0.260044,-0.063016,-0.377468,-0.411247,0.042028,0.001751,1.0,71.056946
0.188226,0.937391,-0.425409,-0.026342,-0.026327,-0.435187,-0.057406,-0.176681,-0.442528,0.032984,0.001484,0.0,71.038239
0.225078,0.750893,-0.255342,-0.481874,-0.481876,-0.026852,0.387749,0.319659,0.016369,0.462728,0.001117,0.0,70.695923
-0.176402,0.165147,-1.22731,0.788723,0.788722,-0.502178,-0.352235,-0.382445,-0.694809,-0.410217,0.000907,1.0,71.253517
-0.142807,0.242956,-0.765969,1.186037,1.186048,-1.206638,-1.366873,-1.408785,-1.750871,-1.613164,0.000698,1.0,72.098618
-0.640381,0.139455,-0.990847,1.075683,1.07567,-1.759292,-2.253243,-2.289816,-2.58609,-2.66756,0.000615,1.0,72.874161
1.248661,1.708109,-0.170434,-0.955981,-0.95596,-0.495399,-1.251075,-1.255089,-1.438094,-1.710261,0.000288,-1.0,72.177513
0.476315,0.751681,-0.435376,-0.429804,-0.4298,0.2601,-0.698112,-0.74562,-0.921569,-1.239025,-0.000408,0.0,71.867294
0.271952,0.387446,-0.48616,-0.111638,-0.111647,0.520808,-0.360432,-0.554959,-0.711918,-1.042134,-0.000419,0.0,71.787056
0.463921,0.758282,-0.150902,-0.022354,-0.022372,0.452004,-0.15183,-0.460419,-0.606049,-0.951504,-0.000553,0.0,71.770996
-0.71817,0.040622,-0.900952,0.914786,0.914782,-0.58191,-0.867706,-1.294302,-1.41095,-1.7047,0.000306,1.0,72.427544
-0.031331,0.171414,-0.422079,0.166157,0.166181,-0.644741,-0.824079,-1.385071,-1.480607,-1.681988,0.000763,0.0,72.547905
0.482565,0.688579,-0.213439,-0.69302,-0.693028,0.097991,0.055306,-0.596153,-0.718464,-0.913307,0.000907,-1.0,72.045128
1.502385,1.538114,-0.233167,-1.293636,-1.293623,1.220317,1.346867,0.79599,0.595671,0.42727,0.00031,-1.0,71.113136
0.869202,1.419379,-0.301824,-1.570089,-1.570066,2.327901,2.66316,2.362152,2.129124,1.996415,0.000127,-1.0,69.996613
0.334327,0.512,-0.905553,-0.005723,-0.005756,1.638015,2.257372,2.266666,2.014169,1.942681,0.000436,0.0,69.992584
-1.448185,0.032054,-1.565094,1.314382,1.314391,-0.141803,0.752365,0.928105,0.631397,0.604752,0.000202,1.0,70.91256
1.375411,1.673413,-0.059223,-1.289786,-1.289786,0.578055,1.801776,2.180394,1.877803,1.863742,-0.000149,-1.0,69.99794
-0.117396,0.619694,-0.475359,-0.739283,-0.739289,0.857186,2.228012,2.771303,2.587701,2.539048,-0.000504,-1.0,69.480453
0.042177,0.092013,-0.856839,0.398367,0.398367,0.388369,1.533705,2.139756,2.132149,2.061339,-0.000594,0.0,69.75724
0.445982,0.710475,-1.280023,-0.713076,-0.713086,0.897764,1.805558,2.525429,2.735931,2.654341,-0.000913,-1.0,69.259811
-0.184972,0.400762,-0.938329,0.20272,0.202721,0.257804,1.146038,2.051218,2.410072,2.311018,-0.000738,0.0,69.400215
-0.941066,0.537201,-1.093468,1.142563,1.14257,-0.819147,-0.26041,0.739381,1.217371,1.111739,-0.000324,1.0,70.193161
-1.097585,0.182607,-1.35739,1.186802,1.186812,-1.547164,-1.442484,-0.513596,0.0142,-0.025394,5.4e-05,1.0,71.026222
-0.637585,0.024448,-0.977998,0.099779,0.099769,-1.268386,-1.385932,-0.675946,-0.155918,-0.087725,-0.000248,0.0,71.097084
0.821344,1.215819,-0.057177,-1.30713,-1.307138,0.298055,-0.054874,0.424848,0.973614,1.184874,-0.000732,-1.0,70.167747
0.077497,0.392767,-1.23994,8.198189,8.198204,-5.583953,-6.968142,-6.888237,-6.43069,-6.224711,0.002478,1.0,75.920242
-1.295589,0.00875,-1.39525,0.734447,0.734438,-4.628798,-6.799132,-7.180695,-6.811459,-6.606001,0.003119,1.0,76.477829
-3.583631,0.279412,-3.62572,3.872792,3.872766,-6.066403,-9.02033,-9.942577,-9.804216,-9.675886,0.004319,1.0,79.439636
0.238047,0.616213,-0.476082,-0.296259,-0.296255,-3.740129,-7.557252,-8.899969,-9.066964,-9.048648,0.003912,0.0,79.204292
0.43214,1.582813,-0.049144,-0.378166,-0.378154,-1.160161,-5.983994,-7.801172,-8.311346,-8.39769,0.003791,0.0,78.904778
0.087907,0.561298,-0.865627,0.235565,0.235578,-0.590741,-4.979722,-7.328517,-8.113213,-8.263346,0.004038,0.0,79.09066
-0.040501,0.273374,-0.484326,0.185973,0.185964,-0.078648,-4.014649,-6.723142,-7.829909,-8.061559,0.00383,0.0,79.23774
-1.800445,0.006657,-1.823746,1.414147,1.414165,-1.243356,-4.191804,-7.121392,-8.539924,-8.916939,0.003909,1.0,80.358292
1.243245,1.682334,0.0,-1.089914,-1.089919,-0.085135,-2.08107,-5.282224,-6.935374,-7.525185,0.003162,-1.0,79.482452
0.492971,0.837373,-0.776593,-0.349935,-0.349964,0.34139,-0.596269,-4.11255,-6.027021,-6.858178,0.003371,0.0,79.204292
0.044215,1.091858,-0.270412,-0.732694,-0.17823,0.513583,-0.021269,-3.12656,-5.343787,-6.362254,0.003458,0.0,79.063126
-0.170787,0.121251,-0.889777,-0.416671,-0.416667,0.806104,0.683571,-1.998073,-4.39297,-5.630656,0.003353,0.0,78.733696
-0.900771,0.140004,-0.91595,1.245003,1.244988,-0.595158,-0.520105,-2.476609,-4.926742,-6.359513,0.00379,1.0,79.713921
-0.296424,0.131364,-0.515367,0.156877,0.156877,-0.661547,-0.596427,-1.899401,-4.444277,-6.013073,0.003529,0.0,79.838974
-0.242475,0.594408,-0.358662,0.01852,0.01852,-0.517276,-0.495993,-1.10892,-3.798636,-5.536515,0.003478,0.0,79.85376
0.998612,1.321285,-0.132468,-0.850354,-0.850353,0.364123,0.368017,0.01325,-2.356295,-4.308938,0.003423,-1.0,79.174721
-1.486175,0.003342,-2.026748,1.475837,1.475854,-0.694899,-0.954129,-1.120592,-3.144745,-5.185604,0.004378,1.0,80.343224
-1.114808,0.453197,-1.20082,1.184918,1.18491,-1.46877,-1.998741,-2.126336,-3.647367,-5.714587,0.005328,1.0,81.295219
-0.033074,0.279469,-0.658169,0.019848,0.019858,-1.126172,-1.793271,-1.973011,-3.0384,-5.164917,0.005337,0.0,81.311363
-0.409032,0.064319,-0.700966,0.264587,0.264571,-0.97672,-1.767572,-2.017292,-2.597627,-4.813311,0.004975,0.0,81.526489
-0.110325,0.424857,-0.522,0.158329,0.158341,-0.525628,-1.605383,-1.962784,-2.40042,-4.363448,0.005475,0.0,81.655579
-1.120284,0.097701,-1.247291,1.12965,1.129652,-1.095537,-2.238947,-2.788227,-3.121282,-4.831831,0.006119,1.0,82.578003
-1.558432,0.036757,-1.598391,1.872571,1.872554,-2.240933,-3.511655,-4.276661,-4.623605,-5.958352,0.006627,1.0,84.124321
0.322107,0.932678,-0.036862,-0.258941,-0.258935,-1.368567,-2.776396,-3.676651,-4.095796,-5.103562,0.006784,0.0,83.906494
-1.185117,0.234508,-1.197709,1.822083,1.822094,-2.218519,-3.862889,-4.914125,-5.429796,-6.086908,0.007342,1.0,85.435349
0.786726,1.764608,-0.647712,-0.374575,-0.37457,-1.037926,-2.803486,-4.082583,-4.72032,-5.301691,0.006819,0.0,85.115334
0.844663,0.98306,-0.978285,-0.687205,-0.687222,0.10881,-1.635563,-2.961687,-3.747944,-4.265351,0.006173,-1.0,84.530403
-1.424223,0.188227,-1.457161,1.414138,1.414153,-0.913515,-2.490358,-3.847294,-4.777053,-5.306992,0.006626,1.0,85.725792
-1.144503,0.476106,-1.350765,1.14189,1.141876,-1.386734,-2.969194,-4.404944,-5.435621,-6.030041,0.007471,1.0,86.704674
-0.177645,0.312044,-0.732212,0.392356,0.392351,-1.402321,-2.714439,-4.227788,-5.35482,-6.023229,0.004779,0.0,87.044861
0.670721,0.881385,-0.170392,-0.274961,-0.274955,-0.741054,-1.852936,-3.377686,-4.647909,-5.408622,0.004431,0.0,86.805527
-1.067236,0.192102,-2.081107,1.600129,1.600137,-1.473398,-2.761855,-4.305941,-5.613281,-6.492146,0.003647,1.0,88.194534
0.509287,0.84881,-0.721485,0.586983,0.586955,-1.375051,-2.812104,-4.306963,-5.656894,-6.661118,0.003952,1.0,88.712196
0.287658,0.958876,-0.415512,-0.413792,-0.413771,-0.593899,-1.905879,-3.378589,-4.783492,-5.872029,0.00394,0.0,88.345131
1.896197,1.982882,-0.42258,-1.672704,-1.672705,1.056294,-0.072288,-1.325016,-2.76001,-3.917898,0.003282,-1.0,86.867378
1.007886,1.270818,-0.438214,-1.094379,-1.09439,1.96758,1.126685,0.097463,-1.291694,-2.53567,0.00284,-1.0,85.91671
-0.748368,0.596533,-0.813449,1.007886,1.007905,0.624719,0.377124,-0.578354,-1.905643,-3.137221,0.0027,1.0,86.782669
0.249778,0.673322,-0.304082,-0.130146,-0.130147,0.284527,0.616843,-0.252998,-1.467753,-2.689967,0.003031,0.0,86.669724
0.097632,0.119333,-0.900414,0.108599,0.108592,-0.18876,0.51452,-0.141647,-1.260421,-2.476271,0.003189,0.0,86.76384
0.468104,0.478992,-0.566084,-0.347146,-0.34715,0.06532,0.797334,0.285428,-0.631002,-1.830793,0.003131,0.0,86.462639
1.033983,1.803981,-0.011002,-1.034179,-1.034173,1.029587,1.706076,1.368694,0.636024,-0.506062,0.002918,-1.0,85.568466
0.539467,0.869758,-0.253225,-0.088001,-0.08802,0.816925,1.479699,1.533071,0.895172,-0.177459,0.002458,0.0,85.493149
0.520604,1.61719,-0.099687,-0.60553,-0.605511,1.03234,1.658172,2.092744,1.559907,0.603898,0.002195,-1.0,84.975479
-0.166005,0.376268,-0.785745,0.088615,0.088616,0.540056,1.180827,1.872714,1.537259,0.690693,0.002219,0.0,85.050781
-0.583057,0.165018,-1.21012,0.597611,0.597609,-0.268431,0.426838,1.151758,0.941297,0.281059,0.002719,1.0,85.559052
-1.261147,0.021741,-1.31551,1.18812,1.188124,-1.206792,-0.676241,-0.053645,-0.159594,-0.669098,0.00262,1.0,86.5756
-0.893148,0.860866,-0.90391,1.03283,1.032831,-1.764771,-1.613047,-1.130608,-1.012213,-1.46083,0.002567,1.0,87.46978
0.0,0.588113,-0.417023,0.634883,0.634872,-1.691606,-2.079762,-1.80638,-1.506089,-1.905223,0.002779,1.0,88.025101
0.417202,0.620448,-0.417209,-0.042765,-0.042756,-0.982032,-1.898809,-1.791478,-1.391063,-1.677739,0.002673,0.0,87.987465
-0.382858,0.074443,-0.882699,0.588357,0.588353,-0.895456,-2.241836,-2.242546,-1.885341,-2.114097,0.002822,1.0,88.505142
-1.906848,0.020837,-1.948529,2.063173,2.063178,-2.067317,-3.690742,-3.892888,-3.673551,-3.861869,0.003143,1.0,90.331161
0.964865,1.520718,-1.499738,-0.646038,-0.646045,-0.922912,-2.590451,-3.047715,-2.960669,-3.004208,0.002275,-1.0,89.747581
0.05242,0.587062,-0.660443,0.041952,0.041953,-0.572384,-2.095605,-2.857042,-2.941607,-2.864032,0.002379,0.0,89.785233
-1.3468,0.536618,-1.599331,-0.366913,-0.366926,0.122064,-1.242622,-2.29867,-2.522085,-2.383287,0.001624,0.0,89.455788
0.147028,0.703632,-0.378072,0.189394,0.189404,0.182734,-0.975634,-2.248126,-2.552509,-2.452666,0.001818,0.0,89.625221
-0.611712,0.456197,-0.82944,1.291741,1.291746,-0.995337,-1.775012,-3.111802,-3.527215,-3.52141,0.002501,1.0,90.782951
1.552668,1.605117,-0.304239,-1.171588,-1.171583,0.172043,-0.359848,-1.649188,-2.219898,-2.309702,0.001609,-1.0,89.719353
2.310616,2.447773,-0.042204,-0.566514,-0.56652,0.614052,0.34079,-0.772314,-1.520363,-1.730745,0.00102,-1.0,89.211075
2.084008,2.352565,-0.558595,-1.78308,-1.783081,2.021704,2.120532,1.224627,0.316365,0.0202,0.00027,-1.0,87.620369
-0.857775,0.328283,-1.493173,1.439472,1.439478,0.406646,0.71375,0.037412,-0.971095,-1.308488,0.000861,1.0,88.881645
1.11773,1.128378,-0.234193,-0.518901,-0.518897,0.395989,1.022981,0.698307,-0.293284,-0.680445,0.00013,-1.0,88.420441
-0.042231,0.179474,-0.633444,0.830316,0.830316,-0.557438,0.124569,-0.004936,-0.909004,-1.391901,0.000214,1.0,89.15461
-1.821179,0.709944,-2.078407,2.607687,2.60768,-2.588743,-2.234801,-2.294478,-3.071821,-3.687626,0.001256,1.0,91.479477
0.010308,0.298878,-0.628673,-0.164629,-0.164615,-1.616001,-1.868505,-1.889463,-2.568291,-3.328881,0.001776,0.0,91.328888
-0.839562,0.174053,-1.054571,0.659589,0.659562,-1.597198,-2.260659,-2.283868,-2.860128,-3.724366,0.002381,1.0,91.931259
-1.211873,0.222178,-1.484543,1.382204,1.38221,-1.912736,-3.33366,-3.410751,-3.829017,-4.709344,0.00251,1.0,93.201942
0.965649,1.07746,-0.132138,-0.646334,-0.64634,-0.530585,-2.393766,-2.57707,-2.926396,-3.782463,0.002332,-1.0,92.599541
0.295466,0.560362,-0.489051,-0.233782,-0.233769,-0.101893,-1.821706,-2.161323,-2.463072,-3.236276,0.002214,0.0,92.383072
1.631805,1.935145,-0.282423,-2.598068,-2.598079,2.263601,1.059634,0.487458,0.249486,-0.435974,0.001438,-1.0,89.982887
-1.279512,0.509733,-1.37314,0.554392,0.554407,1.379374,0.679286,-0.00347,-0.194012,-0.767298,0.001986,1.0,90.481758
0.815992,1.03568,-0.439374,-0.56174,-0.561738,1.234432,1.420645,0.501443,0.349926,-0.05566,0.001822,-1.0,89.973488
0.252311,0.588727,-0.798993,-0.491676,-0.49169,1.049203,1.963836,0.984023,0.833685,0.530279,0.001861,0.0,89.531097
-0.221145,0.547603,-0.263269,-0.168213,-0.168222,0.547611,1.900813,1.166822,0.980954,0.760335,0.001773,0.0,89.380486
0.476288,1.555878,-0.402207,-0.505472,-0.010568,0.421315,1.692514,1.308107,0.986886,0.83291,0.001563,0.0,89.37104
-0.506646,0.084444,-1.541059,0.275185,0.2752,-0.047278,1.155184,1.084775,0.709273,0.605806,0.001248,0.0,89.616989
-0.750079,0.093764,-1.198044,1.3194,1.319371,-1.166939,-0.426652,-0.056876,-0.601249,-0.683647,0.001347,1.0,90.79937
0.072939,0.948209,-0.375117,-0.020832,-0.020805,-0.871119,-0.606311,0.083321,-0.52212,-0.617468,0.001121,0.0,90.780479
-1.120934,0.0,-1.234057,1.323327,1.323313,-1.60016,-1.948049,-1.187391,-1.670719,-1.819913,0.001592,1.0,91.981789
-0.174357,0.071795,-0.717946,0.267382,0.267388,-1.24308,-1.966126,-1.385926,-1.683157,-1.961512,0.001481,0.0,92.227737
-0.08165,0.214328,-1.143092,0.492311,0.492296,-1.065518,-2.209006,-1.815035,-1.959786,-2.309871,0.00094,0.0,92.68177
-0.675682,0.211778,-1.189997,1.204328,1.204348,-1.603478,-2.964997,-2.941089,-2.839824,-3.343824,0.001578,1.0,93.797981
-1.11409,0.14921,-1.20362,1.3816,1.381593,-2.037202,-3.702377,-4.088905,-3.851604,-4.434947,0.00204,1.0,95.093887
-0.129261,0.517049,-0.616489,0.03979,0.039794,-1.413943,-3.136127,-3.934436,-3.697893,-4.224016,0.00218,0.0,95.131729
-0.009944,0.357924,-0.467291,0.009945,0.009937,-0.811291,-2.539269,-3.582532,-3.507112,-3.917336,0.002118,0.0,95.141182
-1.01658,0.148047,-1.115276,0.735731,0.73573,-0.876424,-2.601654,-3.913925,-4.007876,-4.328622,0.001926,1.0,95.841164
0.246208,0.620442,-0.256059,0.217135,0.217153,-0.622427,-2.266113,-3.700413,-4.067651,-4.218219,0.002405,0.0,96.049286
0.525324,0.60462,-0.029733,-0.640144,-0.640152,0.089205,-1.148778,-2.667595,-3.301056,-3.337911,0.00238,-1.0,95.434425
-1.08685,0.430826,-1.400176,1.229059,1.229065,-0.820527,-1.87017,-3.350637,-4.256487,-4.299207,0.003419,1.0,96.607376
-0.645481,0.518336,-0.674819,0.1175,0.117481,-0.610258,-1.520772,-2.957447,-4.020514,-4.188514,0.002963,0.0,96.720871
0.35122,0.390246,-0.292686,0.244499,0.244498,-0.622428,-1.319989,-2.689422,-3.920669,-4.214847,0.003226,0.0,96.957352
-0.232338,0.425939,-0.561473,0.780491,0.780515,-1.051322,-1.683462,-2.971296,-4.26869,-4.771965,0.003209,1.0,97.714119
4.204564,4.305635,-0.363857,-4.220717,-4.220733,2.914899,2.488378,1.504617,0.166768,-0.533198,0.000854,-1.0,93.589867
0.743982,2.007738,-0.336325,-0.828784,-0.828793,2.957609,3.095198,2.412701,1.188859,0.316646,0.000625,-1.0,92.814201
-0.171767,0.424369,-0.666872,0.866284,0.866289,1.410533,2.047091,1.63215,0.546636,-0.389596,0.000696,1.0,93.61824
0.955675,0.965837,-0.315167,-0.616348,-0.616345,1.197643,2.379018,2.288195,1.35421,0.338191,7e-06,-1.0,93.041229
1.112363,5.194412,-1.887947,-0.376172,-0.376159,0.495959,2.403298,2.594814,1.838955,0.83433,0.0001,0.0,92.691246
-2.960394,0.108912,-3.207919,3.071744,3.071735,-2.091091,-0.637625,-0.431684,-0.947031,-1.919209,0.00124,1.0,95.538475
-1.005616,0.009861,-1.784479,0.425743,0.425749,-1.8535,-1.127879,-0.797272,-1.160413,-2.06133,0.002283,0.0,95.945229
-0.442657,0.521344,-0.570531,0.226761,0.226753,-1.546331,-1.409603,-0.950884,-1.179424,-2.000396,0.00217,0.0,96.162788
1.161076,1.397231,-0.186948,-0.029517,-0.029529,-0.873741,-1.466087,-0.901293,-0.970662,-1.70027,0.002354,0.0,96.134392
-1.05096,0.39659,-1.953204,-0.757646,-0.757644,0.452118,-0.955774,-0.189694,-0.13037,-0.756684,0.002262,-1.0,95.406036
-0.305183,0.216579,-0.974607,0.713862,0.713864,-0.145696,-1.39791,-0.851869,-0.786567,-1.239215,0.002566,1.0,96.087105
0.137537,0.550149,-0.225958,0.206733,0.206744,-0.280979,-1.240795,-1.078697,-0.931334,-1.264176,0.002641,0.0,96.285759
1.317355,1.376782,-0.455625,-0.815406,-0.815412,0.400157,-0.231772,-0.350631,-0.098055,-0.315369,0.002265,-1.0,95.500633
0.732243,1.068673,-0.474961,0.099048,0.099054,0.188004,-0.06333,-0.544232,-0.209777,-0.292104,0.001844,0.0,95.59523
-1.98753,0.292287,-2.045984,1.563429,1.56341,-1.007392,-1.148661,-2.118069,-1.692308,-1.691333,0.00239,1.0,97.089775
0.402952,1.081079,-0.540543,-0.867107,-0.867092,-0.108111,-0.210322,-1.077807,-0.790173,-0.783489,0.001635,-1.0,96.247917
2.697455,2.901804,-0.153267,-3.813265,-3.813258,3.050974,3.382024,2.826868,2.925297,3.039531,0.000228,-1.0,92.577736
-2.203475,0.0,-2.332504,2.942676,2.942671,0.063521,0.336471,0.005291,-0.091318,0.100841,0.001073,1.0,95.301994
-1.458395,0.329638,-1.478378,-0.635235,-0.635244,0.513439,0.826095,0.761168,0.428035,0.692444,0.000439,-1.0,94.696594
0.059551,0.78412,-0.218363,0.639296,0.639305,-0.500249,0.174686,0.303719,-0.33648,0.021436,0.000183,1.0,95.301994
1.421654,1.522486,-0.483972,-1.558313,-1.558325,0.556574,1.51846,1.769182,1.253286,1.535803,-0.000369,-1.0,93.816879
-0.630636,0.320319,-1.861863,0.725955,0.725963,0.238236,0.597596,0.933598,0.612611,0.714713,-0.000122,1.0,94.497955
-0.180688,0.592247,-0.582214,-0.280279,-0.280275,0.293107,0.745828,1.080766,0.92802,0.892184,-0.000472,0.0,94.233101
0.331253,1.033928,-0.200768,0.0,0.0,0.194735,0.601279,0.946256,0.991261,0.776545,-0.000547,0.0,94.233101
0.688608,1.387345,-0.02025,-0.873322,-0.873324,0.672405,1.093672,1.693164,1.919493,1.4801,-0.000627,-1.0,93.410141
-2.02381,0.307538,-2.470243,2.075952,2.075934,-1.053558,-1.056534,-0.426574,-0.163181,-0.509907,-0.000335,1.0,95.349274
0.514754,1.346268,-0.405856,0.218248,0.218249,-1.047303,-0.96019,-0.694235,-0.400894,-0.611743,-0.0003,0.0,95.557373
-0.039711,1.290575,-0.426884,-0.287066,-0.28706,-0.542043,-0.677054,-0.42357,-0.160326,-0.255728,-0.000484,0.0,95.283066
1.522898,1.973751,0.0,-0.913338,-0.91332,0.412771,0.208387,0.410772,0.668762,0.721764,-0.001068,-1.0,94.412827
1.660758,1.792402,-0.182278,-1.062016,-1.062023,1.490625,1.081515,1.22599,1.642529,1.833719,2.1e-05,-1.0,93.410141
0.440845,1.650606,-2.419521,-1.225315,-1.225316,2.081192,2.167312,2.193969,2.696327,2.955092,-0.000115,-1.0,92.265572
-0.737585,1.516724,-0.883023,-1.312281,-1.312275,2.449609,3.147715,3.441363,3.774662,4.109276,-0.000867,-1.0,91.054794
-0.174053,1.36173,-0.880516,1.464779,1.464767,0.344024,1.458999,1.737829,2.108124,2.442924,-0.000149,1.0,92.388535
-1.443466,0.200478,-1.543706,2.139863,2.139873,-1.768249,-0.652576,-0.417009,-0.09624,0.221723,0.000719,1.0,94.365532
0.536739,0.536739,-1.171078,2.716519,2.716498,-3.640077,-2.916942,-2.938735,-2.746646,-2.365949,0.000596,1.0,96.92897
-0.145647,1.087487,-0.378678,0.507463,0.507483,-3.068263,-3.19449,-3.182191,-3.177498,-2.804161,0.000624,0.0,97.420868
-0.715444,0.209865,-1.144715,1.786585,1.786587,-3.134608,-4.5302,-4.568041,-4.544988,-4.394172,0.001162,1.0,99.161377
-0.038017,0.256602,-0.655771,0.37203,0.372001,-2.058527,-4.457308,-4.566922,-4.686354,-4.586563,0.001301,0.0,99.530258
-0.247363,0.352014,-0.390071,-0.104543,-0.104525,-0.938067,-3.853105,-4.11886,-4.348777,-4.332604,0.001526,0.0,99.426224
-1.255383,0.0,-1.30223,1.550753,1.550753,-1.650737,-4.57279,-5.084003,-5.528852,-5.639869,0.001814,1.0,100.968079
-0.642812,0.027955,-0.912982,0.562112,0.562108,-1.389971,-4.19321,-5.208365,-5.676813,-5.959,0.001937,1.0,101.535629
-0.018699,0.345854,-1.009535,-0.335376,-0.335365,-0.656211,-2.86877,-4.517987,-5.028519,-5.301934,0.002103,0.0,101.195114
0.009261,0.037038,-0.731482,0.953446,0.953441,-1.079631,-2.829631,-4.970988,-5.537501,-5.927779,0.002397,1.0,102.15995
-1.078611,0.82267,-1.270567,1.296298,1.296296,-1.561244,-3.191958,-5.602681,-6.299361,-6.791957,0.002305,1.0,103.484245
0.699819,0.819521,-0.81031,-0.731265,-0.731257,-0.493558,-1.914369,-4.302644,-5.155622,-5.816211,0.002352,-1.0,102.727509
0.220464,0.404191,-0.67059,0.239413,0.239411,-0.451958,-1.609411,-3.837961,-5.011947,-5.685472,0.003749,0.0,102.97345
-0.091995,0.0828,-0.827961,-0.146981,0.285998,-0.334403,-1.492342,-3.323754,-4.909507,-5.614742,0.002833,0.0,103.267952
-0.238512,0.284376,-0.421979,0.285193,0.28519,-0.346977,-1.383127,-2.879377,-4.780195,-5.522816,0.003151,0.0,103.562462
0.17458,0.459432,-0.147022,-0.165122,-0.165123,-0.200105,-0.836503,-2.136754,-4.1885,-5.012237,0.002873,0.0,103.391457
-0.911577,0.045582,-1.185046,0.799407,0.799404,-0.705553,-1.311096,-2.446605,-4.429826,-5.350734,0.003686,1.0,104.217972
-1.680902,0.161798,-1.689885,1.412947,1.412951,-1.574832,-2.292976,-3.284156,-5.126265,-6.278071,0.003923,1.0,105.690521
-0.904092,0.558409,-1.08137,1.411236,1.411248,-2.214156,-3.094096,-4.131178,-5.694205,-7.148483,0.004506,1.0,107.182076
-0.902083,0.00876,-2.601157,1.20546,1.205467,-2.473301,-3.666261,-4.723403,-6.076042,-7.768024,0.004922,1.0,108.474121
0.245635,2.886219,-0.605312,-0.166406,-0.166424,-1.405381,-3.061569,-4.018691,-5.276399,-7.101563,0.005166,0.0,108.293594
-1.325019,0.190527,-1.368322,1.298362,1.298357,-1.669689,-3.668479,-4.718265,-5.908412,-7.69829,0.004898,1.0,109.699631
0.671496,0.933112,-0.758695,-0.692823,-0.692803,-0.387204,-2.448776,-3.60045,-4.723319,-6.442129,0.004584,-1.0,108.939629
-1.203675,0.472877,-1.255266,1.430191,1.430183,-1.191642,-3.169978,-4.398448,-5.553772,-7.057481,0.005176,1.0,110.497665
0.892935,0.944448,-0.377781,0.137566,0.13756,-0.934146,-2.662487,-4.01827,-5.181054,-6.525016,0.005538,0.0,110.649666
-1.500463,0.118014,-1.694339,1.854551,1.854551,-1.955657,-3.608695,-5.220647,-6.318536,-7.576207,0.006544,1.0,112.701721
1.250002,1.828233,-0.127552,-0.868245,-0.868248,-0.734687,-2.09268,-3.853735,-5.016696,-6.237036,0.006667,-1.0,111.72319
-0.890755,0.084032,-0.983192,1.190478,1.190485,-1.174793,-2.593278,-4.390479,-5.624766,-6.78704,0.00753,1.0,113.053238
0.28588,0.395192,-0.739929,-0.058824,-0.058833,-0.676024,-2.022191,-3.760749,-5.047395,-6.242717,0.007005,0.0,112.986725
3.250194,3.632571,-3.30234,-3.245607,-3.245615,2.412455,1.341805,-0.181324,-1.534756,-2.739448,0.005148,-1.0,109.319611
-0.985778,0.977059,-1.640057,-0.382379,-0.382358,2.107643,1.786613,0.539122,-0.908094,-2.018102,0.004079,0.0,108.901619
-0.155266,0.362286,-0.707323,1.134086,1.134087,0.674537,0.684889,-0.23003,-1.682918,-2.783852,0.004295,1.0,110.136658
0.242444,1.480647,-0.173173,-0.379541,-0.379542,0.45025,1.139488,0.394837,-1.000956,-2.115143,0.003548,0.0,109.718643
0.860868,0.939132,-0.313044,-0.424277,-0.424281,0.194781,1.456518,0.948984,-0.305219,-1.403045,0.003273,0.0,109.253128
1.512452,2.001779,-0.693949,-2.260868,-2.260869,2.037367,3.441277,3.178526,2.151688,1.050844,0.00253,-1.0,106.783058
-3.443744,0.157729,-4.179815,1.53025,1.530251,0.410094,1.487026,1.631027,0.843844,-0.290186,0.002523,1.0,108.417107
2.197416,2.590443,-0.366231,-1.901512,-1.901517,1.645385,2.949537,3.391401,2.899069,1.779014,0.001673,-1.0,106.355537
0.573373,1.953055,-0.250857,-0.294769,-0.294758,1.252455,2.592714,3.51489,3.219843,2.195653,0.001687,0.0,106.042046
0.665266,1.950241,-0.1367,-1.693245,-1.693249,2.035903,3.521365,4.898076,4.856915,3.993432,0.000775,-1.0,104.24649
2.282171,3.113735,-1.737046,-1.366992,-1.366992,2.679477,4.324122,5.844337,6.035289,5.405889,-0.000144,-1.0,102.821449
-0.355969,3.194383,-0.459015,-1.367461,-1.367469,2.722255,5.032326,6.569872,7.166281,6.789326,-0.000363,-1.0,101.415398
-2.093045,0.39301,-2.367246,2.491807,2.491807,-0.239462,1.882829,3.479878,4.283887,4.182434,0.000414,1.0,103.942474
-0.692409,0.0,-1.766532,2.961336,2.961337,-2.925874,-1.299597,0.127831,1.194853,1.235688,0.001336,1.0,107.020561
0.429418,1.306136,-0.107349,-0.772306,-0.77231,-1.803537,-0.819458,0.480714,1.779843,1.98641,0.000971,-1.0,106.194031
-0.69063,0.486981,-0.858864,1.037755,1.037756,-1.978041,-1.790327,-0.67705,0.578187,0.894992,0.001386,1.0,107.296066
0.613117,0.701974,-0.071088,-0.354171,-0.354157,-0.600685,-1.581668,-0.447848,0.665088,1.202053,0.000988,0.0,106.916069
0.508883,0.624942,0.0,-0.470943,-0.470946,0.333893,-1.110619,-0.210105,0.891879,1.557355,0.000339,0.0,106.412552
-1.65804,0.464952,-1.736991,1.767696,1.767688,-1.173783,-2.6204,-2.031167,-1.080353,-0.230542,0.000462,1.0,108.293594
-0.105349,0.754976,-0.184362,-0.070176,-0.070176,-0.730401,-2.185059,-2.026161,-1.231236,-0.244756,2.2e-05,0.0,108.217598
0.99538,1.244224,-0.364376,-1.220268,-1.220279,0.421274,-0.595435,-0.808728,-0.124405,0.847155,-0.000341,-1.0,106.897041
2.210548,2.491393,-0.154012,-1.901884,-1.901877,1.976812,1.660634,0.888454,1.619415,2.503361,-0.001445,-1.0,104.863991
1.884201,1.929937,-1.811034,-0.951255,-0.951252,2.465925,2.629653,1.697614,2.293517,3.185221,-0.001534,-1.0,103.86647
1.920001,2.258825,-0.790584,-2.817161,-2.817154,3.979286,5.002347,4.308701,4.823996,5.696372,-0.002999,-1.0,100.940392
0.263504,1.101071,-1.533978,0.009414,0.00941,2.529638,4.472988,4.081182,4.402878,5.209485,-0.003043,0.0,100.94989
-0.510444,0.417631,-0.974481,1.402219,1.40223,0.22644,2.546625,2.612208,2.743377,3.482867,-0.003199,1.0,102.36544
-2.377331,0.232374,-2.851016,3.842226,3.842206,-3.212073,-1.305739,-0.878235,-1.157824,-0.443997,-0.001575,1.0,106.298531
0.58923,1.107042,-1.607002,0.107251,0.107265,-2.837251,-1.41149,-0.829695,-1.261054,-0.690659,-0.001948,0.0,106.412552
3.06636,3.093819,-0.411897,-2.464067,-2.464068,0.166589,0.645304,1.468187,1.124939,1.589745,-0.002778,-1.0,103.790474
1.097803,2.340775,-1.188529,0.887873,0.88787,0.00363,-0.575216,0.480855,0.257211,0.522227,-0.001352,1.0,104.711998
-0.692169,0.628411,-1.183974,-0.381054,-0.381055,0.759561,-0.442625,0.674557,0.7122,0.812019,-0.001352,0.0,104.312988
2.976971,3.033138,-0.149781,-2.714028,-2.714029,2.621236,2.001501,3.126132,3.525089,3.351059,-0.002679,-1.0,101.481903
0.981226,1.500145,-0.745354,-0.77701,-0.777007,2.288896,2.485141,3.555051,4.174449,3.935465,-0.002816,-1.0,100.693382
-0.809423,0.229948,-2.041944,2.575718,2.575715,-0.377116,0.138889,0.63159,1.37785,1.21891,-0.001781,1.0,103.286957
-0.547701,1.378361,-1.168422,0.763431,0.763434,-1.254226,-0.319493,-0.396173,0.507981,0.445452,-0.000738,1.0,104.075485
-1.903915,0.062277,-2.384342,2.601551,2.601547,-3.295374,-2.433275,-2.928827,-2.064503,-1.953027,-0.000369,1.0,106.783058
-0.601876,0.681534,-1.283416,0.516015,0.516024,-2.70137,-2.837678,-3.273745,-2.547807,-2.235805,0.000465,0.0,107.334084
0.565871,1.114061,-0.265248,0.106209,0.106201,-1.547298,-2.844382,-3.154138,-2.603005,-2.209018,0.000603,0.0,107.448074
3.005313,3.060293,-0.100788,-3.501325,-3.501327,2.101892,0.670702,0.536318,0.708724,1.210557,-2.1e-05,-1.0,103.685966
2.011967,2.436914,0.0,5.653288,5.653294,-2.362328,-4.274565,-4.31995,-4.619289,-4.082562,0.0024,1.0,109.547638
-2.169892,0.243902,-2.809087,3.11335,3.113354,-4.216994,-6.399502,-6.583691,-7.230874,-6.778141,0.003945,1.0,112.958244
1.05838,2.424032,-0.264601,-1.463413,-1.463427,-2.080911,-4.12683,-4.896433,-5.563755,-5.235914,0.002581,-1.0,111.305183
-0.48891,0.455198,-2.149536,1.254688,1.254693,-2.361961,-4.249341,-5.70288,-6.341982,-6.186964,0.001993,1.0,112.701721
-0.126424,0.370834,-0.876528,0.016863,0.016856,-0.775383,-3.428563,-5.190609,-5.835222,-6.045674,0.002265,0.0,112.720718
-0.886582,0.794583,-1.0455,0.766958,0.766975,-0.819678,-3.326368,-5.39144,-5.995739,-6.571769,0.002172,1.0,113.585258
0.066696,0.241788,-0.575289,0.317835,0.713744,-1.271196,-3.345993,-5.47431,-6.136105,-6.971672,0.00254,1.0,114.395966
0.916503,1.109897,-0.403601,-0.842089,-0.842098,-0.057637,-1.987522,-3.969182,-5.024502,-5.879471,0.002412,-1.0,113.43264
-0.977279,0.10023,-1.077515,0.664257,0.664259,-0.457135,-2.04419,-3.815104,-5.310832,-6.139047,0.002031,1.0,114.186127
-1.516144,0.106544,-1.524335,1.921146,1.92115,-1.704637,-2.79987,-4.878122,-6.554791,-7.377611,0.002718,1.0,116.379814
-1.689622,0.032032,-1.905827,2.343878,2.343876,-3.028506,-4.223311,-6.215225,-8.090559,-8.889054,0.003947,1.0,119.107613
-0.316306,0.806582,-0.703779,1.265216,1.265226,-3.208929,-4.785184,-6.622486,-8.56312,-9.422206,0.005039,1.0,120.614594
0.157379,0.157379,-1.125275,0.490276,0.490272,-2.398494,-4.432864,-6.315065,-8.195564,-9.372147,0.005536,0.0,121.205933
-0.265981,0.821406,-0.711886,0.590179,0.590166,-1.702253,-4.237373,-6.073323,-7.863628,-9.395053,0.006711,1.0,121.921249
-0.846802,0.046611,-0.986641,0.696236,0.696257,-1.340904,-4.080961,-5.686463,-7.707216,-9.403154,0.006948,1.0,122.770134
0.023355,0.451539,-0.093418,-0.209761,-0.209773,-0.577651,-3.150639,-4.7827,-6.760746,-8.631523,0.006392,0.0,122.512596
-0.679541,0.0,-1.119689,0.817441,0.817457,-0.914296,-3.197697,-4.984999,-6.839465,-8.750538,0.005349,1.0,123.514084
-2.240598,0.0,-2.511275,2.702703,2.702684,-2.631574,-4.687214,-6.668306,-8.521714,-10.351827,0.006244,1.0,126.85228
0.582586,1.081946,-0.756601,-0.624062,-0.624053,-1.363395,-3.146707,-5.375727,-7.209017,-8.983938,0.006879,-1.0,126.060654
2.150792,2.181857,-0.496932,-2.557316,-2.557305,1.236114,-0.079207,-2.343359,-3.994265,-5.958681,0.005691,-1.0,122.836899
-1.249812,0.345037,-2.921329,1.26563,1.265615,0.272969,-0.903232,-2.984715,-4.597482,-6.480713,0.006259,1.0,124.391541
1.198811,1.642535,-0.171261,-1.50283,-1.502823,1.640969,0.76443,-1.06234,-2.751582,-4.540003,0.006676,-1.0,122.522156
0.123948,0.92184,-0.611971,0.490416,0.490409,0.539166,0.428389,-1.020473,-2.74625,-4.492915,0.007113,0.0,123.123016
-0.30921,0.123688,-0.98176,0.20916,0.209159,-0.105129,0.337047,-0.73026,-2.516482,-4.175729,0.006297,0.0,123.380539
0.435672,0.793531,-0.171142,-0.633896,-0.633897,0.493239,0.963133,0.241178,-1.491746,-2.947373,0.005815,-1.0,122.598434
1.716635,1.851116,-0.514201,-1.657063,-1.657055,1.552085,2.50296,2.010909,0.457629,-0.946477,0.004347,-1.0,120.56691
1.421798,2.187991,-0.268559,0.1503,0.150288,1.10585,2.120071,1.8652,0.569912,-0.837066,0.004221,0.0,120.748108
0.644958,1.911285,-1.635993,0.426541,0.426545,0.369672,1.225424,1.435691,0.465631,-0.929769,0.004331,0.0,121.263153
1.525983,2.176531,-0.570235,-2.068583,-2.068584,1.710705,2.748375,3.400532,2.780099,1.366752,0.004825,-1.0,118.754723
2.053339,2.069698,-0.106346,-1.82315,-1.823157,2.568726,4.120592,4.967289,4.697737,3.381882,0.002247,-1.0,116.589638
-1.719565,0.361595,-2.26597,1.807918,1.807915,0.43231,1.791897,2.888993,2.821228,1.718294,0.001797,1.0,118.697479
0.655398,1.464525,-0.817213,-0.691041,-0.691031,0.644063,2.106158,3.286138,3.420589,2.544222,0.002063,-1.0,117.877243
-0.856343,0.0,-1.664661,1.100413,1.100411,-0.801922,0.663468,1.732431,2.209689,1.620814,0.00201,1.0,119.174377
-0.897354,0.220402,-1.094143,1.672672,1.672669,-2.035581,-1.175219,-0.210428,0.497093,0.179476,0.002581,1.0,121.16777
-1.144237,0.537093,-1.634621,1.12563,1.125635,-2.156151,-2.280691,-1.337798,-0.631276,-0.734802,0.002705,1.0,122.531677
0.980392,1.372549,-0.07843,-0.755041,-0.755033,-0.933342,-1.451775,-0.739877,0.087444,0.102582,0.002198,-1.0,121.606522
1.866559,1.985697,-0.587766,-1.2549,-1.2549,0.692605,-0.254975,0.38601,1.216433,1.356941,0.002056,-1.0,120.080482
-0.070746,0.503104,-0.542412,1.040506,1.040499,0.011008,-1.276631,-0.746274,-0.053454,0.317272,0.002186,1.0,121.329918
0.426238,1.065586,-0.102616,-0.408771,-0.408767,0.366247,-0.699352,-0.479392,0.140496,0.693026,0.001382,0.0,120.833961
2.561196,2.788137,0.0,-2.612681,-2.612674,2.233747,2.057051,1.9117,2.607789,3.22126,-0.000327,-1.0,117.676964
-1.19124,0.515131,-1.320026,0.697034,0.697036,1.001283,1.3337,1.089815,1.648814,2.371207,-0.000523,1.0,118.497215
1.070994,1.176468,-0.275859,-0.796843,-0.796849,1.382555,2.120078,1.720616,2.253949,2.990664,-0.000967,-1.0,117.552971
-1.835879,0.023739,-1.875447,2.531443,2.531441,-1.253462,-0.288837,-0.831427,-0.378261,0.238026,-0.000297,1.0,120.528755
1.33408,1.655548,-0.056256,-1.535177,-1.535187,-0.077141,1.056026,0.710446,0.976861,1.552044,-0.001067,-1.0,118.678413
0.458753,0.700204,-0.925555,-0.14466,-0.144651,0.207647,0.862778,0.964183,0.9505,1.552995,-0.001044,0.0,118.506744
-0.231408,0.191508,-0.90169,0.861167,0.861165,-0.475582,-0.172356,0.148421,0.045083,0.52314,-0.001029,1.0,119.527283
-2.261482,0.125641,-2.371414,1.619852,1.619845,-1.418133,-1.649775,-1.251137,-1.520213,-1.114089,-0.001403,1.0,121.46344
1.293546,1.674465,-0.023807,-1.052215,-1.0522,-0.426962,-0.699159,-0.144971,-0.517828,-0.160317,-0.00155,-1.0,120.185402
0.199045,0.636946,-0.50159,-0.325374,-0.325381,0.084395,-0.461782,0.104566,-0.149683,0.045858,-0.000781,0.0,119.794342
-0.560999,0.015806,-1.50126,0.764331,0.764326,-0.30973,-0.965545,-0.755367,-0.736406,-0.775597,-0.000953,1.0,120.709961
-0.9048,0.086547,-1.447676,0.426675,0.42668,-0.453187,-1.16129,-1.198005,-1.053895,-1.175454,-0.000288,0.0,121.225006
1.198263,1.355939,-0.189197,-0.196696,-0.196693,-0.335831,-0.682699,-0.953358,-0.730392,-0.972806,-0.000525,0.0,120.986565
0.554234,0.783846,-0.308788,-0.433579,-0.433581,0.144098,-0.255745,-0.570074,-0.244659,-0.568176,-0.000747,0.0,120.46199
-0.29184,0.276067,-0.607349,0.380044,0.380039,-0.0489,-0.448016,-0.941783,-0.632586,-0.873005,-0.000397,0.0,120.919792
0.087185,0.737101,-0.047553,-0.481149,-0.481147,0.372516,0.185467,-0.315444,-0.243318,-0.269158,9e-06,0.0,120.33799
0.641285,1.114228,-0.232466,-1.125464,-1.125466,1.138279,1.280163,0.846496,0.781968,0.875675,-0.000431,-1.0,118.983627
-1.590908,0.407521,-1.904389,2.284568,2.284568,-1.003133,-0.962378,-1.17868,-1.402425,-1.25172,0.000209,1.0,121.701889
0.937674,1.016463,-0.189115,-0.540748,-0.540739,-0.368776,-0.353016,-0.613043,-0.87819,-0.65307,0.000736,-1.0,121.0438
-1.267297,0.194371,-1.78821,1.347404,1.347406,-1.407249,-1.443014,-1.717207,-2.120979,-1.924742,0.001829,1.0,122.674751
-1.056524,0.578391,-1.179918,0.816361,0.816351,-1.665763,-2.001231,-2.234387,-2.671008,-2.681881,0.001488,1.0,123.676208
0.161196,0.268657,-0.805959,0.470426,0.470412,-1.277235,-2.215982,-2.438324,-2.894904,-3.05218,0.001888,0.0,124.257996
-0.256311,0.361863,-1.130795,1.819155,1.819167,-2.279678,-3.525815,-3.915058,-4.275531,-4.580769,0.002136,1.0,126.518456
2.987139,3.048403,-0.758265,-1.575572,-1.575563,-0.156258,-1.655184,-2.144613,-2.582726,-2.950678,0.001016,-1.0,124.525078
1.181596,2.293219,-0.2643,-1.470587,-1.47059,1.337058,-0.042759,-0.526538,-0.9651,-1.441545,0.000121,-1.0,122.693825
2.788651,2.788651,-0.455453,-2.712995,-2.713005,3.440672,2.663208,2.172331,1.832605,1.363489,-0.000555,-1.0,119.365135
-2.210158,0.91509,-2.83055,3.036352,3.036357,0.186121,-0.036446,-0.742921,-1.027527,-1.477468,0.000925,1.0,122.989487
0.621603,1.452999,-0.341882,-0.193874,-0.193865,-0.233104,0.243196,-0.454292,-0.782833,-1.11671,0.000499,0.0,122.751053
1.868037,2.106513,-0.015901,-2.253298,-2.253309,1.310018,2.46582,1.813992,1.496028,1.144676,-0.000137,-1.0,119.985092
1.239898,1.391887,-1.319895,-0.627982,-0.627983,1.369493,2.824576,2.363015,2.113835,1.80242,0.000548,-1.0,119.231606
-0.39119,0.654638,-0.989945,0.199984,0.618527,0.847034,1.883481,1.713264,1.455238,1.225373,0.000521,1.0,119.969086
-0.736564,0.0,-1.183202,1.884082,1.8841,-1.142255,-0.166572,0.009355,-0.379844,-0.558118,0.001445,1.0,122.229424
0.847054,0.981632,-0.546234,-1.018651,-1.018673,-0.416916,0.403443,0.999067,0.64531,0.449454,0.000221,-1.0,120.984306
-0.214511,0.80241,-0.834196,-0.356236,-0.356226,0.033364,0.432925,1.333014,1.008904,0.820768,0.000628,0.0,120.553329
0.111102,0.936434,-0.111101,0.111225,0.111226,0.163477,0.155093,1.110652,0.887053,0.738353,0.000716,0.0,120.687416
-1.194256,0.0,-1.38813,2.333144,2.333144,-1.547884,-1.793333,-1.203957,-1.284977,-1.467963,0.001223,1.0,123.503227
0.232976,0.559137,-0.434882,-0.139584,-0.139587,-1.231655,-1.628381,-1.115976,-0.970749,-1.261935,0.000617,0.0,123.330833
-1.390273,0.407097,-1.405639,1.10274,1.102751,-1.714425,-2.545773,-2.29224,-1.931029,-2.220062,0.00136,1.0,124.690865
0.476663,0.62274,-0.330597,-0.092169,-0.09219,-0.977927,-2.087331,-2.19936,-1.69877,-1.997741,0.00144,0.0,124.575912
-0.046131,0.707364,-0.553592,-0.007695,-0.007685,-0.347528,-1.651541,-2.091628,-1.615287,-1.873113,0.001174,0.0,124.566338
-1.004637,0.182667,-1.187303,1.022606,1.022609,-0.984854,-2.18053,-2.739683,-2.525213,-2.691516,0.001379,1.0,125.840164
-0.70921,0.324436,-0.860117,0.875252,0.875245,-1.275077,-2.658056,-3.376009,-3.265253,-3.285055,0.001749,1.0,126.941574
2.299037,2.538196,-0.385743,-2.203107,-2.203103,0.860979,-0.21061,-1.124477,-1.181673,-1.027609,0.001139,-1.0,124.14492
-1.287486,0.166618,-1.507112,1.866994,1.867002,-0.689189,-1.572252,-2.595174,-2.91619,-2.67016,0.001652,1.0,126.462708
0.060709,0.129001,-0.516006,-0.196905,-0.196921,-0.2322,-0.940195,-2.034189,-2.585194,-2.365962,0.00175,0.0,126.213676
0.729196,0.898064,-0.291683,-1.138261,-1.138252,0.746082,0.302425,-0.649369,-1.246738,-1.206555,0.001745,-1.0,124.777046
-0.199168,0.651146,-0.375356,0.199566,0.199569,0.239006,0.238242,-0.698124,-1.36198,-1.37875,0.001026,0.0,125.026062
-0.076951,0.538625,-0.492459,-0.444298,-0.444292,0.738675,0.667882,-0.068239,-0.85271,-1.004439,0.00106,0.0,124.470581
0.415008,0.630193,-0.169075,0.123106,0.123098,0.319707,0.547957,0.026645,-0.7885,-1.122982,0.000637,0.0,124.623802
0.170069,0.943105,-0.347864,-0.584072,-0.58407,0.53494,1.084566,0.786948,-0.017396,-0.503269,0.000154,-1.0,123.895912
0.660712,0.808401,-0.225412,-0.548861,-0.548854,0.836376,1.429454,1.327628,0.666144,0.170846,-0.000197,-1.0,123.215904
0.860713,1.103289,-0.758999,-0.6607,-0.660712,1.078251,1.733177,1.950965,1.342723,0.817883,-0.001052,-1.0,122.401802
-0.565061,0.517975,-1.412647,-0.297343,-0.297343,0.981011,1.863918,2.110084,1.688121,1.095175,-0.000611,0.0,122.037849
-0.744884,0.356914,-0.799198,1.145822,1.145824,-0.355371,0.46477,0.891781,0.652929,0.061759,0.000291,1.0,123.436188
0.45882,1.236486,-0.085543,-0.225022,-0.225032,-0.250397,0.443282,1.04312,0.980259,0.414975,0.001149,0.0,123.158417
0.802079,0.912168,-0.047179,-1.104283,-1.10427,0.630647,1.320278,1.950141,2.03782,1.596286,-0.000279,-1.0,121.798416
-0.646076,0.252127,-0.953356,-0.196587,-0.196588,0.690195,1.234635,1.855759,2.165929,1.774344,-0.00028,0.0,121.558975
-0.446708,0.195925,-0.963946,0.535771,0.53577,0.181816,0.510187,1.207418,1.519982,1.272099,0.000682,0.0,122.210251
0.329928,0.455612,-0.43991,-0.235106,-0.235112,0.169678,0.525532,1.197697,1.650432,1.555696,0.000817,0.0,121.92292
-0.508284,0.336254,-0.516106,0.455612,0.455607,-0.395674,-0.046127,0.535409,1.10417,1.153592,0.000761,0.0,122.478409
0.876778,0.963667,-0.157975,-1.000938,-1.000929,0.521327,0.802527,1.358085,1.937204,2.102055,-0.000234,-1.0,121.252487
-0.094039,0.352635,-0.415327,0.797791,0.797789,-0.166133,-0.010188,0.402791,0.937231,1.257582,0.000393,1.0,122.219826
0.35425,0.456587,-0.118084,-0.454511,-0.454512,0.199952,0.415651,0.707447,1.296153,1.620406,0.000359,0.0,121.664322
-0.702523,1.31918,-0.772772,0.850194,0.850197,-0.518308,-0.490987,-0.246144,0.288813,0.702519,0.000614,1.0,122.698708
1.066667,1.333331,0.0,-0.476154,-0.476156,-0.10196,-0.100391,0.133857,0.600786,1.104001,-0.000355,0.0,122.114471
0.725837,0.978302,-0.189348,-0.588235,-0.588237,0.512822,0.457595,0.626431,1.056807,1.55582,-0.00051,-1.0,121.396149
0.746808,1.557859,-0.040148,-1.75148,-1.751486,1.810012,2.056539,2.245249,2.617049,3.108978,-0.001494,-1.0,119.269913
0.111616,0.55011,-0.454436,0.722718,0.722724,0.824364,1.15124,1.405831,1.700153,2.235512,-0.001213,1.0,120.131905
0.23697,0.268566,-0.481833,0.93279,0.932793,-0.345974,0.161135,0.348603,0.621248,1.118799,-0.000889,1.0,121.252487
-0.00791,0.197722,-0.5299,-0.126379,-0.12639,-0.387532,0.174001,0.362234,0.633114,1.077831,-0.001285,0.0,121.099236
-0.841268,0.182542,-0.9127,-0.347993,-0.347981,-0.158736,0.476186,0.65079,0.879361,1.294918,-0.001707,0.0,120.677834
0.159119,0.36598,-1.527572,-0.24603,-0.246032,0.272095,0.571243,0.833794,1.044232,1.390403,-0.001032,0.0,120.380928
1.558296,1.68883,-0.024475,-2.482299,-2.482298,2.357834,2.767395,3.126917,3.418451,3.730111,-0.002532,-1.0,117.392715
3.148162,3.32306,-0.70792,-2.039651,-2.03965,3.401347,4.237524,4.872709,5.204876,5.55509,-0.003167,-1.0,114.998314
-1.086954,0.462361,-1.679104,2.67344,2.673438,0.196303,1.18105,1.89325,2.250161,2.609344,-0.001853,1.0,118.072723
-0.501357,0.079578,-1.066373,1.930569,1.930567,-1.755532,-0.822063,-0.08648,0.253458,0.570743,-0.001256,1.0,120.352196
0.342329,0.605049,-0.453786,-0.039792,-0.039798,-1.729156,-0.696596,-0.15285,0.241227,0.541044,-0.001116,0.0,120.304298
-0.86737,0.260213,-0.977762,0.963298,0.963306,-1.996531,-1.534459,-1.116545,-0.745941,-0.437157,-0.000827,1.0,121.463196
-0.599173,0.046698,-0.902651,1.332593,1.332603,-1.971836,-2.680731,-2.396189,-2.004131,-1.758003,-0.000166,1.0,123.081818
-0.416597,0.0,-1.010644,0.863746,0.863736,-1.833047,-3.268781,-3.122972,-2.776189,-2.567502,0.000321,1.0,124.14492
-0.832896,0.681452,-1.037336,1.89015,1.890164,-2.683441,-4.603636,-4.651592,-4.3727,-4.226565,0.001201,1.0,126.491463
1.606123,1.659654,-0.328867,-0.999475,-0.999494,-0.914714,-3.253531,-3.371824,-3.287185,-3.142481,0.000959,-1.0,125.227188
-2.579463,0.223606,-2.579463,-4.229445,-4.22944,3.205561,1.230635,0.884311,0.911595,1.058935,-0.000895,-1.0,119.930779
0.830931,1.54202,-0.079903,-0.047913,-0.047922,2.719726,1.685849,0.855977,0.842127,1.038995,-0.000834,0.0,119.873306
0.658635,0.995982,-0.481926,-0.527328,-0.527315,2.441766,2.322888,1.286744,1.25622,1.466019,-0.000635,-1.0,119.241196
0.260649,0.68421,-0.52944,-1.389561,-1.389568,2.370289,3.52937,2.538629,2.520979,2.77104,-0.001046,-1.0,117.584259
0.0,0.429573,-0.672714,0.496864,0.496873,0.669472,2.836763,1.906844,1.967496,2.125786,-0.001059,0.0,118.168503
0.130095,0.414669,-0.585414,-0.316096,-0.316104,0.62607,2.851456,2.252762,2.191646,2.318241,-0.001087,0.0,117.794968
-0.040862,0.163436,-0.539351,-0.504102,-0.5041,0.679903,2.8708,2.896133,2.536567,2.649012,-0.001418,-1.0,117.201164
1.071719,1.104696,-0.321516,-0.874397,-0.874403,1.040398,3.092337,3.694975,3.229188,3.350044,-0.001375,-1.0,116.176353
2.583585,3.486996,-0.776769,-2.357791,-2.357791,2.749075,4.430938,5.79253,5.40274,5.565016,-0.002463,-1.0,113.437157
2.424982,2.669224,-1.21249,-3.208378,-3.208375,4.630148,6.487266,8.66132,8.414606,8.719124,-0.003412,-1.0,109.797668
-2.123055,1.767764,-2.859622,0.662947,0.662952,2.625645,4.935003,7.285958,7.389944,7.655455,-0.003477,1.0,110.525574
0.729613,1.189962,-0.877264,-0.233973,0.217611,1.240884,3.884946,6.311753,6.965716,7.043007,-0.003238,0.0,110.76609
-0.813708,0.631928,-0.882961,0.338748,0.338758,-0.00698,2.805425,5.172826,6.292756,6.323227,-0.002918,0.0,111.141319
-2.664552,0.225524,-2.664552,3.635738,3.635727,-3.211923,-1.009725,0.828597,2.339385,2.402365,-0.00106,1.0,115.182114
3.806503,4.132525,-0.140978,-5.203811,-5.203817,1.989611,3.601869,5.384278,7.448252,7.613689,-0.003104,-1.0,109.188248
-2.351613,0.156196,-4.868102,1.541986,1.541988,0.503301,1.404181,3.239237,5.338937,5.744242,-0.002894,1.0,110.871918
0.772904,1.085541,-0.529745,-0.078094,-0.078089,0.58532,0.904306,2.773038,4.866291,5.674768,-0.002877,0.0,110.785339
-1.41428,0.301827,-1.681612,0.703428,0.703423,-0.041393,-0.213888,1.596436,3.569978,4.703281,-0.002515,1.0,111.564629
-0.95596,0.41823,-1.416869,1.034844,1.034856,-1.502232,-1.299651,0.268087,1.898244,3.359982,-0.002073,1.0,112.719162
-0.060086,0.806869,-0.420599,-0.563336,-0.563356,-0.427457,-0.53647,0.474261,1.889244,3.652209,-0.001411,-1.0,112.084152
0.94774,1.312925,-0.286933,-1.278968,-1.278959,0.822537,0.763411,1.34549,2.789903,4.60418,-0.001149,-1.0,110.650642
1.269419,1.509095,-0.905464,-2.051995,-2.051995,2.4909,2.654238,2.926061,4.413109,6.253023,-0.002779,-1.0,108.380096
4.415656,5.805597,-0.104009,-6.116289,-6.116286,7.239029,8.419057,8.686312,10.355913,12.294809,-0.005553,-1.0,101.751259
-8.000388,5.508146,-10.783556,-2.496217,-2.49621,7.261431,9.584937,10.51288,12.255203,14.069806,-0.0064,-1.0,99.211334
7.104302,7.104302,-0.231346,0.601236,0.601224,4.160409,7.990175,9.185149,10.66453,12.369358,-0.006525,1.0,99.807816
-2.370322,0.182329,-4.230102,5.735497,5.735502,-2.459659,1.6264,2.947091,4.080667,5.728263,-0.005007,1.0,105.532295
-0.611048,0.283386,-2.568191,2.944659,2.94466,-5.201911,-1.478037,-0.128114,0.70949,2.290377,-0.004289,1.0,108.639862
-0.988616,0.017651,-1.544708,0.327668,0.327662,-4.182184,-2.03548,-0.585515,0.051187,1.580314,-0.004828,0.0,108.995834
-0.647395,1.569703,-0.674,-0.467825,-0.467819,-2.021998,-1.96524,-0.529743,0.293248,1.722293,-0.004645,0.0,108.485931
2.255849,3.86186,-0.3342,-4.469671,-4.469675,3.301152,1.806537,3.767175,4.688545,5.920815,-0.004728,-1.0,103.636963
-1.878221,0.0,-2.857396,4.288892,4.288885,-0.475333,-2.617934,-0.672352,0.270174,1.205343,-0.003232,1.0,108.081833
1.920807,2.183561,-0.298996,-1.753599,-1.753594,0.838995,-1.086345,0.811816,1.844252,2.596835,-0.003655,-1.0,106.186516
-0.274546,1.079894,-0.69552,-0.996653,-0.996646,1.118329,0.230621,1.418505,2.583508,3.209287,-0.00352,-1.0,105.128212
-0.498618,0.222598,-1.77188,2.7821,2.782095,-1.698869,-1.664142,-1.614576,-0.523103,0.216313,-0.002732,1.0,108.052979
3.277349,3.513386,-0.344989,-1.923245,-1.923246,0.669994,0.846119,-0.0696,1.275989,2.037224,-0.003286,-1.0,105.974854
-2.043176,0.630718,-2.371856,2.197002,2.196995,-1.453311,-1.065995,-2.362372,-1.0198,-0.238419,-0.002354,1.0,108.303116
-2.118902,0.0,-2.145169,1.45687,1.456877,-2.195954,-2.373695,-3.673346,-2.482265,-1.703174,-0.001551,1.0,109.880959
1.101382,1.37022,-0.39025,0.963137,0.963136,-2.081344,-3.12982,-4.040118,-3.440719,-2.64816,-0.000405,1.0,110.939262
-0.300997,0.214998,-1.599588,0.841212,0.841213,-2.215344,-3.635191,-4.086112,-4.284053,-3.5786,0.000991,1.0,111.872498
-0.137449,0.111672,-0.833263,0.111803,0.111809,-1.249043,-2.996315,-3.467636,-4.394817,-3.585952,0.000801,0.0,111.997581
1.527393,2.255969,-0.175559,-2.138997,-2.139001,1.14642,-0.737358,-1.110134,-2.352964,-1.524926,-1.2e-05,-1.0,109.601952
-1.092991,0.749234,-1.392679,-0.412571,-0.412565,1.431464,-0.054654,-0.669315,-1.91318,-1.176908,-0.000271,0.0,109.149773
-1.33669,0.13888,-1.345365,1.551346,1.551339,-0.135402,-1.065879,-2.075629,-3.001473,-2.712609,-0.00099,1.0,110.843056
-0.017641,0.687829,-0.776019,-1.571042,-1.571045,0.950621,0.609348,-0.475013,-0.999998,-1.292413,0.000263,-1.0,109.101662
-0.603572,0.349896,-0.89223,0.811286,0.811297,-0.227438,0.164442,-0.891074,-1.333982,-2.163057,1.1e-05,1.0,109.986801
-1.521739,0.434783,-2.286954,0.594822,0.594818,-0.629567,-0.216525,-1.322902,-1.686525,-2.741916,0.000243,1.0,110.641022
1.508154,1.726095,-0.601519,-0.252175,-0.252173,-0.158663,0.079327,-0.821205,-1.359955,-2.424203,-8.6e-05,0.0,110.362015
1.253999,1.894342,0.0,-1.978901,-1.978899,1.364279,1.844533,1.369018,0.593642,-0.216656,-0.001126,-1.0,108.178062
3.456816,4.080327,-1.100309,-3.006051,-3.006048,3.709882,4.338891,4.311992,3.54162,3.093702,-0.001968,-1.0,104.926178
-0.117865,1.124205,-1.423391,1.136993,1.136991,1.815046,2.61196,3.148374,2.49455,2.172611,-0.001135,1.0,106.119179
-0.465415,0.036504,-2.07155,-0.652766,-0.652775,1.494804,2.890129,3.644219,3.04207,2.839934,-0.000652,-1.0,105.42646
-2.147124,0.57076,-2.563865,0.730056,0.73006,-0.025362,1.866284,2.661716,2.295707,2.002537,0.001709,1.0,106.196136
-0.812423,0.532591,-1.543599,0.362386,0.362388,-0.686043,1.098574,2.018414,1.994491,1.543597,0.002694,0.0,106.580978
-0.610907,0.386309,-1.383524,0.478425,0.478418,-0.754643,0.429439,1.234996,1.463934,1.008,0.002652,0.0,107.090881
0.866582,0.893661,-1.236681,-0.476147,-0.47614,-0.193178,0.590359,1.380513,1.977791,1.60173,0.00051,0.0,106.580978
0.630139,0.630139,-1.178083,-1.155442,-1.155444,0.958902,1.263927,2.296499,3.029679,2.68566,-0.000904,-1.0,105.349495
-1.890834,0.142701,-2.345705,2.392697,2.392686,-1.089899,-1.333386,-0.173022,0.528904,0.34856,-0.000192,1.0,107.870178
1.012549,1.030468,-0.143366,-0.463793,-0.463789,-0.482076,-0.948919,0.07647,0.8311,0.899647,-0.00019,0.0,107.369888
-0.867699,0.590389,-0.992934,0.170254,0.17026,-0.56535,-0.873069,-0.189643,0.458894,0.709541,0.00141,0.0,107.552696
0.979949,1.188638,-0.589784,-1.413366,-1.41337,0.756738,0.53988,0.992654,1.617824,2.155524,-0.000557,-1.0,106.032578
-0.831397,0.214551,-1.224748,1.497144,1.497154,-0.307537,-0.739326,-0.684196,0.026811,0.62327,0.000564,1.0,107.620049
0.666425,0.864552,-0.459296,-0.733059,-0.733073,0.234154,0.053138,-0.171104,0.656976,1.252166,0.000655,-1.0,106.831116
-0.832364,0.017898,-1.449926,0.621399,0.621393,-0.361578,-0.479721,-0.829968,-0.12037,0.498712,-9e-05,1.0,107.494957
-2.135889,0.351587,-2.592948,1.825825,1.825832,-1.800119,-2.047986,-2.332184,-1.895044,-1.391572,0.001203,1.0,109.457634
0.210969,1.599859,-0.052747,-0.008785,-0.008782,-1.167372,-1.777428,-2.120841,-1.91104,-1.47609,0.000442,0.0,109.448021
-1.012985,0.0,-1.212123,1.529534,1.529545,-2.025985,-2.737672,-3.253689,-3.367108,-2.905636,0.000467,1.0,111.122078
-1.998661,0.125967,-2.309372,3.099569,3.099562,-3.6211,-5.077263,-5.675181,-6.088767,-5.635543,0.001204,1.0,114.566376
2.428871,2.47224,-0.312284,-3.191134,-3.191128,0.17175,-1.629084,-2.305699,-2.869976,-2.522561,-0.000186,-1.0,110.910416
0.742033,1.737231,-0.488874,-0.633237,-0.63325,0.946317,-0.761238,-1.494543,-2.011348,-1.861194,-0.000443,-1.0,110.208076
-1.961933,0.025158,-2.691372,4.120466,4.120465,-2.124582,-3.928894,-4.918246,-5.513115,-5.578931,0.001715,1.0,114.749161
-1.518296,0.13275,-1.875054,1.056428,1.056435,-2.313117,-4.21389,-5.302139,-6.046629,-6.382478,0.002222,1.0,115.961411
1.24686,1.439331,-0.041844,-0.854558,-0.854553,-1.400842,-2.680341,-4.074204,-4.855237,-5.415236,0.001392,-1.0,114.970459
-0.313581,0.14854,-1.295593,1.405858,1.405848,-1.794023,-3.249707,-4.877039,-5.74517,-6.438023,0.002419,1.0,116.586769
-1.452231,0.75059,-1.525661,1.147054,1.147065,-1.599093,-3.628952,-5.369456,-6.354743,-7.058178,0.002534,1.0,117.924095
0.926227,1.491803,-0.311473,-0.46504,-0.465046,-0.691803,-2.503278,-4.283062,-5.457379,-6.24033,0.002169,0.0,117.375694
0.769104,1.463781,-0.611973,-0.885248,-0.460992,-0.082406,-1.562804,-3.313982,-4.528016,-5.41553,0.002097,0.0,116.834602
0.041304,0.619528,-0.363452,0.115779,0.115779,0.143913,-1.471162,-2.847939,-4.249449,-5.156485,0.002819,0.0,116.969872
0.323463,1.028447,-0.431282,-0.404756,-0.404756,0.535389,-0.591239,-1.93799,-3.468608,-4.430584,0.003716,0.0,116.496429
0.111334,1.113302,-0.608032,-3.151699,-3.151697,2.903145,2.875712,1.452167,-0.093582,-1.117219,0.002237,-1.0,112.824814
0.223927,1.128238,-0.775129,-0.56521,-0.565208,2.563082,3.232107,2.191611,0.748605,-0.355263,0.002267,-1.0,112.187119
0.466644,0.950569,-0.06049,-0.335888,-0.335889,2.010021,3.208756,2.577053,1.275531,0.211695,0.0019,0.0,111.810295
2.545844,2.875204,-0.06231,-2.920848,-2.920854,3.526801,5.722021,5.293468,4.401568,3.251648,0.000768,-1.0,108.544479
-2.452271,0.052547,-2.785076,1.637889,1.637898,0.739179,3.450476,3.561122,2.847274,1.694792,0.001168,1.0,110.322327
1.081886,1.196236,-0.325448,-0.429145,-0.429144,0.631537,3.161222,3.985665,3.308348,2.216703,0.001184,0.0,109.848885
-1.304458,0.170515,-1.526133,3.166504,3.166498,-2.255946,-0.36235,0.710378,0.308648,-0.66317,0.002674,1.0,113.327248
-0.959758,0.816637,-1.70062,1.270354,1.270362,-2.966834,-1.792394,-0.622346,-0.790857,-1.660186,0.002287,1.0,114.766914
-0.083827,0.519694,-0.377205,0.437788,0.437786,-2.22297,-2.367986,-1.038225,-1.192795,-1.79601,0.002598,0.0,115.269348
1.290868,1.681531,-0.348199,-1.299248,-1.299254,-0.329507,-1.322291,0.099511,0.233607,-0.282616,0.002091,-1.0,113.771706
-1.303832,0.395358,-1.48048,0.959658,0.959658,-0.403763,-2.082768,-1.029606,-0.516498,-1.042211,0.00291,1.0,114.863525
0.999746,1.016694,-0.093197,-0.715005,-0.714999,0.43887,-1.214948,-0.511738,0.168938,-0.168427,0.002147,-1.0,114.042252
0.407438,0.5093,-0.178253,-0.186394,-0.186397,0.461761,-0.853068,-0.501938,0.262361,0.113149,0.002335,0.0,113.829681
-0.26205,0.938293,-0.464922,0.415928,0.415921,-0.123414,-0.759929,-1.069595,-0.182116,-0.310731,0.002264,0.0,114.303123
1.20164,1.252771,-0.409063,-0.811502,-0.811497,0.62383,0.321292,-0.443722,0.492912,0.591835,0.001355,-1.0,113.375557
0.91159,1.573789,-0.171996,-0.903355,-0.903356,1.093912,1.45855,0.435731,1.160992,1.585128,0.001046,-1.0,112.351372
1.17188,1.380212,-0.850691,-0.928794,-0.928792,1.550347,2.2283,1.324654,1.836806,2.413821,0.000199,-1.0,111.307861
-3.142063,0.184828,-3.293286,3.324655,3.324653,-1.512225,-1.040073,-1.750258,-1.519364,-0.914668,0.000276,1.0,115.008461
0.591819,1.335815,-0.397363,-0.630093,-0.630095,-0.891105,-0.498815,-0.792466,-1.012425,-0.310411,0.00116,-1.0,114.283798
-0.600529,0.312945,-1.15876,-0.042269,-0.042271,-0.698638,-0.416138,-0.522145,-1.069524,-0.350584,0.001363,0.0,114.235489
1.747099,1.790347,-0.467048,-2.207561,-2.207557,1.428814,1.549901,1.834742,1.113991,1.676523,-0.000819,-1.0,111.713676
-0.111902,0.662825,-0.568129,0.475692,0.47569,1.115608,0.909014,1.288344,0.637861,1.012311,-0.001019,0.0,112.245087
1.775934,1.952641,-0.291573,-2.573813,-2.573798,2.753124,3.165739,3.634315,3.184294,3.407301,-0.001612,-1.0,109.356125
-0.266717,0.177807,-2.391538,-0.618481,-0.618488,2.361303,3.290354,3.875049,3.832672,3.745723,-0.00231,-1.0,108.679771
1.31234,2.090692,-0.126708,-1.769208,-1.769218,2.803883,4.530733,5.307876,5.535801,5.249349,-0.003316,-1.0,106.756989
-0.242497,0.583799,-2.281294,0.769299,0.7693,1.250232,3.289031,4.052458,4.62458,4.25077,-0.00289,1.0,107.57827
2.789497,3.000548,0.0,-2.119627,-2.11962,2.123322,4.955031,5.752118,6.508985,6.246643,-0.003462,-1.0,105.298019
2.716217,3.291519,-0.207489,-2.706922,-2.706935,3.615967,6.649072,7.953733,8.871084,8.837132,-0.004435,-1.0,102.44767
-0.046588,0.037269,-1.639804,1.226071,1.226085,1.401277,4.337085,5.964773,6.994774,7.332145,-0.003873,1.0,103.703766
0.158537,0.45696,-0.727414,-0.09317,-0.093161,0.887797,3.408546,5.435029,6.60401,7.172975,-0.002818,0.0,103.607155
-1.233776,0.220971,-1.298227,1.286951,1.286929,-0.896777,1.44923,3.624597,4.776731,5.624166,-0.002179,1.0,104.940506
0.8979,0.8979,-0.074055,-0.534023,-0.534011,-0.540592,1.240396,3.738465,4.87642,5.848372,-0.002248,-1.0,104.380112
0.720835,0.814456,-0.599139,-1.120058,-1.120053,0.733942,1.791792,4.151524,5.549981,6.599504,-0.001627,-1.0,103.210999
-1.636931,0.634543,-1.728892,1.797414,1.797402,-0.785352,-0.349452,1.727675,3.24674,4.328862,-0.001572,1.0,105.066116
1.174061,1.285871,-0.130451,-1.305865,-1.305853,0.544159,0.673679,2.395942,4.146003,5.320527,-0.001874,-1.0,103.694107
1.66255,1.681548,-0.418014,-1.919491,-1.919502,1.875359,2.066314,3.743747,5.660745,6.864145,-0.003628,-1.0,101.703697
