-0.736888,0.368448,-2.427393,0.698383,0.698389,0.04334,2.776325,4.00953,4.917186,5.933023,-0.004243,1.0,39.348373
-0.065144,0.477744,-0.586319,-0.195059,-0.195065,0.017371,2.234527,3.833516,4.695982,5.725933,-0.004159,0.0,39.271618
0.570046,0.701598,-0.241177,-0.955479,-0.955499,0.727923,2.398612,4.35871,5.161165,6.27875,-0.004524,-1.0,38.896378
-0.065686,0.37224,-0.985323,0.131544,0.131565,0.411648,1.624698,3.675645,4.535802,5.695188,-0.00439,0.0,38.947552
-0.866743,0.433361,-1.126763,1.051027,1.051021,-0.489711,0.106172,2.178401,3.158178,4.203314,-0.003405,1.0,39.356899
0.980181,1.263346,-0.283165,-0.520048,-0.520074,-0.069681,0.237446,2.17094,3.380556,4.340334,-0.004157,-1.0,39.152214
0.440917,1.058199,-0.110229,-1.197994,-1.19796,0.837728,1.18826,2.805693,4.269172,5.198403,-0.004283,-1.0,38.683186
1.172564,1.924777,-0.221246,-0.352734,-0.352724,1.013257,1.327414,2.556029,4.232284,5.094672,-0.003317,0.0,38.546741
-1.502609,0.065338,-2.308356,1.592914,1.592908,-0.461676,-0.29835,0.56039,2.217983,3.081007,-0.002615,1.0,39.160755
0.637225,1.472208,-0.109864,-0.892857,-0.892881,0.153828,0.531769,1.060591,2.749964,3.717884,-0.00287,-1.0,38.811096
0.394997,0.943603,-0.351108,0.131844,0.131854,-0.127271,0.274304,0.614442,2.168096,3.296033,-0.002991,0.0,38.86227
-0.63181,0.457514,-0.893246,0.724165,0.724163,-0.61002,-0.479304,-0.204793,1.044663,2.311985,-0.003157,1.0,39.143696
2.277294,2.545209,-0.022331,-2.418303,-2.418313,1.670024,1.803986,2.059995,3.038638,4.483158,-0.003892,-1.0,38.197079
3.148877,3.148877,-0.208384,-3.57223,-3.572208,4.17225,5.00115,5.393217,6.230603,7.777721,-0.005968,-1.0,36.8326
-0.639559,0.593883,-2.169934,1.366057,1.366037,1.978081,3.04478,3.662263,4.285075,5.843779,-0.005225,1.0,37.335747
-0.25247,0.895109,-1.422995,-0.479669,-0.479661,1.551525,3.004364,3.768649,4.312603,5.796652,-0.005337,0.0,37.156662
-0.182186,0.865409,-1.138693,0.780353,0.780358,-0.141204,1.876563,2.640245,3.20314,4.470962,-0.004319,1.0,37.446617
-0.91928,0.246639,-0.986543,1.571391,1.5714,-1.771306,0.165911,0.901339,1.428245,2.427798,-0.003359,1.0,38.035053
0.517084,1.708638,-0.20234,-0.269054,-0.269049,-0.926272,0.112394,0.995189,1.520894,2.334518,-0.002962,0.0,37.93272
-0.558285,0.602948,-0.982579,0.674458,0.674439,-1.143358,-0.721298,0.114641,0.724661,1.336318,-0.001621,1.0,38.188553
1.146838,1.439172,-0.562177,-0.692269,-0.692265,-0.04947,-0.276593,0.596657,1.239036,1.751292,-0.001576,-1.0,37.924187
-0.292271,0.674458,-0.472122,0.022485,0.0225,0.184344,-0.618269,0.442133,1.039778,1.541353,-0.001473,0.0,37.93272
-0.359874,0.382371,-0.652274,-0.044966,-0.044982,0.166449,-0.647768,0.376372,0.95592,1.431403,-0.001237,0.0,37.915657
0.542008,0.745262,-1.196926,-0.404858,-0.404864,0.483297,0.002268,0.537497,1.209359,1.680227,-0.001717,0.0,37.76215
-0.605791,0.807718,-0.897469,0.654925,0.654936,-0.264754,-0.47117,-0.257276,0.373566,0.906436,-0.001348,1.0,38.009468
0.403859,0.695537,-0.157056,0.0,0.0,-0.21988,-0.246804,-0.406854,0.223242,0.765534,-0.000932,0.0,38.009468
-1.783349,0.154126,-1.981502,1.907108,1.907104,-1.673269,-1.781147,-2.341108,-1.645745,-1.175689,-0.00016,1.0,38.734348
-0.908309,0.108129,-1.405714,1.805381,1.805392,-2.647072,-3.168264,-3.863911,-3.277479,-2.873716,0.000168,1.0,39.433655
-0.601502,0.150376,-1.245968,0.670409,0.670417,-2.320096,-3.368434,-4.022928,-3.853936,-3.444913,0.000685,1.0,39.698025
-2.210524,0.168425,-2.378949,2.040819,2.040802,-3.039996,-4.72842,-5.42035,-5.567369,-5.262317,0.002094,1.0,40.508183
0.741059,0.741059,-0.656367,-0.568421,-0.568418,-1.359304,-3.599408,-4.363047,-4.851792,-4.608937,0.002,-1.0,40.277927
0.998091,1.061797,-0.658316,-0.296422,-0.29642,-0.356761,-2.75855,-3.628515,-4.442561,-4.178386,0.001178,0.0,40.158535
-0.127067,0.487082,-0.360021,0.276069,0.276081,-0.21602,-2.441776,-3.523945,-4.448342,-4.271089,0.001687,0.0,40.269405
0.190923,0.615191,-0.169703,-0.169424,-0.169431,0.203649,-1.669496,-2.984023,-3.867208,-4.005097,0.001556,0.0,40.201176
-0.063706,0.382247,-0.084946,-0.106065,-0.106069,0.135913,-1.029941,-2.553975,-3.413677,-3.768956,0.001195,0.0,40.158535
0.021238,0.615713,-0.191083,0.021232,0.021248,0.059441,-0.51381,-2.202418,-3.05946,-3.659462,0.002255,0.0,40.167068
1.379903,1.573954,-0.409664,-1.528656,-1.528678,1.306606,1.237609,-0.411094,-1.288268,-2.122466,0.003144,-1.0,39.553043
0.589393,1.375241,-0.109153,-1.228978,-1.22896,1.951529,2.403394,1.024508,0.072022,-0.815558,0.002016,-1.0,39.066952
-1.570904,0.0,-1.915212,1.440733,1.440704,0.215209,0.9318,-0.096104,-1.135128,-1.941886,0.002851,1.0,39.629791
-1.113492,0.685223,-1.113492,0.494943,0.494981,-0.445413,0.263364,-0.284103,-1.416511,-2.174755,0.002726,0.0,39.825951
0.708919,1.267454,-0.042965,-0.321203,-0.321213,-0.360906,0.440382,0.320796,-0.875411,-1.603446,0.001904,0.0,39.698025
0.431502,0.647258,-0.75512,-0.429648,-0.429651,0.056098,0.714133,0.887451,-0.245958,-0.968288,0.001834,0.0,39.527462
-0.150374,0.214829,-1.310419,0.431502,0.431505,-0.055857,0.137482,0.498384,-0.450061,-1.226217,0.001728,0.0,39.698025
-0.300565,0.042928,-0.665526,0.064453,0.064439,-0.072985,-0.047227,0.437959,-0.267281,-1.10949,0.002057,0.0,39.723606
0.237122,0.301789,-0.366454,-0.407907,-0.407911,0.202642,0.211266,0.689817,0.337369,-0.565629,0.00187,0.0,39.561569
1.288491,1.288491,-0.305741,-1.293378,-1.293376,1.183668,1.238268,1.799527,1.78533,0.852592,0.001327,-1.0,39.049889
-0.637785,0.395868,-0.791731,-0.698843,0.375287,0.636454,0.768776,1.255278,1.463717,0.604484,0.001666,0.0,39.196438
0.0,0.285593,-0.571182,0.10996,0.109936,0.292249,0.702097,0.969112,1.327558,0.628957,0.001429,0.0,39.239529
0.977776,1.400002,-0.066664,-1.142355,-1.142343,0.970481,1.649593,1.893549,2.381567,1.897888,0.000933,-1.0,38.791279
0.402775,0.447527,-0.514657,-0.688891,-0.688895,1.13225,2.016764,2.317506,2.834242,2.658156,-0.000196,-1.0,38.524048
0.902726,0.970438,-0.135412,-0.850298,-0.850305,1.552703,2.498545,2.851038,3.443679,3.558133,-0.001351,-1.0,38.196476
-0.383137,0.045076,-1.217032,0.135405,0.135413,0.919539,2.025473,2.484519,3.054064,3.36725,-0.001583,0.0,38.248199
0.845142,1.187757,-0.182727,-1.329727,-1.32972,1.484691,2.881479,3.631166,4.107696,4.580717,-0.003049,-1.0,37.739605
0.738859,0.877391,-0.854311,-1.073545,-1.073554,1.805586,3.35802,4.345906,4.853552,5.462399,-0.003268,-1.0,37.33445
1.28866,1.850986,-0.070286,-1.454632,-1.454624,2.366443,4.130736,5.336281,5.943689,6.61503,-0.003772,-1.0,36.791374
-0.373657,1.494626,-0.397006,0.328022,0.328028,1.335817,3.211107,4.488706,5.156387,5.901702,-0.003749,0.0,36.91206
0.944067,1.085681,-0.212414,-1.050913,-1.050933,1.468034,3.575654,5.050286,5.858603,6.628451,-0.004132,-1.0,36.524139
-0.679309,0.1874,-0.843282,0.755251,0.755262,0.196769,2.136333,3.737822,4.757075,5.452053,-0.003758,1.0,36.799992
-0.810934,0.440218,-1.042634,1.100963,1.100976,-0.963866,0.597762,2.156858,3.290438,3.981586,-0.003289,1.0,37.205151
1.289564,1.336457,-0.140685,-1.181645,-1.181675,0.206342,1.322403,2.871447,4.109379,4.855851,-0.003138,-1.0,36.765507
-1.145665,0.53776,-1.192429,0.281355,0.28137,-0.0982,0.678048,2.188452,3.433603,4.203826,-0.002481,0.0,36.868954
-0.395252,0.395262,-1.116017,0.561136,0.561128,-0.358045,-0.199939,1.236935,2.525824,3.355113,-0.002863,1.0,37.075836
0.398224,0.773017,-0.327946,-0.744011,-0.743999,0.388848,0.292808,1.553838,2.900578,3.88343,-0.003402,-1.0,36.799992
-0.21028,0.537383,-0.467292,0.257672,0.257688,-0.037401,-0.084127,0.95014,2.25274,3.319908,-0.00315,0.0,36.894821
2.063565,2.300761,-0.213472,-1.495325,-1.495343,1.247628,1.309299,2.082543,3.362193,4.50502,-0.003614,-1.0,36.343117
-0.118453,0.307986,-0.900254,0.118593,0.118608,0.862345,1.044764,1.629935,2.873715,4.017143,-0.00375,0.0,36.386223
0.118652,0.735648,-0.166111,-0.165837,-0.165857,0.617002,1.158053,1.445982,2.649509,3.837408,-0.00385,0.0,36.325874
-0.422932,1.033832,-0.469925,0.996683,0.996703,-0.43704,0.129214,0.253744,1.288752,2.484488,-0.003239,1.0,36.687935
-0.070305,0.234361,-0.609323,0.258452,0.258456,-0.754636,-0.243743,-0.104691,0.754616,1.900487,-0.002565,0.0,36.782757
-0.209839,0.233162,-0.769405,0.515587,0.515568,-0.923283,-0.699458,-0.584436,0.027983,1.097696,-0.002504,0.0,36.972397
1.421469,1.563611,-0.118453,-1.585451,-1.585437,0.672821,0.767583,0.920783,1.390656,2.433537,-0.003241,-1.0,36.386223
0.978063,1.502865,-0.143123,-0.687043,-0.687054,1.264322,1.204683,1.547396,1.799861,2.803438,-0.003043,-1.0,36.13623
-1.220087,0.656976,-1.3374,1.66985,1.669828,-0.370698,-0.473932,-0.131372,-0.008191,0.842818,-0.002017,1.0,36.739643
0.934145,1.471277,-0.233533,0.469266,0.469294,-0.766008,-0.93415,-0.650796,-0.53247,0.168136,-0.001443,0.0,36.91206
-0.787037,0.069442,-0.972227,0.887438,0.887439,-1.495381,-1.564824,-1.439826,-1.347234,-0.850938,-0.001116,1.0,37.239632
-3.927699,0.669493,-4.217815,3.726852,3.726833,-3.874132,-4.521305,-4.677521,-4.669711,-4.368662,0.001082,1.0,38.627491
0.55966,1.00739,-0.783519,-0.312437,-0.312425,-2.341617,-3.655695,-4.131032,-4.113498,-4.042085,0.001413,0.0,38.506809
1.898013,2.058086,-0.160073,-2.104316,-2.104308,0.265257,-1.317183,-1.91174,-1.933466,-1.984004,0.00113,-1.0,37.696507
-1.150467,0.879763,-1.421162,1.37206,1.372071,-0.410575,-2.27839,-3.009271,-3.128831,-3.218612,0.001584,1.0,38.21373
0.271439,0.361909,-0.316668,-0.270704,-0.270727,0.316679,-1.714538,-2.436847,-2.689431,-2.817457,0.001924,0.0,38.110275
1.164645,1.301667,-0.045675,-0.950007,-0.949993,0.812966,-0.411064,-1.260572,-1.639655,-1.79677,0.001182,-1.0,37.74823
0.229154,0.802023,-0.435376,-0.342549,-0.342562,0.687455,0.325396,-0.692018,-1.22937,-1.3428,0.000555,0.0,37.618919
-0.207185,0.71363,-0.506441,-0.458295,-0.458293,1.017504,0.976066,-0.09975,-0.688301,-0.819518,0.000869,0.0,37.446514
-0.276812,0.576701,-0.461352,-0.207185,-0.207184,0.77509,1.307966,0.212231,-0.41868,-0.596075,0.000657,0.0,37.368931
-0.457459,0.205855,-0.892038,0.853525,0.853517,-0.301917,0.56954,-0.509295,-1.083022,-1.339427,0.000784,1.0,37.687881
-0.59253,0.0,-1.002739,0.365965,0.365966,-0.62443,-0.00911,-0.618349,-1.253414,-1.59799,0.001266,0.0,37.825806
0.623116,0.738518,-0.323109,-1.253416,-1.253393,0.493863,0.950825,0.860046,0.137299,-0.319429,0.000609,-1.0,37.3517
0.115365,0.622983,-0.323025,0.023074,0.02304,0.424565,0.837582,0.947566,0.204217,-0.2824,0.00127,0.0,37.360306
-0.139075,0.996757,-0.278162,-0.46147,-0.461447,0.792764,1.029203,1.464996,0.723223,0.211402,0.001017,0.0,37.187908
-1.057721,1.011722,-1.103711,0.811319,0.811299,-0.124158,0.050595,0.69289,-0.018385,-0.472742,0.001442,1.0,37.489613
-0.343409,1.694135,-0.503665,0.436877,0.436908,-0.650196,-0.409815,0.082404,-0.285043,-0.771077,0.001199,0.0,37.653408
-0.860899,0.135936,-1.993659,1.053111,1.053095,-1.318531,-1.334388,-1.040623,-1.07272,-1.62392,0.001544,1.0,38.049934
-0.451773,0.2033,-0.700251,0.29452,0.2945,-1.188146,-1.436621,-1.249886,-1.176848,-1.758281,0.001448,0.0,38.161991
0.226907,0.317674,-1.588384,-0.451773,-0.451761,-0.317673,-0.825953,-0.84108,-0.586559,-1.18538,0.001941,0.0,37.98959
0.873967,1.218947,-0.137999,-1.338779,-1.338775,1.030358,0.464582,0.392519,0.794621,0.209754,0.001658,-1.0,37.480995
-0.50263,0.0,-1.096639,0.666973,0.666965,0.402105,-0.226174,-0.275675,0.008008,-0.311618,0.001222,1.0,37.73098
-2.016583,0.268875,-2.442303,1.964818,1.964836,-1.313033,-1.857507,-2.049454,-1.923602,-1.989702,0.001872,1.0,38.472332
-0.446232,0.245426,-0.847838,0.42572,0.425719,-1.48595,-1.943335,-2.259414,-2.217764,-2.208839,0.001671,0.0,38.636116
0.448031,0.537639,-0.582433,-0.401609,-0.401619,-0.833327,-1.211913,-1.672635,-1.788748,-1.651426,-0.000124,0.0,38.480946
-1.171536,0.596808,-1.635725,1.344093,1.344091,-1.370468,-2.135278,-2.752725,-2.977452,-2.775418,0.000596,1.0,38.998165
-1.117799,1.053306,-2.364579,2.82935,2.829359,-2.901978,-4.217546,-5.05016,-5.353615,-5.303527,0.002742,1.0,40.101563
-0.428084,0.171229,-1.198632,0.429925,0.429911,-2.422938,-4.075337,-4.972882,-5.429145,-5.533381,0.002332,0.0,40.273964
-1.269033,0.042301,-1.77665,1.198626,1.198635,-2.538071,-4.574871,-5.542863,-6.143187,-6.351942,0.002971,1.0,40.756702
-0.147989,0.549687,-0.359404,0.042301,0.042307,-1.454549,-3.93235,-4.99648,-5.765331,-6.140383,0.003402,0.0,40.773945
0.232708,0.676962,-0.253857,-0.063423,-0.063423,-0.533113,-3.069605,-4.40308,-5.330024,-5.821879,0.003524,0.0,40.748085
0.679406,1.019117,-0.127382,-0.35964,-0.359666,0.072206,-2.012716,-3.573935,-4.646474,-5.200827,0.003566,0.0,40.601528
0.683177,0.918019,-1.067464,-0.552013,-0.552001,0.67891,-0.997005,-2.654421,-3.742521,-4.401359,0.003417,-1.0,40.377407
-0.085036,0.5102,-0.361399,0.426988,0.426976,0.148819,-0.945991,-2.675723,-3.758489,-4.501685,0.003231,0.0,40.549809
0.042382,0.16953,-1.080735,0.318873,0.318892,-0.216154,-0.720493,-2.544324,-3.635303,-4.479761,0.003211,0.0,40.679119
1.331327,1.717842,0.0,-1.313836,-1.313858,0.81169,0.886854,-0.804504,-2.021667,-2.96326,0.003184,-1.0,40.144653
-1.048357,0.106973,-1.476258,0.365046,1.454331,-0.571083,-0.405414,-1.735806,-3.04866,-4.069189,0.003807,1.0,40.728489
1.081081,1.362164,-0.172977,-1.048357,-1.048337,0.444649,0.656572,-0.392168,-1.742173,-2.760081,0.003551,-1.0,40.301517
-0.345946,0.064863,-1.94595,0.0,0.0,0.321432,0.543627,-0.116678,-1.476733,-2.46816,0.003199,0.0,40.301517
-0.594476,1.443739,-1.167726,1.837834,1.837822,-1.3121,-1.205481,-1.503194,-2.882853,-3.852633,0.003808,1.0,41.042187
0.823304,1.013297,-0.147773,0.573251,0.573252,-1.32573,-1.640346,-1.696484,-2.976534,-4.033595,0.003599,1.0,41.277462
-0.316995,0.021137,-1.627221,-0.10555,-0.105576,-0.976308,-1.383034,-1.409517,-2.449232,-3.584838,0.003425,0.0,41.233883
-0.378231,0.315196,-0.67241,0.570583,0.570606,-0.974997,-1.679286,-1.776745,-2.641372,-3.802058,0.00387,1.0,41.469166
-0.794316,0.020899,-1.107857,0.52532,0.525311,-0.827756,-1.920281,-2.14125,-2.784206,-3.966518,0.00468,0.0,41.687008
-0.165559,0.165567,-0.662252,1.003344,1.003368,-1.307964,-2.555892,-2.902584,-3.319558,-4.529525,0.004826,1.0,42.105282
0.395757,0.791504,-0.354089,-0.64156,-0.641551,-0.404101,-1.522615,-2.102401,-2.356231,-3.496762,0.003693,-1.0,41.835155
1.2208,1.578615,-0.105239,-1.04145,-1.041466,0.724061,-0.324141,-0.943608,-1.171849,-2.126689,0.003055,-1.0,41.399456
-0.04199,0.50388,-0.56687,0.252585,0.252585,0.487086,-0.285541,-1.012215,-1.27266,-2.081097,0.00334,0.0,41.504025
-0.33543,0.188679,-0.796648,0.146966,0.146966,0.280924,-0.12789,-0.994649,-1.320308,-1.942931,0.002819,0.0,41.565022
0.315462,0.65195,-0.273399,-0.31447,-0.314483,0.273411,0.281819,-0.560804,-0.92931,-1.348473,0.001452,0.0,41.434307
0.379427,0.716695,-0.21079,-0.231335,-0.231335,0.265607,0.529098,-0.137708,-0.628187,-0.893277,0.001165,0.0,41.338455
0.743569,0.977266,-0.127474,-0.77993,-0.77992,0.866791,1.266198,0.694,0.203458,-0.025064,0.000305,-1.0,41.016048
0.042501,0.95622,-0.021254,-0.021243,-0.02125,0.645984,1.1751,0.830148,0.301562,0.06772,0.000277,0.0,41.007332
1.24383,1.24383,-0.600478,-0.913727,-0.913727,1.11516,1.8486,1.814284,1.236688,0.978284,-9.3e-05,-1.0,40.632637
-0.917431,0.234694,-1.088112,0.514686,0.514702,0.307223,1.017701,1.260213,0.738202,0.467852,0.000288,0.0,40.841774
-0.277424,0.59752,-0.874947,-0.021331,-0.021343,0.081093,0.793853,1.209274,0.844002,0.497623,0.000518,0.0,40.833057
0.516353,0.731497,-0.172113,-0.810928,-0.810919,0.645433,1.396292,1.916229,1.640483,1.309404,-2e-05,-1.0,40.501934
-1.188953,0.212321,-1.252654,1.333903,1.333894,-0.662414,-0.050952,0.505313,0.392785,0.040622,0.000421,1.0,41.042187
0.449484,0.577913,-0.70634,-0.806788,-0.80678,0.18407,0.552215,1.162949,1.259621,0.870138,0.000642,-1.0,40.711067
1.473137,1.711441,-0.216636,-1.198632,-1.198642,1.091859,1.470973,2.078282,2.386267,2.048528,-0.000512,-1.0,40.223087
1.026651,1.026651,-0.131057,-0.823226,-0.823226,1.459159,1.950639,2.60085,3.062477,2.870254,-0.000414,-1.0,39.89196
-0.130741,0.806274,-0.305075,0.24028,0.240279,0.958819,1.449123,2.119566,2.659627,2.549581,-0.000309,0.0,39.987812
0.196507,0.63319,-0.502181,-0.196121,-0.196107,0.589512,1.373355,2.053848,2.665931,2.711781,-0.001194,0.0,39.909393
0.174022,1.109417,-0.522082,0.371183,0.371191,-0.108784,0.854889,1.425548,2.082862,2.307571,-0.001281,0.0,40.057533
0.392842,0.436491,-0.349192,-0.326302,-0.326346,0.069863,0.955941,1.505919,2.144287,2.530798,-0.001377,0.0,39.926807
-1.268544,0.043004,-2.730587,1.505888,1.505901,-1.100825,-0.617055,-0.133287,0.467658,0.93573,-0.000971,1.0,40.528065
-0.388098,0.452779,-1.768003,-0.279503,-0.279485,-0.612341,-0.360077,0.047427,0.627418,1.137553,-0.001321,0.0,40.414795
-0.577911,0.79195,-0.64213,0.733075,0.733078,-0.941792,-1.166534,-0.729176,-0.202279,0.327045,-0.001438,1.0,40.711067
1.163544,1.271278,-0.107733,-0.66353,-0.663549,-0.090493,-0.573143,-0.097668,0.325372,0.873962,-0.001448,-1.0,40.440929
-0.515136,0.214636,-0.880017,0.387847,0.387877,-0.145971,-0.86501,-0.523734,-0.165289,0.335678,-0.000826,0.0,40.59779
0.581648,0.75399,-0.172335,-0.364889,-0.364897,0.180956,-0.364072,-0.22261,0.090473,0.56613,-0.001095,0.0,40.44965
-0.301073,0.064514,-0.752684,0.172344,0.172328,0.060224,-0.404294,-0.391392,-0.143004,0.306243,-0.001084,0.0,40.519356
-0.128639,0.107204,-0.4717,0.301073,0.301066,-0.274429,-0.523143,-0.756132,-0.487764,-0.079745,-0.000816,0.0,40.641346
0.064181,0.235336,-0.534874,0.214415,0.21442,-0.346595,-0.571245,-0.965623,-0.688914,-0.375693,-0.000622,0.0,40.728489
1.842616,2.016042,-0.195101,-1.305094,-1.305101,0.771739,0.810763,0.339631,0.544127,0.818568,-0.000851,-1.0,40.196941
0.30362,0.672299,-0.67231,-0.043356,-0.043332,0.680964,0.767718,0.430842,0.506386,0.746898,-0.00086,0.0,40.179523
0.130202,0.607637,-0.347231,-0.06506,-0.065053,0.564216,0.768211,0.523707,0.528409,0.726543,-0.000491,0.0,40.153385
-0.560591,0.237173,-0.689953,0.651039,0.651029,-0.198364,0.043116,-0.043128,-0.199446,0.016381,-0.000432,1.0,40.414795
0.498924,0.694143,-0.347069,-0.603715,-0.603729,0.130168,0.583529,0.582803,0.339493,0.577889,-0.000685,-1.0,40.170799
-0.172857,0.064827,-0.605011,0.390458,0.390493,-0.194482,0.125303,0.257829,-0.037835,0.135674,-0.000163,0.0,40.327663
-1.292375,0.826269,-1.313557,1.987904,1.987884,-1.677965,-1.661022,-1.598874,-1.835811,-1.787294,0.000121,1.0,41.12933
0.792807,1.071352,-0.449966,-1.122888,-1.122902,-0.308534,-0.507806,-0.439953,-0.63744,-0.655653,-1.6e-05,-1.0,40.667488
0.408521,0.666528,-0.279503,-0.342833,-0.342837,0.090318,-0.193489,-0.127554,-0.219291,-0.364635,0.000356,0.0,40.528065
0.129165,0.279873,-0.387516,-0.128998,-0.12896,0.370269,-0.127042,0.007152,-0.038778,-0.25923,0.000658,0.0,40.4758
-0.279092,0.193207,-0.515247,0.279873,0.279873,0.218955,-0.309167,-0.273391,-0.23618,-0.50153,0.000675,0.0,40.589081
-0.192431,0.042765,-0.726962,0.407896,0.407858,-0.372019,-0.572999,-0.628594,-0.613626,-0.821025,0.000938,0.0,40.754627
-0.866075,0.04225,-0.866075,1.21873,1.21873,-1.288536,-1.504,-1.706789,-1.708901,-1.892678,0.001306,1.0,41.251316
-0.357748,0.147306,-0.610269,0.380228,0.380247,-1.237373,-1.63721,-1.955672,-1.997059,-2.119534,0.001613,0.0,41.408173
-0.377913,0.041992,-1.007766,0.231484,0.231481,-0.96998,-1.543147,-2.05753,-2.095322,-2.206178,0.001059,0.0,41.504025
1.475303,1.967071,0.0,-1.805587,-1.805603,0.932229,0.372047,-0.165332,-0.275804,-0.326692,0.000396,-1.0,40.754627
-0.784228,0.445102,-1.208137,0.87663,0.876637,0.228913,-0.504445,-0.881721,-1.061884,-1.136067,0.000458,1.0,41.111897
-0.547249,0.021052,-0.947163,0.699445,0.699454,-0.395707,-1.018732,-1.369535,-1.642811,-1.727634,0.001051,1.0,41.399456
-0.546329,0.798489,-0.67241,0.16839,0.168384,-0.533726,-0.95818,-1.36583,-1.708338,-1.819707,0.000955,0.0,41.469166
-1.160866,0.373126,-1.1816,1.365837,1.365849,-1.621076,-1.921653,-2.399126,-2.877291,-2.99089,0.001708,1.0,42.035572
-1.761934,0.348287,-2.028275,1.18159,1.181602,-1.934047,-2.610142,-3.193354,-3.736957,-3.941835,0.002147,1.0,42.532265
1.283376,2.235558,-0.207001,-1.02438,-1.024389,-0.451256,-1.283388,-2.038235,-2.512946,-2.791151,0.00157,-1.0,42.096569
0.14433,0.226806,-0.927837,0.393291,0.393272,-0.432974,-1.430917,-2.170436,-2.64535,-3.007,0.001648,0.0,42.262123
0.813345,0.875908,-0.333681,-1.134019,-1.133999,0.859225,-0.210646,-0.848114,-1.364974,-1.785203,0.001723,-1.0,41.782871
-0.357139,0.042019,-0.777307,-0.729933,0.316084,0.483869,-0.427035,-0.931632,-1.467704,-1.981442,0.001879,0.0,41.91494
-0.582967,0.062465,-0.874449,0.903363,0.90338,-0.52862,-0.954627,-1.549903,-2.117441,-2.660699,0.0023,1.0,42.293591
-0.663212,0.062174,-1.49223,0.458049,0.458048,-0.798233,-1.082509,-1.726921,-2.403935,-2.887258,0.002216,0.0,42.487316
-0.925164,0.308392,-1.007395,0.808288,0.808284,-1.32812,-1.541462,-2.269038,-2.933929,-3.415871,0.00283,1.0,42.830734
-0.898324,0.0,-1.16374,0.699015,0.69904,-1.388343,-1.839841,-2.681308,-3.306096,-3.834518,0.002964,1.0,43.130138
-1.790744,0.080485,-1.911471,1.46999,1.469995,-1.97185,-2.866911,-3.746875,-4.33121,-4.899238,0.002739,1.0,43.764149
-1.097585,0.019952,-1.396929,0.82495,0.824935,-1.943726,-3.300643,-4.025164,-4.71327,-5.33309,0.003586,1.0,44.125175
-0.456438,0.218299,-0.595354,0.558767,0.558756,-1.639202,-3.325204,-4.068674,-4.835141,-5.566814,0.003978,1.0,44.371727
0.199398,1.216343,-0.139581,-0.476279,-0.476272,-0.566299,-2.432707,-3.192789,-4.050352,-4.798519,0.003827,0.0,44.160397
-0.516484,0.834323,-1.072708,0.378859,0.378858,-0.401266,-2.226858,-3.128256,-4.08318,-4.814968,0.00387,0.0,44.327702
-0.375795,0.652686,-0.39557,0.43703,0.437029,-0.494462,-2.066851,-3.177538,-4.16167,-4.865667,0.003883,0.0,44.521427
1.058514,1.597761,-0.039946,-0.969148,-0.969151,0.463355,-0.701012,-1.994468,-2.845521,-3.617037,0.002931,-1.0,44.089947
0.23971,1.018775,-0.25969,-0.01997,-0.019961,0.351574,-0.319619,-1.674761,-2.489331,-3.29594,0.002757,0.0,44.081146
0.039787,0.576887,-0.497315,0.419495,0.419495,-0.019895,-0.411775,-1.783704,-2.572881,-3.427493,0.002839,0.0,44.266064
0.843378,1.164663,-0.381522,-0.934953,-0.934965,0.706836,0.692783,-0.54216,-1.381664,-2.29312,0.003218,-1.0,43.852192
-0.577691,0.458165,-0.617534,0.803217,0.80323,-0.239051,-0.009967,-0.989382,-1.922163,-2.827322,0.003186,1.0,44.204426
0.502816,0.965406,-0.160905,-0.956175,-0.956185,0.58327,0.876913,0.193085,-0.832609,-1.612636,0.002466,-1.0,43.78175
0.099898,0.559447,-0.339656,0.663713,0.663729,-0.083924,0.143848,-0.227779,-1.26232,-1.992666,0.002681,1.0,44.072342
0.865541,1.247985,-0.120775,-0.739259,-0.739262,0.4227,0.795082,0.654853,-0.357294,-1.048132,0.001766,-1.0,43.746532
1.055838,1.29949,-0.121829,-0.865539,-0.865538,1.076139,1.4538,1.570214,0.695423,-0.009061,0.000876,-1.0,43.367889
-0.506791,0.101356,-1.419017,0.162441,0.162422,0.559506,1.039942,1.355504,0.707487,-0.042033,0.001392,0.0,43.438328
0.223534,0.751886,-0.487702,-0.243266,-0.243258,0.597446,1.111568,1.480733,1.072958,0.275599,0.001115,0.0,43.332661
1.252567,1.355236,-0.287474,-1.036371,-1.036375,1.096514,1.891175,2.31212,2.177624,1.399122,0.001158,-1.0,42.883572
-1.757574,0.020198,-1.878788,1.642708,1.642699,-0.61009,0.088903,0.571059,0.613148,-0.117965,0.001734,1.0,43.58802
-0.7213,0.380681,-1.001803,0.828283,0.828299,-1.162098,-0.711281,-0.312563,-0.120216,-0.741336,0.001702,1.0,43.949059
-0.419076,0.538815,-0.698469,0.400723,0.400728,-1.24527,-1.12553,-0.770312,-0.477955,-0.937144,0.001677,0.0,44.125175
-0.159081,0.218733,-0.914693,0.35921,0.359208,-1.169225,-1.36608,-1.096312,-0.81627,-1.111954,0.001482,0.0,44.283676
0.498405,0.657899,-0.19936,-0.258503,-0.258504,-0.330943,-1.088518,-0.826689,-0.582138,-0.703349,0.001065,0.0,44.169201
2.51328,2.697178,-0.122595,-2.432219,-2.432226,1.924815,1.225998,1.464386,1.772587,1.796495,-0.000631,-1.0,43.094906
0.164107,0.410258,-0.902562,-0.388228,-0.388215,1.846149,1.51794,1.716233,2.006147,2.174353,-0.001159,0.0,42.927605
0.122729,1.472698,-0.409082,0.287177,0.28717,1.055434,1.137249,1.246339,1.543264,1.815508,-0.001277,0.0,43.05088
0.205092,1.086963,-0.061522,-0.265905,-0.265906,0.697297,1.314607,1.385021,1.679662,1.976216,-0.001186,0.0,42.936405
-1.053273,0.202556,-1.701438,1.251028,1.251032,-0.866925,0.1985,0.04051,0.353454,0.633583,-0.000806,1.0,43.473553
0.223033,0.669104,-0.263587,-0.101274,-0.101271,-0.612332,0.26358,0.093263,0.358876,0.668284,-0.00104,0.0,43.429527
-1.044177,0.301209,-1.6265,0.973234,0.97322,-1.148587,-0.72489,-0.79785,-0.608424,-0.345372,-0.000196,1.0,43.852192
-0.36,0.339996,-0.699996,0.401608,0.401597,-1.099987,-1.143983,-1.105317,-1.025982,-0.788781,-1.3e-05,0.0,44.028301
-0.947493,0.572446,-1.302803,1.32,1.320026,-1.638383,-2.358871,-2.202929,-2.222667,-2.034748,0.000379,1.0,44.609486
0.734123,0.81349,-0.456357,-0.513221,-0.513225,-0.722231,-1.807548,-1.473553,-1.683539,-1.502388,0.000562,-1.0,44.380539
-0.079351,0.297562,-0.833164,0.019837,0.019813,-0.309448,-1.535391,-1.372724,-1.630609,-1.510791,0.000222,0.0,44.389332
-0.138422,0.355942,-0.514137,0.317397,0.31741,-0.320346,-1.487043,-1.597778,-1.811344,-1.76151,0.000775,0.0,44.530228
0.0,1.220959,-0.334774,0.415264,0.415262,-0.425357,-1.522245,-1.916755,-2.074626,-2.122084,0.000667,0.0,44.715145
0.414289,1.223125,-0.019726,-0.177235,-0.177224,-0.236739,-0.966663,-1.690013,-1.754785,-1.871769,0.000912,0.0,44.635899
-1.225444,0.175063,-2.06186,1.420401,1.420395,-1.241008,-1.956818,-2.904751,-2.867144,-3.140242,0.001906,1.0,45.269905
-0.213428,0.155215,-1.144742,0.252871,0.25289,-1.051628,-1.773399,-2.813366,-2.914257,-3.240218,0.001945,0.0,45.384388
1.196305,1.784664,-0.058841,-1.06713,-1.067147,0.180426,-0.480491,-1.472188,-1.761132,-2.060014,0.001587,-1.0,44.90007
0.412572,1.119841,-0.078587,-0.176505,-0.176503,0.404715,-0.127706,-1.034714,-1.509828,-1.763462,0.001961,0.0,44.82082
-0.039004,0.292514,-0.936037,0.746556,0.746566,-0.109207,-0.746888,-1.440466,-2.143144,-2.329961,0.001571,1.0,45.155437
-1.911315,0.057336,-2.045107,2.028083,2.028068,-1.746932,-2.352826,-3.023697,-3.881877,-3.994644,0.002093,1.0,46.07122
-0.438095,0.0,-0.914286,0.344037,0.344043,-1.718095,-2.289525,-2.952384,-3.872383,-4.09524,0.002068,0.0,46.229725
1.198527,1.681806,-0.193309,-1.466667,-1.466649,0.030916,-0.61088,-1.259121,-2.153508,-2.526985,0.001274,-1.0,45.551697
-0.135528,0.987411,-0.425948,-0.154645,-0.154677,0.476294,-0.288468,-0.893182,-1.734745,-2.256719,0.001319,0.0,45.481239
-0.038699,0.290308,-0.870906,0.038714,0.038726,0.588355,-0.137403,-0.801234,-1.49119,-2.187725,0.002394,0.0,45.498852
-0.289021,0.886318,-0.385358,0.44514,0.445147,-0.019274,-0.485555,-1.04818,-1.684018,-2.4871,0.002756,0.0,45.701389
-0.515958,0.821701,-1.318561,0.828516,0.828509,-0.905789,-1.152302,-1.616664,-2.204283,-3.02924,0.002991,1.0,46.080029
-0.543276,0.374674,-1.386291,2.006495,2.00649,-2.236789,-2.648925,-3.200943,-3.792614,-4.589729,0.003979,1.0,47.00462
-1.542985,0.146953,-1.542985,1.985759,1.985784,-3.115368,-3.894207,-4.637533,-5.258096,-6.039691,0.004299,1.0,47.93803
1.057906,1.410538,-0.129918,-1.028652,-1.028657,-1.288054,-2.412779,-3.251679,-3.974585,-4.683011,0.003896,-1.0,47.444912
0.334512,1.1522,-0.092925,-0.129918,-0.129915,-0.449739,-2.008931,-2.828482,-3.532815,-4.228969,0.003416,0.0,47.383274
0.222764,0.352705,-1.299426,0.1115,0.111478,0.011153,-1.863733,-2.648339,-3.319091,-3.997764,0.00329,0.0,47.436096
1.533214,1.533214,-0.776082,-1.930568,-1.930561,1.771725,0.276358,-0.499716,-1.20197,-1.878481,0.001877,-1.0,46.520313
-1.049479,0.056218,-1.236882,1.003216,1.003213,0.356078,-0.399171,-1.180656,-1.941525,-2.601197,0.002536,1.0,46.987011
0.71902,0.946074,-0.018918,-0.955778,-0.955773,0.934724,0.785247,-0.029009,-0.790913,-1.495551,0.002112,-1.0,46.537922
-1.925232,0.037383,-2.130839,1.2299,2.196746,-1.160476,-0.990317,-1.969191,-2.682656,-3.345505,0.002929,1.0,47.560242
0.810405,0.961174,-0.358089,-0.822428,-0.822401,-0.454084,0.06158,-1.023531,-1.686498,-2.308297,0.002391,-1.0,47.169106
1.433486,1.796632,-0.076455,-1.394649,-1.394669,0.949993,1.370771,0.513925,-0.122752,-0.756181,0.001861,-1.0,46.511253
1.410363,1.448995,-0.309119,-1.07034,-1.070332,1.61901,2.049245,1.678504,1.087426,0.430411,0.000778,-1.0,46.013428
-0.478652,0.076584,-0.804134,0.908041,0.908048,0.658617,0.912613,0.897398,0.315151,-0.318671,0.001063,1.0,46.431252
-0.248283,0.993125,-0.343776,0.248901,0.248888,-0.026733,0.482374,0.767986,0.117186,-0.456419,0.001635,0.0,46.546814
0.672816,1.057286,-0.134562,-0.649353,-0.649338,0.226827,0.88145,1.450307,0.773138,0.268582,0.00143,-1.0,46.244568
-1.081594,0.037951,-1.593928,1.307191,1.307181,-0.9222,-0.350064,0.119144,-0.388689,-0.85879,0.001674,1.0,46.849068
3.077225,3.116427,-0.019604,-3.187858,-3.187865,2.050186,2.571548,3.036318,2.877496,2.452929,-0.000594,-1.0,45.355583
0.274723,1.118524,-0.274723,-0.117603,-0.117589,1.671896,2.419541,2.842306,2.976912,2.586507,-0.000795,0.0,45.30225
-0.097828,0.254355,-0.45001,0.294352,0.294332,0.884379,1.651353,2.254717,2.645457,2.229489,-2.9e-05,0.0,45.435589
-0.621488,0.446687,-0.738009,0.743496,0.74351,-0.066037,0.596229,1.257892,1.854417,1.435136,0.000361,1.0,45.773407
0.058352,0.583542,-0.175063,-0.155374,-0.155376,-0.412371,0.575767,1.296141,1.870441,1.606168,0.000277,0.0,45.702286
-1.081594,0.417452,-1.252372,2.509241,2.509244,-2.212526,-1.707781,-1.203038,-0.739387,-0.764185,0.001174,1.0,46.849068
-0.528899,0.094452,-1.114471,0.455404,0.455394,-1.907813,-2.019257,-1.576617,-1.230002,-1.081158,0.001012,0.0,47.062416
0.51146,0.606175,-0.738774,-0.283336,-0.283324,-0.992617,-1.65941,-1.38663,-0.99776,-0.695459,1.7e-05,0.0,46.929077
-1.087157,0.093728,-1.105904,1.060801,1.060788,-1.334573,-2.442351,-2.385492,-2.03791,-1.624217,-0.000386,1.0,47.426895
-0.523558,0.224379,-0.822736,0.243678,0.24368,-0.800297,-2.533654,-2.478179,-2.168546,-1.818105,0.000168,0.0,47.542465
-0.741561,0.482021,-1.075265,0.860133,0.860141,-1.186508,-2.823509,-3.040415,-2.902299,-2.65429,0.000598,1.0,47.951397
-0.463049,0.092608,-0.611228,0.092701,0.092679,-0.889043,-2.352275,-2.91287,-2.840325,-2.698512,0.00059,0.0,47.995838
-1.163,0.46151,-1.163,0.333388,0.33341,-0.708885,-2.111872,-3.012738,-3.101346,-2.957673,0.001574,0.0,48.155861
0.795265,0.850747,-0.07398,-0.1846,-0.184605,-0.258927,-1.453673,-2.580606,-2.828739,-2.725698,0.001058,0.0,48.066963
0.803881,0.934754,-0.224347,-1.07268,-1.072683,0.82632,0.003736,-1.425813,-1.665731,-1.584208,0.001007,-1.0,47.551357
0.037413,0.617288,-0.355404,-0.056091,-0.056091,0.703331,0.202022,-1.066214,-1.451547,-1.48372,2.7e-05,0.0,47.524685
1.656202,1.808492,-0.057108,-1.739618,-1.739618,1.930329,1.897965,0.884577,0.321726,0.274135,-0.000371,-1.0,46.697937
-0.247197,0.323252,-1.882491,0.114222,0.114226,1.213156,1.743673,0.957088,0.22913,0.090512,0.000285,0.0,46.751278
-0.492609,0.303145,-1.155743,0.361284,0.361289,0.35998,1.269414,0.756594,-0.059686,-0.291022,0.000907,0.0,46.920185
-0.659254,1.167826,-0.696928,0.587346,0.58734,-0.37672,0.604632,0.379229,-0.606518,-0.815219,0.000768,1.0,47.195766
0.018934,0.340846,-0.984662,-0.527404,-0.527403,-0.094682,0.924063,0.925325,0.089941,-0.209811,0.00043,-1.0,46.946854
-2.217297,0.036955,-2.346639,2.480587,2.480588,-1.92535,-1.494827,-1.372261,-2.040836,-2.485587,0.001791,1.0,48.111412
-1.165763,0.163934,-1.36612,1.441247,1.441248,-2.477235,-2.761391,-2.517312,-3.087439,-3.685981,0.001849,1.0,48.804817
0.770929,0.862704,-0.073423,-0.765031,-0.765037,-1.101317,-1.936487,-1.627507,-2.065894,-2.762846,0.002903,-1.0,48.431442
0.14692,0.220384,-0.69789,-0.055064,-0.055055,-0.547296,-1.706159,-1.454553,-1.732791,-2.580724,0.00293,0.0,48.404778
-0.731934,0.311067,-0.731934,0.367311,0.367309,-0.237881,-1.848129,-1.728583,-1.914006,-2.671553,0.002962,0.0,48.582573
-1.052246,0.217712,-1.215526,0.860013,0.86002,-0.725693,-2.215172,-2.429857,-2.552621,-3.199573,0.003012,1.0,49.000393
0.236365,0.236365,-0.309087,-0.217705,-0.217725,-0.472716,-1.563625,-2.116354,-2.139083,-2.705446,0.002985,0.0,48.893707
-0.632572,0.144583,-1.048259,0.600004,0.600016,-0.759084,-1.689865,-2.548351,-2.543834,-3.00814,0.002155,1.0,49.187077
-0.609647,0.304822,-1.093778,0.795225,0.795215,-1.068667,-1.984929,-3.04464,-3.107399,-3.460636,0.002303,1.0,49.57822
1.12299,1.267888,-0.036225,-1.004126,-1.004106,0.137647,-0.556067,-1.849915,-2.00961,-2.299594,0.001989,-1.0,49.080402
1.735283,1.882963,-0.79379,-1.883719,-1.883727,1.709433,1.36238,0.236295,-0.111684,-0.333026,0.000709,-1.0,48.155861
0.093012,0.148813,-1.060266,-0.756877,-0.756874,2.023809,1.923362,1.145833,0.611977,0.499253,0.000274,-1.0,47.791382
-0.427746,0.632325,-0.427746,0.018605,0.018597,1.424588,1.772367,1.24977,0.565373,0.51181,-9.2e-05,0.0,47.80027
-1.301556,0.073329,-1.301556,1.450621,1.450622,-0.472956,0.335476,-0.01955,-0.775432,-0.846927,0.000499,1.0,48.493671
0.146229,0.420398,-0.749406,0.293309,0.293306,-0.946807,0.053012,-0.080418,-0.951374,-1.080602,0.000481,0.0,48.635906
-0.547443,0.164234,-0.547443,0.164504,0.1645,-0.879556,-0.169701,-0.161791,-0.906925,-1.183933,0.000633,0.0,48.715912
0.810162,1.17842,-0.331431,-0.894157,-0.894158,0.217272,0.603945,0.66655,0.145467,-0.282079,0.000711,-1.0,48.280315
1.473883,1.79105,-0.130595,-1.307315,-1.307299,1.481334,1.613799,1.890542,1.548503,1.003726,0.000167,-1.0,47.649147
-0.648986,0.482105,-0.648986,0.615675,0.615679,0.630433,0.650831,1.202781,1.004994,0.418307,0.001191,1.0,47.942513
-0.313592,0.110683,-0.84855,0.51919,0.519182,-0.073789,-0.053499,0.625958,0.612431,-0.045013,0.001367,0.0,48.191422
1.271503,1.458485,0.0,-1.346613,-1.346623,0.796567,1.181755,1.795068,1.92596,1.390432,0.000624,-1.0,47.542465
-1.213457,0.110318,-1.562784,1.701569,1.701569,-0.860444,-0.395288,0.017166,0.173752,-0.173554,0.001109,1.0,48.351433
0.518133,0.592154,-0.795707,-0.643497,-0.643487,-0.05552,0.29977,0.50579,0.781821,0.56624,0.001058,-1.0,48.040298
0.351532,0.499539,-0.203515,0.018501,0.018503,-0.029607,0.188708,0.275049,0.726174,0.618681,-1.2e-05,0.0,48.049187
0.166759,0.481747,-0.1297,-0.148007,-0.148025,0.029653,0.200119,0.270528,0.812497,0.853816,-0.000703,0.0,47.978062
-0.092574,0.074062,-0.518419,0.07411,0.074109,0.151835,-0.020353,0.176524,0.635081,0.770983,-0.000338,0.0,48.013618
1.935361,2.818489,-0.563703,-1.462687,-1.462664,1.198784,1.258913,1.595877,1.961655,2.140535,-0.00095,-1.0,47.31134
-2.763043,0.018295,-2.964324,2.686962,2.686952,-1.225989,-1.198541,-0.955176,-0.768533,-0.519676,5.8e-05,1.0,48.582573
1.312625,1.479015,-0.036975,-1.024706,-1.024715,-0.18857,-0.146047,0.013564,0.103538,0.483645,-0.000761,-1.0,48.08474
2.094342,2.320755,-0.811321,-2.01516,-2.015149,1.498109,1.67924,1.855341,1.953768,2.425655,-0.001543,-1.0,47.115761
1.481046,1.808036,-0.057709,-1.905657,-1.905674,2.692837,3.367964,3.473755,3.724764,4.174658,-0.002632,-1.0,46.217888
-0.592623,0.95584,-0.669092,0.615501,0.615495,1.716702,2.338001,2.585883,2.95165,3.331693,-0.00271,1.0,46.502357
1.556418,1.556418,-1.789887,-1.739627,-1.739609,2.252909,3.63618,4.116727,4.543769,4.855248,-0.00303,-1.0,45.693398
0.865458,1.41621,-0.275372,-1.089498,-1.089492,2.1007,4.146333,4.858372,5.330441,5.622338,-0.002685,-1.0,45.195572
2.069805,2.130688,-0.446425,-3.068452,-2.105684,2.998665,5.542501,6.519038,7.099734,7.456991,-0.003271,-1.0,44.243896
-0.702243,0.621994,-0.702243,1.136366,1.13636,1.183802,3.626534,4.905661,5.452845,5.944858,-0.002785,1.0,44.746666
-1.326211,0.079179,-1.326211,1.364366,1.364365,-0.683095,1.80088,3.053529,3.711213,4.304169,-0.002823,1.0,45.357174
0.357569,0.993246,-0.139054,-0.356295,-0.356288,-0.548275,1.415471,3.002392,3.810605,4.446594,-0.003105,0.0,45.195572
-0.595118,0.535608,-0.595118,0.139054,0.139056,-0.658604,0.650158,2.448274,3.369921,4.015621,-0.003116,0.0,45.258419
-0.472722,0.334841,-0.689387,0.714144,0.714139,-0.776048,-0.400096,1.371341,2.350674,3.010044,-0.002417,1.0,45.581627
-0.70395,0.234648,-0.70395,0.728775,0.728783,-0.985533,-1.186937,0.33302,1.432797,2.020639,-0.001532,1.0,45.913818
-0.505636,0.388956,-0.544533,0.547515,0.547506,-1.174634,-1.798032,-0.378832,0.643687,1.281846,-0.001561,0.0,46.165199
-0.05829,0.738288,-0.194292,0.097244,0.097233,-0.831544,-1.781611,-0.817878,0.347891,1.058895,-0.001745,0.0,46.210087
-1.091954,0.019153,-1.360151,1.418302,1.418312,-1.532569,-2.798851,-2.378356,-1.181738,-0.446315,-0.000543,1.0,46.86549
-0.477281,0.114544,-0.878203,0.344828,0.344829,-1.256208,-2.541048,-2.726397,-1.622429,-0.88746,-0.001133,0.0,47.027096
-0.643939,0.321973,-0.719699,0.801829,0.801842,-1.41289,-2.755691,-3.33334,-2.469268,-1.687533,-0.000504,1.0,47.404179
0.30453,0.628089,-0.91359,-0.49242,-0.492448,-0.498657,-1.889976,-2.760488,-2.001507,-1.30112,-0.000726,0.0,47.170738
-0.188863,0.132198,-0.698771,0.780358,0.780372,-0.710104,-2.156752,-3.254643,-2.870114,-2.107567,-0.000323,1.0,47.538845
1.454271,1.97092,-0.095674,-1.303122,-1.30312,0.623807,-0.510905,-1.732361,-1.711874,-0.91139,-0.000922,-1.0,46.919357
-1.599253,0.05644,-1.599253,1.703031,1.703011,-0.771391,-1.729057,-2.89243,-3.294558,-2.592389,0.000455,1.0,47.718399
-0.693922,0.150041,-0.787693,0.319846,0.319864,-0.892729,-1.633536,-2.766943,-3.430231,-2.914882,-0.000574,0.0,47.871033
-0.577285,0.018618,-0.875235,0.71268,0.712679,-1.162015,-1.905032,-3.060213,-3.936269,-3.52715,0.000181,1.0,48.2122
1.475036,1.607411,-0.245842,-1.527002,-1.527012,0.344179,-0.11724,-1.236755,-2.25888,-2.124387,0.000393,-1.0,47.475994
-0.505999,0.318587,-0.674665,0.907716,0.907713,-0.146173,-0.798343,-1.756614,-2.855126,-3.019671,0.001616,1.0,47.90694
0.566036,0.773585,-0.471698,-0.674665,-0.674641,0.475459,-0.00756,-0.808818,-1.844351,-2.321618,0.001056,-1.0,47.58374
-1.151131,0.018563,-1.522466,1.622643,1.622619,-0.928325,-1.407346,-2.05594,-3.038424,-3.704407,0.002517,1.0,48.355843
0.560439,0.61648,-0.373617,-0.612703,-0.612693,-0.381095,-0.614608,-1.189363,-2.159534,-2.981167,0.002725,-1.0,48.05957
0.490655,0.773731,-0.396307,-1.008775,-1.008775,0.675596,0.405733,0.008804,-0.912439,-1.83431,0.003202,-1.0,47.574757
0.056611,0.339679,-0.58502,0.0,0.0,0.535949,0.543495,0.108194,-0.668997,-1.634272,0.002708,0.0,47.574757
-0.971238,0.168099,-1.083306,1.03793,1.037939,-0.295116,-0.41652,-0.775754,-1.430715,-2.326494,0.002566,1.0,48.068554
1.60061,1.714941,-0.34299,-1.97983,-1.979837,1.192837,1.434832,1.187752,0.68788,-0.152439,0.00186,-1.0,47.116875
-0.32264,0.455496,-0.512433,0.400151,0.400156,0.470677,0.838865,0.803437,0.407094,-0.385655,0.001973,0.0,47.305416
-1.678167,0.29834,-1.845985,1.784024,1.784018,-1.051649,-0.788739,-0.878864,-1.151409,-1.886259,0.002438,1.0,48.149353
0.937734,1.050264,-0.506378,-0.578037,-0.578035,-0.352587,-0.21943,-0.170045,-0.471682,-1.097526,0.00187,-1.0,47.871033
1.099731,1.346225,-0.398185,-1.087768,-1.087775,0.439896,0.828595,0.875997,0.656998,0.139554,0.001159,-1.0,47.350304
-0.788285,0.150154,-1.06982,1.023885,1.023879,-0.277767,-0.302164,-0.151389,-0.31812,-0.714703,0.001562,1.0,47.835114
0.302058,0.566356,-0.415331,-0.581828,-0.581809,0.411543,0.175562,0.341063,0.305823,-0.016624,0.000693,-1.0,47.556805
0.646882,0.799085,-0.038052,-0.774023,-0.774036,0.787673,0.875195,1.08321,1.051182,0.846274,0.000206,-1.0,47.188698
0.381164,0.476463,-0.476463,-0.171233,-0.171217,0.636542,0.949103,1.143499,1.244508,1.039819,-0.000217,0.0,47.107903
0.767906,1.09426,-0.019194,-0.724225,-0.72425,1.121149,1.407194,1.764908,1.881373,1.754669,-0.000318,-1.0,46.766724
-0.287085,0.478469,-1.282293,0.307161,0.307163,0.417236,1.052642,1.247859,1.466997,1.400967,-0.000524,0.0,46.910374
-0.2683,0.268302,-0.881562,-0.133971,-0.133949,0.249126,1.090445,1.211182,1.457444,1.509379,-1.5e-05,0.0,46.847538
0.172381,1.053436,-0.478835,0.057491,0.057463,0.057476,0.760408,1.053457,1.335012,1.394387,-0.000731,0.0,46.874458
-0.076367,1.050017,-0.30546,0.325612,0.325631,-0.301652,0.253908,0.647826,0.912558,1.074451,-0.000728,0.0,47.027096
0.17215,0.956389,-0.191276,-0.190916,-0.190926,-0.038251,0.357696,0.679682,1.036734,1.201233,-0.001121,0.0,46.937309
-0.926798,0.264799,-1.702285,1.128539,1.128554,-0.919243,-0.839803,-0.394686,-0.184421,0.037822,3.4e-05,1.0,47.467022
0.473485,0.87121,-0.359845,-0.1324,-0.132393,-0.553044,-0.740544,-0.248751,-0.121225,0.102259,-0.000419,0.0,47.404179
-0.509819,1.038518,-0.660872,0.30303,0.303015,-0.570238,-0.964878,-0.63444,-0.425791,-0.194107,6e-06,0.0,47.547821
-2.272727,0.036955,-2.272727,2.190332,2.19033,-2.058384,-2.782703,-2.665678,-2.45565,-2.277157,0.000253,1.0,48.589275
1.045553,1.624345,-0.168036,-1.034734,-1.034724,-0.55639,-1.491794,-1.545939,-1.433915,-1.213601,7e-05,-1.0,48.08651
-0.018553,1.131937,-0.296899,0.616128,0.616115,-0.786779,-1.790677,-2.073352,-1.906655,-1.816285,0.000776,1.0,48.382778
-0.700723,1.309237,-0.885119,0.630917,0.63091,-0.881422,-2.028388,-2.532414,-2.379669,-2.380221,0.001051,1.0,48.68803
-0.310676,1.644733,-0.968571,0.903561,0.903577,-1.125739,-2.447009,-3.142064,-3.154247,-3.12793,0.000992,1.0,49.127964
-0.055176,1.029982,-2.685303,-0.639624,-0.639628,-0.397278,-1.453006,-2.285575,-2.434247,-2.402794,0.001575,-1.0,48.813728
-0.685946,0.222473,-2.002221,-0.790877,-0.79088,0.537635,-0.359655,-1.277961,-1.545233,-1.595102,0.001057,-1.0,48.42767
0.109864,0.32961,-2.050905,1.242125,1.242116,-0.432151,-1.263498,-2.201055,-2.631379,-2.646395,0.000821,1.0,49.029198
-1.390898,0.162572,-1.55347,1.373375,1.373384,-1.372834,-2.138731,-3.143066,-3.734648,-3.7724,0.00167,1.0,49.702557
-0.26998,0.233978,-0.989926,0.361272,0.361287,-1.425501,-2.023054,-3.089768,-3.811211,-3.979857,0.0023,0.0,49.882126
-0.643771,1.126611,-0.751069,0.647943,0.647935,-1.505724,-2.331906,-3.29161,-4.121964,-4.412021,0.002136,1.0,50.20533
1.374823,1.845152,-0.39797,-1.14449,-1.144494,0.119393,-0.890016,-1.810179,-2.72341,-3.121565,0.001892,-1.0,49.630733
-1.664604,0.354165,-1.806269,2.152681,2.152672,-1.331674,-2.52169,-3.454338,-4.399678,-4.937131,0.003164,1.0,50.69912
-0.264265,1.109938,-0.369977,0.513542,0.513547,-1.342489,-2.573992,-3.482497,-4.48467,-5.155741,0.003462,0.0,50.959484
0.547803,0.653824,-0.61848,-0.299503,-0.299512,-0.682093,-1.950867,-2.76491,-3.810735,-4.585961,0.003647,0.0,50.806854
-0.088088,1.092324,-1.039464,0.300403,0.300412,-0.68358,-1.823465,-2.746063,-3.713,-4.569413,0.003644,0.0,50.959484
-2.162351,0.051483,-2.40261,2.660328,2.660329,-2.230999,-3.624509,-4.727421,-5.694184,-6.618159,0.004859,1.0,52.315174
0.428522,0.462806,-0.582791,0.12013,0.120118,-1.707228,-3.100779,-4.33321,-5.338523,-6.312641,0.004886,0.0,52.378014
-0.409211,0.255749,-0.733165,0.531371,0.531368,-1.582264,-3.051995,-4.336451,-5.340145,-6.366573,0.004975,0.0,52.656334
0.928947,1.410631,-0.172032,-0.886617,-0.886598,-0.172038,-1.742655,-3.089635,-4.048692,-5.121631,0.004673,-1.0,52.189484
-1.941748,0.167389,-2.209581,2.769656,2.769648,-1.864751,-3.751259,-5.102112,-6.164214,-7.185807,0.005386,1.0,53.634949
1.175048,1.537928,-1.382407,-3.130236,-2.263131,0.448026,-0.990285,-2.396851,-3.577973,-4.61822,0.00446,-1.0,52.42112
-0.703018,0.051437,-1.114544,0.777607,0.777601,-0.156393,-1.351125,-2.670477,-3.901175,-4.948216,0.004666,1.0,52.828747
-0.633784,0.308325,-0.702295,0.102882,0.102883,-0.173249,-1.088766,-2.369558,-3.603307,-4.63149,0.003759,0.0,52.883099
0.621332,0.862962,-0.535033,-0.753686,-0.753677,0.697269,-0.017981,-1.29759,-2.551503,-3.53102,0.003881,-1.0,52.484531
1.019873,1.371554,-0.562687,-1.846738,-1.846748,1.768951,1.971063,0.729012,-0.455806,-1.488767,0.00281,-1.0,51.515274
0.994491,1.669329,-0.248629,-0.984698,-0.9847,2.22696,2.72889,1.910762,0.787088,-0.279979,0.002108,-1.0,51.008003
0.214055,0.570817,-0.21406,-0.443971,-0.44396,1.876554,2.87262,2.376044,1.409075,0.35366,0.001522,0.0,50.781548
-1.993356,0.122397,-2.255634,2.015694,2.015687,-0.552541,0.675695,0.462063,-0.391693,-1.388507,0.002676,1.0,51.805145
0.122271,0.61135,-0.524016,0.104915,0.104916,-0.897817,0.50655,0.492092,-0.305442,-1.281171,0.003066,0.0,51.859497
-0.069883,0.209642,-0.698815,-0.017464,-0.01747,-0.75122,0.179947,0.624206,-0.129383,-1.029655,0.002518,0.0,51.850437
-0.244627,0.559146,-0.803774,-0.017474,-0.017458,-0.412378,0.08561,0.580848,0.101269,-0.748977,0.001913,0.0,51.841385
0.417976,0.64438,-1.114593,0.33199,0.331974,-0.26819,-0.402289,0.201328,-0.103594,-0.847873,0.001901,0.0,52.013485
1.091548,1.232396,-0.052815,-1.079761,-1.079757,0.683101,0.406693,1.139004,1.034667,0.37041,0.001149,-1.0,51.451866
0.65394,0.742308,-0.45953,-0.387319,-0.387313,0.837745,0.556726,1.410385,1.470993,0.867627,0.001479,0.0,51.252586
0.141197,0.600071,-0.264741,0.141389,0.14138,0.490651,0.377696,0.967178,1.363348,0.812486,0.000604,0.0,51.325047
-1.26846,0.347526,-1.26846,1.570771,1.570783,-0.952221,-0.95917,-0.63134,-0.221867,-0.554706,0.001064,1.0,52.131252
-1.206683,0.586106,-1.792789,0.799303,0.799296,-1.534214,-1.408374,-1.454917,-0.996897,-1.202532,0.001542,1.0,52.547935
-0.633994,0.325562,-1.38794,0.603349,0.60335,-1.590131,-1.799179,-2.048208,-1.570916,-1.650873,0.001673,1.0,52.864983
-0.119636,0.188004,-0.769094,0.25702,0.257015,-1.182698,-1.835576,-2.234368,-1.746702,-1.737415,0.000628,0.0,53.000854
0.136894,0.581793,-0.650236,-0.119636,-0.119621,-0.455176,-1.512671,-1.938178,-1.694909,-1.470274,0.000524,0.0,52.937454
-0.01731,0.934905,-0.502072,-1.163588,-1.163596,0.789474,-0.261426,-0.616342,-0.54709,-0.309807,-0.000213,-1.0,52.321476
-1.395505,0.068075,-1.650778,1.731302,1.731301,-0.670522,-1.730767,-2.00136,-2.202176,-1.942547,0.000925,1.0,53.227318
-0.985218,0.815354,-0.985218,0.187204,0.187205,-0.682861,-1.562765,-1.994225,-2.343299,-2.075469,-0.000197,0.0,53.326962
1.339512,2.318396,-0.034348,-1.087139,-1.087125,0.312542,-0.197508,-0.804869,-1.245078,-0.95691,0.000314,-1.0,52.747231
-0.628609,0.696566,-0.679582,1.081918,1.081898,-0.618412,-0.891943,-1.683086,-2.133024,-2.040771,0.000446,1.0,53.317902
-0.238541,1.124551,-0.408925,-0.288824,-0.288811,-0.013634,-0.410638,-1.232471,-1.646794,-1.701148,0.000276,0.0,53.163914
0.964182,1.446274,-0.981412,-1.039354,-1.039365,0.802344,0.647383,-0.119376,-0.439911,-0.685262,0.000152,-1.0,52.611347
0.432302,1.62545,-1.089402,-0.430441,-0.430438,0.878437,0.990833,0.431146,0.04582,-0.293969,0.000767,0.0,52.384888
-1.513091,0.272016,-1.513091,1.711911,1.71191,-0.618835,-0.656237,-1.005326,-1.504589,-1.912274,0.00194,1.0,53.28167
-1.583863,0.016676,-1.933978,1.972118,1.972117,-2.167386,-2.320771,-2.550848,-3.181058,-3.601866,0.00299,1.0,54.332447
0.200366,0.985141,-0.634498,-0.150052,-0.150054,-1.619631,-1.818327,-2.143925,-2.813486,-3.217894,0.002049,0.0,54.250919
-0.465508,0.0,-1.064013,0.434134,0.434131,-1.356606,-2.011633,-2.329727,-3.006646,-3.364253,0.002192,0.0,54.486439
0.249538,0.615537,-0.083181,-0.066502,-0.066512,-0.532347,-1.740128,-2.070634,-2.666763,-3.105626,0.002171,0.0,54.450199
-1.72892,0.228348,-1.77785,1.99634,1.996358,-1.666946,-3.160989,-3.682925,-4.186106,-4.73724,0.003046,1.0,55.53722
-0.854981,0.645261,-1.000166,1.109119,1.109114,-2.097116,-3.718342,-4.357691,-4.807226,-5.475721,0.003384,1.0,56.153191
-1.446511,0.492769,-1.446511,1.484107,1.484113,-2.568754,-4.455575,-5.21062,-5.773329,-6.496903,0.004499,1.0,56.986568
1.749835,1.749835,-0.259235,-1.89159,-1.891598,-0.181463,-2.023652,-3.063292,-3.656022,-4.41542,0.003845,-1.0,55.908611
1.811593,2.157441,-0.065878,-1.62022,-1.620224,1.66338,0.065882,-1.263716,-1.874992,-2.582995,0.003079,-1.0,55.002766
-0.441539,0.147179,-1.24285,0.70817,0.708179,0.896154,-0.25675,-1.639686,-2.349143,-2.969094,0.002704,1.0,55.392284
1.410785,1.709542,-0.464729,-1.471794,-1.47181,1.825739,1.278022,-0.016582,-0.740232,-1.281311,0.001716,-1.0,54.577015
-0.26412,2.079891,-0.346654,0.547721,0.547731,0.501814,0.840212,-0.35325,-1.048197,-1.619012,0.001692,0.0,54.87595
-1.188151,0.716149,-1.757809,1.419605,1.41962,-0.996103,-0.361336,-1.38347,-2.215174,-2.772791,0.002198,1.0,55.65498
-0.548653,0.355007,-0.548653,0.862633,0.862633,-1.439415,-0.913354,-1.781516,-2.801363,-3.371316,0.002625,1.0,56.135078
0.632706,0.85983,-0.794933,-0.532519,-0.532528,-0.752756,-0.329329,-0.950679,-2.004376,-2.650871,0.002899,-1.0,55.836143
0.519818,0.649769,-0.747243,-0.129783,-0.129785,-0.198177,-0.269654,-0.650854,-1.657729,-2.321634,0.00209,0.0,55.763676
0.274773,1.632458,-0.565701,0.50357,0.503581,-0.281236,-0.937454,-0.935299,-1.89349,-2.54534,0.002227,0.0,56.044491
-1.673039,0.111542,-2.151049,1.438498,1.438496,-1.274696,-2.176547,-2.062886,-2.911887,-3.672402,0.003326,1.0,56.850689
-0.569983,0.364153,-0.981632,0.637352,0.637352,-1.523119,-2.409756,-2.361202,-3.104817,-4.010769,0.003132,1.0,57.213028
-0.597768,0.047189,-1.274189,0.649145,0.649144,-1.551047,-2.658489,-2.753922,-3.356146,-4.293851,0.00354,1.0,57.584423
0.73981,0.818517,-0.802769,-0.062924,-0.062927,-0.868878,-2.080904,-2.531087,-3.015897,-3.939554,0.003965,0.0,57.548187
-1.184905,0.171501,-1.855313,0.960176,0.960174,-1.103832,-2.457121,-3.330213,-3.606951,-4.513249,0.004569,1.0,58.10075
0.749057,0.858294,-0.639831,-0.093541,-0.093541,-0.599252,-1.953808,-2.994176,-3.210052,-4.049315,0.003784,0.0,58.046402
-0.216987,0.588972,-0.619954,0.686634,0.686642,-0.85555,-2.227218,-3.263072,-3.528365,-4.288904,0.003225,1.0,58.444973
-0.232309,0.046458,-0.851793,0.0775,0.077488,-0.622576,-1.849151,-2.984869,-3.350622,-4.00681,0.003324,0.0,58.490261
0.249033,0.88716,-0.077826,-0.495586,-0.495577,0.096493,-0.941638,-2.086644,-2.69339,-3.262884,0.00292,0.0,58.200397
1.420003,3.155563,-0.205114,-1.354084,-1.354084,1.230667,0.656353,-0.448096,-1.320612,-1.714743,0.00236,-1.0,57.412315
-0.564972,0.42373,-1.522287,0.536447,0.536442,0.577526,0.26993,-0.740741,-1.690209,-2.015068,0.001725,0.0,57.720299
1.241839,2.324464,-0.07961,-1.428123,-1.428118,1.490204,1.666926,0.786493,-0.099513,-0.423506,0.000622,-1.0,56.895985
-0.396448,0.713601,-1.23692,0.398026,0.398023,0.608945,1.182998,0.537052,-0.34412,-0.707266,0.00015,0.0,57.122444
0.254939,0.605483,-0.414273,-0.475742,-0.475741,0.615045,1.543979,1.145105,0.332219,-0.183556,0.000766,0.0,56.850689
0.851815,1.253615,-0.321442,-0.860416,-0.860413,1.115394,2.116678,2.060425,1.334774,0.638373,0.001096,-1.0,56.361538
0.176141,0.384304,-0.896721,0.369656,0.369655,0.336268,1.479581,1.651451,1.04243,0.314487,0.000949,0.0,56.569881
4.48013,4.868972,-0.490281,-5.284226,-4.473522,3.977738,5.416599,6.020262,5.580344,4.94091,-0.000356,-1.0,54.039215
1.459475,2.043266,-0.377751,-1.538461,-1.538459,4.13095,6.070941,7.128463,6.98305,6.416389,-0.001263,-1.0,53.207844
-1.770364,0.202325,-1.770364,1.837223,1.837229,1.268571,3.416357,4.782036,4.907349,4.467638,-0.001082,1.0,54.185394
1.355527,1.355527,-0.326011,-1.736641,-1.736634,1.887435,4.46127,6.025818,6.498456,6.191351,-0.002212,-1.0,53.244392
0.517418,0.931356,-0.396689,-0.514755,-0.514775,1.055547,4.105065,5.935576,6.683241,6.538095,-0.002204,-1.0,52.970303
-0.034586,0.484176,-1.417956,-0.258706,-0.258688,0.861136,3.606103,5.502228,6.545446,6.564433,-0.00226,0.0,52.833275
-0.57024,1.03681,-1.019527,0.069163,0.06917,0.663548,2.730131,4.720587,6.02593,6.266348,-0.002449,0.0,52.86982
-2.114344,0.321384,-2.418809,2.160014,2.160004,-1.529092,0.032469,1.989448,3.456817,3.889783,-0.002135,1.0,54.01181
0.873135,1.129944,-0.650575,-1.200946,-1.200943,-0.287625,0.686523,2.72331,4.270476,4.951618,-0.002935,-1.0,53.363159
-0.664167,0.085148,-1.83924,0.530733,0.530724,-0.561982,-0.389983,1.674741,3.309913,4.158634,-0.002986,0.0,53.64637
-0.541547,0.101543,-0.676935,0.630107,0.630112,-0.758163,-1.023861,0.67853,2.249886,3.267201,-0.002685,1.0,53.984402
-0.489199,0.607287,-0.89406,0.321542,0.32153,-0.600529,-1.165641,-0.00906,1.522209,2.68316,-0.002962,0.0,54.157978
1.893936,2.083332,-0.086093,-2.024286,-2.024267,1.095029,0.66459,1.580792,3.135528,4.466476,-0.003802,-1.0,53.061676
1.410906,1.759272,-0.191606,-1.153585,-1.153582,1.926484,1.68785,2.269049,3.866068,5.254666,-0.004602,-1.0,52.449566
-0.086841,0.538376,-0.555755,0.296119,0.296115,1.229587,1.31816,1.46462,3.073202,4.530146,-0.004507,0.0,52.604877
2.208365,2.54675,-0.676762,-2.483501,-2.483507,2.760464,3.599287,3.692489,5.152638,6.635021,-0.005371,-1.0,51.298431
-1.145775,0.035255,-1.674601,1.032944,1.032946,0.810864,2.339151,2.454904,3.566836,5.030646,-0.004333,1.0,51.828316
-0.229765,1.714381,-0.583248,-0.264407,-0.264417,0.547906,2.161548,2.404862,3.342349,4.805409,-0.004682,0.0,51.691273
-0.140158,0.735806,-0.420466,0.883704,0.88372,-0.448499,1.033629,1.367663,2.033103,3.483545,-0.003676,1.0,52.148079
2.744959,2.744959,-0.636244,-3.626496,-3.626496,2.363206,4.161062,4.822154,5.2445,6.783572,-0.005426,-1.0,50.256931
-0.144984,0.616165,-0.434942,0.309038,0.309028,1.696272,3.131576,4.179057,4.560535,5.940139,-0.005085,0.0,50.412239
-0.36192,1.06768,-0.597173,0.144976,0.144977,1.017017,2.254806,3.713364,4.139531,5.260908,-0.004648,0.0,50.485325
0.912909,1.442397,-0.127805,-0.886714,-0.886711,1.259815,2.565276,4.111742,4.656749,5.657987,-0.005194,-1.0,50.037666
-1.661604,0.464533,-1.85814,2.190982,2.190977,-1.307842,0.108992,1.588951,2.206544,2.983746,-0.002296,1.0,51.13398
0.97631,0.97631,-1.102875,-1.179203,-1.179204,-0.021695,0.893152,2.39017,3.184783,3.734592,-0.00214,-1.0,50.531006
-1.175214,0.67664,-1.210826,1.536791,1.536803,-1.185905,-0.632128,0.492636,1.474355,1.951562,-0.002271,1.0,51.307568
-0.03578,0.948118,-0.304118,-0.462959,-0.462969,-0.497317,-0.318426,0.556949,1.770126,2.25832,-0.001717,0.0,51.07003
-2.814942,0.677672,-3.266726,2.951694,2.951702,-2.384016,-3.007821,-2.38749,-1.284102,-0.795831,-0.00021,1.0,52.577465
0.595968,1.577567,-0.333038,-0.86881,-0.868804,-1.149874,-2.163023,-1.574064,-0.538131,-0.012627,-0.000475,-1.0,52.12067
-0.658581,0.485267,-1.178511,1.139355,1.139345,-1.435007,-2.798962,-2.668978,-1.746967,-1.158405,-1e-05,1.0,52.714504
-0.414154,0.345127,-0.603974,0.433276,0.433274,-1.242448,-2.740293,-2.881793,-2.269195,-1.576529,-0.000761,0.0,52.942902
1.048031,1.799125,-0.31441,-1.20794,-1.207926,0.436674,-1.203503,-1.63378,-1.251537,-0.416429,-0.000764,-1.0,52.303391
2.52191,3.291003,-0.053656,-2.340611,-2.340623,2.257203,1.368273,0.643894,0.921126,1.740656,-0.002012,-1.0,51.079166
0.849443,1.6266,-0.433765,-1.037378,-1.037378,2.707392,2.315199,1.488039,1.79107,2.584491,-0.002737,-1.0,50.549282
-0.894454,1.037563,-1.21646,1.030183,1.030179,1.016103,1.377463,0.559333,0.602864,1.336675,-0.002429,1.0,51.07003
-0.901382,0.565571,-1.272536,1.216458,1.216453,-0.682213,0.233305,-0.484264,-0.568216,-0.058671,-0.00102,1.0,51.691273
0.391113,1.457778,-0.26667,-0.583248,-0.583238,-0.455113,0.883555,0.216888,-0.027557,0.312178,-0.000772,-1.0,51.38979
-0.266095,0.461242,-1.312751,0.213332,0.21333,-0.503813,0.459467,0.192776,-0.259001,-0.022705,-0.000808,0.0,51.49942
-0.247961,0.336527,-0.531348,0.159659,0.159664,-0.262136,0.194826,0.090918,-0.472904,-0.249383,0.000341,0.0,51.581646
-0.805602,0.718039,-0.805602,1.133544,1.133547,-0.959723,-1.033278,-0.821952,-1.405433,-1.401054,0.000385,1.0,52.166348
1.135354,1.419193,-0.035482,-1.278457,-1.278464,0.248362,-0.031929,0.487259,-0.02306,-0.108567,-5.6e-05,-1.0,51.49942
0.732403,0.82172,-0.571633,-0.691856,-0.691852,0.850302,0.437653,1.196854,0.737761,0.533759,-0.000741,-1.0,51.14312
0.46603,0.519808,-0.734899,-0.339405,-0.339408,0.98584,0.758199,1.331182,1.172252,0.8195,0.000688,0.0,50.969536
-0.762547,0.336944,-1.064015,1.075458,1.07546,-0.113494,-0.125909,0.174972,0.133003,-0.302182,0.001021,1.0,51.517693
0.970004,1.239452,-0.053887,-1.276824,-1.276827,0.664636,1.124488,1.227477,1.460398,1.034673,0.000403,-1.0,50.859901
-0.570408,0.320857,-0.713007,0.772409,0.7724,-0.203198,0.263827,0.231742,0.677375,0.32586,0.001125,1.0,51.252743
-0.248403,0.727465,-0.461325,0.463463,0.46347,-0.528746,-0.179204,-0.335935,0.253728,-0.058906,0.000373,0.0,51.490284
0.590872,0.662494,-0.572962,-0.904902,-0.904899,0.401073,0.639214,0.566997,1.017013,0.931069,0.000493,-1.0,51.024349
-0.197382,1.18428,-0.394764,-0.214858,-0.214858,0.380401,0.724923,0.831389,1.116095,1.131168,-0.000269,0.0,50.914719
-1.377367,0.812289,-1.395022,1.614931,1.614934,-0.875868,-0.958861,-0.685154,-0.585383,-0.38284,0.000635,1.0,51.736958
1.250665,1.965337,-0.357336,-1.16546,-1.165469,0.246564,0.137576,0.41332,0.410045,0.778279,-0.001156,-1.0,51.13398
0.071252,0.195941,-0.837195,0.303731,0.303749,-0.135385,-0.137169,0.096177,0.007114,0.490193,-0.000646,0.0,51.289299
-0.105452,0.386638,-1.001757,1.353764,1.353748,-1.100174,-1.275924,-1.178677,-1.241653,-0.897715,-0.000552,1.0,51.983627
-1.261228,0.81202,-1.451278,1.722318,1.722321,-2.031789,-2.690051,-2.688322,-2.693506,-2.518315,8e-06,1.0,52.878952
0.62381,0.693124,-0.103963,-0.293715,-0.293718,-1.368908,-2.049901,-2.331192,-2.250039,-2.230458,0.000405,0.0,52.723637
-1.188022,0.051651,-1.54959,0.641142,0.641153,-1.270668,-2.332998,-2.757127,-2.743639,-2.844362,0.001702,1.0,53.061676
-0.484518,0.415293,-1.003637,-0.499313,-0.49931,-0.204196,-1.595441,-2.060345,-2.122351,-2.319444,0.001936,0.0,52.796734
1.178129,1.301217,-0.79128,-1.591974,-1.591983,1.399687,0.175842,-0.349334,-0.494988,-0.671707,0.000796,-1.0,51.956219
-0.315625,0.263021,-0.876732,0.281343,0.281335,0.817124,0.122753,-0.554086,-0.724172,-0.831133,0.000389,0.0,52.10239
-0.55788,0.627615,-0.76709,0.578646,0.578659,0.11506,-0.326016,-0.929807,-1.272671,-1.299867,0.000894,1.0,52.403885
2.200356,2.271907,-0.125224,-2.545326,-2.545336,1.949914,2.264763,1.633873,1.263866,1.22934,-0.000305,-1.0,51.07003
0.946144,1.328239,-1.091699,-1.68158,-0.740477,1.880006,2.909804,2.28706,1.974786,1.92944,-0.000696,-1.0,50.691868
-0.036185,0.832434,-0.416212,0.54585,0.545845,0.939365,2.151971,1.724466,1.421089,1.334423,-0.000952,0.0,50.968567
0.0,0.842296,-0.465946,0.977201,0.97721,-0.284533,0.888978,0.811517,0.434623,0.344817,2.9e-05,1.0,51.466637
0.360817,1.335014,-0.252569,-0.663081,-0.663076,-0.119077,1.249798,1.404686,1.130989,0.933176,4.1e-05,-1.0,51.125374
0.236581,0.382164,-0.69154,-0.865955,-0.865969,0.600549,1.664852,2.231123,1.95816,1.7504,-0.000188,-1.0,50.682644
1.41857,2.008106,-0.405302,-1.219294,-1.219285,1.591745,2.374031,3.329926,3.07429,2.920177,-0.001185,-1.0,50.064678
-0.980031,0.381131,-0.998183,1.510684,1.51068,0.021784,0.627126,1.639658,1.520333,1.37683,2.7e-05,1.0,50.820995
-0.503594,0.251806,-0.845318,0.907441,0.907442,-0.949637,-0.437738,0.51805,0.643206,0.446796,8.5e-05,1.0,51.282166
-0.930565,0.286328,-0.966358,0.503603,0.503602,-1.284899,-1.104154,-0.138671,0.119838,-0.003707,0.000103,0.0,51.540424
-0.358425,0.537633,-0.663081,-0.143167,-0.143163,-0.838712,-0.885308,-0.202112,0.295696,0.15628,0.000434,0.0,51.466637
-0.286123,0.625898,-0.357648,0.215052,0.215042,-0.464943,-0.926315,-0.573877,0.108402,-0.051887,0.000621,0.0,51.577312
0.179178,0.430027,-0.483784,-0.196704,-0.196697,-0.014339,-0.632507,-0.440135,0.256379,0.180181,-0.000167,0.0,51.475861
-0.07188,0.287509,-0.700816,-0.286685,-0.28669,0.291104,-0.373765,-0.254429,0.393576,0.500442,0.000215,0.0,51.328285
0.487974,0.560269,-0.741016,-0.575022,-0.575018,0.672325,0.184343,0.143377,0.808569,1.026515,-0.000167,-1.0,51.033138
-1.016766,0.142701,-1.373528,1.319355,1.319351,-0.545843,-0.922225,-1.078606,-0.635181,-0.244737,-0.000182,1.0,51.706444
-0.160428,0.409989,-0.855613,0.071347,0.071357,-0.552586,-0.668453,-1.01367,-0.807824,-0.280769,-0.0009,0.0,51.74334
-0.088824,0.284242,-0.888257,0.338686,0.338693,-0.717722,-0.792339,-1.225809,-1.146271,-0.622381,-0.000625,0.0,51.918591
0.107127,0.714162,-0.464199,-0.497429,-0.497446,-0.092831,-0.223166,-0.707009,-0.694854,-0.219917,-0.00112,0.0,51.660324
0.833792,0.90629,-0.634399,-1.499732,-1.499729,1.370315,1.167306,0.773371,0.667939,1.154811,-0.001555,-1.0,50.885559
1.324011,1.618236,-0.514901,-1.431932,-1.431937,2.225087,2.375877,2.167467,2.039355,2.392672,-0.001485,-1.0,50.15691
-0.257873,0.681523,-0.313137,-0.165502,-0.165505,1.727763,2.245355,2.338066,2.14681,2.344912,-0.001679,0.0,50.073898
0.617517,0.654944,-0.598802,-1.56567,-1.565664,2.279191,3.428148,3.758736,3.601239,3.756399,-0.002612,-1.0,49.289909
0.093526,0.243174,-0.486341,0.037425,0.037428,1.286941,2.979799,3.45305,3.343622,3.490922,-0.001489,0.0,49.308357
-0.112228,0.860455,-0.392815,0.0,0.0,0.647211,2.630004,3.151267,3.159372,3.239806,-0.001167,0.0,49.308357
1.16905,1.707185,-0.037113,0.80434,0.80434,-0.337727,1.408425,2.091916,2.237892,2.306179,-0.001054,1.0,49.704964
0.092064,0.368251,-0.349847,0.779369,0.779363,-1.101085,0.294607,1.104772,1.450012,1.467136,-0.00114,1.0,50.092346
0.278142,0.556277,-0.129796,-0.699689,-0.699682,-0.222514,0.563689,1.584768,2.056367,2.083439,-0.001156,-1.0,49.741859
0.279584,0.652373,-0.149118,-0.519188,-0.51919,0.369056,0.648644,1.866415,2.407266,2.455915,-0.001006,-1.0,49.483604
-0.33501,0.204727,-0.725851,0.149111,0.149108,0.320122,0.230785,1.516226,2.054721,2.176813,-0.000411,0.0,49.557388
-0.721426,0.166484,-1.128376,0.614184,0.614179,-0.22937,-0.440247,0.649901,1.270816,1.487242,-0.0008,1.0,49.861759
-1.313152,0.291811,-1.313152,1.424345,1.424348,-1.440816,-1.739923,-0.917988,-0.250774,0.102135,-0.000576,1.0,50.571964
0.71599,0.862857,-0.036717,-0.656577,-0.656567,-0.591157,-0.90142,-0.485902,0.285472,0.717453,-0.00108,-1.0,50.239925
0.626844,0.626844,-0.258119,-0.422249,-0.422252,0.04793,-0.337394,-0.281471,0.580747,1.044243,-0.001201,0.0,50.027786
1.631044,1.799773,-0.112488,-1.659296,-1.659302,1.589806,1.321715,1.172358,2.091306,2.558685,-0.002016,-1.0,49.197674
0.774169,1.132934,-0.075531,-0.712413,-0.712414,1.903331,1.873119,1.719543,2.531163,3.080068,-0.002241,-1.0,48.847183
0.684152,1.102246,0.0,-0.641994,-0.641984,1.721777,2.210183,2.165206,2.862977,3.495247,-0.002395,-1.0,48.533592
-0.604801,0.245702,-1.115101,0.551123,0.551121,0.574557,1.457189,1.538459,1.979773,2.708748,-0.001905,1.0,48.801071
0.246214,1.62879,-0.056816,-0.207902,-0.207903,0.238635,1.507575,1.666667,1.888257,2.706819,-0.002569,0.0,48.699612
-0.037757,0.528599,-0.396456,0.321973,0.321972,-0.22277,1.038322,1.278709,1.353594,2.198979,-0.00246,0.0,48.856411
-0.544194,0.150118,-0.994564,0.604116,0.604119,-0.69807,0.287104,0.595479,0.642704,1.377364,-0.002345,1.0,49.151562
-1.309238,0.184403,-1.327682,1.763931,1.763932,-1.825559,-1.561869,-1.158034,-1.107324,-0.517798,-0.001362,1.0,50.018562
-0.806893,0.036677,-0.935263,0.553197,0.553187,-1.771493,-2.092418,-1.628453,-1.551431,-1.194197,-0.000469,1.0,50.295258
-2.282459,0.748927,-2.389444,2.842478,2.842489,-3.316696,-4.470406,-4.058495,-4.03888,-3.920122,0.001389,1.0,51.724895
-0.410494,0.606818,-0.499731,-0.089164,-0.089162,-2.138142,-3.905053,-3.699212,-3.723901,-3.772982,0.001422,0.0,51.678776
1.044665,1.458937,-0.522334,-0.910225,-0.910227,-0.435881,-2.561241,-2.639291,-2.692726,-2.80692,0.001707,-1.0,51.208382
-0.197984,0.77394,-0.629953,0.072048,0.072049,-0.028801,-2.102235,-2.621795,-2.650293,-2.785463,0.001722,0.0,51.245277
0.59631,1.01193,-0.831223,-0.39597,-0.395982,0.661376,-1.273934,-2.129856,-2.13588,-2.261648,0.00155,0.0,51.042355
0.362384,0.869721,-0.362379,-0.271053,-0.271038,0.612426,-0.572572,-1.749115,-1.730392,-1.870635,0.001083,0.0,50.904011
-0.862067,0.0,-1.239221,0.887844,0.88784,-0.398709,-0.96085,-2.333576,-2.420082,-2.574716,0.00113,1.0,51.355957
-1.135557,0.159688,-1.312991,1.221266,1.221253,-1.302334,-1.611063,-3.109762,-3.393356,-3.574868,0.001965,1.0,51.983143
0.699928,1.1486,-0.01795,-1.135557,-1.135549,-0.111272,-0.213568,-1.625987,-2.203877,-2.366117,0.001697,-1.0,51.392849
0.072022,0.288081,-0.882251,-0.323044,-0.323047,0.284482,0.291685,-0.991475,-1.790599,-1.933739,0.001492,0.0,51.226826
1.111315,1.257065,-0.437233,-1.170331,-1.17032,1.36272,1.262521,0.434805,-0.568414,-0.682096,0.000716,-1.0,50.627308
-0.4347,0.61583,-0.579605,0.582984,0.58298,0.604961,0.527078,0.123166,-0.975367,-1.150517,0.00035,1.0,50.922455
1.355563,1.355563,-0.677778,-1.122983,-1.12299,1.099107,1.498447,1.419068,0.298595,0.010996,0.000147,-1.0,50.350601
-0.164835,0.329672,-0.787546,0.018315,0.018312,0.670338,1.304039,1.445676,0.46155,-0.024165,0.000339,0.0,50.359821
-1.937571,0.520267,-2.009334,2.087919,2.087918,-1.316826,-0.696086,-0.484387,-1.339249,-1.97775,0.001968,1.0,51.411293
-0.447307,0.250492,-0.662013,0.269101,0.269114,-1.223838,-0.837363,-0.774143,-1.32761,-2.122744,0.002395,0.0,51.549648
-0.339648,0.10726,-1.001069,0.089461,0.089459,-1.05113,-0.879516,-0.873556,-1.15034,-2.024313,0.002713,0.0,51.595764
-1.171875,0.514917,-1.331676,0.679301,0.679286,-1.104396,-1.555388,-1.44767,-1.548284,-2.446721,0.002769,1.0,51.946247
0.3889,1.149021,-0.159095,0.443892,0.443895,-0.844967,-1.840193,-1.76418,-1.776553,-2.598543,0.003052,0.0,52.176834
-0.490715,0.332981,-0.71854,0.866185,0.866189,-1.23379,-2.416754,-2.406822,-2.39835,-3.144057,0.003289,1.0,52.628784
1.134953,1.330023,-0.19507,-1.174206,-1.174198,0.117036,-0.991316,-1.105401,-1.211211,-1.738609,0.002515,-1.0,52.010818
-0.105917,0.353038,-0.723742,0.46108,0.461073,-0.091796,-1.191531,-1.445134,-1.609887,-1.929745,0.001949,0.0,52.250626
-0.408814,0.106651,-1.635261,-0.688445,0.249452,-0.174415,-1.049782,-1.639737,-1.742784,-1.927165,0.001817,0.0,52.380966
-1.092123,0.546067,-1.743881,0.906509,0.906516,-0.814305,-1.466498,-2.338856,-2.473148,-2.593509,0.000975,1.0,52.855808
0.176339,0.63481,-0.299767,-0.105691,-0.105688,-0.644533,-1.099247,-2.036905,-2.203526,-2.300704,0.000968,0.0,52.799946
-0.263847,0.932283,-0.686014,0.246868,0.246871,-0.54178,-1.081961,-1.988087,-2.252953,-2.450208,0.001471,0.0,52.930294
-1.250655,0.347403,-1.684909,1.266494,1.266483,-1.281915,-1.945032,-2.880762,-3.26603,-3.526787,0.00199,1.0,53.600647
-0.382271,0.330153,-1.164202,-0.034742,-0.034738,-0.799303,-1.605673,-2.444959,-3.083215,-3.316065,0.002147,0.0,53.582027
-1.082476,0.017179,-1.907218,1.129456,1.129444,-1.415799,-2.333565,-3.063599,-3.907768,-4.178692,0.002756,1.0,54.187206
-0.274206,0.548415,-0.61696,0.257727,0.257743,-1.107116,-2.272079,-2.955022,-3.869488,-4.183197,0.002482,0.0,54.32687
-0.120129,0.171613,-0.532008,-0.1371,-0.1371,-0.483961,-1.724736,-2.489672,-3.403419,-3.804778,0.001892,0.0,54.252388
-1.343539,0.272109,-1.666665,0.909557,0.909545,-0.962579,-2.154756,-2.984978,-3.924895,-4.42415,0.002781,1.0,54.745838
0.085659,1.387701,-0.428302,-0.731293,-0.731285,0.047968,-1.072469,-1.975976,-2.849591,-3.546193,0.002603,-1.0,54.34549
1.186944,1.867691,-0.122185,-1.850262,-1.850258,1.616332,0.883219,0.017285,-0.738818,-1.58189,0.002308,-1.0,53.339958
0.838955,3.538205,-3.28288,-4.293941,-4.293948,4.891482,5.066567,4.298427,3.679205,2.819848,0.000187,-1.0,51.049568
3.772161,4.960396,-0.037722,-3.301116,-3.301119,6.491894,7.930973,7.501576,6.997277,6.227589,-0.00076,-1.0,49.364361
-0.888722,0.370304,-2.240324,1.867216,1.86722,2.76616,5.293468,5.270633,4.905803,4.229825,4.4e-05,1.0,50.286102
-0.60098,0.036423,-1.456928,1.666362,1.666361,-0.178472,3.08687,3.381292,3.105934,2.581963,-0.000139,1.0,51.12405
-0.091082,0.874315,-1.511843,-0.018208,-0.018215,-1.030963,2.504558,3.173046,3.020824,2.659728,-0.000264,0.0,51.114738
0.478906,0.73678,-0.865723,-1.111113,-1.111106,-0.117889,2.908454,4.035119,3.97241,3.744791,-0.000786,-1.0,50.546799
1.415361,1.773916,-0.64163,-2.394546,-2.394537,2.321181,4.436674,6.101768,6.252111,6.110505,-0.002122,-1.0,49.336437
0.697987,0.754578,-1.037538,0.037735,0.037725,1.905308,3.305044,5.48828,5.918702,5.888891,-0.002299,0.0,49.355049
-0.562322,0.337396,-0.656041,0.641388,0.641391,0.671044,1.705721,4.291163,4.970951,5.030883,-0.002397,1.0,49.671608
0.799387,1.008753,-0.475828,-1.51827,-1.518258,1.324694,2.369609,5.180801,6.1867,6.383587,-0.002546,-1.0,48.917465
-1.571749,0.018487,-1.571749,2.931102,2.931098,-1.63832,-0.684183,1.659259,2.919737,3.173245,-0.001472,1.0,50.351284
1.854978,2.079822,-0.187369,-1.312875,-1.312882,-0.187368,0.702644,2.399602,3.962901,4.359004,-0.002152,-1.0,49.690231
0.037462,0.899045,-0.39333,0.037474,0.03748,-0.082413,0.548789,1.685705,3.532492,4.115372,-0.002529,0.0,49.708855
-0.911116,0.055787,-1.375973,0.730474,0.73048,-0.647083,-0.390487,0.379314,2.431191,3.175892,-0.002166,1.0,50.071968
0.353947,1.043223,-0.149035,-0.185941,-0.18595,-0.037255,-0.43219,0.117982,2.201004,3.137852,-0.002354,0.0,49.978859
-0.129989,0.315695,-0.854223,0.316688,0.316686,-0.438249,-0.82822,-0.319402,1.460542,2.599818,-0.002767,0.0,50.137135
-1.189824,0.164745,-1.446094,1.448474,1.448473,-1.398498,-1.943986,-1.54616,-0.321254,0.972357,-0.002122,1.0,50.863358
-2.147845,1.020226,-2.380523,2.269811,2.269805,-2.699115,-3.608367,-3.509328,-2.795768,-1.390363,-0.001626,1.0,52.017857
0.036049,1.532087,-0.252343,-0.698047,-0.698056,-1.402296,-2.546847,-2.762542,-2.372912,-0.846417,-0.002042,-1.0,51.654743
0.233817,0.611513,-0.44964,0.216291,0.216307,-0.924464,-2.206832,-2.888487,-2.73561,-1.24748,-0.001888,0.0,51.766476
1.20614,1.699563,-0.219304,-1.582728,-1.582741,0.986845,-0.517171,-1.274358,-1.181461,0.075301,-0.002972,-1.0,50.947147
-0.381678,0.163579,-0.926939,0.548244,0.548254,0.577965,-0.759725,-1.566704,-1.538532,-0.706653,-0.002416,0.0,51.226467
-1.099894,0.252432,-1.298228,0.799707,0.799712,-0.36784,-1.173823,-2.053134,-2.188968,-1.735307,-0.001263,1.0,51.636131
-0.714417,1.000173,-1.428832,0.955649,0.955645,-1.128777,-1.714598,-2.665955,-3.018399,-2.83551,0.001019,1.0,52.129589
0.143212,1.181523,-0.716079,-0.232186,-0.232183,-0.80559,-1.095603,-2.043208,-2.706771,-2.711784,0.002353,0.0,52.008553
-0.249419,0.463207,-0.694814,0.483351,0.483351,-0.780333,-1.165159,-2.270924,-3.010872,-3.087124,0.001752,0.0,52.259937
-0.896945,0.193458,-1.494905,1.300552,1.300555,-1.406967,-2.041865,-3.116433,-3.915764,-4.061209,0.001593,1.0,52.939606
1.389382,1.531886,-0.623438,-1.266272,-1.266275,0.099755,-0.737442,-1.547322,-2.404701,-2.679016,0.00105,-1.0,52.269245
0.727983,0.781246,-1.11861,0.320629,0.32063,-0.102982,-0.905541,-1.56132,-2.452949,-2.889917,0.001672,0.0,52.436836
-1.374871,0.226246,-1.775148,2.024146,2.024146,-1.528018,-2.547859,-3.075765,-3.960147,-4.638357,0.003594,1.0,53.498234
1.07736,1.448252,-0.335569,-1.461887,-1.461876,0.105963,-0.766521,-1.311679,-2.311031,-3.059,0.002942,-1.0,52.716156
1.284791,1.356171,-0.1606,-1.024369,-1.024384,0.849396,0.442545,-0.122531,-1.061741,-1.837972,0.002217,-1.0,52.17614
-1.512223,0.158256,-1.635309,1.481081,1.481087,-0.365745,-0.775451,-1.462987,-2.199755,-2.999121,0.003521,1.0,52.948914
0.281988,0.528726,-0.405365,-0.228586,-0.228592,0.010576,-0.41593,-1.089178,-1.714841,-2.537892,0.002148,0.0,52.827877
-1.320365,0.312719,-1.320365,1.445187,1.445188,-1.379428,-1.539261,-2.271252,-2.777971,-3.577484,0.003347,1.0,53.591339
-0.32958,0.364265,-0.676503,0.15636,0.156357,-1.176061,-1.429312,-2.084993,-2.600173,-3.480311,0.003399,0.0,53.675133
-0.825458,0.429923,-0.945837,0.867303,0.86731,-1.300091,-2.055034,-2.568075,-3.135002,-3.981433,0.003458,1.0,54.140663
-0.630114,0.15327,-1.413491,0.980222,0.980211,-1.62806,-2.56641,-3.143726,-3.83259,-4.550403,0.003965,1.0,54.671356
0.785786,0.854117,-0.461225,-0.30654,-0.306535,-0.710624,-1.887596,-2.555515,-3.275536,-3.93167,0.003694,0.0,54.503769
-0.221883,0.136539,-1.297146,0.08541,0.085414,-0.443763,-1.778461,-2.328042,-3.102919,-3.678445,0.003101,0.0,54.550323
-0.255714,0.971701,-0.750084,0.119474,0.11947,-0.218204,-1.5479,-2.157059,-2.882709,-3.465391,0.002167,0.0,54.615494
0.033933,0.984053,-0.373258,0.477325,0.477322,-0.424156,-1.523576,-2.3866,-3.011528,-3.631483,0.002678,0.0,54.876186
-1.11543,0.169008,-1.656243,0.390226,0.390235,-0.65912,-1.517662,-2.424651,-3.075037,-3.782998,0.002753,0.0,55.090332
2.592208,2.661792,-0.121781,-2.856174,-2.85618,1.892833,1.506613,0.578755,-0.095681,-0.814889,0.0022,-1.0,53.516853
-0.155655,0.121064,-0.951228,0.59151,0.591505,1.02733,0.954693,0.028833,-0.513655,-1.244544,0.002218,1.0,53.833408
0.346803,0.641587,-0.416157,-0.259429,-0.259423,0.946766,1.220741,0.410384,-0.121376,-0.783071,0.001758,0.0,53.693752
1.26161,1.594533,-1.173993,-1.040399,-1.040397,1.352721,2.095668,1.586353,0.947081,0.403714,0.00089,-1.0,53.135124
1.014054,1.405446,-1.227538,-1.506923,-1.50693,1.850208,3.211177,3.062331,2.497783,1.993247,0.000336,-1.0,52.334415
-0.370703,0.494259,-0.776704,0.782784,0.782789,0.766102,2.075899,2.251246,1.7308,1.247659,0.000466,1.0,52.744083
-0.421861,0.193357,-1.107402,0.423649,0.423649,0.014062,1.346457,1.741372,1.251539,0.892953,8.5e-05,0.0,52.967533
-0.070486,0.511015,-0.704849,-0.246087,-0.24609,-0.063434,1.259912,1.886639,1.512777,1.185554,0.000528,0.0,52.837185
0.105803,0.775883,-0.229231,-0.070486,-0.070479,-0.119912,0.938102,1.789215,1.643445,1.246338,0.000358,0.0,52.799946
0.389444,0.849706,-0.123923,-0.387933,-0.387936,0.368203,0.856782,1.922457,2.005658,1.665422,-0.000691,0.0,52.595116
2.298002,2.446257,-1.223128,-4.478674,-3.522259,3.243611,3.992178,5.149341,5.524255,5.243518,-0.001586,-1.0,50.74258
-1.26768,0.257211,-1.653502,0.871017,0.871006,1.65543,2.57671,3.803009,4.37796,4.153945,-0.000762,1.0,51.184551
-1.125223,0.072597,-1.125223,1.230935,1.230932,0.024627,0.966745,2.180427,2.929223,2.817872,-0.000871,1.0,51.814598
-0.737939,0.233978,-0.971924,0.834851,0.834859,-1.015122,-0.039157,0.998969,1.895819,1.972032,-0.000409,1.0,52.247177
0.108462,1.229212,-0.524225,-0.431967,-0.431977,-0.806212,0.33437,1.043875,2.083205,2.343128,-0.001225,0.0,52.021481
0.581184,1.434793,-0.199782,-0.469991,-0.469983,0.061746,0.62137,1.296986,2.301925,2.745209,-0.001497,0.0,51.776989
-2.06369,0.071163,-2.223804,2.088627,2.088629,-1.352075,-1.457883,-0.898415,0.048891,0.587684,-0.000966,1.0,52.858418
1.834699,2.724796,-0.254312,-2.06369,-2.063686,0.708444,0.411953,0.941772,1.882026,2.559846,-0.00229,-1.0,51.767586
-0.577513,0.162426,-1.985199,0.653953,0.653944,2e-06,-0.373576,0.154303,0.954293,1.737335,-0.001872,1.0,52.106117
-1.296165,0.355114,-1.402701,1.642303,1.64231,-1.260656,-1.914066,-1.384983,-0.877844,-0.035622,-0.001195,1.0,52.961861
0.0,0.778208,-0.760524,0.390627,0.390624,-1.121332,-1.839409,-1.715452,-1.296269,-0.525025,-0.001077,0.0,53.168743
1.035896,1.518125,-0.142886,-0.972761,-0.972767,-0.22861,-0.596534,-0.789992,-0.438915,0.307888,-0.001708,-1.0,52.651535
-0.179247,0.340561,-0.932068,-0.357208,-0.357194,0.394327,-0.116518,-0.481839,-0.199266,0.503387,-0.002033,0.0,52.463467
-0.053945,0.341662,-0.557457,-0.322638,-0.322644,0.791223,0.215784,-0.224185,0.043374,0.631207,-0.000931,0.0,52.294197
-0.500535,0.339653,-0.822308,0.593415,0.5934,0.060793,-0.264556,-0.811572,-0.52111,-0.151436,-0.00093,1.0,52.604511
-0.107118,1.035533,-0.107118,0.125132,0.125157,-0.253534,-0.219612,-0.691554,-0.652458,-0.340533,-0.000763,0.0,52.670349
-0.65221,0.264412,-1.357308,1.285488,1.28548,-1.258595,-1.394328,-1.681655,-1.877738,-1.641817,0.000248,1.0,53.347416
2.024216,2.295312,-0.108444,-2.467827,-2.467833,1.073558,1.151273,0.833783,0.527543,0.71908,-0.00017,-1.0,52.030891
0.621572,1.133453,-0.365633,-1.138625,-1.13862,1.904932,2.186469,1.890306,1.553011,1.747158,-0.001005,-1.0,51.438457
-1.575933,0.08954,-1.647568,2.084093,2.084094,-0.211317,0.014325,-0.127749,-0.5283,-0.316646,-0.000283,1.0,52.510483
-0.035556,0.088887,-0.871115,0.734241,0.734236,-0.85333,-0.76622,-0.714665,-1.049778,-1.031732,0.000143,1.0,52.896034
0.429488,0.608447,-0.572656,-0.657776,-0.657777,-0.501072,-0.128846,-0.096635,-0.264854,-0.408359,-0.000112,-1.0,52.548096
-0.94222,1.173333,-1.546665,0.662131,0.662132,-0.828442,-0.703998,-0.611554,-0.818666,-1.058999,0.000344,1.0,52.896034
2.551017,2.64213,-0.127551,-2.435554,-2.435553,1.712827,1.641763,1.80515,1.595297,1.318511,0.000817,-1.0,51.607723
0.164958,0.989731,-0.293253,-0.58309,-0.583103,1.840185,1.984983,2.187206,2.121528,1.812326,0.000185,-1.0,51.306797
0.03667,0.770073,-0.843416,-0.036657,-0.03664,1.250452,1.752837,1.980193,2.111289,1.892182,-0.000366,0.0,51.287998
-1.677379,0.606709,-2.23055,2.750275,2.750267,-1.402569,-1.09386,-0.743514,-0.637043,-0.720199,0.000466,1.0,52.698555
-1.438342,0.315736,-1.578665,1.730901,1.730892,-2.81353,-2.482006,-2.289642,-2.155747,-2.275376,0.001407,1.0,53.61071
-0.783694,1.062349,-0.992686,0.719172,0.719183,-2.62278,-2.70463,-2.777193,-2.679375,-2.843604,0.001924,1.0,53.996269
1.652452,1.77683,-0.444208,-1.985369,-1.985369,-0.039091,-0.65565,-0.767588,-0.711618,-0.80739,0.000152,-1.0,52.924244
0.106104,0.671973,-0.654286,0.479744,0.479746,0.194514,-1.076925,-1.177719,-1.184792,-1.175597,0.001258,0.0,53.178146
-0.891449,0.209759,-1.730463,1.167109,1.167096,-0.552345,-1.985658,-2.261831,-2.218132,-2.245749,0.001481,1.0,53.798786
-1.562232,0.291842,-1.854081,1.817866,1.817879,-1.902152,-3.39228,-3.672679,-3.752793,-3.771333,0.001558,1.0,54.776783
-0.445211,0.256844,-0.59932,0.257514,0.257518,-1.818503,-3.037683,-3.497727,-3.76114,-3.813707,0.0015,0.0,54.917843
-0.75085,0.238915,-0.938565,0.342459,0.342446,-1.361767,-2.679174,-3.513075,-3.862618,-3.986339,0.002072,0.0,55.105907
-0.152827,0.305656,-0.390557,0.494882,0.494896,-1.052817,-2.419774,-3.689371,-4.091532,-4.299547,0.002442,0.0,55.378624
0.067907,0.407465,-0.288628,0.016986,0.016972,-0.495752,-1.950764,-3.363892,-3.923597,-4.118163,0.00259,0.0,55.388023
0.943882,2.007893,-0.995368,-1.069613,-1.069599,0.586918,-0.674454,-2.08799,-2.63258,-2.911282,0.001867,-1.0,54.795593
