1.03321,1.328413,-2.509225,-0.805271,-0.805275,0.177125,-0.678969,-1.043051,-1.896679,-3.433211,0.005118,-1.0,12.909393
1.122754,2.320359,-0.374251,-1.402214,-1.402219,1.616774,0.621261,0.553897,-0.321851,-1.766462,0.003605,-1.0,12.728375
1.527884,2.750191,-0.91673,-2.020958,-1.947562,3.05467,2.36015,2.428904,1.734264,0.425862,0.002248,-1.0,12.480482
-0.909091,0.30303,-2.651515,0.840336,0.840344,1.257014,1.431356,1.45919,0.958344,-0.087062,0.002173,1.0,12.585361
-0.373692,0.074738,-1.718984,1.363636,1.36364,-0.508442,0.201253,0.109213,-0.220597,-1.072702,0.002699,1.0,12.75698
1.428571,1.879699,-0.300752,-0.597907,-0.597916,-0.270676,0.856542,0.651259,0.488515,-0.15609,0.002604,-1.0,12.680704
-0.07622,1.219512,-0.381098,-1.353383,-1.353379,0.74695,2.072552,1.83911,1.924221,1.289825,0.002332,-1.0,12.509086
1.378254,1.454824,-0.689127,-0.457317,-0.457308,1.163851,2.227615,2.118126,2.289094,1.807122,0.00265,0.0,12.451881
-1.589705,0.378501,-1.816805,1.148545,1.148549,0.030271,0.60531,0.91313,1.044347,0.711578,0.002905,1.0,12.594897
1.224178,1.300689,-0.306044,-1.059803,-1.059818,0.627396,1.239372,1.927716,2.019589,1.842296,0.002398,-1.0,12.461414
-0.302801,0.378501,-0.605602,1.071155,1.071171,-0.575328,-0.083282,0.837332,0.858903,0.823436,0.000964,1.0,12.594897
-0.37679,0.527506,-0.527506,0.454201,0.454184,-0.798784,-0.595322,0.346244,0.31627,0.457927,0.001067,0.0,12.652101
0.75815,1.592115,-0.15163,-0.602864,-0.602856,2e-06,0.083397,0.813381,0.833746,1.024756,0.000538,-1.0,12.575827
1.474011,1.939488,-0.698216,-2.27445,-2.274451,1.830877,2.172227,2.678887,3.021485,3.208438,4.5e-05,-1.0,12.289796
2.364066,2.442868,-2.364066,-1.55159,-1.551596,2.836885,3.238777,3.792942,4.444166,4.627017,-0.000783,-1.0,12.099108
0.813008,1.219512,-1.382114,-3.073286,-3.073293,4.617894,5.6992,6.411935,7.377733,7.580257,-0.001737,-1.0,11.727267
-0.47356,0.789266,-1.894238,3.00813,3.008143,0.615624,2.2573,2.946591,3.977578,4.176594,-0.001656,1.0,12.08004
0.626959,0.705329,-0.626959,0.710339,0.71032,-0.768014,1.300957,2.048084,2.966034,3.231812,-0.00167,1.0,12.165847
-1.306687,0.153728,-1.767871,1.959248,1.959247,-2.490384,-0.799372,-0.010233,0.676277,1.158937,-0.000789,1.0,12.404206
0.855365,1.088647,-0.155521,-1.152959,-1.152948,-1.088651,0.194403,0.886473,1.543493,2.233062,-0.001367,-1.0,12.261192
0.154679,1.314772,-0.07734,0.544323,0.544319,-0.649652,-0.564575,0.149531,0.757935,1.586766,-0.001385,0.0,12.327932
0.387597,1.550388,-0.775194,-0.232019,-0.232018,-0.062018,-0.620153,0.26874,0.817836,1.686577,-0.001286,0.0,12.299329
-0.077942,0.077942,-0.779423,-0.542636,-0.542615,0.592344,-0.358552,0.696271,1.266549,2.04185,-0.00114,-1.0,12.232591
-0.535988,0.153139,-1.148545,1.792673,1.79267,-1.102613,-1.983168,-1.153661,-0.570454,0.012128,-0.000263,1.0,12.451881
-1.28012,0.677711,-1.506024,1.684533,1.684533,-2.10844,-3.162662,-2.685753,-2.25528,-1.756077,0.00024,1.0,12.661637
-1.182557,0.0,-2.069475,1.88253,1.882505,-3.030287,-4.042856,-4.326177,-3.976335,-3.574266,0.000603,1.0,12.899993
1.04712,1.196709,-0.448766,-1.182557,-1.182543,-1.166788,-2.370983,-3.13139,-2.733732,-2.41436,-0.000141,-1.0,12.747445
0.222058,0.518135,-1.332346,1.04712,1.04712,-1.184306,-2.827536,-3.977302,-3.575129,-3.301257,-0.000675,1.0,12.880926
-1.741655,0.145138,-2.249637,1.99852,1.998521,-2.075473,-4.172714,-5.428159,-5.257621,-5.027576,0.000438,1.0,13.138354
0.360231,0.432277,-0.864553,0.725689,0.725685,-1.916426,-4.128238,-5.537943,-5.648412,-5.567719,0.000966,1.0,13.233697
0.071839,0.718391,-1.077586,0.288184,0.288189,-1.637932,-3.692528,-5.033527,-5.664513,-5.660919,0.001549,0.0,13.271835
-1.74703,0.908456,-1.886792,2.801724,2.80173,-3.004897,-5.331939,-6.857682,-7.872124,-7.899376,0.003186,1.0,13.643676
-2.439024,0.609756,-2.439024,3.144654,3.144644,-4.268289,-6.910565,-8.794035,-10.149049,-10.246609,0.003981,1.0,14.072721
0.067797,0.067797,-1.016949,-0.067751,-0.067748,-2.888135,-5.701694,-7.945761,-9.457627,-9.768135,0.003487,0.0,14.063187
-1.206434,0.469169,-1.809651,1.152542,1.152527,-2.600523,-5.676931,-8.074159,-9.741944,-10.300254,0.004091,1.0,14.225269
0.267738,0.60241,-0.535475,0.134048,0.134057,-1.365459,-4.859433,-7.300306,-8.979245,-9.957157,0.004604,0.0,14.244339
1.971448,1.971448,-0.203943,-1.539491,-1.539496,0.720602,-2.460903,-5.030581,-6.86267,-8.157707,0.004231,-1.0,14.025048
-1.416049,0.134862,-1.955496,0.815772,0.815776,-1e-06,-2.360078,-4.899973,-6.918404,-8.458526,0.004116,1.0,14.139461
-0.203666,0.203666,-0.746775,-0.674309,-0.674304,0.651725,-1.052276,-3.498529,-5.702647,-7.337407,0.004249,-1.0,14.044118
0.895317,1.239669,-0.482094,-1.425662,-1.42565,1.55646,0.819547,-1.533529,-3.767228,-5.493124,0.003388,-1.0,13.843898
0.413223,0.757576,-0.413223,0.0,0.0,0.977951,1.232771,-1.078982,-3.219706,-4.881553,0.003231,0.0,13.843898
-0.136986,1.712329,-0.205479,0.550964,0.550965,0.273966,0.8767,-1.059371,-3.167817,-4.873983,0.003629,1.0,13.920173
-0.668896,0.133779,-0.869565,2.39726,2.397262,-1.913047,-1.357871,-2.733568,-4.725763,-6.515061,0.00524,1.0,14.253876
0.269542,0.471698,-0.404313,-0.735786,-0.735793,-1.037732,-0.566042,-1.536393,-3.419816,-5.328845,0.005521,-1.0,14.148997
-0.202703,0.27027,-0.675676,-0.269542,-0.269531,-0.391897,-0.37839,-0.855869,-2.645284,-4.548662,0.006488,0.0,14.110861
0.68306,0.819672,-0.068306,-1.081081,-1.081089,0.860659,0.505462,0.555551,-1.202191,-3.038256,0.005078,-1.0,13.95831
-0.688231,0.275292,-1.927047,-0.751366,-0.751366,1.527876,1.142463,1.417751,-0.055064,-1.855476,0.004574,-1.0,13.853432
0.479124,0.616016,-1.163587,0.550585,0.550571,0.506515,0.43807,0.793985,-0.225864,-1.905536,0.004088,1.0,13.929705
0.761246,1.107266,-0.346021,-1.09514,-1.09512,1.079578,1.356396,1.771615,1.110715,-0.434614,0.004108,-1.0,13.777158
-0.346981,0.416378,-0.624566,-0.276817,-0.276821,0.818872,1.561414,1.818176,1.575288,0.15544,0.003825,0.0,13.73902
-0.275672,0.758098,-1.240524,0.693963,0.693965,-0.05514,0.854579,0.9189,1.078557,-0.264655,0.004144,1.0,13.834364
-0.342466,1.027397,-0.410959,0.620262,0.62026,-0.575345,0.232875,0.246572,0.554788,-0.542473,0.004545,1.0,13.920173
0.977654,1.047486,-0.069832,-1.917808,-1.917835,0.963711,1.752817,1.969298,2.367339,1.628512,0.003266,-1.0,13.653207
-0.901526,0.346741,-1.456311,0.698324,0.698334,0.221923,0.755907,1.11883,1.543006,1.101258,0.002926,1.0,13.748552
1.55477,1.625442,-0.141343,-1.872399,-1.872415,1.766803,2.219106,2.873998,3.208507,3.106739,0.001631,-1.0,13.491122
-0.769769,0.629811,-2.169349,0.989399,0.989421,0.461856,0.97271,1.758811,1.969913,2.200143,0.00238,1.0,13.624606
-0.55788,0.97629,-0.97629,0.349895,0.349889,-0.25105,0.488151,1.283134,1.485366,1.85217,0.00214,0.0,13.672277
-0.686342,0.205903,-1.166781,1.603905,1.603895,-1.482492,-1.125586,-0.489573,-0.205883,0.192193,0.002003,1.0,13.891566
0.137268,0.82361,-0.411805,0.0,0.0,-1.276592,-1.043228,-0.613116,-0.260791,0.142776,0.001753,0.0,13.891566
0.276052,1.449275,0.0,-0.549073,-0.549053,-0.262262,-0.441694,-0.207045,0.279501,0.576946,0.001465,-1.0,13.815294
1.063076,2.126152,-0.070872,-2.622498,-2.622507,2.168671,1.956056,2.230099,2.834875,3.050325,-0.000406,-1.0,13.452987
-0.354108,0.92068,-0.92068,0.070872,0.070869,1.784701,1.543907,1.964121,2.592075,2.810207,-0.001466,0.0,13.462521
-0.211715,0.917431,-0.352858,0.354108,0.354109,0.860974,1.079743,1.397321,1.954839,2.261122,-0.00132,0.0,13.510193
0.779037,0.92068,-0.354108,-0.352858,-0.35286,0.58074,1.225211,1.600569,2.060912,2.450433,-0.001839,0.0,13.462521
0.350877,0.912281,-0.491228,0.92068,0.920689,-0.673691,0.371922,0.598823,0.936838,1.439998,-0.001568,1.0,13.586469
-0.768156,0.558659,-0.768156,0.491228,0.561794,-0.921457,-0.160859,-0.046893,0.264803,0.820278,-0.000844,1.0,13.662797
0.278358,1.25261,-0.069589,0.349162,0.349145,-0.904445,-0.480352,-0.496613,-0.136174,0.408322,-0.001005,0.0,13.7105
0.766017,0.97493,-0.626741,-0.069589,-0.069582,-0.556973,-0.550175,-0.404093,-0.150116,0.316812,-0.000796,0.0,13.70096
-0.483425,0.069061,-0.759669,0.835655,0.835657,-0.870165,-1.429439,-1.197192,-0.963744,-0.611116,-1.6e-05,1.0,13.815453
-0.616016,0.54757,-0.616016,0.89779,0.897792,-1.245724,-2.217429,-1.861909,-1.773066,-1.544658,0.000293,1.0,13.939487
-0.614334,0.204778,-0.887372,0.273785,0.273791,-1.064854,-2.109057,-1.961482,-1.990011,-1.807948,0.000198,0.0,13.977652
1.174033,1.381215,-0.138122,-1.16041,-1.160417,0.24862,-0.704316,-0.74138,-0.877234,-0.66613,-0.001029,-1.0,13.815453
-0.207039,0.414079,-0.276052,0.069061,0.069046,0.358882,-0.545126,-0.84197,-0.883499,-0.764965,-0.000752,0.0,13.824992
0.550585,1.032347,0.0,0.276052,0.276058,0.151417,-0.52993,-1.128612,-1.11503,-1.013344,-0.000563,0.0,13.863157
-0.137457,0.4811,-1.030928,0.137646,0.137667,-0.068741,-0.453621,-1.232388,-1.110104,-1.108161,-0.000143,0.0,13.882242
-1.223657,0.747791,-1.495581,1.099656,1.099635,-1.074094,-1.271237,-2.030248,-2.039537,-2.12663,0.000495,1.0,14.034896
1.300479,1.505818,-0.205339,-0.67981,-0.679798,-0.219034,-0.431215,-1.13158,-1.273199,-1.451192,7.1e-05,-1.0,13.939487
1.454294,1.523546,0.0,-1.163587,-1.163572,0.886412,0.796383,0.161615,-0.152389,-0.25498,4.7e-05,-1.0,13.777291
1.202263,1.272984,-0.353607,-2.077562,-2.077564,2.475239,2.69447,2.300788,1.817586,1.784907,-0.000574,-1.0,13.491059
0.638751,1.135557,-0.567779,-0.353607,-0.353597,2.185932,2.68983,2.592833,2.040552,2.13188,-0.000935,0.0,13.443355
-0.141443,0.707214,-0.777935,0.354862,0.354852,1.018387,1.966044,2.145202,1.693849,1.731149,-0.001026,0.0,13.491059
0.78125,0.994318,-0.710227,-0.424328,-0.424333,0.696029,2.116473,2.443176,2.116523,2.093663,-0.000511,0.0,13.433812
0.647482,0.935252,-0.143885,-1.278409,-1.278416,1.223032,3.014393,3.549162,3.345357,3.225884,-0.001193,-1.0,13.262072
-0.797101,0.942029,-1.449275,-0.719424,-0.719435,1.463785,3.2319,3.971027,3.981896,3.753684,-0.000795,-1.0,13.16666
-0.359712,0.143885,-0.647482,0.724638,0.724648,0.460433,2.021587,2.882495,3.111511,2.840385,-0.000887,1.0,13.262072
-1.778094,0.284495,-1.920341,1.151079,1.15108,-0.796587,0.398298,1.431959,1.845661,1.658674,-0.00061,1.0,13.414729
0.5,0.714286,-1.214286,-0.426743,-0.42674,-0.485719,0.39286,1.638094,2.149997,2.062896,-0.001311,0.0,13.357483
-0.213523,0.213523,-0.640569,0.357143,0.357148,-0.626343,-0.241996,1.06761,1.676149,1.668346,-0.001188,0.0,13.405189
0.724113,1.013758,-0.072411,-1.708185,-1.708174,1.115121,1.252702,2.476452,3.200562,3.34828,-0.001587,-1.0,13.176205
1.022644,1.533966,-0.073046,-0.868936,-0.868953,1.694672,1.848067,2.955932,3.769175,4.093498,-0.000983,-1.0,13.06171
-0.867052,0.650289,-1.083815,1.09569,1.095668,0.274589,0.527478,1.421027,2.351901,2.826611,-0.000629,1.0,13.204823
-1.405481,0.140548,-1.54603,2.817919,2.817933,-2.150379,-2.122271,-1.536649,-0.541102,-0.030913,0.00022,1.0,13.576926
0.352361,0.634249,-0.563777,-0.281096,-0.281095,-1.677235,-1.641997,-1.376548,-0.366448,0.202966,0.000245,0.0,13.538762
-2.020906,0.278746,-2.090592,1.127555,1.127562,-2.020914,-2.355403,-2.37863,-1.54007,-0.950524,0.000316,1.0,13.69142
1.053371,1.33427,-0.210674,-0.766551,-0.766553,-0.491579,-1.362359,-1.554306,-0.888341,-0.289325,-0.000142,-1.0,13.586468
-1.648352,0.343407,-1.648352,2.247191,2.247207,-1.689574,-3.186826,-3.525655,-3.118143,-2.505508,0.000513,1.0,13.891784
-1.432469,0.0,-1.705321,0.686813,0.686802,-1.773534,-3.397,-3.919966,-3.761937,-3.121421,0.000774,1.0,13.987193
0.341763,0.615174,-0.683527,-0.204638,-0.204637,-0.970608,-2.802464,-3.390298,-3.49966,-2.884486,0.000415,0.0,13.95857
0.068871,0.482094,-0.344353,-0.75188,-0.751889,0.013783,-1.577131,-2.327818,-2.637734,-2.151508,-0.000154,-1.0,13.853617
0.206612,0.757576,-0.482094,0.0,0.0,0.399457,-1.005506,-2.043153,-2.489664,-2.159773,-0.000248,0.0,13.853617
1.688951,1.90007,-0.281492,-2.134986,-2.134973,2.097107,1.414489,0.164197,-0.337798,-0.166086,-0.000584,-1.0,13.557846
-0.352858,0.211715,-0.705716,-0.281492,-0.281475,1.693699,1.658412,0.526913,-0.024723,-0.00849,-0.000705,0.0,13.519684
-0.771388,0.070126,-0.841515,0.635145,0.635111,0.532971,1.065931,-0.00934,-0.529443,-0.690031,-0.000581,1.0,13.605549
0.421644,0.632467,-0.140548,-0.210379,-0.210377,0.337325,1.19467,0.398227,-0.168649,-0.455366,-0.000701,0.0,13.576926
0.777385,0.989399,-0.636042,-0.562193,-0.562189,0.381632,1.703187,1.182571,0.484104,0.124387,-0.001274,-1.0,13.500598
0.141143,0.84686,-0.141143,0.141343,0.141372,0.183467,1.284382,1.19499,0.381064,-0.008492,-0.000991,0.0,13.519684
1.216893,1.360057,-0.071582,-1.411433,-1.411446,1.331416,2.240508,2.519677,1.807436,1.391544,-0.001077,-1.0,13.328861
-0.142653,0.570613,-0.42796,0.35791,0.357908,0.627672,1.440794,2.073224,1.43366,1.064187,-0.000237,0.0,13.376566
0.356125,0.569801,-0.2849,0.142653,0.142638,0.213689,0.954427,1.780638,1.371091,0.988613,-6.6e-05,0.0,13.395646
0.430725,0.646088,-0.215363,-0.783476,-0.783464,0.689163,1.328069,2.435988,2.257713,1.794685,-0.000458,-1.0,13.290696
0.2149,0.429799,-0.358166,0.215363,0.215354,0.171926,0.93124,1.929329,2.080952,1.547284,-0.000238,0.0,13.319318
1.449275,1.666667,0.0,-1.146132,-1.14614,1.086967,1.833346,2.695666,3.10871,2.66668,-0.000192,-1.0,13.16666
-3.212291,0.0,-3.351955,3.768116,3.768131,-2.16481,-1.822627,-1.177841,-0.590084,-0.986035,0.001355,1.0,13.662797
-0.902778,0.138889,-1.111111,0.558659,0.558663,-2.20834,-2.250003,-1.782411,-1.125004,-1.372228,0.001298,1.0,13.739126
0.069832,0.977654,-0.418994,-0.555556,-0.555559,-1.117322,-1.585194,-1.326815,-0.544693,-0.645253,0.00071,-1.0,13.662797
-2.595628,0.0,-3.005464,2.234637,2.234623,-2.349718,-3.41529,-3.287784,-2.691245,-2.598349,0.001627,1.0,13.968109
-0.810811,0.135135,-1.283784,1.092896,1.092925,-2.054068,-3.898665,-4.049565,-3.695961,-3.497312,0.001881,1.0,14.12077
-0.871314,0.201072,-1.005362,0.810811,0.810806,-2.03754,-4.068375,-4.526372,-4.373334,-4.077757,0.00275,1.0,14.235262
0.402145,1.675603,-0.402145,0.0,0.0,-1.340488,-3.478561,-4.21806,-4.239285,-3.924942,0.003049,0.0,14.235262
-1.447368,0.657895,-1.513158,1.876676,1.876671,-2.0,-4.421057,-5.521932,-5.779609,-5.442109,0.003319,1.0,14.502411
0.726552,0.858653,-0.396301,-0.394737,-0.394734,-0.951121,-3.262885,-4.720393,-5.099081,-4.914141,0.002211,0.0,14.445165
-2.373316,0.064144,-2.501604,2.972259,2.972254,-2.79666,-4.906991,-6.777851,-7.38294,-7.420143,0.003333,1.0,14.874512
0.383632,0.959079,-0.255754,0.320718,0.320716,-2.186697,-4.367005,-6.385337,-7.237851,-7.4578,0.003054,0.0,14.922217
-0.885515,1.075269,-0.948767,1.086957,1.08695,-2.112579,-4.50347,-6.645576,-7.735603,-8.126496,0.003694,1.0,15.084414
-0.251889,0.566751,-0.440806,0.442758,0.442762,-1.687655,-3.942061,-6.238452,-7.597603,-8.188914,0.003071,0.0,15.151202
0.252685,0.694883,-0.442198,-0.314861,-0.314853,-0.505376,-2.886925,-5.154774,-6.781433,-7.489582,0.002726,0.0,15.103498
0.126422,0.632111,-0.189633,-0.063171,-0.063191,-0.151697,-2.180769,-4.24356,-6.137788,-7.013894,0.002775,0.0,15.093954
0.699301,1.525747,-0.190718,-0.5689,-0.568903,0.534022,-1.106151,-3.098098,-5.057201,-6.108059,0.002838,-1.0,15.008084
0.643501,1.608752,-0.965251,-1.207883,-1.207869,1.415698,0.501931,-1.424279,-3.41377,-4.622907,0.002421,-1.0,14.826806
-1.535509,0.639795,-1.727447,0.579151,0.643915,0.460024,0.140294,-1.492277,-3.48503,-4.852035,0.00338,1.0,14.922278
1.166559,1.360985,-0.453662,-1.279591,-1.27959,1.256894,1.632547,0.129954,-1.75477,-3.289751,0.003035,-1.0,14.731334
0.321337,1.028278,-0.642674,0.842515,0.842524,0.089807,0.77059,-0.376915,-2.007187,-3.686699,0.003107,1.0,14.855449
0.256739,0.577664,-0.12837,0.128535,0.128518,-0.218221,0.609195,-0.218265,-1.725643,-3.407491,0.003224,0.0,14.874541
-0.257069,0.771208,-0.321337,-0.12837,-0.128354,-0.051421,0.584368,0.188294,-1.223614,-2.890283,0.003373,0.0,14.855449
1.967213,1.967213,-0.459016,-1.992288,-1.992293,1.481966,2.222625,2.251047,1.092244,-0.567664,0.002638,-1.0,14.559485
0.065574,0.655738,-0.852459,0.0,0.0,1.245901,1.848977,2.303393,1.295334,-0.226947,0.003124,0.0,14.559485
0.658762,0.988142,-0.329381,-0.459016,-0.459013,1.212117,1.903734,2.59949,1.890738,0.599114,0.002843,0.0,14.492655
-0.131234,0.656168,-0.262467,0.395257,0.395248,0.36746,1.187668,2.024987,1.597738,0.446951,0.00293,0.0,14.549937
0.395257,0.790514,-0.263505,-0.393701,-0.393692,0.263502,1.357045,2.156029,2.088103,1.051941,0.003064,0.0,14.492655
-2.613129,0.12747,-4.015296,3.359684,3.35966,-2.434656,-1.899282,-1.240898,-1.07096,-1.881092,0.004148,1.0,14.979559
-0.571429,0.253968,-0.952381,0.382409,0.382421,-2.171426,-2.069837,-1.646686,-1.251101,-1.970592,0.004675,0.0,15.036844
0.961538,1.730769,0.0,-0.952381,-0.952381,-0.692308,-1.102561,-0.790648,-0.295172,-0.820433,0.003048,-1.0,14.893636
0.191205,0.637349,0.0,0.576923,0.576911,-0.688327,-1.599731,-1.372409,-0.847941,-1.190578,0.003054,1.0,14.979559
0.127389,0.318471,-0.191083,0.063735,0.063747,-0.089177,-1.573247,-1.363055,-0.942899,-1.052354,0.003268,0.0,14.989108
0.57508,0.638978,-0.063898,-0.318471,-0.318498,0.178933,-1.003171,-1.039376,-0.696615,-0.618687,0.002387,0.0,14.941368
0.0,0.191449,-0.574346,0.127796,0.12782,-0.051059,-0.861519,-1.063601,-0.871185,-0.607777,0.002054,0.0,14.960466
0.643501,0.965251,-0.1287,-0.829611,-0.829607,0.707841,0.19948,-0.244532,-0.128741,0.213398,0.001489,-1.0,14.836353
0.192678,0.32113,-0.385356,0.19305,0.193053,0.359657,0.218361,-0.441023,-0.369303,0.004908,0.001555,0.0,14.864995
-2.546584,0.372671,-2.608696,3.403982,3.403984,-2.447214,-2.509326,-3.49483,-3.472054,-3.212603,0.002082,1.0,15.370997
-0.853138,0.548446,-1.096892,1.925466,1.92547,-3.363809,-3.91226,-4.846648,-5.0579,-4.90933,0.002882,1.0,15.666961
-0.180078,0.420168,-0.600246,1.523461,1.523442,-3.625439,-4.807917,-5.710277,-6.113436,-6.134518,0.002382,1.0,15.905638
1.636364,1.757582,-0.303024,-0.960384,-0.960376,-1.52727,-3.339396,-4.262627,-4.91818,-5.056998,0.001941,-1.0,15.752884
0.542823,0.663456,-0.361882,0.484848,0.484845,-0.784072,-3.268996,-4.185763,-5.075387,-5.307594,0.001733,0.0,15.829261
-0.950683,0.594177,-1.307184,1.507841,1.507847,-1.390376,-4.034465,-4.95544,-6.108141,-6.405229,0.0021,1.0,16.067942
-0.119261,0.119267,-0.954079,-0.356506,-0.356511,-0.608229,-3.023252,-4.186045,-5.319019,-5.798445,0.002086,0.0,16.010658
2.19112,2.251972,-0.182593,-2.02743,-2.027424,1.168591,-0.553866,-1.927372,-3.000611,-3.6056,0.001409,-1.0,15.686054
-1.371491,0.0,-1.431121,2.069385,2.06938,-0.560523,-1.836609,-3.450605,-4.49314,-5.271314,0.002318,1.0,16.010658
0.466472,1.574344,-0.23323,2.265951,2.265972,-2.099139,-3.090394,-5.022368,-6.052494,-7.004096,0.003516,1.0,16.373455
0.058548,0.351282,-0.526932,-0.408163,-0.408179,-1.405151,-2.119438,-4.094458,-5.111243,-6.266979,0.003153,0.0,16.306622
1.116996,1.234562,-0.117578,-0.409836,-0.409834,-0.717225,-1.363907,-3.166766,-4.332749,-5.467375,0.003453,0.0,16.239792
0.411523,0.881834,-0.823039,0.0,0.0,-0.035273,-1.158144,-2.641585,-3.962379,-5.053501,0.003163,0.0,16.239792
-0.408163,0.0,-0.874636,0.823045,0.823059,-0.408172,-1.586019,-2.810509,-4.294476,-5.369111,0.003402,1.0,16.373455
1.245546,1.36417,-0.71175,-1.690956,-1.690987,0.960866,0.272847,-0.628696,-2.301296,-3.35705,0.002863,-1.0,16.096582
1.33738,1.641325,0.0,-2.431791,-2.43179,2.711255,2.541043,1.989877,0.361709,-0.639507,0.002712,-1.0,15.705147
0.367885,1.41019,-1.532802,-0.851076,-0.851065,2.734526,3.139189,2.824451,1.425515,0.365428,0.002418,-1.0,15.571486
-1.673634,0.179319,-2.151817,2.575114,2.575104,-0.179311,0.72924,0.270981,-0.803933,-1.919894,0.003465,1.0,15.972468
-0.779382,1.019185,-1.139089,-0.298864,-0.298845,-0.443658,0.977212,0.643478,-0.164875,-1.366915,0.003225,0.0,15.924735
-0.708807,0.3544,-0.945068,1.498801,1.498794,-1.831074,-0.643829,-0.704863,-1.237449,-2.530421,0.003878,1.0,16.163414
-0.17911,1.373134,-0.835815,-1.063201,-1.063197,-0.417917,0.226861,0.330344,0.017906,-1.232244,0.002353,-1.0,15.991565
2.568807,3.241584,-0.305817,-2.38806,-2.388065,2.067279,2.27523,2.613661,2.446484,1.355353,0.001397,-1.0,15.609676
0.856269,1.284398,-0.550459,0.0,0.0,1.60245,1.87156,2.581041,2.351683,1.521714,0.001726,0.0,15.609676
-0.548787,0.304884,-1.52439,0.30581,0.305817,0.951216,1.103651,2.117882,2.009141,1.421947,0.001632,0.0,15.657413
-1.437987,0.239658,-1.497903,1.768299,1.768293,-1.090476,-0.75495,0.159771,0.269617,-0.071905,0.00222,1.0,15.934282
0.0,0.356712,-1.129614,0.778903,0.778893,-1.77169,-1.302012,-0.71739,-0.508313,-0.672998,0.002599,1.0,16.058393
-0.059809,0.059815,-0.717697,-0.594536,-0.594518,-0.741629,-0.466509,-0.239237,0.071769,-0.004787,0.00235,-1.0,15.962923
-0.88862,0.236973,-1.421801,0.956938,0.95693,-1.054497,-1.321084,-1.236172,-0.743478,-0.900469,0.002966,1.0,16.115677
0.716424,0.955224,-0.597015,-0.770136,-0.770132,0.131338,-0.513437,-0.628862,0.020892,-0.071646,0.002633,-1.0,15.991565
-0.597015,0.41791,-0.716424,0.0,0.0,0.20298,-0.620899,-0.672642,-0.098512,-0.031049,0.00146,0.0,15.991565
0.239515,0.359275,-0.299407,-0.298501,-0.298482,0.359259,-0.35332,-0.275477,0.086798,0.237098,0.000693,0.0,15.943833
1.396491,1.63935,0.0,-1.377257,-1.377279,1.457205,1.111118,1.181953,1.320588,1.564061,-0.000308,-1.0,15.724242
1.111099,1.54321,-0.123463,-1.639332,-1.639335,2.308645,2.703702,2.650203,2.759255,3.199996,-0.000542,-1.0,15.466469
-0.490798,0.36811,-0.73619,0.617272,0.617271,1.128848,2.01228,1.865041,1.868106,2.451543,-0.000496,1.0,15.561939
0.0,1.227741,-0.245556,-0.061337,-0.061329,0.626145,1.829333,1.665633,1.755666,2.303242,-0.001037,0.0,15.552395
-1.391422,0.604949,-1.391422,1.473296,1.473284,-1.040532,0.175442,0.100828,0.302481,0.684816,-0.000406,1.0,15.781526
0.979192,1.346383,-0.122399,-1.149431,-1.149452,-0.048937,1.107739,1.260737,1.477995,1.691581,-0.000103,-1.0,15.600125
0.183717,0.428659,-1.224746,-0.0612,-0.06116,0.171448,0.832812,1.314542,1.417624,1.587249,-0.000838,0.0,15.590584
-1.334142,0.0,-1.698005,0.979792,0.979784,-0.570047,-0.303217,0.367896,0.375981,0.441474,-0.001282,1.0,15.743338
-0.24199,0.725947,-1.088935,0.242577,0.242566,-0.520268,-0.677554,0.060497,0.0121,0.118572,-0.001057,0.0,15.781526
0.0,0.674853,-0.674834,-1.391422,-1.391418,0.601232,0.478535,1.259723,1.285285,1.494487,-0.001396,-1.0,15.561939
-1.494322,0.059773,-1.793186,2.638043,2.638032,-1.518219,-1.948585,-1.338899,-1.204411,-1.013735,-0.000486,1.0,15.972468
-2.666661,0.34782,-2.724632,3.108189,3.169886,-3.466079,-4.346896,-4.223357,-3.976193,-3.93218,0.000323,1.0,16.478777
0.403458,1.613827,-0.230553,0.57971,0.579679,-3.019728,-4.287379,-4.540961,-4.253016,-4.329091,0.001106,1.0,16.574301
1.211777,1.500289,-0.461627,-0.115274,-0.115251,-1.97317,-3.571209,-4.203845,-3.95501,-4.124041,0.001905,0.0,16.555199
-1.144814,0.0,-1.259296,0.807842,0.807837,-1.408127,-3.800233,-4.673876,-4.535768,-4.725209,0.002477,1.0,16.688938
1.389693,1.447597,-0.115808,-1.144814,-1.144824,0.370592,-2.141997,-3.2573,-3.268085,-3.406499,0.001194,-1.0,16.497879
-0.578709,0.289346,-1.215283,0.05791,0.057898,0.347229,-1.643208,-2.892879,-3.205399,-3.244853,0.001317,0.0,16.507431
1.048951,1.806521,-0.524476,-0.69445,-0.694445,0.827514,-0.559213,-1.875913,-2.406133,-2.388803,0.000561,-1.0,16.392796
1.666673,2.5,-0.238089,-2.097908,-2.097891,2.357137,1.738245,0.432979,-0.296987,-0.26858,0.000204,-1.0,16.048893
-0.759795,0.350666,-0.818247,1.84525,1.845243,0.081814,0.374044,-1.156837,-1.980688,-2.005377,0.001664,1.0,16.345034
-0.290878,0.174508,-0.698086,0.467563,0.467561,-0.477027,0.180334,-1.2834,-2.224567,-2.349738,0.001825,0.0,16.421457
-1.60551,0.286691,-1.834862,1.454334,1.454323,-1.720178,-1.146784,-2.270437,-3.267874,-3.618776,0.002221,1.0,16.660278
-2.678566,0.446429,-2.734375,2.752288,2.752295,-3.504459,-3.476558,-4.352534,-5.404187,-5.937022,0.002561,1.0,17.118818
2.676549,2.676549,0.0,-2.008934,-2.008935,-0.660583,-1.366734,-1.996855,-3.10047,-3.821827,0.001599,-1.0,16.774912
1.439263,1.611969,-0.403005,-1.081993,-1.081991,0.725383,-0.345428,-0.510462,-1.795917,-2.613219,0.001431,-1.0,16.593409
1.626967,2.149919,-0.058094,-0.92114,-0.921113,1.685048,0.546175,0.604283,-0.627338,-1.533555,0.000784,-1.0,16.440565
1.164139,1.280559,0.0,-0.174311,-0.174355,1.559971,0.663581,0.752832,-0.203554,-1.131148,0.000989,0.0,16.4119
1.587307,2.821869,-1.058201,-0.989523,-0.989489,1.504984,1.581409,1.62648,0.949538,0.026178,0.000648,-1.0,16.249506
0.647821,1.001178,-0.765607,-0.176367,-0.176399,1.001196,1.86692,1.668647,1.263344,0.367772,0.00069,0.0,16.220842
-0.290703,0.406971,-0.465116,1.295648,1.29566,-0.488373,0.616277,0.263564,0.232558,-0.757909,0.001612,1.0,16.431009
-0.346015,0.346021,-0.461361,0.813948,0.813973,-1.141888,-0.109593,-0.519051,-0.397942,-1.326255,0.002458,1.0,16.564753
0.69646,0.870569,-0.580389,-0.634371,-0.634383,-0.452702,0.406262,0.096724,0.232146,-0.485086,0.002026,-1.0,16.459669
0.349848,0.524781,-0.699703,-0.464306,-0.464311,0.174926,0.425654,0.559765,0.641397,0.135362,0.001887,0.0,16.383245
2.930622,2.990431,-0.119605,-2.507294,-2.507299,2.440204,2.505991,3.114044,3.047257,2.758443,0.000514,-1.0,15.972468
1.892564,1.953614,-1.159939,-2.033493,-2.033493,3.565335,4.029313,4.957273,4.853487,4.913317,0.00021,-1.0,15.647669
-0.425791,0.364957,-1.155724,0.366313,0.366323,2.092445,3.181251,4.270058,4.218355,4.462273,0.000357,0.0,15.70499
-0.421191,0.060156,-1.624555,1.09489,1.094888,0.252699,1.726827,2.811863,2.891084,3.179291,0.000397,1.0,15.876942
3.101737,3.101737,-0.124076,-3.008423,-3.008419,2.084356,4.330012,5.256396,5.759911,6.074426,-0.000724,-1.0,15.399297
0.570704,2.282809,-0.951173,-2.171222,-2.171216,3.145206,5.878241,6.835752,7.780582,8.032959,-0.000993,-1.0,15.064945
0.312494,1.374994,-1.375,1.458465,1.458445,1.187515,3.606261,4.729175,5.884382,6.112506,-0.0014,1.0,15.284659
-1.830378,0.122032,-2.623545,2.437494,2.437503,-1.28126,0.561324,1.903604,3.120809,3.372791,-0.001652,1.0,15.657223
0.433986,0.557967,-2.169864,-1.586333,-1.586322,-0.297585,1.500305,3.112208,4.37693,4.753867,-0.002399,-1.0,15.408849
-0.061926,0.619195,-1.362229,0.123999,0.123994,-0.383906,0.755412,2.629508,3.699682,4.373985,-0.002317,0.0,15.427955
0.372902,0.497203,-0.372896,-0.371517,-0.37152,0.38533,0.739589,2.643462,3.62958,4.586695,-0.002724,0.0,15.370637
-1.227753,0.306931,-1.534684,1.243014,1.243013,-0.491103,-0.552489,1.01084,2.025775,3.10128,-0.0019,1.0,15.561696
-0.427624,0.183256,-0.855229,0.491099,0.491103,-1.001838,-1.081253,0.122165,1.270605,2.397054,-0.001751,0.0,15.63812
0.550796,0.979192,-0.7956,-0.183268,-0.18327,-0.563033,-1.070991,-0.057121,1.199508,2.315785,-0.001575,0.0,15.60946
0.940439,1.755486,-0.125392,-2.386781,-2.386777,1.617554,1.241375,1.885052,3.341686,4.323503,-0.001674,-1.0,15.236897
2.541806,3.076923,-0.602007,-6.269592,-6.269603,6.889642,7.46489,7.910822,9.575257,10.603349,-0.004472,-1.0,14.281604
-1.312336,0.393701,-2.165354,1.939799,1.939796,3.4777,4.92127,5.358716,6.847123,7.939641,-0.003965,1.0,14.558638
0.792602,0.858653,-0.06605,-0.656168,-0.656153,2.536322,4.788636,5.482162,6.826282,8.105672,-0.004692,-1.0,14.463111
0.331345,0.861498,-0.397614,-0.330251,-0.330261,1.219353,4.446659,5.155738,6.471177,7.909878,-0.005755,0.0,14.415345
-0.459016,0.262295,-0.983607,1.060305,1.060301,-0.760652,2.760665,3.67214,4.731156,6.316073,-0.004697,1.0,14.568191
0.0,0.331565,-0.397878,-1.114754,-1.114751,0.530505,3.249342,4.535813,5.368042,7.010615,-0.004708,-1.0,14.405792
2.03666,2.03666,-0.067889,-2.320955,-2.320948,2.226744,4.643582,6.444895,7.311608,8.88255,-0.005191,-1.0,14.071441
0.405405,0.810811,-0.337838,0.475221,0.475225,1.283776,3.08783,5.22522,6.249994,7.681074,-0.004967,0.0,14.138312
-0.535834,0.736772,-0.87073,0.878378,0.878372,0.187541,1.245813,3.773164,4.758875,6.12726,-0.004323,1.0,14.262499
1.424695,1.696065,-0.474898,-1.272605,-1.272603,0.786973,1.729982,4.473087,5.64111,6.841245,-0.004701,-1.0,14.080994
-1.857996,0.199071,-1.857996,2.238806,2.238791,-1.433299,-0.418039,1.734142,3.095566,4.063716,-0.004376,1.0,14.396238
0.066534,0.465735,-0.598802,-0.265428,-0.265424,-0.771784,-0.292742,1.446004,3.047246,3.981379,-0.004748,0.0,14.358027
1.010782,1.212938,-0.202156,-1.264138,-1.264122,0.55255,0.781661,2.057492,3.844331,4.881393,-0.004965,-1.0,14.176524
1.85567,1.924399,-1.099656,-1.954178,-1.954196,2.03437,2.419251,3.271485,5.371144,6.402759,-0.005479,-1.0,13.899487
0.0,0.206754,-0.964852,-0.274914,-0.274909,1.998621,2.191595,2.894557,5.096489,6.252244,-0.004709,0.0,13.861276
-1.635992,0.204499,-1.976823,1.102688,1.102691,0.34083,0.797546,1.64508,3.466259,4.793457,-0.003628,1.0,14.014123
0.825877,1.10117,-0.344116,-0.954329,-0.95433,0.619409,1.631109,2.298694,3.857538,5.398489,-0.004083,-1.0,13.880382
-0.136893,0.684463,-0.752909,0.550585,0.550576,-0.2464,0.944567,1.496701,2.686527,4.33403,-0.004271,1.0,13.956804
-0.883753,0.067981,-1.087695,0.684463,0.684491,-0.707018,0.108752,0.634472,1.434381,3.238597,-0.002997,1.0,14.052337
-0.067935,0.611413,-0.475543,0.067981,0.06796,-0.489126,0.027176,0.326091,0.947694,2.779896,-0.002225,0.0,14.061887
-1.445466,0.591327,-1.576873,3.396739,3.396749,-3.035484,-3.160321,-2.908459,-2.2799,-0.825234,-0.001557,1.0,14.539534
0.858653,0.924703,-0.726552,-0.525624,-0.525622,-1.71731,-2.575964,-2.21489,-1.796572,-0.605026,-0.002579,-1.0,14.463111
-0.19802,0.39604,-0.330033,0.06605,0.066037,-1.069297,-2.435638,-2.125407,-1.85808,-0.992733,-0.002009,0.0,14.472662
-0.1321,0.594452,-0.462351,-0.066007,-0.065993,-0.435937,-1.981512,-1.968303,-1.776757,-1.244393,-0.002074,0.0,14.463111
-0.655308,0.131062,-1.376147,0.792602,0.792589,-0.511133,-2.260806,-2.512009,-2.545865,-2.201829,-0.001673,1.0,14.577744
-0.065746,0.460224,-0.657462,-0.327654,-0.327657,-0.197231,-1.584475,-2.130169,-2.182766,-1.811957,-0.002214,0.0,14.529979
-0.131492,0.328731,-0.394477,0.0,0.0,-0.105189,-1.137402,-2.051274,-2.024975,-1.819847,-0.002384,0.0,14.529979
-0.972132,0.324044,-1.360985,1.446417,1.44643,-1.166565,-2.015558,-3.192919,-3.217762,-3.144528,-0.001822,1.0,14.740145
-0.898012,0.384862,-1.026299,1.036941,1.036937,-1.603596,-2.456704,-3.741715,-3.999359,-4.010264,-0.000641,1.0,14.892991
-1.515152,0.252525,-1.515152,1.603592,1.603593,-2.424246,-3.289143,-4.70118,-5.1673,-5.376264,0.002074,1.0,15.131814
-0.879397,0.125628,-1.193467,0.505051,0.505055,-2.022618,-3.335433,-4.656622,-5.37689,-5.640709,0.001579,0.0,15.208238
0.641437,1.475305,-0.256575,-2.072864,-2.07287,0.538809,-1.000643,-2.185161,-3.194355,-3.422707,0.00109,-1.0,14.892991
0.972763,1.55642,-0.259403,-1.090443,-1.090439,1.63424,0.265885,-0.756596,-1.939044,-2.19715,0.000828,-1.0,14.730592
0.129534,0.712435,-0.712435,0.129702,0.129696,1.308294,0.330312,-0.569946,-1.777848,-2.191708,0.000507,0.0,14.749697
0.13089,0.196335,-0.65445,-1.036269,-1.036265,1.636125,1.393977,0.715531,-0.497384,-1.026181,0.000534,-1.0,14.596851
-2.052598,0.192431,-2.116742,2.028796,2.028794,-0.80821,-0.378447,-1.128929,-2.180885,-2.860808,0.002034,1.0,14.892991
-0.127796,0.255591,-1.341853,0.384862,0.384845,-1.111807,-0.479217,-1.29072,-2.198067,-3.074745,0.002003,0.0,14.950306
0.707395,0.771704,-0.321543,-0.638978,-0.63897,-0.308678,0.23795,-0.484452,-1.266873,-2.268803,0.00148,-1.0,14.854778
1.165049,1.165049,-0.064725,-0.643087,-0.579147,0.297842,0.73773,0.233212,-0.449189,-1.464066,0.001719,-1.0,14.768747
-1.086957,0.063939,-1.662404,1.229773,1.229766,-0.447681,-0.607424,-0.818287,-1.361415,-2.369718,0.001371,1.0,14.950368
0.451904,1.355713,-0.322789,-0.959079,-0.95908,0.400177,0.08407,0.266874,-0.31592,-1.210113,0.001132,-1.0,14.806982
-0.129282,0.129282,-1.228184,-0.129116,-0.129095,0.310264,0.142353,0.512742,-0.077262,-0.836948,0.001523,0.0,14.787867
0.194679,0.778715,-0.908501,-0.387847,-0.387859,0.53212,0.532221,0.899747,0.399328,-0.240742,0.002063,0.0,14.730511
0.326158,0.587084,-0.130463,-0.519143,-0.519147,0.900197,0.991576,1.31759,0.988413,0.4441,0.001979,-1.0,14.654038
-0.390371,0.520494,-0.520494,0.260926,0.260931,0.28627,0.793691,0.854466,0.764565,0.354316,0.001689,0.0,14.692275
-1.410256,0.320513,-1.410256,1.496422,1.496412,-1.051274,-0.679525,-0.76486,-0.592922,-1.025313,0.002534,1.0,14.912132
-0.44164,1.135653,-0.567823,1.602564,1.602568,-2.132491,-2.113563,-2.216511,-1.955882,-2.404795,0.002897,1.0,15.151109
0.249526,1.247654,-0.187155,1.135653,1.135659,-2.457901,-2.907059,-3.056714,-2.866582,-3.278678,0.003052,1.0,15.323174
0.313676,0.376412,-0.690088,-0.561453,-0.561457,-1.141781,-2.051443,-2.296076,-2.20521,-2.529368,0.002835,-1.0,15.237141
1.540436,1.604621,-0.385109,-2.258469,-2.258468,1.412066,0.173299,0.094097,-0.025682,-0.192483,0.000885,-1.0,14.893015
0.128205,0.576923,-0.384615,0.12837,0.128362,1.282058,0.115392,-0.025664,-0.25313,-0.217926,0.001111,0.0,14.912132
-0.712435,0.582902,-1.23057,-1.025641,-1.025635,1.800519,1.133419,0.924006,0.735181,0.878198,0.000734,-1.0,14.759188
0.06502,0.325098,-0.520156,-0.388601,-0.388599,1.352403,1.50845,1.248372,1.118383,1.261315,0.000623,0.0,14.701834
0.32113,0.642261,-0.32113,1.235371,1.235376,-0.359673,0.423885,0.064218,-0.07063,0.02306,0.000776,1.0,14.883457
-0.379507,0.253004,-0.948767,1.541426,1.541416,-1.581276,-0.822263,-1.383089,-1.416852,-1.50032,0.00142,1.0,15.112873
0.967118,0.967118,-0.515796,-1.897533,-1.897528,0.206317,1.038038,0.532987,0.467415,0.301792,0.000766,-1.0,14.826102
1.644737,1.842105,-0.460526,-1.998711,-1.998718,1.934216,2.671058,2.464917,2.371714,2.247435,-0.000422,-1.0,14.52977
-1.420271,0.064558,-1.549387,1.907895,1.90789,0.167859,0.400267,0.581029,0.439001,0.353825,-0.000122,1.0,14.806982
-0.64433,0.193299,-1.030928,0.193673,0.193679,-0.090206,-0.064431,0.468216,0.2674,0.183014,-0.000608,0.0,14.83566
0.451031,0.64433,-0.322165,0.0,0.0,-0.463917,-0.103091,0.532649,0.22874,0.247402,-0.000782,0.0,14.83566
0.0,0.708763,-0.064433,0.0,0.0,-0.451032,-0.154637,0.498285,0.238405,0.231944,-6.7e-05,0.0,14.83566
-0.384123,0.128041,-0.448143,0.64433,0.644339,-0.550585,-0.678624,-0.243284,-0.35532,-0.41486,0.000531,1.0,14.931252
0.0,0.256575,-0.256575,-0.192061,-0.192067,-0.230918,-0.352791,-0.239471,-0.105838,-0.210392,0.00042,0.0,14.902574
0.580645,0.709677,-0.258065,-0.577293,-0.577283,0.322572,0.180634,0.150527,0.529021,0.381924,0.000578,-1.0,14.816544
1.173403,1.238592,0.0,-1.032258,-1.032258,1.134284,0.919156,1.09082,1.567786,1.350707,-0.000477,-1.0,14.663599
-0.962773,0.577664,-1.732991,1.564537,1.564527,-0.346593,-0.590501,-0.474968,-0.003209,-0.18742,-7e-05,1.0,14.893015
1.245902,1.967213,0.0,-2.1181,-2.11808,1.324578,1.593424,1.595609,1.963915,1.914734,-0.000581,-1.0,14.577569
1.335113,2.736983,-0.934579,-1.770492,-1.770508,2.336453,3.084112,3.248774,3.451265,3.636846,-0.000991,-1.0,14.319472
0.13289,0.465116,-0.465116,0.46729,0.467287,1.262464,2.292362,2.538206,2.674419,3.080398,-0.001254,0.0,14.386385
0.066667,1.333333,-0.666667,-0.332226,-0.332217,1.146664,2.286662,2.519992,2.823324,3.325324,-0.001038,0.0,14.338591
-0.394737,1.052632,-0.394737,1.333333,1.333318,-0.684199,0.730274,1.035095,1.338823,1.860533,-0.000534,1.0,14.52977
2.116402,2.116402,-0.198413,-0.526316,-0.526306,-0.33069,0.93254,1.534389,1.769177,2.206346,-0.000582,-1.0,14.453299
-0.789474,0.0,-1.381579,0.529101,0.52909,-0.565783,0.144747,0.872815,1.174349,1.450006,-0.00022,0.0,14.52977
0.262812,0.328515,-0.459921,0.131579,0.131592,-0.473067,-0.170831,0.608844,0.926406,1.127457,-0.000265,0.0,14.54889
-0.197239,0.591716,-0.394477,-0.065703,-0.065709,-0.131493,-0.190661,0.539122,0.79553,1.096647,-0.000803,0.0,14.53933
0.0,0.262295,-0.327869,0.262985,0.263004,-0.327883,-0.668867,0.157362,0.445884,0.739654,-0.001265,0.0,14.577569
-0.391645,0.0,-0.391645,0.459016,0.459,-0.522191,-1.077023,-0.430808,0.026109,0.248041,-0.001499,0.0,14.64448
0.788436,1.248357,-0.525624,-0.652742,-0.652737,0.157688,-0.269385,0.061321,0.594609,0.864647,-0.00153,-1.0,14.54889
-1.100324,0.0,-1.165049,1.51117,1.51116,-1.035591,-1.49514,-1.449831,-0.925561,-0.667957,-0.00023,1.0,14.768747
0.453074,1.294498,-0.064725,0.0,0.0,-0.724912,-1.203879,-1.402367,-0.948214,-0.761161,-0.000274,0.0,14.768747
-0.708763,0.708763,-0.966495,0.453074,0.453072,-0.824737,-1.443291,-1.872844,-1.394966,-1.206179,0.000235,0.0,14.83566
-2.908416,0.371281,-3.341584,4.123711,4.123713,-3.712869,-4.702965,-5.383658,-5.133038,-4.881183,0.001791,1.0,15.44744
0.185995,0.991953,-0.49597,-0.18565,-0.185629,-2.405466,-3.94917,-4.73239,-4.789219,-4.545575,0.001301,0.0,15.418765
-0.122781,0.675255,-0.552486,0.991953,0.991934,-2.332723,-4.235728,-5.160632,-5.481891,-5.294047,0.001112,1.0,15.571709
0.061237,0.796075,-0.061237,0.245543,0.245548,-1.494183,-3.784445,-4.84997,-5.410287,-5.327617,0.001851,0.0,15.609945
1.049383,1.172827,-0.370383,-0.796075,-0.796076,0.135799,-2.425931,-3.674901,-4.45988,-4.400004,0.002266,-1.0,15.485678
0.562149,0.562149,-0.124922,-1.172846,-1.172851,1.136798,-0.836971,-2.161142,-3.088688,-3.168012,0.001203,-1.0,15.304054
-0.248608,0.310746,-0.435053,0.499688,0.499691,0.584217,-0.789308,-2.278844,-3.225603,-3.525167,0.001309,0.0,15.380527
-0.799023,0.061469,-1.290725,1.118707,1.1187,-0.553158,-1.382905,-2.929718,-3.921318,-4.403186,0.001695,1.0,15.552589
1.055901,1.118019,-0.372665,-1.044868,-0.739806,-0.035332,-0.214674,-1.818348,-2.849294,-3.490151,0.001439,-1.0,15.43753
-0.062079,0.993166,-0.434513,0.062118,0.062102,-0.1473,0.119235,-1.504003,-2.612657,-3.406565,0.001239,0.0,15.447117
0.18726,0.31211,-0.749064,-0.558665,-0.558661,0.487582,0.625314,-0.639758,-1.770134,-2.659943,0.001112,-1.0,15.36082
-0.978587,0.12233,-1.223242,2.059925,2.059923,-1.162077,-1.24078,-2.165367,-3.386786,-4.278172,0.002022,1.0,15.677241
0.681543,0.743501,-0.247825,-1.28441,-1.284403,0.024787,-0.017729,-0.587808,-1.830241,-2.751122,0.001935,-1.0,15.475882
-1.2225,0.244493,-1.40588,1.363086,1.363102,-1.002466,-1.313247,-1.534501,-2.784646,-3.715107,0.001865,1.0,15.686834
-1.508751,0.362094,-1.629457,1.283612,1.283567,-1.701847,-2.310567,-2.340716,-3.604207,-4.593332,0.003038,1.0,15.888185
-1.012507,0.238231,-1.072067,1.327707,1.327735,-2.07267,-3.09676,-3.350513,-4.415535,-5.434555,0.004107,1.0,16.099138
0.358417,1.135006,-0.71684,-0.297802,-0.297823,-1.314202,-2.389469,-2.799138,-3.66204,-4.772934,0.003843,0.0,16.051191
-0.239372,0.777983,-0.239372,-0.179217,-0.179214,-0.454803,-1.920987,-2.437092,-3.097853,-4.234099,0.003896,0.0,16.022425
-0.357788,0.954085,-0.536673,0.359072,0.359103,-0.322027,-1.872408,-2.591323,-3.036869,-4.193524,0.00356,0.0,16.079962
-0.938979,0.645534,-0.997653,1.610024,1.610016,-1.349779,-2.881469,-3.786652,-4.11325,-5.280394,0.004296,1.0,16.338852
1.179935,1.297929,-0.412991,-0.528169,-0.528201,-0.637155,-1.817093,-2.886688,-3.356398,-4.381656,0.003932,-1.0,16.25255
0.352314,0.822073,-0.234885,0.471976,0.471987,-0.763355,-1.879032,-2.955563,-3.531609,-4.394725,0.004049,0.0,16.32926
0.0,0.879777,-0.11729,0.117428,0.117446,-0.480936,-1.460412,-2.744868,-3.407219,-4.120372,0.004112,0.0,16.348438
-0.349237,0.058213,-1.222357,0.762469,0.762477,-0.756706,-1.72877,-3.061712,-3.876157,-4.43205,0.004284,1.0,16.473091
1.839763,1.958457,0.0,-1.920838,-1.92086,0.96143,0.362026,-0.870417,-1.78594,-2.233322,0.003464,-1.0,16.156666
-0.704645,0.117428,-0.82209,1.068255,1.068253,-0.01174,-0.557836,-1.522798,-2.510108,-3.050669,0.004057,1.0,16.32926
-0.587889,0.23515,-0.764262,-0.117446,-0.117427,0.082299,-0.282194,-1.148351,-2.11053,-2.718096,0.003496,0.0,16.310085
0.175959,0.351918,-0.469208,0.23515,0.235149,-0.152492,-0.316714,-1.024438,-2.096774,-2.756274,0.003577,0.0,16.348438
1.486326,1.605232,-0.118912,-1.348968,-1.348967,0.784773,1.076093,0.511287,-0.544002,-1.298088,0.002955,-1.0,16.127903
-0.118472,0.651665,-1.481043,0.356712,0.356699,0.462097,0.622048,0.276473,-0.669419,-1.475971,0.001656,0.0,16.185431
-1.041064,0.057825,-1.33026,2.428922,2.428944,-1.619449,-1.567399,-1.908638,-2.657625,-3.504807,0.002558,1.0,16.578566
0.462695,0.694037,-0.40487,0.0,0.0,-1.29556,-1.41702,-1.696567,-2.38579,-3.21575,0.002216,0.0,16.578566
1.777257,1.895747,0.0,-2.371324,-2.371345,0.900491,0.876793,0.758309,0.204397,-0.708517,0.001314,-1.0,16.185431
-1.401881,0.0,-2.33646,1.421813,1.421828,-0.163559,-0.572441,-0.517924,-0.978402,-1.862162,0.002078,1.0,16.41556
2.712483,3.134424,-0.241115,-3.0958,-3.095813,2.676324,2.447266,2.479411,2.191085,1.388794,0.001415,-1.0,15.907365
0.242718,1.759709,-0.728149,-0.66305,-0.663033,2.378634,2.797322,2.973291,2.779114,2.177173,0.001014,-1.0,15.801894
0.487805,1.646341,0.0,-0.485437,-0.485461,1.792694,2.926844,3.219526,3.176842,2.687818,0.000461,0.0,15.725182
-0.060533,0.665854,-0.968517,0.731707,0.731712,0.617441,1.858363,2.255861,2.369864,2.033906,0.000969,1.0,15.840245
2.982234,3.045685,-2.093909,-4.600484,-4.600472,3.743647,6.097712,6.58629,6.986036,6.802024,-0.000639,-1.0,15.111519
-2.922886,1.057214,-3.482587,2.030457,2.030458,1.044771,3.488803,4.145933,4.558452,4.55472,0.000254,1.0,15.418352
0.246767,1.233813,-0.308445,0.808451,0.808446,-0.098702,1.992604,2.973481,3.491679,3.573109,-0.000178,1.0,15.543001
-0.368998,0.430504,-0.615006,0.308458,0.30846,-0.578109,1.045507,2.349322,2.936653,3.136529,0.000371,0.0,15.590945
-1.024096,0.060247,-1.746994,2.091021,2.091034,-2.518083,-1.192785,0.072276,0.692757,0.997576,0.000622,1.0,15.916957
1.158537,1.829274,-0.182921,-1.204819,-1.204847,-0.548767,-0.426817,1.121965,1.68294,2.139038,-0.000236,-1.0,15.725182
-0.120482,0.783133,-0.481928,1.219512,1.219541,-1.120494,-1.620496,-0.208848,0.382516,0.802394,-0.000273,1.0,15.916957
-0.538278,0.0,-0.956938,0.722886,0.722889,-1.220102,-2.183026,-1.152323,-0.430633,0.023912,7.9e-05,1.0,16.032019
0.542495,0.602779,-0.542495,-0.777506,-0.777532,-0.04821,-1.301981,-0.659024,0.223034,0.701636,-0.000127,-1.0,15.907365
-1.071417,0.0,-1.130941,1.265817,1.265829,-1.059521,-2.369044,-1.932537,-1.104164,-0.616665,0.000185,1.0,16.108725
-1.294879,0.176574,-1.648034,1.130958,1.130927,-1.47143,-2.73688,-3.08022,-2.160069,-1.772783,2e-05,1.0,16.290903
-0.411051,0.528479,-1.115684,0.235438,0.23545,-1.197884,-2.40751,-3.135637,-2.345852,-1.961237,0.000283,0.0,16.32926
0.058275,0.349645,-0.34965,0.763353,0.763372,-1.433579,-2.593246,-3.60529,-3.123548,-2.673665,0.000384,1.0,16.453913
-0.521135,0.463231,-0.984366,0.641026,0.641015,-1.273887,-2.628832,-3.883416,-3.746377,-3.233347,0.000564,1.0,16.559385
0.058106,0.522952,-1.104004,-0.347429,-0.347422,-0.453228,-1.93492,-3.281035,-3.31493,-2.858799,0.000182,0.0,16.501854
-0.11534,0.173016,-0.749717,0.755381,0.755364,-0.795838,-2.128016,-3.39868,-3.976342,-3.467114,0.001105,1.0,16.626503
-0.115213,0.230409,-0.460829,0.115346,0.115358,-0.52996,-1.803002,-3.018437,-3.865211,-3.467744,0.000776,0.0,16.645683
-0.28803,0.115196,-0.806463,0.0,0.0,-0.299546,-1.434339,-2.576809,-3.611755,-3.451616,0.000816,0.0,16.645683
-0.057571,0.172706,-0.403005,0.057604,0.057607,-0.241803,-1.042036,-2.206876,-3.388031,-3.48878,0.000755,0.0,16.655272
0.288689,0.808308,-0.115479,-0.287858,-0.287861,0.173211,-0.456122,-1.647421,-2.878173,-3.108543,0.001121,0.0,16.607328
-0.28919,0.057825,-1.272418,-0.173204,-0.173189,0.289171,-0.109909,-1.133622,-2.267225,-2.901118,0.000938,0.0,16.578566
0.406516,0.464576,-0.580709,-0.40487,-0.404884,0.534273,0.406511,-0.491671,-1.538902,-2.36004,-3.9e-05,0.0,16.511442
0.175035,0.64178,-0.233366,-0.464576,-0.464563,0.746789,0.863471,0.136126,-0.808057,-1.750298,-0.000199,0.0,16.434736
-0.175547,0.292563,-0.702171,-0.291709,-0.29173,0.713877,1.053256,0.624153,-0.275007,-1.301338,0.000518,0.0,16.386791
-0.408396,0.466744,-0.466744,0.292563,0.292583,0.210032,0.717614,0.462847,-0.408408,-1.44458,0.000129,0.0,16.434736
0.527556,0.527556,-0.293077,-0.466744,-0.466761,0.410325,1.025804,0.961323,0.252062,-0.677598,0.001035,0.0,16.358025
-0.2353,0.058824,-1.0,-0.351694,-0.351668,0.505864,1.17057,1.305862,0.723508,-0.110609,0.001143,0.0,16.300499
0.175228,0.408878,-0.350479,0.705888,0.705874,-0.221971,0.321253,0.580207,0.134333,-0.598142,0.001553,1.0,16.41556
-0.116414,0.582078,-0.582072,0.350461,0.350466,-0.465661,-0.139704,0.194015,-0.043667,-0.731093,0.001422,0.0,16.473091
0.760234,0.935673,-0.116959,-0.465658,-0.465669,-0.046777,0.198835,0.619885,0.511696,-0.149708,0.002848,0.0,16.396381
0.058445,0.233776,-0.409117,0.058485,0.05847,-0.04674,0.035078,0.471471,0.488029,-0.042071,0.002168,0.0,16.405968
0.17605,0.645534,-0.058685,-0.409117,-0.409095,0.41079,0.340366,0.758988,0.903744,0.471818,0.001748,0.0,16.338852
0.774264,0.893389,-0.357362,-1.467136,-1.467141,1.512801,1.625963,2.032951,2.296003,1.984506,0.001136,-1.0,16.099138
-1.632647,0.0,-1.690956,2.144127,2.144121,-0.653056,-0.472295,-0.194356,0.113708,-0.025652,0.001154,1.0,16.444323
-1.098907,0.057825,-1.33026,0.816332,1.111119,-1.467339,-1.450357,-1.283226,-0.948805,-0.999587,0.001953,1.0,16.627039
0.174323,0.755381,-0.464846,-0.462707,-0.462698,-0.835127,-0.87619,-0.835807,-0.511447,-0.476738,0.001372,0.0,16.550106
-1.527149,0.169678,-1.866516,2.730976,2.730961,-2.691113,-3.098614,-3.279566,-3.051403,-2.964135,0.002065,1.0,17.002083
0.0,1.189134,-0.849377,-0.113122,-0.113127,-1.540195,-2.654831,-2.954861,-2.842337,-2.729656,0.002294,0.0,16.982849
-2.164004,0.170849,-2.220951,-0.566257,-0.566254,-0.455572,-1.85555,-2.204859,-2.220526,-2.098194,0.001662,-1.0,16.886683
0.57538,1.726128,-0.057526,-1.025057,-1.025056,0.678946,-0.649307,-1.080795,-1.176063,-1.033579,0.000919,-1.0,16.713585
-0.171712,1.030344,-0.171712,0.517837,0.517872,0.457901,-0.926541,-1.414989,-1.619264,-1.502116,0.001016,0.0,16.80014
1.984822,1.984822,0.0,-1.946194,-1.946228,1.809698,1.121464,0.611663,0.321837,0.411037,8.2e-05,-1.0,16.473171
2.670617,2.729964,-0.534125,-1.634554,-1.634537,2.540047,2.866456,2.196447,1.917658,1.970512,-0.000703,-1.0,16.203911
0.119623,2.811017,-0.777506,-0.771519,-0.771524,2.332537,3.438993,2.827605,2.614345,2.619968,-0.000849,-1.0,16.078894
-2.259554,0.057937,-2.549247,3.229671,3.229662,-1.008105,0.1854,-0.308423,-0.546829,-0.592822,4e-06,1.0,16.598188
-0.342282,0.0,-1.083862,1.564316,1.564339,-2.464368,-1.175154,-1.665218,-1.930407,-2.05767,0.000504,1.0,16.85784
-0.737804,0.454029,-0.737804,0.513406,0.513393,-2.40636,-1.713973,-1.92924,-2.241318,-2.455727,0.000681,0.0,16.944387
-0.338786,0.112936,-0.903444,0.510772,0.510765,-1.931101,-2.185199,-2.062859,-2.557434,-2.811391,0.000837,0.0,17.030933
-0.557724,0.334635,-0.836581,1.242242,1.242251,-1.78472,-3.179035,-2.955948,-3.529949,-3.805392,0.001365,1.0,17.2425
-0.055623,0.667408,-0.333704,0.278862,0.278863,-1.256952,-3.114576,-2.969976,-3.53964,-3.874906,0.001521,0.0,17.290583
0.222469,0.389316,-0.166846,0.0,0.0,-0.756399,-2.830928,-2.684473,-3.283831,-3.659168,0.00166,0.0,17.290583
-0.773065,0.441745,-1.104368,0.723031,0.723024,-0.927666,-2.987301,-3.224743,-3.66896,-4.09462,0.00207,1.0,17.415598
-0.496404,0.275792,-0.661881,0.110425,0.110441,-0.573638,-2.388312,-3.158678,-3.392178,-3.966575,0.002208,0.0,17.434832
1.676926,1.788709,0.0,-1.323773,-1.323781,0.715488,-0.424815,-1.736537,-1.875352,-2.508301,0.001651,-1.0,17.204033
0.502793,0.726263,-1.22905,0.055903,0.0559,0.569834,-0.122903,-1.597766,-1.759781,-2.372857,0.001831,0.0,17.21365
2.359045,2.474108,-0.517825,-2.905034,-2.905049,2.888396,2.779077,1.311872,1.22844,0.621736,0.000951,-1.0,16.713585
3.321465,3.440095,-0.474496,-2.991933,-2.991931,4.578888,5.498226,4.329781,4.107358,3.694202,-0.000324,-1.0,16.213526
1.180626,1.416759,-0.413223,0.474496,0.474511,2.680035,4.545446,3.872482,3.403177,3.251463,-0.000282,0.0,16.290461
-0.751885,0.289179,-1.098907,2.066116,2.066105,-0.092541,2.058996,1.989592,1.231927,1.20532,0.000592,1.0,16.627039
2.355707,2.355707,-0.176673,-1.79295,-1.792953,0.647826,3.333343,3.741669,2.96232,2.979984,-4.7e-05,-1.0,16.328924
2.038369,2.098327,-0.119904,-1.766784,-1.766779,1.618707,4.412473,5.26779,4.577342,4.705038,-0.000515,-1.0,16.040428
2.249234,2.67476,-0.79028,-1.378891,-1.378903,2.541041,4.863231,6.265461,5.832838,5.869918,-0.000485,-1.0,15.819246
-0.249383,1.122182,-1.683298,-2.492401,-2.492394,4.039898,6.240648,8.287618,8.28554,8.172072,-0.002083,-1.0,15.424968
2.565789,3.684211,-0.328947,-5.236914,-5.236912,7.039475,10.342109,13.074569,13.769746,13.528956,-0.004272,-1.0,14.617176
-1.430429,0.130039,-2.6658,1.184211,1.184216,3.706108,7.412221,10.624188,11.827051,11.680106,-0.003705,1.0,14.790275
2.162516,2.42464,-0.393185,-0.780234,-0.780236,2.660549,6.867628,10.305812,11.962651,11.979033,-0.004915,-1.0,14.674876
-0.843608,1.038287,-1.687216,0.982962,0.982945,0.311499,4.886453,8.064045,10.155763,10.442591,-0.004537,1.0,14.819122
-3.356122,0.62151,-4.101927,4.412719,4.412738,-3.86576,-0.074585,2.651748,4.996893,5.586079,-0.00282,1.0,15.473051
1.970763,2.924355,0.0,-2.237415,-2.237426,-0.99173,1.220604,4.08562,6.700584,7.750808,-0.003238,-1.0,15.126853
-0.820189,0.504732,-0.946372,0.762873,0.762869,-1.148258,-0.258665,2.435343,5.220835,6.579198,-0.003154,1.0,15.242251
-0.511836,1.023672,-0.959693,-1.388013,-1.387997,0.716562,0.473443,3.130728,5.950094,7.59309,-0.002962,-1.0,15.030689
3.421053,3.486842,-0.131579,-2.75112,-2.751125,3.289473,2.493421,5.320177,7.990135,10.000005,-0.003347,-1.0,14.617176
-0.777706,0.388853,-1.490603,1.513158,1.513165,0.894354,0.57031,3.097855,5.505504,7.769278,-0.002559,1.0,14.838358
0.528053,2.112211,0.0,-1.814647,-1.814668,1.993412,2.396053,4.061621,6.551172,9.027083,-0.004298,-1.0,14.569091
-1.228978,0.194049,-2.199224,2.046205,2.046216,-0.556271,0.394568,1.319538,3.62549,6.188882,-0.004132,1.0,14.867206
-1.699182,0.251731,-1.762115,2.781371,2.78139,-2.920089,-1.925755,-1.753737,0.35241,2.789164,-0.00335,1.0,15.280721
0.0,1.329956,-0.253325,-0.629327,-0.629342,-1.557946,-1.063963,-1.410174,0.649148,2.852442,-0.003743,-1.0,15.184553
0.062617,0.751409,-0.438322,1.139962,1.139974,-1.991243,-2.254237,-2.550626,-0.788989,1.152152,-0.003778,1.0,15.357653
-1.15222,1.576713,-1.637362,3.256105,3.256116,-3.456653,-4.8757,-5.1021,-4.160116,-2.377216,-0.002752,1.0,15.857716
0.0,0.917431,-0.611621,-0.848999,-0.849006,-1.541287,-3.75536,-3.893997,-3.532122,-1.920501,-0.003044,-1.0,15.723083
0.852613,1.218033,-0.426309,0.428135,0.428129,-1.315467,-3.684533,-3.83273,-4.022539,-2.572477,-0.003146,0.0,15.790398
-0.18338,0.550122,-0.916883,-0.365402,-0.365418,-0.256711,-2.622242,-3.092904,-3.69804,-2.337403,-0.00331,0.0,15.732697
-1.559688,0.359928,-1.799634,1.894859,1.894869,-1.271739,-3.689259,-4.663066,-5.299939,-4.218355,-0.0022,1.0,16.030811
0.72245,1.083684,-0.421433,-0.359922,-0.359932,-0.770614,-2.462364,-3.965477,-4.533409,-4.036118,-0.002344,0.0,15.973111
-0.661449,0.300667,-1.563428,0.120397,0.120421,-0.553223,-1.876129,-3.768295,-4.272406,-4.235725,-0.0013,0.0,15.992346
1.533742,1.595092,-0.368092,-1.984366,-1.984374,1.312884,0.361969,-1.546008,-2.015336,-2.390182,-0.000953,-1.0,15.674998
0.0,1.048735,-0.801968,-0.552147,-0.552153,1.690321,1.178296,-0.583992,-1.224545,-1.907457,-0.001307,-1.0,15.588448
-1.465202,0.305256,-2.258846,1.048735,1.048751,0.280823,0.378506,-1.229147,-2.161179,-2.842498,-0.001658,1.0,15.751932
0.740735,0.740735,-0.61729,-1.098889,-1.098894,0.888878,1.314802,0.3004,-0.929026,-1.516063,-0.001419,-1.0,15.578835
-0.671545,1.037851,-0.793645,1.111099,1.111104,-0.525034,0.219775,-0.427353,-1.855927,-2.354097,-0.000426,1.0,15.751932
-0.727708,0.060643,-1.030928,0.671557,0.671562,-0.958167,-0.406322,-0.849013,-2.249863,-2.707112,0.000281,1.0,15.857716
2.369071,2.493765,-0.872824,-2.728921,-2.728943,1.608487,2.188281,2.036579,0.754366,0.179551,0.000199,-1.0,15.424968
-0.189753,0.442758,-1.201771,-1.433921,-1.433909,2.365593,3.130926,3.453507,2.340286,1.566091,0.001511,-1.0,15.203788
-1.374141,0.124928,-1.811368,1.265022,1.265007,0.849482,1.467844,1.961285,1.330429,0.367279,0.001539,1.0,15.396117
-0.062344,0.685779,-0.498759,0.187389,0.187391,0.236911,0.910227,1.64173,1.321698,0.226934,0.001872,0.0,15.424968
0.757576,0.883838,-0.505051,-1.246889,-0.938083,0.430313,1.607487,2.381678,2.281033,1.241383,0.00121,-1.0,15.280269
-0.5,0.187506,-1.5625,1.010101,1.010093,-0.561483,0.491751,1.229117,1.339237,0.440822,3.6e-05,1.0,15.434614
-1.356344,2.466104,-1.356344,1.374994,1.374974,-1.343883,-0.938411,-0.307479,0.057156,-0.714801,0.001282,1.0,15.646836
0.865795,0.989487,-0.309208,-0.308255,-0.308241,-0.77922,-0.619444,-0.159295,0.283472,-0.143815,0.000913,0.0,15.598606
1.583287,2.153255,0.0,-2.350031,-2.350031,1.355287,1.430916,1.910689,2.53569,2.355116,0.000581,-1.0,15.232034
-1.179398,0.31036,-1.489764,2.026605,2.026617,-0.322798,-0.78784,-0.171224,0.418634,0.388896,0.002229,1.0,15.540729
-0.248608,0.745799,-1.180858,-0.124153,-0.124164,-0.087011,-0.602352,-0.075903,0.475417,0.600515,0.001664,0.0,15.521433
-0.06215,0.372902,-0.932256,0.0,0.0,-0.248598,-0.397702,-0.174905,0.311329,0.642722,0.00229,0.0,15.521433
-0.12398,0.557967,-1.73589,0.248595,0.248598,-0.545561,-0.539362,-0.430515,-0.070167,0.316618,0.00167,0.0,15.560019
-0.124301,0.186457,-0.807955,-0.247979,-0.247982,0.074583,-0.229956,-0.281989,0.026559,0.514037,0.000625,0.0,15.521433
0.187735,0.750939,-0.438048,-0.683654,-0.683655,0.60075,0.54443,0.213107,0.630876,1.10861,0.000606,-1.0,15.41532
2.242152,2.306214,0.0,-2.315394,-2.315398,2.370278,2.677774,2.426148,2.840109,3.326049,-0.000585,-1.0,15.058394
-0.883838,0.568182,-1.262626,1.473414,1.473431,0.568171,0.94696,0.972251,1.192496,1.629244,-0.0012,1.0,15.280269
0.636132,1.017812,0.0,-0.757576,-0.757585,0.814249,1.431297,1.64122,1.828357,2.191761,-0.001168,-1.0,15.164508
0.768738,1.217168,0.0,-0.699746,-0.699752,0.909679,2.030756,2.195179,2.315641,2.663801,-0.001557,-1.0,15.058394
1.427644,1.55743,-0.064893,-1.28123,-1.281232,1.479565,2.90072,3.335503,3.309811,3.778404,-0.001873,-1.0,14.865461
-0.194553,0.77821,-1.037613,0.064893,0.064909,1.167308,2.399472,3.017716,3.057972,3.519266,-0.002504,0.0,14.87511
1.110385,1.175702,-0.261267,-0.713359,-0.713359,1.201822,2.625727,3.36163,3.651231,3.996821,-0.002626,-1.0,14.768997
-0.64433,0.579897,-0.773196,1.371653,1.37165,-0.425262,0.844067,1.683844,2.106954,2.427406,-0.002194,1.0,14.971576
0.71475,0.844704,-0.064977,-0.837629,-0.837627,0.129951,1.24106,2.369498,2.774522,3.048574,-0.001799,-1.0,14.84617
0.064893,0.324465,-1.038287,0.129955,0.129939,1.2e-05,0.739789,1.933817,2.50163,2.647851,-0.001564,0.0,14.865461
-0.707851,0.514801,-0.707851,0.843608,0.84362,-0.682111,-0.148007,0.845127,1.496135,1.673307,-0.001634,1.0,14.990869
-0.773694,0.580271,-1.096067,-0.19305,-0.193058,-0.232104,-0.167629,0.790891,1.463576,1.805315,-0.001322,0.0,14.961928
0.452781,1.228978,-0.064683,-0.322373,-0.322378,0.012944,-0.012928,0.827952,1.562105,2.005184,-0.001816,0.0,14.913694
-0.640615,0.832799,-0.704676,0.970246,0.970249,-0.666238,-0.973729,-0.345927,0.528513,0.927616,-0.001713,1.0,15.058394
-0.50923,0.318269,-1.145767,0.640615,0.640613,-0.91661,-1.413105,-1.094837,-0.238695,0.252075,-0.000552,1.0,15.15486
-0.19084,0.445293,-0.763359,0.063654,0.063663,-0.750642,-1.284989,-1.111112,-0.419849,0.117046,-3.5e-05,0.0,15.164508
-0.126582,0.379747,-0.379747,0.508906,0.508912,-0.886086,-1.474692,-1.6287,-1.01583,-0.49621,-0.000296,0.0,15.241682
0.379267,0.821745,-0.695322,0.126582,0.126574,-0.556258,-1.409609,-1.710914,-1.238937,-0.710492,-0.000317,0.0,15.260974
0.383632,1.342711,-0.319693,-1.1378,-1.137791,0.626592,-0.115099,-0.56693,-0.246172,0.393854,-0.000386,-1.0,15.087336
-0.949968,0.949968,-1.329956,0.959079,0.959069,-0.227988,-0.823305,-1.351064,-1.253956,-0.640911,-0.000403,1.0,15.232034
0.96401,1.22108,-0.385604,-1.456618,-1.456614,1.041132,0.655524,0.167093,0.189587,0.691514,-0.00138,-1.0,15.010162
0.32113,0.770713,-0.064226,0.064267,0.06427,0.680794,0.629411,0.214083,0.038531,0.493252,-0.001251,0.0,15.019809
0.645161,0.903226,-0.451613,-0.449583,-0.449573,0.722572,1.109665,0.658051,0.419342,0.784503,-0.000596,0.0,14.952284
-1.207116,0.571792,-1.58831,1.548387,1.548365,-0.68614,-0.349419,-0.728498,-1.070513,-0.841161,-0.000761,1.0,15.1838
0.191205,0.701083,-0.063735,-0.317662,-0.317661,-0.497124,-0.044606,-0.293174,-0.666022,-0.599101,-0.000828,0.0,15.135567
0.44757,0.703325,-0.191816,-0.318674,-0.31866,-0.076732,0.22378,0.068193,-0.27814,-0.273664,-0.000937,0.0,15.087336
0.449871,1.285347,0.0,-0.511509,-0.511515,0.424165,0.584833,0.604112,0.314909,0.167094,-0.0012,-1.0,15.010162
-0.447284,0.383387,-0.958466,0.578406,0.578408,0.038335,-0.102238,0.106494,-0.220451,-0.42684,-0.000915,1.0,15.096982
-2.377972,0.375476,-2.565707,2.108626,2.10862,-1.727156,-1.952437,-1.806421,-2.096368,-2.390485,4.8e-05,1.0,15.41532
0.439422,0.753289,-0.81607,-0.312891,-0.31289,-1.117385,-1.556808,-1.406149,-1.625862,-1.953545,0.000739,0.0,15.367087
-0.682812,0.248287,-1.179398,1.12995,1.12996,-1.638746,-2.315344,-2.346381,-2.548121,-2.87773,0.00062,1.0,15.540729
-1.82483,0.060827,-1.946472,2.048417,2.048405,-2.542578,-3.746959,-4.04704,-4.221413,-4.552313,0.001588,1.0,15.859066
0.428135,1.59022,-0.122324,-0.547451,-0.547453,-1.14984,-2.697242,-3.302745,-3.422012,-3.823848,0.00164,-1.0,15.772245
0.429711,1.227741,-1.28914,-0.366966,-0.366961,-0.405159,-2.001232,-2.680585,-2.857586,-3.248624,0.001956,0.0,15.714367
-0.061576,0.554187,-0.923645,-0.306943,-0.306955,0.283265,-1.360824,-2.19621,-2.395307,-2.746294,0.001828,0.0,15.666131
-0.79028,0.060778,-1.398188,1.29311,1.293121,-0.583592,-2.127663,-3.084097,-3.419456,-3.76657,0.002519,1.0,15.868713
-0.242565,0.606428,-0.363857,0.243155,0.243158,-0.764102,-1.801092,-2.947241,-3.444512,-3.762281,0.00213,0.0,15.907299
0.182587,0.304321,-0.486914,-0.363857,-0.363852,-0.304327,-0.967747,-2.215465,-2.906274,-3.174686,0.002294,0.0,15.84942
-0.182137,0.303588,-0.667869,0.243451,0.243454,-0.327871,-0.910748,-2.15746,-2.890105,-3.200973,0.002333,0.0,15.888006
0.060539,0.423729,-0.423723,0.303588,0.303575,-0.29055,-0.853505,-2.118638,-2.96307,-3.297815,0.002147,0.0,15.936238
1.039755,1.039755,-0.305817,-1.029056,-1.029057,0.623859,0.324164,-0.811411,-1.712532,-2.13822,0.001858,-1.0,15.772245
-1.211393,0.181714,-1.211393,0.978593,0.978592,-0.327069,-0.605688,-1.389051,-2.380369,-2.91459,0.002307,1.0,15.926591
-1.073345,0.059636,-1.132976,1.574803,1.574819,-1.466915,-1.896252,-2.472678,-3.515214,-4.19321,0.002515,1.0,16.177406
0.238955,0.657109,-0.657115,-0.178891,-0.178916,-0.967731,-1.451599,-1.995205,-3.043593,-3.758646,0.002233,0.0,16.148462
-0.119552,0.119546,-1.016145,-0.059737,-0.059727,-0.6575,-1.099816,-1.617847,-2.67483,-3.476384,0.00219,0.0,16.138817
-0.17911,0.298501,-0.298501,0.119546,0.119556,-0.298515,-1.038812,-1.480603,-2.459706,-3.307467,0.002056,0.0,16.158112
1.393939,1.393939,-0.424242,-1.492537,-1.492532,1.19999,0.466656,0.036353,-0.696979,-1.616979,0.001498,-1.0,15.916947
-1.075275,0.059737,-1.194737,1.454545,1.454519,-0.286727,-0.788517,-1.242518,-1.795086,-2.731168,0.002392,1.0,16.148462
0.299934,0.359928,-0.539892,-0.41816,-0.41812,0.04797,-0.251974,-0.675889,-1.175788,-2.099603,0.001917,0.0,16.080942
0.969697,1.030303,-0.181824,-1.019796,-1.01981,0.799996,0.763627,0.452516,0.015143,-0.894554,0.002067,-1.0,15.916947
0.181275,0.543807,-0.483384,0.303024,0.303017,0.253785,0.580065,0.18933,-0.154075,-0.974014,0.00215,0.0,15.965178
-1.196166,0.23924,-1.315784,1.02719,1.027192,-0.502388,-0.316982,-0.737637,-1.085524,-1.703347,0.002659,1.0,16.129171
-1.535735,0.531601,-1.535735,1.255987,1.559708,-1.74683,-1.72374,-2.045826,-2.418873,-2.899463,0.002663,1.0,16.380739
0.536353,1.191889,-0.35758,-0.885995,-0.886016,-0.677988,-0.791539,-1.027448,-1.386038,-1.82935,0.002467,-1.0,16.235603
-0.8726,0.930768,-1.279825,2.443385,2.443396,-2.186734,-2.861075,-3.109058,-3.447646,-3.866557,0.003419,1.0,16.632303
1.112412,1.4637,-0.17565,-0.639913,-0.639923,-0.878211,-2.012922,-2.181019,-2.626979,-3.008966,0.003375,-1.0,16.525869
-1.502022,0.231086,-1.790867,1.346598,1.346604,-1.455797,-2.818447,-3.153629,-3.669685,-4.085297,0.00364,1.0,16.748407
-1.137015,0.170557,-1.307555,1.617568,1.617563,-2.274015,-3.853707,-4.365455,-4.859386,-5.318984,0.00347,1.0,17.019323
0.743288,1.086335,-0.285872,-0.568505,-0.568483,-0.903388,-2.806665,-3.513719,-4.009759,-4.492077,0.003382,-1.0,16.922571
-0.228696,0.51458,-0.743276,0.0,0.0,-0.560333,-2.212415,-3.204958,-3.718334,-4.195091,0.002993,0.0,16.922571
-0.801368,0.171729,-1.259296,-0.114357,-0.114368,5e-06,-1.545502,-2.800258,-3.273549,-3.840589,0.002247,0.0,16.903217
-0.512821,0.05698,-1.02563,0.457928,0.457925,-0.182328,-1.49287,-2.825727,-3.404102,-4.026085,0.002594,0.0,16.980621
1.266546,1.324116,-0.403005,-1.02563,-1.025628,0.598732,-0.218774,-1.557742,-2.215973,-2.80377,0.002366,-1.0,16.806463
-0.172606,0.115081,-0.920598,0.057559,0.057549,0.414283,0.069059,-1.322899,-2.073694,-2.638902,0.002492,0.0,16.816135
0.640658,1.281299,-0.2912,-1.20828,-1.20828,1.26966,1.281311,0.16328,-0.733298,-1.285184,0.00163,-1.0,16.612949
-0.629639,0.343457,-0.686886,1.747228,1.747239,-0.469378,-0.234687,-1.186794,-2.217538,-2.712715,0.002148,1.0,16.903217
-0.62253,0.28296,-0.62253,1.144825,1.144812,-1.460097,-1.16015,-1.927928,-2.979262,-3.540097,0.002669,1.0,17.096727
0.228708,1.143516,-0.228696,-1.018676,-1.018651,-0.308766,-0.200128,-0.70518,-1.752067,-2.371259,0.002233,-1.0,16.922571
1.151405,1.439263,-0.115147,-0.686101,-0.686113,0.368444,0.420257,0.207246,-0.857472,-1.540181,0.001892,-1.0,16.806463
0.402068,0.631821,-0.34463,0.230276,0.23028,0.413552,0.143589,0.061261,-0.809739,-1.598667,0.002326,0.0,16.845165
1.420959,2.131445,-0.177608,-2.986795,-2.986804,2.818247,2.883371,3.066913,2.359394,1.475892,0.000959,-1.0,16.342033
0.352526,0.646293,-0.998825,0.769692,0.769696,1.269098,1.786132,2.166079,1.680376,0.834607,0.000681,1.0,16.467817
0.174222,0.522648,-0.75493,1.175082,1.17508,-0.220667,0.516846,0.836245,0.583631,-0.213391,0.001148,1.0,16.661327
0.763353,1.056947,-0.82209,-1.103357,-1.103369,0.493252,1.432773,1.781178,1.779221,0.996172,0.000788,-1.0,16.477491
-0.94451,0.413217,-1.357745,-0.528479,-0.528466,0.472247,1.835887,2.105464,2.246158,1.648285,0.000565,-1.0,16.390413
1.258232,1.437981,-2.09707,-1.475797,-1.475802,1.737566,2.893949,3.323346,3.660875,3.216298,0.000571,-1.0,16.148523
1.046154,1.538462,-0.184622,-2.636315,-2.636322,3.544624,4.806167,5.587704,6.141552,5.907706,-0.00084,-1.0,15.722796
0.303404,1.456305,-0.182033,1.415385,1.415378,1.201469,2.730599,3.754062,4.323442,4.320407,-0.000208,1.0,15.945333
0.59879,0.838317,-0.239527,1.334958,1.334974,-0.526954,0.976041,2.115763,2.712571,2.926942,0.000604,1.0,16.158199
-0.293778,0.176257,-0.705053,1.916162,1.916167,-2.30318,-1.151592,0.13709,0.643357,0.951818,0.00116,1.0,16.467817
-1.167537,0.11676,-1.576171,0.646293,0.646291,-2.416813,-1.646233,-0.638252,-0.102156,0.315241,0.001029,1.0,16.574247
-0.848411,0.961538,-1.074661,3.210747,3.21074,-3.83484,-4.332577,-3.725485,-3.173072,-2.721714,0.001598,1.0,17.106403
-0.222847,0.668518,-0.501393,1.527155,1.527159,-3.643458,-5.364909,-5.00279,-4.467972,-4.104739,0.002431,1.0,17.367645
-0.773486,0.331492,-1.160227,0.835649,0.835646,-2.895025,-5.558009,-5.521176,-5.06077,-4.764637,0.001876,1.0,17.512777
0.165557,0.607058,-0.220756,0.110503,0.110514,-1.788091,-5.01105,-5.364251,-4.903433,-4.730696,0.002135,0.0,17.532131
0.165935,0.497788,-0.331858,-0.220756,-0.22076,-0.519912,-4.032083,-4.71608,-4.524338,-4.384958,0.001594,0.0,17.493427
-2.276423,0.162596,-2.276423,2.046466,2.04646,-1.680216,-4.76423,-6.110211,-6.227643,-6.107319,0.001742,1.0,17.851423
1.15511,1.375138,-0.550055,-1.46342,-1.463424,0.033012,-2.414734,-4.363764,-4.645208,-4.534647,0.001434,-1.0,17.590181
1.564246,1.843575,-0.335196,-1.540154,-1.540143,1.374301,-0.21788,-2.543765,-3.005591,-2.925143,0.000903,-1.0,17.319267
-0.056593,0.62253,-0.962083,-1.284916,-1.284927,2.1845,1.448791,-0.999805,-1.66949,-1.548379,0.000499,-1.0,17.096727
-0.503345,0.055928,-1.56599,1.188449,1.188461,0.760626,0.676735,-1.718867,-2.547539,-2.612974,0.000751,1.0,17.299915
-1.156382,0.22027,-1.321586,1.566001,1.566008,-1.112346,-0.611243,-2.53305,-3.736244,-4.006617,0.001645,1.0,17.570833
0.386111,0.882526,-0.441258,-0.165204,-0.165217,-1.003853,-0.347482,-1.765022,-3.325972,-3.706556,0.001568,0.0,17.541803
0.838937,1.006711,-0.111846,-1.37893,-1.378923,0.357942,0.922821,0.048473,-1.736576,-2.246084,0.001509,-1.0,17.299915
0.787845,1.125487,-0.731576,-0.615207,-0.615205,1.091723,1.350585,0.94916,-0.894773,-1.559939,0.000694,-1.0,17.193485
-0.056169,0.730343,-0.505618,0.168818,0.168808,0.83147,1.022481,1.029972,-0.749991,-1.52134,0.000358,0.0,17.222509
0.335753,1.007264,-0.391729,0.39327,0.393276,0.111911,0.302174,0.705085,-0.685514,-1.716852,0.000845,0.0,17.290241
0.561488,0.954526,-0.224587,-0.335769,-0.335773,0.089844,0.432348,0.991959,0.022467,-1.253222,0.000965,0.0,17.232185
0.957746,1.802817,-0.84507,-0.336884,-0.33687,0.281679,0.687311,1.201866,0.656326,-0.757196,0.00077,0.0,17.174135
-0.94235,0.055421,-0.997783,1.633808,1.633806,-1.031054,-0.726177,-0.45456,-0.679061,-2.108662,0.002363,1.0,17.454727
0.337262,1.011793,-0.393491,-1.385809,-1.385802,0.348498,0.618307,0.835655,0.902172,-0.485687,0.00162,-1.0,17.212839
0.570782,0.742009,-2.853881,-1.517712,-1.517716,1.495432,1.803645,2.035759,2.41152,1.337888,0.000691,-1.0,16.951597
-0.340533,0.397276,-1.021566,0.570782,0.570766,0.703756,0.936439,1.244798,1.736663,1.021566,0.001269,1.0,17.048351
-0.734469,0.0,-0.903955,0.454029,0.45405,0.192083,0.378516,0.711846,1.163823,0.79094,0.001607,0.0,17.125759
-0.900388,0.225093,-1.181773,0.395475,0.395463,-0.506464,-0.01688,0.352655,0.666853,0.562744,0.002253,0.0,17.193485
0.169576,1.187106,-0.226122,-0.450191,-0.450205,-0.169576,0.373104,0.734887,1.011878,1.144156,0.003007,0.0,17.116079
0.515464,1.317308,-0.114536,-1.300181,-1.300169,1.076755,1.460492,1.794586,2.058998,2.426123,0.00207,-1.0,16.893541
2.811017,2.870826,0.0,-4.238259,-4.238247,4.473681,5.299043,5.737636,6.139348,6.665065,0.000148,-1.0,16.177551
0.621124,3.478261,0.0,-3.708128,-3.708145,6.50932,8.329203,9.072472,9.667708,10.275782,-0.001791,-1.0,15.577664
-1.76586,4.512753,-4.512753,-5.031056,-5.03105,8.907779,12.26946,13.769349,14.699149,15.377369,-0.003749,-1.0,14.793944
6.159902,6.159902,-0.065531,-0.196207,-0.196209,5.93709,10.832244,12.883359,14.066188,14.865007,-0.004924,0.0,14.764917
-1.556656,0.0,-4.483182,5.242457,5.242454,-1.083429,4.402252,6.508938,7.730397,8.547955,-0.003642,1.0,15.538961
-0.364976,0.060827,-2.12896,2.36614,2.366156,-3.710479,1.271273,3.49147,4.72626,5.615553,-0.003115,1.0,15.906637
0.244493,0.488998,-0.977995,-0.486618,-0.48664,-2.921756,0.947436,3.43114,4.773845,5.755506,-0.003321,0.0,15.829229
-0.0612,0.244792,-0.979192,-0.122255,-0.122261,-1.517735,0.195852,2.864155,4.464522,5.55938,-0.003287,0.0,15.809876
2.37484,3.016682,-0.770218,-4.651163,-4.651162,3.697058,3.729152,6.936259,8.8479,10.118117,-0.005596,-1.0,15.074533
-0.189274,0.063091,-1.766562,1.732991,2.060541,1.403529,0.654503,4.098509,6.031192,7.32664,-0.004381,1.0,15.38515
0.188206,1.568388,-0.439147,0.567823,0.567814,0.269836,-0.369475,2.831775,4.863886,6.185705,-0.003654,1.0,15.472509
0.894569,1.341853,-0.958466,-1.819322,-1.819324,1.287619,1.22219,3.888211,6.154324,7.598062,-0.003838,-1.0,15.191014
-1.237624,0.0,-1.608911,3.258786,3.258788,-2.066832,-1.403595,-0.031107,2.240382,3.81793,-0.003124,1.0,15.686057
2.955981,3.522006,-0.440252,-1.608911,-1.608913,3e-06,0.641991,0.876885,3.335852,5.051967,-0.004219,-1.0,15.433682
-1.059857,0.436409,-1.433921,0.880509,0.880516,-0.63592,-0.216779,-0.570501,1.990085,3.692984,-0.003859,1.0,15.569578
-0.311727,0.124676,-0.872824,0.0,0.0,-0.511229,-0.433264,-0.830826,1.515193,3.265841,-0.003383,0.0,15.569578
0.062657,0.689223,-0.37594,-0.498759,-0.498768,0.375947,-0.151899,-0.37062,1.496737,3.349134,-0.003343,0.0,15.491922
-1.655414,0.490497,-1.839356,2.192976,2.192982,-1.594107,-2.280804,-2.071611,-1.1114,0.72126,-0.002645,1.0,15.831657
0.122474,0.367416,-1.469688,0.12263,0.122634,-1.187999,-1.910597,-1.734741,-1.631551,0.254252,-0.002738,0.0,15.851072
2.71123,3.909206,-0.504414,-2.878138,-2.87814,1.513239,1.00252,1.114879,0.796781,2.820735,-0.003615,-1.0,15.394856
0.771208,0.96401,-0.385604,-1.891551,-1.891541,2.853459,2.705644,2.709953,2.384645,4.288103,-0.004151,-1.0,15.103656
-0.191083,0.318471,-0.828025,0.899743,0.899736,1.605093,1.821653,1.536115,1.360735,2.86307,-0.004404,1.0,15.239549
-0.513809,0.064226,-0.770713,-0.828025,-0.828023,1.502889,2.292866,2.076637,2.312707,3.171372,-0.004212,-1.0,15.113362
-0.763359,0.826972,-0.890585,0.963391,0.963399,-0.241737,1.20228,1.183193,1.49832,1.700078,-0.003356,1.0,15.258964
-0.064309,0.450161,-0.96463,-1.081425,-1.081443,0.450171,1.993576,2.160777,2.460552,2.335026,-0.003926,-1.0,15.093947
-0.062933,0.818125,-0.503461,2.186495,2.186512,-1.283832,-0.283206,-0.046161,0.111712,-0.050093,-0.003329,1.0,15.423978
2.06852,2.262443,-0.581771,-2.643172,-2.643183,1.098906,2.107308,2.589961,2.559005,2.513955,-0.004377,-1.0,15.016294
0.977199,1.172638,-0.651466,-0.775695,-0.775691,1.602607,2.28013,3.040172,3.055371,3.343785,-0.004489,-1.0,14.899814
-0.192555,0.12837,-1.668806,1.498371,1.498368,-0.07702,0.288836,1.382116,1.550065,1.912904,-0.003524,1.0,15.123068
-0.192926,0.578778,-1.221865,-0.192555,-0.19256,0.115763,0.282967,1.367638,1.649523,1.991594,-0.002129,0.0,15.093947
-1.950585,0.0,-4.876463,-1.093248,-1.093246,0.559171,1.274388,2.201999,2.591032,2.856976,-0.001227,-1.0,14.928933
-1.529637,0.637349,-1.593372,2.015605,2.015603,-1.147224,-0.732944,0.067991,0.576807,0.667325,0.001203,1.0,15.229841
-0.063735,0.828553,-0.764818,0.0,0.0,-0.713829,-0.656463,-0.195447,0.42703,0.514983,0.001271,0.0,15.229841
0.190476,1.142857,-1.142857,0.382409,0.382414,-0.876194,-1.015873,-0.821162,-0.003173,0.187938,-0.000405,0.0,15.288082
-0.190476,0.190476,-1.52381,0.0,0.0,-0.622225,-0.888888,-0.867723,-0.095237,0.16254,-0.001221,0.0,15.288082
1.091142,1.540436,-0.513479,-1.079365,-1.079364,0.718867,-0.006421,0.222508,0.84724,1.163029,-0.001426,-1.0,15.123068
0.515464,0.64433,-0.579897,-0.385109,-0.385107,0.889172,0.412367,0.532644,1.095359,1.520616,-0.001516,0.0,15.064828
-0.451031,0.451031,-0.773196,0.0,0.0,0.670101,0.521903,0.511166,0.840849,1.355668,8.8e-05,0.0,15.064828
0.831202,1.790281,-0.575448,0.773196,0.773192,-0.242965,-0.210998,-0.294117,-0.15345,0.511511,-0.000356,1.0,15.181308
-2.347134,0.555899,-2.903033,3.51663,3.516627,-3.088326,-3.205685,-3.417749,-3.443484,-2.865967,0.000661,1.0,15.715178
1.054591,1.054591,-0.558313,-0.432366,-0.432365,-1.997519,-2.326305,-2.903228,-2.850497,-2.424319,0.001139,0.0,15.647231
-0.867404,0.433705,-0.99132,0.124057,0.124067,-1.35068,-2.168524,-2.746798,-2.834571,-2.500618,5.8e-05,0.0,15.666644
-0.24692,0.555556,-0.61729,0.37176,0.371758,-0.876551,-2.216057,-2.757211,-3.000008,-2.888897,0.000741,0.0,15.724886
2.264151,2.452836,0.0,-1.851858,-1.851867,1.320762,-0.276723,-0.788255,-1.113202,-1.164773,-0.000201,-1.0,15.433682
-0.990099,0.247531,-0.990099,1.63522,1.635222,-0.346531,-1.627471,-2.132835,-2.515466,-2.680688,0.000362,1.0,15.686057
-1.392246,0.181592,-1.634383,2.227723,2.22773,-2.033901,-3.202181,-3.805492,-4.449156,-4.56901,0.001303,1.0,16.0355
0.060569,0.242271,-1.029679,-0.060533,-0.060522,-1.526358,-2.543924,-3.416124,-4.07633,-4.314973,0.000526,0.0,16.025795
0.0,0.426823,-0.609762,-0.666263,-0.666245,-0.621975,-1.353685,-2.479703,-3.112834,-3.470761,0.000254,-1.0,15.919024
-4.80324,0.1736,-4.80324,5.36586,5.365825,-4.085643,-5.42824,-6.855711,-7.55498,-8.025466,0.003096,1.0,16.773211
0.409596,2.047987,-0.702171,-1.099543,-1.099551,-1.930936,-3.850192,-5.297433,-6.076643,-6.642471,0.003369,-1.0,16.588781
2.383784,2.383784,-0.119195,-1.81392,-1.813931,0.190722,-1.680556,-3.071101,-3.924301,-4.705588,0.002434,-1.0,16.287872
-0.937861,0.468933,-1.113705,1.668641,1.668677,-0.808915,-2.754988,-4.060187,-5.099656,-5.896843,0.003295,1.0,16.559664
-0.989523,0.465658,-1.105937,0.703406,0.703396,-0.59372,-2.863798,-4.08615,-5.328874,-6.128061,0.003205,1.0,16.676144
1.704874,1.763663,-0.293951,-0.989523,-0.989527,0.082302,-1.240444,-2.590631,-4.012345,-4.853616,0.003237,-1.0,16.511129
-1.617551,0.346632,-1.617551,1.763663,1.763653,-1.398024,-2.287678,-3.847472,-5.225288,-6.095885,0.003091,1.0,16.802328
-0.612819,0.779939,-1.058501,3.697297,3.697303,-3.61003,-4.974931,-6.596102,-7.944291,-8.871312,0.005277,1.0,17.423561
1.979644,2.262443,-0.678739,-1.504184,-1.504164,-1.436666,-2.862005,-4.589003,-5.927616,-7.029426,0.005026,-1.0,17.161482
-1.232499,0.504207,-1.624655,0.961538,0.961502,-1.624634,-2.974773,-4.8814,-6.17085,-7.430794,0.004841,1.0,17.32649
1.352113,1.352113,-0.394366,-0.560224,-0.560212,-0.236617,-2.163377,-3.650697,-5.047881,-6.458585,0.004714,-1.0,17.229425
1.208975,1.496822,-0.115147,-2.140839,-2.140826,2.014956,0.138155,-1.078499,-2.630984,-4.03916,0.004353,-1.0,16.860573
-0.406988,0.639523,-0.639541,-0.978699,-0.978709,2.151162,1.372091,0.16279,-1.354652,-2.713955,0.00332,-1.0,16.695557
-1.721176,0.172111,-2.409639,1.337203,1.337212,0.516345,0.246696,-0.807041,-2.286291,-3.559384,0.003781,1.0,16.918812
0.459242,1.033295,-0.459242,-0.057372,-0.057374,0.080367,0.442017,-0.359743,-1.880025,-3.06774,0.00363,0.0,16.909105
-2.298206,0.168167,-2.298206,2.411022,2.411015,-2.17488,-1.457396,-2.49626,-3.646296,-4.856498,0.004461,1.0,17.316786
0.508762,0.90446,-0.395704,-0.840802,-0.840791,-0.983615,-0.40702,-1.443388,-2.396844,-3.710581,0.004543,-1.0,17.171188
0.90651,1.01983,-0.339943,-0.226122,-0.226123,-0.249293,-0.351278,-0.891411,-1.855527,-3.145613,0.004598,0.0,17.13236
0.858626,1.488271,-0.057241,-1.019836,-1.019836,0.824274,0.555239,0.286207,-0.569546,-1.843158,0.004247,-1.0,16.957638
-1.202055,0.572416,-1.259296,0.0,0.0,0.881514,0.337725,0.396872,-0.263308,-1.552374,0.00398,0.0,16.957638
0.40137,0.745407,-0.172024,-0.171712,-0.171722,0.596333,0.332572,0.733945,-0.045872,-1.029815,0.002708,0.0,16.928518
-0.114422,0.114416,-0.858124,0.229352,0.229353,0.125863,0.16591,0.568275,-0.163038,-0.954227,0.002936,0.0,16.967344
0.286862,0.860585,-0.057372,-0.286041,-0.286032,0.160638,0.585195,0.657867,0.309807,-0.461277,0.002795,0.0,16.918812
-1.628293,0.0,-1.852886,2.180143,2.180129,-1.594598,-1.347543,-1.441124,-1.619862,-2.293079,0.003418,1.0,17.287664
1.475584,1.532338,-0.397287,-1.066805,-0.788262,-0.58681,-0.422461,-0.726109,-0.699663,-1.229364,0.003785,-1.0,17.151392
2.196538,2.716769,-0.289012,-1.816129,-1.816138,1.146819,1.136268,0.955984,1.234744,0.613469,0.002595,-1.0,16.839899
-2.022461,0.168545,-2.359551,2.890174,2.890184,-1.279703,-1.614951,-1.700556,-1.457647,-2.042429,0.002824,1.0,17.326603
1.425313,1.482315,-0.570125,-1.460663,-1.460667,0.364871,-0.191034,-0.095863,-0.099445,-0.406324,0.002341,-1.0,17.073519
1.163455,1.570669,-0.349052,-1.995439,-1.995447,1.745203,1.706798,1.864161,1.806518,1.662873,0.001882,-1.0,16.732826
0.058485,1.637421,-1.345023,-0.523566,-0.523558,1.672513,2.054402,2.294595,2.137694,2.190507,-0.000148,-1.0,16.64522
-0.290703,1.220924,-1.39536,0.584801,0.584799,0.965114,1.349991,1.471207,1.39847,1.651665,0.000432,1.0,16.742561
1.434543,1.972499,-0.537962,-2.732564,-2.732557,2.522412,3.778277,3.959105,4.070382,4.380336,0.000116,-1.0,16.285061
-0.238089,0.535714,-1.785708,0.418404,0.418396,1.214295,3.000008,3.208317,3.532093,3.683621,-0.000316,0.0,16.353197
-2.296211,0.401837,-2.468427,3.690482,3.690496,-2.124003,-0.861087,-0.465381,-0.141589,-0.054934,0.000715,1.0,16.956711
-0.56338,0.16902,-2.929577,1.894374,1.894377,-3.211275,-2.630996,-2.1923,-1.89138,-1.924311,0.001709,1.0,17.277935
2.890174,3.06359,0.0,-2.535217,-2.535234,-0.578022,-0.098254,0.316771,0.519007,0.534289,0.000227,-1.0,16.839899
2.565638,3.042959,0.0,-3.121382,-3.121355,2.66108,2.499981,3.282025,3.495022,3.63948,-0.002125,-1.0,16.314266
0.058933,0.353577,-1.178545,1.252977,1.252959,1.591051,0.895703,1.84247,2.028564,2.314158,-0.001174,1.0,16.518677
-0.17565,0.17565,-1.346604,0.648209,0.648224,0.538631,0.181485,0.92114,1.271641,1.584698,-0.001282,1.0,16.625755
-1.038062,0.0,-1.384083,1.522248,1.522235,-1.441752,-1.182238,-0.699733,-0.270179,0.054354,-0.000564,1.0,16.878838
0.289519,0.636937,-0.289525,-0.403691,-0.403683,-1.077014,-0.741177,-0.308829,0.099002,0.339474,3.5e-05,0.0,16.810701
0.525394,0.583777,-0.875651,-0.81066,-0.810686,0.163478,0.303584,0.245206,0.829287,1.040391,9.3e-05,-1.0,16.674419
-0.173617,0.405087,-0.69445,0.875668,0.875677,-0.347219,-0.289348,-0.725307,-0.075231,0.089106,-6.6e-05,1.0,16.820433
0.879777,1.114375,-0.058639,-1.33103,-1.33103,0.961886,0.838723,0.559153,1.064529,1.352266,-0.000505,-1.0,16.596548
1.069519,1.426025,0.0,-1.290317,-1.29031,1.675575,1.61022,1.766687,2.150921,2.536667,-0.001782,-1.0,16.382401
