-1.332136,0.0449,-1.93085,2.281075,2.281066,-0.730417,0.501435,0.766367,1.476591,1.171696,0.000905,1.0,57.016388
-0.166039,0.362261,-0.649057,-0.838195,-0.838189,0.184153,1.07623,1.406797,2.193968,1.950194,-0.000856,-1.0,56.538483
0.186282,1.288423,-0.248364,-2.762267,-2.762262,2.489908,3.210183,3.889064,4.76638,4.672465,-0.002538,-1.0,54.976742
-1.095002,0.030853,-1.804439,0.651968,0.651958,1.061082,2.001864,2.983771,3.660566,3.932158,-0.002626,1.0,55.335167
-1.0123,0.04672,-1.432796,-0.971618,-0.971614,1.706898,2.485597,3.704517,4.25246,4.85844,-0.004268,-1.0,54.797523
-0.141443,0.487188,-0.282885,-0.903283,-0.903274,1.634439,2.932571,4.227558,4.760328,5.565295,-0.004217,-1.0,54.302551
-1.457166,0.752597,-1.649324,-1.854471,-1.85448,2.33787,4.309048,5.597013,6.267417,7.197443,-0.00482,-1.0,53.295521
1.419579,1.774476,-0.209713,-0.736588,-0.736593,2.313278,4.410392,5.608436,6.549451,7.561227,-0.004545,-1.0,52.90295
-1.556599,0.141511,-1.729557,2.597187,2.597195,-0.666665,1.18239,2.438157,3.577048,4.411955,-0.003253,1.0,54.276943
1.369863,1.752154,-0.207068,-1.289307,-1.28931,0.175218,2.099396,3.271746,4.593825,5.336738,-0.003051,-1.0,53.577145
-0.047413,0.505769,-0.758652,0.780505,0.780508,-0.714402,0.749168,2.107369,3.436858,4.142249,-0.002608,1.0,53.995319
-0.607024,0.782751,-0.638973,-1.058957,-1.058953,0.396163,1.244406,2.838123,4.107027,4.889457,-0.003581,-1.0,53.423534
2.366083,3.220504,-0.049292,-2.779548,-2.779547,2.895162,3.554049,5.197712,6.400748,7.401243,-0.005194,-1.0,51.938602
1.492799,1.818808,-0.171584,-4.239241,-4.239238,5.624566,7.01269,8.820627,10.247933,11.55044,-0.007982,-1.0,49.736801
-0.118805,0.45825,-1.527492,1.098145,1.098135,3.167014,4.952484,6.914464,8.319761,9.790231,-0.006887,1.0,50.282978
0.609967,1.307076,-1.394212,-2.613709,-2.61371,3.882889,6.680029,8.688277,10.412166,12.020218,-0.007568,-1.0,48.968727
-1.084332,0.413084,-1.600689,1.254787,1.254785,1.046481,4.609303,6.406204,8.364036,9.945621,-0.006406,1.0,49.583179
-0.086265,0.569362,-0.707384,-0.240962,-0.240945,0.289845,4.166656,5.920163,7.91838,9.437532,-0.006,0.0,49.463711
-0.325118,0.787137,-0.479122,0.828157,0.828149,-0.479126,2.428131,4.320099,6.272242,7.861053,-0.005721,1.0,49.873344
0.01734,0.728411,-0.659037,-1.334701,-1.334709,0.430112,2.925778,4.973991,7.045616,8.635455,-0.007191,-1.0,49.20768
0.328375,0.933289,-0.397511,0.346863,0.346867,0.248876,1.634981,3.946306,5.902176,7.646733,-0.005612,0.0,49.378365
0.708975,1.10669,-0.760856,-0.051848,-0.051847,0.207504,0.862872,3.467632,5.229116,7.137468,-0.006722,0.0,49.352764
-0.388832,0.70696,-1.254866,-2.161508,-2.16151,1.933545,2.334747,5.116059,6.86108,8.827146,-0.007353,-1.0,48.285999
-0.088778,0.266337,-1.171875,-0.45953,-0.459522,1.651274,2.459157,4.739579,6.598007,8.54829,-0.006256,0.0,48.064114
0.195001,1.02819,-0.141815,0.159801,0.159797,1.045915,1.850736,3.819654,5.736572,7.743307,-0.00649,0.0,48.140919
-0.732665,0.136311,-1.652748,4.041835,4.041838,-2.596694,-1.882775,-0.7338,1.208041,3.004257,-0.004103,1.0,50.086697
0.205978,1.441813,-0.2403,-0.732665,-0.732664,-1.730175,-1.131136,-0.497769,1.595433,3.215927,-0.004022,-1.0,49.71973
-1.246158,0.194205,-1.521287,6.059051,6.059041,-5.65787,-6.15957,-6.081887,-4.224791,-2.850944,-0.000253,1.0,52.732269
0.708637,1.318392,-0.263678,-1.796409,-1.796403,-2.495057,-4.073831,-4.100199,-2.713416,-1.348057,-0.000758,-1.0,51.784985
0.377792,0.591329,-0.147832,0.3296,0.329601,-1.346916,-3.860056,-4.200617,-3.189064,-1.890937,-0.001838,0.0,51.955669
-0.830665,0.063899,-1.613415,2.825225,2.825226,-2.808307,-5.744408,-6.276891,-5.902556,-4.652397,0.000121,1.0,53.423534
0.977146,1.4342,-0.252167,1.357832,1.357827,-2.474389,-6.121354,-6.970317,-7.096138,-5.866667,0.000396,1.0,54.148933
0.427486,1.09246,-0.158326,-0.457054,-0.457054,-1.592778,-4.64851,-5.994298,-6.48749,-5.360353,0.000683,0.0,53.901443
0.591059,1.006393,-0.28754,-0.88664,-0.886635,-0.099041,-2.792332,-4.71033,-5.305911,-4.577636,0.001584,-1.0,53.423534
-1.093752,0.250006,-1.421875,2.236425,2.236421,-1.309375,-3.732812,-6.134374,-6.980468,-6.588749,0.004668,1.0,54.618309
-0.308398,0.215883,-0.539704,1.328122,1.328124,-1.90902,-4.044717,-6.646105,-7.623746,-7.71565,0.004777,1.0,55.343708
2.527651,2.527651,-0.315957,-2.39013,-2.390125,0.445493,-0.898898,-3.784101,-4.951031,-5.411694,0.004884,-1.0,54.020924
-1.771161,0.062697,-1.802503,0.789889,0.789879,-0.141061,-1.360496,-3.783693,-5.238239,-5.968647,0.004663,1.0,54.447624
-0.979936,0.046662,-1.44657,0.768028,0.768032,-0.376421,-1.550786,-3.69057,-5.505523,-6.311403,0.005143,1.0,54.865799
-0.405936,0.405925,-0.608904,-0.373305,-0.373302,0.012484,-0.68697,-2.534485,-4.652622,-5.639976,0.004571,0.0,54.660984
0.714394,0.793777,-0.460392,-1.654959,-1.654959,1.104934,1.046193,-0.439228,-2.6409,-3.695829,0.004418,-1.0,53.756367
-0.239117,1.243421,-0.382589,-0.412767,-0.412762,1.342256,1.350226,0.448477,-1.84681,-3.00144,0.004057,0.0,53.534481
-0.015726,0.26725,-0.534509,1.402839,1.402832,-0.119475,0.018865,-0.750406,-2.652099,-3.988053,0.004749,1.0,54.28548
-0.141779,0.472588,-0.441082,-0.204372,-0.204375,-0.170126,0.362323,-0.253094,-1.88878,-3.473847,0.005681,0.0,54.174534
0.173121,0.723952,-0.015741,0.09452,0.094524,-0.42493,0.195151,-0.068201,-1.420367,-3.19484,0.005945,0.0,54.225742
0.458282,0.458282,-0.474082,-0.409194,-0.409195,0.075856,0.358726,0.414035,-0.652653,-2.454486,0.005674,0.0,54.003853
-0.539255,0.539255,-0.618555,-0.363464,-0.363465,0.542428,0.685174,0.738041,0.089614,-1.767484,0.003576,0.0,53.807568
-2.395394,0.439662,-2.637959,4.615385,4.615382,-3.180713,-3.429346,-3.423282,-4.010002,-5.53244,0.006123,1.0,56.290993
-1.89125,0.576241,-2.334518,2.607643,2.60765,-4.400122,-5.382686,-5.377269,-5.932332,-7.261824,0.00448,1.0,57.758865
-0.931684,0.857725,-0.961257,-0.088648,-0.088651,-3.108553,-4.770782,-4.936414,-5.350493,-6.51642,0.005293,0.0,57.707661
0.607774,0.726353,-0.429886,-0.236622,-0.236606,-1.639502,-3.882313,-4.453022,-4.765801,-5.774695,0.005023,0.0,57.571121
0.221079,0.928526,-0.103167,0.578119,0.578097,-0.789968,-3.680169,-4.555138,-4.988938,-5.750913,0.003953,1.0,57.903938
-1.278664,0.27925,-1.513814,0.280034,0.280041,-0.455614,-3.298063,-4.406234,-4.895652,-5.646681,0.00344,0.0,58.066093
0.577434,0.799528,-0.162868,-0.734862,-0.734866,0.239861,-1.981047,-3.377749,-3.82588,-4.5419,0.003308,-1.0,57.639385
0.492761,0.716733,-0.104523,-0.843944,-0.84394,0.898909,-0.634615,-2.264698,-2.785578,-3.365689,0.003328,-1.0,57.152943
0.990857,1.737805,-0.045729,-2.045697,-2.0457,2.439028,1.794213,0.041672,-0.698165,-1.164629,0.001289,-1.0,55.983765
1.890963,2.08005,-0.078788,-3.262194,-3.262199,4.509936,5.291532,3.491973,2.663105,2.168935,-0.000897,-1.0,54.157463
0.278552,0.897546,-0.201184,1.827929,1.827929,1.575364,3.194062,1.738371,0.883631,0.425259,0.001112,1.0,55.147423
0.63516,0.914014,-0.154928,-0.108326,-0.108311,0.75909,2.821059,1.959194,1.013158,0.654986,0.000684,0.0,55.087692
0.483766,1.170412,-0.109238,-0.728119,-0.728132,0.596131,3.022788,2.763216,1.756402,1.398256,-2.9e-05,-1.0,54.686581
1.066543,1.735116,-0.143266,-1.966295,-1.966294,1.728752,4.350529,4.775555,3.783833,3.302776,-0.000787,-1.0,53.611282
-0.412828,0.873292,-0.603369,0.254696,0.254698,1.317881,3.312165,4.501962,3.540016,3.02001,0.000122,0.0,53.747829
0.60452,1.209033,-0.397709,-0.190535,-0.190529,0.951316,2.685326,4.372676,3.678009,3.156852,0.000228,0.0,53.645424
0.331863,0.363462,-0.363464,0.668148,0.668145,-0.120101,1.330595,3.216395,2.974085,2.408346,-0.000122,1.0,54.003853
0.747518,0.91533,-0.640741,3.587238,3.587233,-3.130436,-2.395119,-0.568523,-0.438596,-1.046529,0.001684,1.0,55.941097
-1.523074,0.030765,-1.676923,-0.839059,0.978717,-3.050599,-3.251766,-1.66,-1.183642,-1.812145,0.002105,1.0,56.488602
0.030963,0.712293,-0.030976,-0.646151,-0.646145,-1.57347,-2.272244,-1.231927,-0.33466,-0.989053,0.001992,-1.0,56.123604
0.323424,0.924071,-0.261817,0.54196,0.541941,-1.11785,-2.572118,-1.957867,-0.859757,-1.370882,0.002423,0.0,56.427761
-1.447307,0.135679,-1.55284,2.156171,2.156178,-1.941804,-4.184959,-4.026627,-2.962204,-3.211836,0.001252,1.0,57.644444
-0.505645,0.148718,-0.951814,1.371922,1.371928,-2.415227,-4.840168,-5.179195,-4.213216,-4.233578,0.000664,1.0,58.435284
-1.004283,0.280613,-1.565496,0.69899,0.698987,-2.292126,-4.611494,-5.51336,-4.76997,-4.569327,0.001039,1.0,58.843739
-0.059712,0.417971,-0.223917,-1.06336,-1.06336,-0.522465,-2.818432,-4.032845,-3.719474,-3.240618,0.000645,-1.0,58.218018
-0.570749,0.045057,-0.976272,-0.612026,-0.612024,0.585757,-1.491312,-3.129154,-3.144247,-2.536197,7.8e-05,-1.0,57.86171
0.996873,1.041519,-0.104151,0.946226,0.946235,-0.095232,-1.660475,-3.658078,-3.98624,-3.405252,0.000395,1.0,58.409218
-0.311294,0.177888,-0.503996,0.371968,0.371965,-0.400241,-1.566859,-3.567086,-4.216382,-3.700529,0.000923,0.0,58.62648
-3.870322,0.214226,-4.341608,3.794838,3.794828,-3.381883,-4.448721,-6.299568,-7.318364,-7.005704,0.003131,1.0,60.851254
1.828287,1.842905,-0.35104,-2.356461,-2.356451,-0.64649,-1.588427,-3.402156,-4.639039,-4.659572,0.002983,-1.0,59.417324
0.801545,1.039034,-0.163279,-1.46263,-1.462637,1.062788,0.234524,-1.41004,-2.93312,-3.211447,0.00384,-1.0,58.548264
0.474215,0.81505,-0.059278,0.163277,0.163284,0.978062,0.241545,-1.04328,-2.788156,-3.300716,0.003048,0.0,58.643864
0.777157,0.792106,-0.26902,-0.844693,-0.8447,1.67389,1.04618,0.052805,-1.662333,-2.408454,0.002697,-1.0,58.148499
0.17756,0.503101,-0.325542,1.001342,1.001333,-0.056218,0.025166,-0.684612,-2.201415,-3.188892,0.003521,1.0,58.730759
0.516297,1.253869,-0.295036,0.310741,0.310757,-0.536955,-0.166694,-0.676605,-2.065996,-3.165905,0.004605,0.0,58.913269
-0.029792,0.119138,-0.580789,-0.944091,-0.94409,0.345491,0.86969,0.490438,-0.728908,-2.02299,0.004034,-1.0,58.357075
-0.406011,0.601507,-0.586465,-0.967985,-0.967985,1.031577,1.74887,1.489721,0.56917,-0.878129,0.003664,-1.0,57.792187
-0.466876,0.286136,-0.737949,-0.150373,-0.150385,1.030126,1.742477,1.558239,0.8735,-0.519591,0.003274,0.0,57.705276
-1.271691,0.269301,-1.271691,0.662642,0.662653,0.143631,0.596953,0.802916,0.3471,-0.866212,0.001881,1.0,58.087662
0.438797,0.696031,-0.605226,-1.122083,-1.122082,0.765625,1.393557,1.856058,1.600092,0.515619,0.000881,-1.0,57.435871
-1.067507,0.060143,-1.293039,0.635506,0.635495,-0.063146,0.623971,1.205839,1.077286,0.168452,0.001491,1.0,57.800873
-0.66951,0.928182,-0.715157,-1.187793,-1.187785,0.900786,1.565731,2.27125,2.245889,1.590381,0.000668,-1.0,57.114323
0.538458,0.661538,-0.507695,-1.095558,-1.095559,1.587691,2.396922,3.151795,3.206154,2.754461,-0.000881,-1.0,56.488602
-0.214131,0.458861,-0.871825,0.584611,0.58461,0.55063,1.465285,2.079133,2.428118,2.180488,-0.001256,1.0,56.81884
-1.444694,0.180591,-1.730616,1.636586,1.636587,-0.960119,-0.370201,0.242793,0.738153,0.647708,-0.000809,1.0,57.74873
-1.236042,0.297835,-1.578564,1.053431,1.053434,-1.801943,-1.408794,-0.824033,-0.269552,-0.269255,0.000199,1.0,58.357075
-1.418019,0.38405,-1.462331,0.819054,0.819044,-2.014763,-2.032488,-1.608065,-1.043564,-0.998513,0.00088,1.0,58.835045
-0.191465,0.456549,-0.38292,0.295428,0.295436,-1.449196,-2.100153,-1.800692,-1.302655,-1.251256,0.00057,0.0,59.008865
-0.146476,0.322251,-0.498018,0.544912,0.544903,-1.136655,-2.421259,-2.265504,-1.965713,-1.753614,0.000653,0.0,59.330406
-1.14195,0.0,-1.199772,1.332947,1.332956,-1.647878,-3.25817,-3.417175,-3.196735,-2.919342,-0.00052,1.0,60.121254
-0.100573,0.158047,-0.589075,0.607109,0.60711,-1.537359,-3.397989,-3.765326,-3.620689,-3.331608,0.000892,1.0,60.486256
-0.539922,0.0,-0.880925,1.120688,1.120698,-1.867014,-3.806487,-4.464344,-4.482815,-4.222797,0.002122,1.0,61.164124
0.110515,0.718338,-0.248653,2.855928,2.855914,-3.35129,-5.456553,-6.565362,-6.756456,-6.60975,0.003404,1.0,62.910919
0.420231,0.462252,-0.266147,-1.381406,-1.381409,-1.123401,-3.290373,-4.831672,-5.183494,-5.224816,0.003148,-1.0,62.041862
0.319882,0.611953,-0.180814,0.71439,0.714393,-1.068152,-3.218361,-4.968014,-5.570239,-5.700697,0.003012,1.0,62.485085
-0.041704,0.152928,-0.458782,0.041722,0.041714,-0.461553,-2.594183,-4.505299,-5.277346,-5.486437,0.002884,0.0,62.51115
-0.374474,0.249655,-0.735087,0.236338,0.236348,-0.219142,-2.213592,-4.140546,-5.112344,-5.452982,0.003446,0.0,62.658894
0.139389,0.404239,-0.501814,-0.499307,-0.499318,0.10037,-1.187613,-3.033166,-4.263999,-4.709217,0.003669,0.0,62.346027
1.16688,1.405877,-0.660752,-0.850294,-0.850287,0.885703,0.061862,-1.662679,-3.141427,-3.692389,0.003336,-1.0,61.815907
1.089259,1.442916,-0.014149,-0.618579,-0.618569,1.171297,0.898276,-0.65074,-2.213196,-2.928855,0.002726,-1.0,61.433533
-0.056371,0.479149,-1.127389,0.381945,0.381925,0.512974,0.706042,-0.67079,-2.271691,-3.083416,0.003442,0.0,61.668163
-0.027892,0.278858,-0.571672,1.071029,1.071031,-0.658112,-0.174285,-1.349687,-2.889007,-3.819291,0.003649,1.0,62.328648
0.09698,0.263235,-0.568029,0.641382,0.6414,-1.169309,-0.839579,-1.58309,-3.010539,-4.111952,0.00452,1.0,62.728424
-0.384561,0.206017,-0.535641,0.872815,0.872793,-1.562959,-1.502528,-2.018939,-3.3395,-4.613638,0.005457,1.0,63.275913
1.862476,1.974508,-0.112032,-1.922805,-1.922784,0.568531,0.359878,0.110147,-1.097199,-2.44561,0.004263,-1.0,62.059254
-0.862793,0.027826,-1.280266,0.63016,0.630145,0.189261,-0.278316,-0.307075,-1.388808,-2.758693,0.003784,1.0,62.450317
0.267674,0.43674,-0.352212,-1.224601,-1.224605,1.222886,0.80023,0.985259,0.064813,-1.256686,0.002699,-1.0,61.685547
0.142317,0.540778,-0.683074,-1.00029,-1.000278,1.702007,1.609508,1.80447,1.244488,0.040987,0.001833,-1.0,61.06852
-1.408047,0.042665,-1.664058,0.056925,0.056925,0.933012,1.435074,1.644147,1.33196,0.264544,0.00172,0.0,61.103283
-0.736643,0.509989,-1.175796,0.398234,0.398237,0.300323,1.018556,1.117249,1.029891,0.101431,0.00165,0.0,61.346619
-0.308254,0.252207,-0.728604,1.104982,1.10498,-0.933173,-0.028031,-0.040174,0.049733,-0.756067,0.001541,1.0,62.024487
0.746688,1.22569,-0.22542,-0.546448,-0.546462,-0.388836,0.417025,0.403875,0.641735,-0.025917,0.000992,-1.0,61.685547
0.565374,0.664312,-0.367494,-0.324039,-0.324029,0.070671,0.541342,0.636984,0.853003,0.460212,0.000304,0.0,61.485668
1.552923,1.82362,-0.242207,-0.791517,-0.791508,0.834868,0.970214,1.350609,1.572149,1.371124,-0.001433,-1.0,60.999004
0.617994,0.747335,-0.201207,-0.86907,-0.86907,1.428565,1.592401,2.132786,2.295907,2.282829,-0.001189,-1.0,60.46888
-0.014487,0.10139,-0.391083,-0.776086,-0.776088,1.546926,1.978557,2.746228,2.886725,3.050398,-0.001899,-1.0,59.999588
0.043458,0.246267,-0.405619,-0.014487,-0.014495,0.996677,1.710856,2.501333,2.679273,2.98711,-0.001926,0.0,59.990891
-0.306881,0.146133,-0.511469,-0.869186,-0.869179,1.204151,2.333769,3.034727,3.337713,3.658624,-0.002452,-1.0,59.469463
0.648673,0.914042,-0.147426,-0.876805,-0.876816,1.403515,2.873365,3.456686,4.008554,4.365623,-0.002632,-1.0,58.948025
0.483732,1.070062,-0.117271,0.574965,0.574974,0.425093,1.937847,2.5535,3.232918,3.553205,-0.001953,1.0,59.286961
0.493191,0.687489,-0.17935,-1.920254,-1.920257,1.754592,3.267072,4.068147,4.951423,5.280521,-0.002573,-1.0,58.148499
-0.571007,0.210367,-0.796403,-0.538038,-0.538041,1.559732,3.160034,4.18733,5.13073,5.516454,-0.003011,-1.0,57.835636
-0.566749,0.268456,-0.700971,0.751315,0.751322,0.390748,1.838923,3.090226,3.964199,4.449807,-0.003163,1.0,58.270168
0.015002,0.570395,-0.49535,-0.641312,-0.641314,0.675472,1.960371,3.386368,4.170666,4.853193,-0.003774,-1.0,57.896473
0.296171,0.444251,-0.340583,1.36595,1.365955,-0.885532,0.282836,1.691099,2.479636,3.253069,-0.003539,1.0,58.687313
-0.787048,0.207911,-0.890998,-0.281361,-0.281374,-0.478156,0.31335,1.579067,2.43319,3.329388,-0.002758,0.0,58.522182
0.404137,0.778333,-0.344254,-0.787048,-0.787035,0.389162,0.776829,1.968767,2.933691,3.85511,-0.003432,-1.0,58.061592
1.991426,1.991426,-0.030633,-2.290075,-2.290082,2.199757,2.656254,3.800047,4.964006,5.866425,-0.00394,-1.0,56.731934
0.453475,0.703676,-0.516031,-2.037374,-2.037368,3.490219,4.184514,5.308309,6.649721,7.513989,-0.004434,-1.0,55.576096
0.376527,0.611853,-0.062757,-0.32838,-0.328384,2.641978,3.824911,5.044448,6.463757,7.38688,-0.004617,0.0,55.393593
0.950157,1.479759,-0.015569,0.721674,0.721674,0.928354,2.658883,3.789205,5.142529,6.140192,-0.004463,1.0,55.793354
0.45504,0.470734,-0.109838,-0.732083,-0.732078,0.7061,2.973478,4.000205,5.349126,6.467907,-0.005338,-1.0,55.384903
-0.633688,0.61824,-1.545589,1.522041,1.522045,-0.982999,1.066458,2.056669,3.302162,4.527355,-0.004353,1.0,56.227886
-0.661132,0.476625,-0.799514,0.525509,0.525503,-1.165438,0.2952,1.237185,2.366234,3.656824,-0.003948,0.0,56.523365
-0.257612,0.257624,-0.393992,1.460635,1.460635,-1.906347,-1.382027,-0.44552,0.620551,1.885743,-0.002876,1.0,57.348965
0.256379,0.497664,-0.226201,0.484922,0.484924,-1.743326,-2.013271,-0.986277,-0.07088,1.088825,-0.002231,0.0,57.627064
-1.028922,0.059648,-1.133306,1.131051,1.131043,-1.849084,-3.071869,-2.04294,-1.335364,-0.275566,-0.001323,1.0,58.278851
0.419286,0.419286,-0.389341,-0.417535,-0.417544,-0.814604,-2.440837,-1.659166,-1.045209,-0.095223,-0.001515,0.0,58.035511
0.341188,0.341188,-0.192857,0.943404,0.943422,-1.038435,-2.839352,-2.500135,-2.001197,-1.193899,-0.000652,1.0,58.583031
-0.38388,0.310053,-0.472463,0.474706,0.474702,-0.992182,-2.709293,-2.941096,-2.500375,-1.769975,-8e-06,0.0,58.861126
-1.070375,0.0,-1.070375,0.693923,0.69391,-1.120223,-2.793241,-3.52589,-3.077698,-2.496173,4.8e-05,1.0,59.269569
0.612038,0.910584,-0.164205,-1.774192,-1.774184,0.644874,-0.550825,-1.765433,-1.294218,-0.856839,0.000118,-1.0,58.218018
0.059243,0.355458,-0.325821,0.791161,0.791166,0.074054,-0.913803,-2.315362,-2.034211,-1.688979,0.000751,1.0,58.678619
0.358153,0.358153,-0.761083,-0.755324,-0.755338,0.716315,0.134314,-1.267465,-1.259506,-0.989695,3.3e-05,-1.0,58.235397
0.784556,0.844896,-0.256485,-1.089394,-1.089384,1.388047,1.280929,0.075438,-0.266294,-0.016292,-0.00018,-1.0,57.60099
0.698026,0.83459,-0.212443,-0.573321,-0.57332,1.274653,1.802725,0.824478,0.199541,0.498934,-0.001103,-1.0,57.270752
0.646749,0.708346,-0.230984,-1.456753,-1.456752,2.140433,2.981208,2.43917,1.536799,1.885429,-0.001663,-1.0,56.436459
-1.003046,0.01519,-1.21581,1.324301,1.324303,0.282668,1.486315,1.211744,0.249233,0.477804,-0.000658,1.0,57.183849
0.490046,1.240426,-0.015317,-0.759878,-0.759886,0.526802,1.940275,2.013271,1.120214,1.166309,7.1e-05,-1.0,56.749317
0.692848,0.923797,-0.076975,-0.535997,-0.535987,0.658971,2.061583,2.456247,1.758275,1.552578,0.000786,-1.0,56.445148
-0.862199,0.461898,-1.231709,0.0,0.0,0.366438,1.5612,2.316652,1.816012,1.405388,0.000942,0.0,56.445148
-0.478396,0.0,-0.672742,2.986916,2.986919,-1.961433,-1.399318,-0.66777,-0.900739,-1.530878,0.002021,1.0,58.131119
0.566737,0.730795,-0.178975,0.239205,0.239199,-1.822524,-1.704703,-0.877958,-0.961975,-1.66026,0.002484,0.0,58.270168
0.467569,0.603309,-0.739072,-1.118568,-1.118566,-0.410261,-0.699855,0.131716,0.253384,-0.406042,0.001226,-1.0,57.618378
0.060498,0.196608,-0.393227,-0.271493,-0.271498,0.214762,-0.453721,0.241981,0.536143,0.009071,0.000847,0.0,57.461945
1.90197,1.917436,-0.309258,-2.19299,-2.192992,2.375146,1.588072,2.125671,2.663528,2.280508,-0.000893,-1.0,56.201809
2.032061,2.095564,-0.079382,-2.597798,-2.597794,3.867279,3.987933,4.426096,5.078579,4.961418,-0.002361,-1.0,54.741802
0.836752,0.963058,-0.836752,0.555641,0.555643,2.121881,3.024943,3.409113,4.226394,4.295544,-0.002635,1.0,55.045971
-0.52943,0.046713,-0.809717,1.389329,1.38933,0.074739,1.44503,1.702478,2.549823,2.815316,-0.001775,1.0,55.810741
-0.157384,0.991497,-0.409194,-1.05886,-1.058866,0.33365,2.308785,2.503413,3.317596,3.76141,-0.002728,-1.0,55.21978
0.093322,0.093322,-0.917717,1.180359,1.180358,-0.955044,1.012603,1.140668,1.808215,2.425262,-0.002392,1.0,55.871571
-1.141517,0.125095,-1.204067,-0.528854,-0.528847,-0.128228,1.089911,1.575186,2.111802,2.775288,-0.002975,-1.0,55.576096
1.593372,1.720845,-0.127467,-1.860833,-1.860836,1.580628,2.32314,3.178249,3.668741,4.467817,-0.003016,-1.0,54.541916
-1.27099,0.031382,-1.522049,1.545574,1.545576,-0.119256,0.362464,1.443588,1.833514,2.646787,-0.002657,1.0,55.384903
-1.085592,0.298929,-1.132789,-0.266749,-0.266757,0.154188,0.228134,1.569126,1.891918,2.658908,-0.002424,0.0,55.23716
-1.572383,0.246641,-1.68029,2.061048,2.061051,-1.689535,-1.76507,-0.490212,-0.245107,0.38045,-0.000924,1.0,56.375626
-0.990102,0.137085,-1.614632,1.202403,1.202406,-2.339683,-2.52704,-1.798429,-1.37624,-0.893835,-7.8e-05,1.0,57.05349
-0.045898,0.336599,-0.305993,-0.441738,-0.441743,-1.110768,-1.785492,-1.535084,-0.972304,-0.586288,0.000405,0.0,56.80146
-1.978581,0.282658,-1.978581,2.845777,2.845786,-2.808692,-4.056833,-4.168407,-3.569626,-3.32461,0.00113,1.0,58.417908
0.280848,0.443452,-0.310421,0.639692,0.639686,-2.217294,-4.059128,-4.626755,-3.983,-3.858093,0.001796,1.0,58.791599
-0.887441,0.251439,-1.064934,-0.059129,-0.059122,-1.348916,-3.511319,-4.280436,-3.729482,-3.700049,0.002023,0.0,58.75684
-0.175648,0.483024,-0.190278,1.050139,1.050123,-1.592495,-3.874404,-4.755063,-4.625281,-4.502916,0.002523,1.0,59.373859
0.142184,0.213282,-1.03797,2.94204,2.942042,-2.991606,-5.54528,-6.814535,-7.117866,-6.974542,0.002502,1.0,61.120663
0.100402,1.649458,-0.129094,-0.867341,-0.867335,-1.425703,-3.859723,-5.47332,-6.059952,-5.907054,0.001975,-1.0,60.590542
-0.821638,0.113333,-0.991638,1.247841,1.247847,-1.807621,-4.048729,-5.972514,-6.901116,-6.747127,0.003102,1.0,61.346619
0.283121,0.693655,-0.042466,0.070836,0.070838,-1.01926,-3.299834,-5.439792,-6.544453,-6.490942,0.003265,0.0,61.390076
-0.720138,0.621296,-0.833094,0.254815,0.254805,-0.56481,-2.815585,-5.033414,-6.229168,-6.506632,0.004431,0.0,61.546501
1.27947,1.423239,-0.215633,-1.779161,-1.779157,1.014953,-0.451407,-2.661488,-4.083522,-4.668772,0.00482,-1.0,60.451492
0.680657,0.767558,-0.260681,-0.733173,-0.733173,1.566976,0.548872,-1.42892,-3.025348,-3.805362,0.004207,-1.0,60.008278
-0.504976,0.346278,-0.605972,0.376531,0.376535,0.816621,0.411195,-1.245611,-2.972875,-3.982109,0.003724,0.0,60.23423
0.145135,1.103051,-0.188686,-0.591539,-0.591551,0.91147,1.195939,-0.268016,-2.060953,-3.165161,0.003947,-1.0,59.877914
0.294113,0.89706,-0.132347,-1.306244,-1.306235,1.417645,2.488233,1.282351,-0.466913,-1.588824,0.002763,-1.0,59.095768
0.102071,0.597836,-0.452034,0.852944,0.852939,0.274133,1.366288,0.738797,-0.884368,-2.115485,0.003421,1.0,59.599819
-0.251823,0.533256,-0.414752,-1.560222,0.163207,0.00649,1.051456,0.717505,-0.684696,-2.014574,0.004385,0.0,59.69709
-0.14684,0.55801,-0.234943,0.873939,0.87394,-0.865058,-0.011308,0.002922,-1.131504,-2.531432,0.004065,1.0,60.218807
1.529012,1.529012,-0.629588,-2.041115,-2.041112,0.899408,1.665178,2.112937,1.150129,-0.289103,0.00322,-1.0,58.989674
0.631443,0.631443,-0.523647,-2.668264,-2.668274,3.080246,3.732789,4.684914,3.954621,2.572552,0.000968,-1.0,57.415668
1.879106,2.489815,-0.062639,-1.647927,-1.647925,3.698717,4.765712,5.889842,5.667026,4.427733,-0.000389,-1.0,56.469501
-0.745232,0.186299,-0.947066,0.861264,0.86127,1.850635,3.335174,4.560193,4.636369,3.646336,0.000231,1.0,56.955856
1.753021,2.032265,-0.387837,0.07762,0.077627,0.642253,2.687624,3.970721,4.398055,3.689653,-0.001087,0.0,57.000069
0.326898,1.042973,-0.295758,-0.341298,-0.341308,0.217937,2.498445,3.788757,4.58384,4.075038,-0.001554,0.0,56.805523
-0.138128,0.552475,-0.322294,1.432139,1.432139,-1.12646,0.794962,1.868929,2.954926,2.644846,-0.000844,1.0,57.619057
-0.320169,0.289683,-0.396393,0.659902,0.659908,-1.247138,-0.141789,0.919229,2.010884,2.054535,-0.00103,1.0,57.99929
1.420094,1.638569,-0.265296,-2.302171,-2.302178,0.976904,1.676029,2.90386,4.068225,4.335568,-0.003527,-1.0,56.664043
-0.638828,0.62325,-0.997194,0.156052,0.156051,0.732317,0.906827,2.334527,3.501325,4.029284,-0.00304,0.0,56.752468
0.077225,0.555986,-0.324323,0.888127,0.888123,0.003094,-0.284164,1.128446,2.229227,3.008693,-0.003211,1.0,57.2565
0.445333,0.522107,-0.936734,0.571433,0.571441,-0.577402,-0.821565,0.378782,1.304275,2.299051,-0.002973,1.0,57.583687
-1.196535,0.0,-1.196535,2.671987,2.671984,-2.784924,-2.953933,-2.287367,-1.444524,-0.498429,-0.001822,1.0,59.122314
1.462168,1.552618,-0.31655,-0.777752,-0.777755,-1.341566,-1.902311,-1.639021,-0.786702,0.150049,-0.001345,-1.0,58.662487
-0.270108,0.690275,-0.450185,0.45222,0.452229,-1.047423,-2.01681,-2.227894,-1.344206,-0.465011,-0.00078,0.0,58.927776
-0.074155,0.593211,-0.222454,1.185476,1.18547,-1.411834,-2.691679,-3.302189,-2.521133,-1.749463,-0.000395,1.0,59.626347
-0.162303,0.30988,-0.604982,0.504222,0.504239,-1.124401,-2.794757,-3.507953,-2.940839,-2.350492,0.000127,0.0,59.927006
-0.520534,0.086751,-0.867562,2.051065,2.051045,-2.446501,-4.232216,-4.936379,-4.764315,-4.266986,0.001725,1.0,61.156136
-0.343738,0.100256,-0.501288,0.954303,0.954308,-2.371811,-4.315382,-5.318437,-5.499141,-5.059759,0.001774,1.0,61.739754
-0.215582,0.186831,-0.948554,-0.343738,-0.343744,-1.189993,-3.209252,-4.50129,-5.066826,-4.648202,0.001532,0.0,61.527527
0.715308,1.545066,-0.028619,0.459902,0.459914,-0.935628,-2.915601,-4.398672,-5.273255,-4.959666,0.001335,0.0,61.810501
-0.485166,0.442347,-0.756277,0.257511,0.25751,-0.530827,-2.457198,-4.176186,-5.149121,-5.018272,0.00243,0.0,61.969669
-1.804197,0.419585,-1.818186,2.026253,2.026251,-1.851748,-3.745456,-5.528207,-6.498603,-6.675247,0.004665,1.0,63.22533
-0.621554,0.0,-1.298347,1.258744,1.25875,-2.359122,-4.10498,-5.936473,-7.109125,-7.565203,0.006049,1.0,64.021179
0.97831,1.09174,-0.127601,-2.582877,-2.582875,0.499077,-1.010922,-2.842296,-4.215944,-4.976613,0.004409,-1.0,62.367592
-0.241476,0.397724,-0.553977,-0.184314,-0.18432,0.826704,-0.406253,-2.127846,-3.601568,-4.591483,0.004284,0.0,62.252636
-0.533404,0.280747,-0.715883,1.193176,1.193169,-0.036486,-1.093478,-2.709145,-4.311476,-5.36215,0.005015,1.0,62.995415
0.356786,0.399598,-1.270158,-1.642333,-1.642335,1.224498,0.687891,-0.779214,-2.394029,-3.427424,0.003551,-1.0,61.960819
-0.253415,0.084467,-0.830631,1.370057,1.370066,-0.529354,-0.502604,-1.680041,-3.223991,-4.359849,0.003889,1.0,62.809723
-0.295151,0.449753,-0.576253,0.168947,0.168939,-0.522838,-0.449749,-1.42328,-2.897397,-4.145043,0.005066,0.0,62.915833
0.564576,0.663376,-0.409315,-0.42165,-0.421639,0.025401,0.105857,-0.684075,-2.055753,-3.365987,0.004791,0.0,62.650555
0.37905,0.477323,-0.252703,0.536351,0.536354,-0.511031,-0.266751,-0.890084,-2.149386,-3.540654,0.004623,0.0,62.986584
-0.056259,0.253166,-0.942332,-0.182514,-0.182521,-0.039377,-0.140643,-0.526953,-1.67229,-3.054287,0.004264,0.0,62.87162
0.408452,0.507044,-0.507044,-0.140644,-0.140649,0.092962,-0.197179,-0.276051,-1.205629,-2.527884,0.002925,0.0,62.783192
0.183741,0.551235,-0.33922,-0.352113,-0.352104,0.333566,0.186568,0.18657,-0.566081,-1.812019,0.003128,0.0,62.56213
0.228664,0.300127,-0.943266,-1.102472,-1.102493,1.200528,1.241974,1.310101,0.723897,-0.419022,0.002387,-1.0,61.872387
-0.525796,0.298421,-0.54001,0.571676,0.571677,0.38085,0.542854,0.761699,0.336092,-0.686645,0.002095,1.0,62.226097
-0.099234,0.226816,-0.32606,0.241577,0.24158,-0.019843,0.367176,0.428136,0.1921,-0.717313,0.00197,0.0,62.376423
0.345769,0.576277,-0.475439,-1.601924,-1.601929,1.149694,1.767765,1.775931,1.793701,1.075937,0.00023,-1.0,61.377197
-0.314782,0.701099,-0.486473,0.691536,0.691537,0.208904,0.888552,1.015896,1.116772,0.567766,0.000105,1.0,61.801643
-0.329517,0.171913,-0.888256,-0.128768,-0.128746,0.28938,0.86818,1.088811,1.23996,0.833227,0.000208,0.0,61.722076
-0.808625,0.482344,-0.865372,0.988531,0.988531,-0.658258,-0.224153,0.028367,0.27805,0.000564,0.000459,1.0,62.332218
-0.910512,0.270312,-0.995881,-0.283724,-0.283744,-0.446714,-0.055478,0.333865,0.47732,0.349421,0.000202,0.0,62.155354
0.284867,0.384566,-0.156674,-0.113817,-0.113805,-0.105398,-0.054126,0.370318,0.435837,0.485973,-0.000817,0.0,62.084618
0.978276,1.007045,-0.503522,-0.997005,-0.997002,0.79125,0.77398,1.223798,1.373897,1.493882,-0.001892,-1.0,61.465633
-0.254381,0.339172,-0.353307,1.798302,1.798293,-0.717917,-0.894572,-0.572826,-0.391461,-0.250419,0.000195,1.0,62.570965
-0.363996,0.251996,-0.601988,0.94686,0.946856,-1.385966,-1.67576,-1.486763,-1.312465,-1.110447,0.000733,1.0,63.163422
-0.013897,0.597473,-0.097261,0.755986,0.756001,-1.659031,-2.214819,-2.145346,-1.920945,-1.826321,0.000525,1.0,63.640938
0.545224,0.71299,-0.391443,-0.611369,-0.611361,-0.685036,-1.31694,-1.494024,-1.282689,-1.271085,0.001016,-1.0,63.251862
0.084743,0.254237,-0.423733,-1.020545,-1.020549,0.70338,-0.170914,-0.473649,-0.28956,-0.237865,-0.000122,-1.0,62.606346
0.042856,0.371431,-0.38571,-1.129948,-1.129956,1.637146,0.998573,0.666666,0.789286,0.879429,-0.000741,-1.0,61.898922
1.241599,1.504527,-0.04382,-2.200001,-2.200009,3.055813,2.974009,2.745164,2.85423,2.986279,-0.001588,-1.0,60.53714
0.188374,0.188374,-0.565134,0.803393,0.803418,1.376599,1.967814,1.778468,1.883041,2.104024,-0.00146,1.0,61.023506
-0.100315,0.24362,-0.214964,1.115776,1.115763,-0.24362,0.781027,0.690742,0.671393,0.905702,-0.000842,1.0,61.704384
-0.514655,0.285926,-0.643312,0.24362,0.24361,-0.729082,0.599011,0.451764,0.369559,0.591862,-0.000659,0.0,61.854702
-0.014259,0.199753,-0.370943,0.200142,0.200156,-0.9017,0.302468,0.278688,0.177626,0.347551,-0.000396,0.0,61.978508
0.130146,0.274756,-0.188004,-1.341124,-1.341128,0.644971,1.336222,1.512647,1.451185,1.591315,-0.00051,-1.0,61.147297
-0.629564,0.243238,-0.672487,1.070133,1.070114,-0.168824,-0.034323,0.399692,0.330534,0.44643,-0.000273,1.0,61.801643
0.412503,0.589278,-0.427226,-2.875951,-2.87594,2.227463,2.388045,3.143791,3.188722,3.236894,-0.001757,-1.0,60.024265
-0.161386,0.366784,-0.322773,0.412503,0.412502,1.282273,1.580103,2.588026,2.637909,2.660794,-0.000798,0.0,60.271866
-0.311017,0.177728,-0.755324,-0.938977,-0.938967,1.481038,2.175649,3.24052,3.441941,3.488741,-0.001574,-1.0,59.705933
0.476616,0.595773,-0.104258,-0.562793,-0.562802,1.456657,2.557346,3.398873,3.77793,3.88204,-0.001781,-1.0,59.369907
-0.620564,0.265959,-0.842197,0.804291,0.804281,-0.005902,1.542562,2.151312,2.757104,2.884172,-0.001869,1.0,59.847408
0.0,0.338489,-0.412066,0.398932,0.39894,-0.38263,0.869761,1.39417,2.182495,2.389412,-0.001544,0.0,60.086163
0.014689,0.323105,-0.058736,0.206032,0.206041,-0.608022,0.389189,0.92035,1.868116,2.07314,-0.001391,0.0,60.209965
-0.353354,0.117789,-0.618372,-0.249667,-0.249683,-0.241454,0.320976,0.968799,1.91403,2.217917,-0.001035,0.0,60.059631
-0.191974,0.251031,-0.28057,-0.29446,-0.294442,0.224441,0.406072,1.194124,1.941073,2.356164,-0.002032,0.0,59.88279
0.585936,0.94652,-0.150239,-1.71294,-1.712948,1.634616,1.655651,2.712342,3.311303,3.91587,-0.003299,-1.0,58.857029
-0.269543,0.10482,-0.554051,0.33053,0.330533,0.949384,1.156032,2.074471,2.615303,3.368074,-0.003501,0.0,59.051571
0.566821,0.730904,-0.134254,0.389341,0.389334,0.244631,0.59666,1.389222,1.936906,2.819813,-0.003025,0.0,59.281479
-0.602582,0.075328,-1.265435,-0.984493,-0.984493,0.777351,1.425134,2.024713,2.677773,3.578196,-0.003007,-1.0,58.697857
-1.806606,0.222125,-1.821407,1.732453,1.732462,-0.995119,-0.244342,0.127345,0.860355,1.583294,-0.001644,1.0,59.714775
0.043794,0.496345,-0.496345,1.4364,1.436398,-1.830661,-1.537231,-1.425795,-0.605114,-0.057812,8.7e-05,1.0,60.572517
0.05886,0.603302,-0.191285,-0.788323,-0.788318,-0.703361,-0.753391,-0.634694,0.050758,0.526186,-0.000671,-1.0,60.095013
-0.288773,0.25989,-0.591978,1.912894,1.912896,-1.926084,-2.447311,-2.39389,-1.876997,-1.449622,-0.000291,1.0,61.244568
0.970012,1.190472,-0.117581,-1.76148,-1.761488,0.320403,-0.680482,-0.592791,-0.268227,0.202233,-0.001246,-1.0,60.165752
-0.308777,0.235254,-0.426409,-0.04409,-0.044077,0.505799,-0.594044,-0.463673,-0.30806,0.219952,-0.001362,0.0,60.139233
-0.597401,0.160281,-0.888824,0.911623,0.911618,-0.364268,-1.190442,-1.270584,-1.300455,-0.707566,-0.00029,1.0,60.687473
-0.5516,0.01452,-0.609665,0.378846,0.378846,-0.470314,-1.257079,-1.552237,-1.599657,-1.133988,-0.000619,0.0,60.917385
-0.701236,0.087663,-0.891163,-0.638702,-0.638714,-0.06719,-0.416351,-0.884334,-0.945937,-0.586113,0.000447,-1.0,60.528297
-0.433519,0.43353,-0.47687,1.09569,1.095699,-0.815026,-1.088146,-1.835258,-1.898121,-1.715029,0.000772,1.0,61.191505
-0.911809,0.455905,-0.940309,1.430643,1.43063,-1.592815,-2.10428,-2.985224,-3.064534,-3.042024,0.0019,1.0,62.066929
-0.562659,0.281341,-0.984663,1.282225,1.282243,-2.146579,-2.979322,-3.788627,-4.051909,-4.202001,0.002779,1.0,62.862778
-0.254453,0.395814,-0.339268,-0.492331,-0.492339,-1.139384,-2.1063,-2.939399,-3.37998,-3.566297,0.002161,0.0,62.55328
0.58296,0.725144,-0.142185,-0.579582,-0.579591,-0.028434,-1.383472,-2.061702,-2.657466,-2.8807,0.001696,-1.0,62.190727
-0.340471,0.241177,-0.510712,0.227493,0.227511,0.110646,-1.259759,-1.895309,-2.696133,-2.932621,0.001706,0.0,62.332218
-0.487391,0.516056,-0.559058,-1.035602,-1.035611,1.034974,0.024365,-0.655583,-1.531683,-1.766633,0.001332,-1.0,61.686699
-0.792411,0.113205,-0.863167,1.304467,1.304474,-0.384891,-0.974959,-1.73011,-2.508848,-2.862323,0.002093,1.0,62.491386
0.056005,0.19605,-0.406107,1.047129,1.047117,-1.229519,-1.648231,-2.426364,-3.194931,-3.675117,0.003407,1.0,63.145744
0.32128,0.852076,-0.586671,0.252054,0.252047,-1.125839,-1.456892,-2.454703,-3.120531,-3.721733,0.00337,0.0,63.304901
-1.110347,0.137088,-1.137757,1.899708,1.899717,-2.294719,-2.779982,-3.824532,-4.476347,-5.240844,0.004089,1.0,64.507515
0.559678,1.315241,-0.111938,-2.028781,-2.028768,0.207067,-0.587672,-1.510204,-2.222622,-3.068712,0.003592,-1.0,63.198807
-0.374632,0.013878,-0.485638,0.839512,0.839502,-0.23866,-1.279313,-2.011935,-2.788955,-3.569863,0.003167,1.0,63.729362
-0.402388,0.180376,-0.457891,0.0,0.0,-0.055504,-1.09477,-1.717776,-2.503816,-3.27626,0.002483,0.0,63.729362
-0.368405,0.231953,-0.382043,1.6928,1.692815,-1.255299,-2.337304,-2.913555,-3.851837,-4.545246,0.003664,1.0,64.808182
-0.122738,0.313645,-0.463663,0.054579,0.054576,-1.205515,-2.003285,-2.59104,-3.543583,-4.218204,0.002779,0.0,64.843552
0.450023,0.531841,-0.163648,0.0,0.0,-0.698219,-1.516443,-2.305571,-3.180839,-3.901826,0.003618,0.0,64.843552
0.368697,0.436979,-0.191188,-0.136368,-0.136379,-0.245796,-1.032365,-1.977334,-2.734539,-3.512225,0.003574,0.0,64.755119
0.16404,0.478466,-0.437457,-0.109246,-0.109265,0.158601,-0.686244,-1.650473,-2.336964,-3.122882,0.003088,0.0,64.684364
0.122444,0.557829,-0.149661,0.478466,0.47848,-0.261218,-0.899312,-1.831287,-2.458499,-3.353465,0.003135,0.0,64.993866
0.497788,0.677541,-0.857305,-1.605442,-1.605441,1.086838,0.630537,-0.060837,-0.651269,-1.53982,0.002675,-1.0,63.950428
0.759602,1.251944,-0.014058,-1.70078,-1.70077,2.20565,2.31819,1.793032,1.13096,0.337036,0.001343,-1.0,62.862778
-0.15504,0.606061,-0.521487,-0.196932,-0.196946,1.764628,2.362241,2.020214,1.32066,0.665832,0.000568,0.0,62.738972
-1.070184,0.138994,-1.320357,1.409443,1.409441,0.016686,0.922877,0.652318,-0.003461,-0.563157,0.000629,1.0,63.623241
0.807938,0.850459,-0.637853,-1.945787,-1.94578,1.165123,2.537204,2.55138,1.996454,1.529125,-6.3e-05,-1.0,62.385273
-1.404927,0.47295,-1.502297,1.899356,1.89936,-0.840177,0.425647,0.541568,0.192655,-0.213661,0.001117,1.0,63.570194
1.258661,1.258661,-0.692968,-1.641397,-1.641395,0.707107,1.731008,2.147738,1.931832,1.480976,0.000227,-1.0,62.526756
-0.788285,0.070376,-1.097972,0.466698,0.466695,0.264636,0.950163,1.576575,1.484373,1.006754,0.000943,0.0,62.818565
0.0,0.322575,-0.21038,0.365994,0.365983,-0.283303,0.322584,1.134182,1.106598,0.669852,0.000496,0.0,63.04847
-0.447676,0.139898,-0.685513,0.252454,0.25246,-0.274202,-0.212648,0.710689,0.844293,0.480695,0.000117,0.0,63.207642
-0.168589,0.252881,-0.491708,-0.419702,-0.419693,-0.053389,0.04776,0.933777,1.144982,0.942958,-0.000203,0.0,62.942364
-0.210825,0.196766,-0.618416,-0.042144,-0.042151,0.112439,0.098382,0.772076,1.165145,1.063669,-0.001127,0.0,62.915833
0.110424,0.193235,-1.214627,1.827119,1.827138,-1.294696,-1.490694,-1.107904,-0.623889,-0.651495,0.000709,1.0,64.065392
-0.261135,0.0,-0.783397,0.427888,0.427869,-1.313905,-1.799063,-1.564963,-0.999861,-1.000549,0.000513,0.0,64.339508
0.371272,0.95673,-0.157077,-3.752066,-3.752063,2.119097,1.95488,1.942027,2.626734,2.769674,-0.001274,-1.0,61.925449
-0.380117,0.718009,-0.450514,1.427959,1.427965,0.639165,0.398421,0.385749,1.019988,1.214696,-0.0014,1.0,62.809723
-0.042516,0.070866,-0.58106,-0.661694,-0.661694,1.142291,1.045918,1.004344,1.496596,1.837301,-0.001741,-1.0,62.394115
0.272562,0.387325,-0.516427,-1.204647,-1.204652,1.589444,2.087221,2.117345,2.48171,2.943626,-0.002315,-1.0,61.642483
0.34558,0.359971,-0.230376,-0.372977,-0.372977,1.016563,2.203029,2.259665,2.598996,3.178119,-0.002427,0.0,61.412571
0.318242,0.506301,-0.144652,-0.460763,-0.460757,1.22378,2.336178,2.596075,2.757846,3.415014,-0.002595,0.0,61.129608
0.100531,0.359041,-0.373394,0.723275,0.723275,0.094785,1.378716,1.64297,1.826797,2.459858,-0.002478,1.0,61.571743
0.263815,0.351748,-0.51298,-2.010619,-2.010624,1.465626,3.030921,3.486243,3.706575,4.263221,-0.002671,-1.0,60.333767
-0.247702,0.072859,-0.641112,0.586244,0.586249,0.559521,1.873815,2.648987,2.933119,3.387437,-0.001582,1.0,60.687473
0.938415,1.011733,-0.278585,-0.626548,-0.626556,0.826986,1.847514,2.993165,3.307192,3.74898,-0.001787,-1.0,60.307232
0.47619,0.877982,-0.252973,-1.466276,0.358425,0.266562,1.252115,2.329659,2.784421,3.082991,-0.002287,0.0,60.523388
1.017659,1.032628,-0.239443,-0.565472,-0.565479,0.374634,1.391152,2.605723,3.087379,3.418689,-0.00163,-1.0,60.181141
-0.344574,0.194752,-0.704121,-0.104759,-0.104754,0.408143,1.118884,2.403071,2.995153,3.344519,-0.002584,0.0,60.118099
0.866261,1.033435,-0.227965,-1.423216,-1.423215,1.376893,2.177199,3.341231,4.182132,4.601919,-0.00248,-1.0,59.262489
0.121177,0.272645,-0.454402,0.334337,0.33433,0.754325,1.508452,2.449866,3.533281,3.973344,-0.002543,0.0,59.460621
0.030338,0.106204,-0.971032,-0.166606,-0.166598,0.531019,1.380001,2.33289,3.382099,3.943101,-0.002797,0.0,59.361561
-0.506293,0.107395,-0.582996,-1.107577,-1.107584,1.153733,2.026952,3.012754,4.17898,4.775683,-0.003445,-1.0,58.704082
0.046037,0.475747,-0.44506,-0.030678,-0.030678,0.696745,1.777497,2.623136,3.850578,4.546058,-0.003259,0.0,58.686073
0.294075,0.448848,-0.402419,-0.844081,-0.844072,1.185569,2.214822,3.10127,4.229836,5.117898,-0.003641,-1.0,58.19072
-1.97037,0.687333,-1.97037,1.331063,1.331063,-0.311595,0.644566,1.47026,2.404984,3.460103,-0.003877,1.0,58.965275
1.610888,1.720366,-0.078198,-2.336951,-2.33696,1.457624,2.543017,3.488241,4.478753,5.545391,-0.005194,-1.0,57.58728
-0.031156,0.405114,-0.342787,0.375353,0.375368,0.766588,1.748201,2.666621,3.654997,4.795076,-0.003229,0.0,57.803444
0.773966,1.089874,-0.394882,-1.355561,-1.35557,1.566895,2.603065,3.69001,4.608162,5.82156,-0.004554,-1.0,57.019878
1.484987,1.501309,-0.6201,-3.206448,-3.206452,3.844655,5.264367,6.46106,7.489075,8.683951,-0.005766,-1.0,55.191563
0.325357,0.634456,-0.309097,0.310055,0.310067,2.222214,4.19879,5.536568,6.610431,7.699417,-0.005045,0.0,55.362694
0.321545,0.627008,-0.852095,1.187571,1.187569,0.46302,2.379417,3.762053,4.903182,6.013769,-0.004301,1.0,56.020164
1.750874,1.800897,-0.283478,-3.585209,-3.585211,2.794729,5.317657,6.858983,8.104186,9.304359,-0.005789,-1.0,54.011723
0.350993,0.651845,-0.384429,-0.233448,-0.233451,1.871971,4.673241,6.337957,7.75883,8.928532,-0.006245,0.0,53.885632
-0.254189,0.64396,-0.457543,-1.370557,-1.370556,2.518225,5.178789,7.048528,8.546861,9.802819,-0.00594,-1.0,53.147099
0.0,0.764268,-0.526496,-0.220297,-0.220296,1.86481,4.29178,6.47645,8.100373,9.412957,-0.006324,0.0,53.030018
0.35928,0.906756,-0.479047,-0.730299,-0.730288,1.331043,4.119751,6.408886,8.147123,9.573,-0.006373,-1.0,52.642746
-0.18714,0.272201,-1.701259,0.564582,0.564581,0.35726,2.616531,5.085624,6.856067,8.30565,-0.006275,1.0,52.939957
0.838719,1.15324,-0.733879,-2.63695,-2.636965,2.166704,4.3334,7.007988,8.918407,10.556861,-0.007262,-1.0,51.543949
0.759149,1.949622,-1.052452,1.275553,1.275554,0.517607,2.446524,4.895338,6.870263,8.514155,-0.006604,1.0,52.20142
1.383297,1.768513,-0.332697,-1.466525,-1.466521,1.393802,3.207845,5.480652,7.680792,9.439327,-0.006625,-1.0,51.435875
-1.833448,0.205619,-2.827282,2.188758,2.188754,-0.808771,0.339277,2.583966,4.727557,6.48938,-0.005742,1.0,52.56168
2.217179,2.496508,-0.209495,-1.850586,-1.850578,0.537705,1.761522,3.715083,6.01257,7.831005,-0.006544,-1.0,51.588985
0.484479,1.471378,-0.251211,-2.706004,-2.706002,2.795616,3.856088,5.69292,8.115015,10.039113,-0.007305,-1.0,50.192986
0.455498,1.927116,-0.175196,2.422397,2.422388,0.056063,1.061669,2.702642,4.89839,6.825509,-0.006137,1.0,51.408855
-0.359834,1.06237,-0.496917,2.242465,2.242464,-1.710072,-1.243999,0.094818,1.988524,3.95751,-0.004667,1.0,52.56168
-1.090845,0.340891,-2.028291,0.531181,0.531187,-2.123741,-1.72831,-0.835178,1.000514,2.91461,-0.005048,0.0,52.840881
-2.26499,1.192093,-2.758861,0.085228,0.085231,-1.716627,-1.822215,-1.061541,0.449585,2.386915,-0.003895,0.0,52.885918
0.033875,0.660567,-0.558946,0.544959,0.544947,-1.128044,-2.04776,-1.686987,-0.456464,1.41735,-0.003814,0.0,53.174118
-0.826025,0.033715,-0.96089,0.474253,0.474265,-0.839519,-2.280854,-2.11621,-1.091541,0.581925,-0.002943,0.0,53.426304
0.284135,0.56827,-0.835701,0.859747,0.859741,-1.193382,-2.659203,-2.844728,-2.071704,-0.652517,-0.001006,1.0,53.885632
0.355991,0.830646,-0.322094,-1.403978,-1.403979,0.322089,-1.166299,-1.400238,-0.949314,0.426513,-0.001822,-1.0,53.129089
0.64681,0.800002,-0.170209,-0.406852,-0.406856,0.742134,-0.512334,-1.000845,-0.648504,0.467071,-0.002582,0.0,52.91293
-0.473449,0.270544,-0.473449,0.663828,0.66384,0.111597,-0.591819,-1.438398,-1.362025,-0.477513,-0.000558,1.0,53.264187
-0.323126,0.340138,-0.64626,-0.574907,-0.57491,0.513605,0.27551,-0.773243,-0.809524,-0.070748,-0.000721,-1.0,52.957966
-0.285095,0.083849,-0.804962,1.411568,1.411565,-0.952542,-0.907261,-1.872659,-2.127285,-1.585108,0.000604,1.0,53.705502
2.023118,2.057122,-0.374026,-1.358378,-1.358384,0.353626,0.482836,-0.469221,-0.748038,-0.4597,6.2e-05,-1.0,52.975975
-0.833478,0.527295,-1.12264,-0.051001,-0.050997,0.418438,0.546011,-0.247207,-0.696547,-0.489198,0.000385,0.0,52.948959
-0.841184,0.100944,-1.312246,1.105627,1.105636,-0.578741,-0.48621,-0.921944,-1.596574,-1.603639,0.000643,1.0,53.534382
1.277683,1.294715,-0.477007,-1.24495,-1.244959,0.640545,0.662692,0.511074,-0.293015,-0.384326,0.001306,-1.0,52.867901
0.339328,0.373263,-0.678653,0.408855,0.408868,-0.003401,0.10179,0.167394,-0.543782,-0.785892,0.000893,0.0,53.084061
0.531552,0.840194,-0.497258,-1.051916,-1.05193,0.888209,1.051101,1.192277,0.510121,0.259949,0.001091,-1.0,52.525654
0.792282,0.826731,-0.223908,-0.445814,-0.445805,1.088525,1.384768,1.569634,1.027379,0.65931,-0.000164,0.0,52.291492
-0.601204,0.701399,-0.868403,3.134688,3.134682,-1.837006,-1.573147,-1.423959,-1.696728,-2.223114,0.00221,1.0,53.930664
1.671452,1.85717,-0.236367,-1.085506,-1.085503,-0.580786,-0.420396,-0.352301,-0.436436,-1.064328,0.002982,-1.0,53.345245
-0.61048,0.067826,-1.000509,-0.438965,-0.438969,-0.13227,-0.093267,-0.010175,0.054265,-0.50195,0.001619,0.0,53.111076
0.18907,0.756272,-0.635956,-1.339666,-1.339662,1.175662,1.153317,1.254725,1.370744,0.836712,-8.7e-05,-1.0,52.399567
0.364392,1.058478,-0.294989,-0.94534,-0.94534,1.992016,1.917402,2.0915,2.243619,1.823352,-0.00079,-1.0,51.904213
-2.361802,0.10269,-2.464484,1.388164,1.388165,0.099263,0.349135,0.612697,0.791543,0.614065,-0.000169,1.0,52.624729
0.567109,0.567109,-0.790512,-0.41075,-0.410757,0.154673,0.675382,0.957789,1.110163,1.105351,-0.000624,0.0,52.408569
0.556135,0.816818,-0.469241,-1.117027,-1.117014,0.789009,1.569335,1.856091,2.053344,2.190466,-0.001382,-1.0,51.823158
1.557749,1.700987,-0.393907,-2.937092,-2.9371,3.004481,4.200542,4.583711,4.860344,5.080756,-0.00319,-1.0,50.30106
-1.359927,0.344511,-1.450597,-1.25335,-1.253355,3.412513,4.995469,5.471142,5.864916,6.155577,-0.003118,-1.0,49.670609
0.401116,1.133593,-0.401114,3.970984,3.97099,-0.917336,0.542379,1.198698,1.664632,1.98256,-0.001034,1.0,51.643024
1.533518,1.729666,-0.17832,-2.197415,-2.197422,0.556351,2.23966,3.160964,3.706315,4.042799,-0.002396,-1.0,50.508209
0.018123,0.706655,-0.308025,-1.587024,-1.587025,1.326333,3.203488,4.371574,4.976455,5.384318,-0.002878,-1.0,49.706631
0.668237,0.722415,-0.433444,0.326146,0.326148,0.823554,2.36049,3.677089,4.323649,4.780213,-0.003395,0.0,49.868748
1.685065,2.033699,-0.116213,-6.754557,-6.754555,6.763507,8.613209,10.357029,11.187296,11.818712,-0.005965,-1.0,46.500336
-0.759492,0.272647,-1.94742,-0.542326,-0.542323,5.012658,7.826682,9.851351,11.005847,11.821621,-0.006199,-1.0,46.248154
1.548414,1.76401,-0.254804,-0.642645,-0.642644,3.708345,7.118775,9.489088,10.971187,11.934927,-0.007031,-1.0,45.950943
-0.4447,0.850733,-1.276102,1.372013,1.372009,0.962876,4.543696,7.0727,8.77127,9.8082,-0.005785,1.0,46.581394
-0.25371,0.448866,-0.390322,-0.928072,-0.92807,0.29664,4.623336,7.172778,9.099334,10.245119,-0.006422,-1.0,46.149086
0.138944,0.674871,-0.555782,-1.678378,-1.678384,1.512509,5.462488,8.042879,10.199489,11.459316,-0.00672,-1.0,45.374527
1.406734,1.569829,-0.040775,-2.63994,-2.639933,3.327218,6.632007,9.697587,12.083589,13.634253,-0.007765,-1.0,44.17667
-1.585343,1.091204,-1.873585,-0.978591,-0.978589,3.339506,6.139587,9.461254,12.093881,13.922995,-0.009723,-1.0,43.744362
0.859717,1.048438,-0.524219,-1.81182,-1.811827,3.556306,6.525481,10.104149,12.979666,15.081575,-0.010069,-1.0,42.95179
-0.106155,1.507437,-0.276002,-1.237159,-1.237145,3.095535,6.104027,10.244861,13.218677,15.57027,-0.010449,-1.0,42.420414
0.97445,1.689041,-0.21654,-1.953287,-1.953291,3.330441,7.037672,11.146231,14.23451,16.843648,-0.010742,-1.0,41.59182
1.151708,1.771869,-0.55371,-2.230398,-2.230405,3.960132,8.106309,11.88187,15.369873,18.204204,-0.011354,-1.0,40.664154
0.397869,4.641905,-0.552608,0.199336,0.199338,2.281164,6.613611,10.061885,13.7091,16.732089,-0.01192,0.0,40.745213
-2.030233,1.382289,-2.613389,2.343053,2.343051,-0.660901,3.002164,6.262061,9.892011,12.965014,-0.010608,1.0,41.699894
-0.492505,0.171302,-1.73448,0.863935,0.863925,-1.683075,1.14776,4.114212,7.971099,11.014141,-0.009665,1.0,42.06015
-2.665842,0.309986,-2.934487,3.618839,3.618853,-4.203349,-2.796033,0.031686,3.501754,6.373216,-0.006543,1.0,43.582245
1.729237,1.876852,-0.442849,-2.004549,-2.004548,-1.286377,-1.151412,1.525377,4.572964,7.620413,-0.006901,-1.0,42.708618
-0.422744,0.866624,-0.99345,-0.231963,-0.231963,-0.181787,-1.187915,1.238633,3.889234,6.950743,-0.008902,0.0,42.60955
0.149093,0.255589,-0.830671,-0.760938,-0.760942,0.860487,-0.58786,1.337591,3.808304,6.86858,-0.008218,-1.0,42.285316
-0.820534,0.904692,-0.904694,1.235352,1.235356,-0.021039,-1.710499,-0.419385,1.716809,4.864294,-0.006874,1.0,42.80769
0.16604,1.141553,-0.269824,1.367559,1.367553,-1.457032,-2.621417,-2.067245,-0.013489,2.870903,-0.006378,1.0,43.393108
0.0,1.21237,-0.041806,-0.705687,-0.705681,-0.581105,-1.36706,-1.539857,0.330265,2.807688,-0.003498,-1.0,43.086891
0.697384,1.098901,-0.147929,-1.086957,-1.086962,0.515641,0.156384,-0.633979,1.041845,3.196958,-0.003757,-1.0,42.618553
-0.378629,0.147244,-0.946573,0.464922,0.464922,0.298696,-0.046277,-1.11485,0.134624,2.075725,-0.00323,0.0,42.816696
0.588879,1.090513,-1.134124,-3.554907,-3.55491,3.262821,3.452572,2.348246,3.237741,5.007643,-0.005576,-1.0,41.294601
-0.197542,1.602283,-0.658479,-0.632491,-0.632499,2.769981,3.489913,2.908995,3.365902,5.143119,-0.005435,-1.0,41.033413
-0.195695,0.413129,-1.065453,0.943813,0.943814,1.004568,2.211356,2.068572,2.06676,3.693853,-0.004187,1.0,41.420692
-0.578406,0.449869,-1.221078,1.500322,1.500325,-0.762638,0.565558,0.765502,0.35562,1.789211,-0.002215,1.0,42.042137
0.383552,0.745789,-0.27701,0.535561,0.535565,-1.55125,0.025571,0.318207,-0.259958,0.838699,-0.001494,0.0,42.2673
0.479505,0.632077,-0.893636,-2.237373,-2.237368,0.7149,1.955094,2.49491,1.889709,2.679159,-0.001697,-1.0,41.321625
1.189168,1.343316,-0.836822,-1.024414,-1.024408,1.691249,2.400343,3.118248,2.859495,3.304111,-0.001595,-1.0,40.898323
-1.675729,0.113222,-2.807976,-2.752698,-2.752709,3.740946,4.465582,5.544992,5.658972,5.785332,-0.001976,-1.0,39.772511
0.871506,1.072626,-0.424579,1.336051,1.336046,1.510623,2.513973,3.772075,4.211182,4.049172,-0.000278,1.0,40.30389
-1.517122,0.411797,-1.798869,3.106143,3.106162,-1.889906,-0.877773,0.528817,1.054392,0.780228,0.001106,1.0,41.555794
-0.021896,0.612958,-0.569181,-0.996964,-0.996961,-0.989501,0.083175,1.271149,1.960365,1.670742,-0.000484,-1.0,41.141499
-1.246244,0.365273,-1.654493,1.882664,1.882661,-2.333484,-1.555661,-0.835134,-0.122485,-0.177062,1e-06,1.0,41.916054
-0.042274,0.655248,-0.78208,1.654491,1.654488,-2.59142,-2.878889,-2.523787,-1.759677,-1.619115,-0.000934,1.0,42.60955
1.802198,1.934068,-0.175829,-3.825832,-3.825837,1.613194,0.725278,1.08718,1.949451,2.317363,-0.001802,-1.0,40.979378
-1.21712,0.586831,-1.95609,1.120875,1.120874,0.430352,-0.591167,-0.255012,0.717241,1.158015,-0.001157,1.0,41.438705
-0.37094,0.610951,-1.112813,-0.391211,-0.391221,0.890255,-0.211642,0.133835,0.927347,1.479388,-0.000981,0.0,41.276588
1.365634,1.784134,-0.220271,-0.93825,-0.938244,1.343612,0.73128,1.058739,1.577093,2.177094,-0.002016,-1.0,40.889313
0.328302,0.328302,-1.641497,0.63876,0.638759,-0.00875,0.426799,0.373541,0.697097,1.377116,-0.002363,1.0,41.150497
-1.100803,1.057626,-1.877839,1.400751,1.400761,-1.031739,-0.619474,-1.063392,-0.800785,-0.107929,-0.00136,1.0,41.726917
-0.739806,0.190237,-1.500746,2.115258,2.115261,-2.532242,-2.430781,-3.05926,-2.879949,-2.1467,0.000165,1.0,42.60955
-2.602601,0.260262,-3.403405,5.580215,5.580216,-6.034039,-6.732739,-7.639645,-7.60261,-7.124732,0.0026,1.0,44.987255
0.081944,0.860477,-0.430246,-2.282282,-2.282293,-2.442117,-4.089323,-5.018093,-5.111654,-4.90391,0.003206,-1.0,43.960514
-1.571636,0.483574,-1.793268,1.679984,1.679992,-2.46625,-5.206533,-5.852646,-6.312718,-6.330853,0.004308,1.0,44.699047
1.035411,1.097534,-0.455583,-2.69998,-2.699984,1.05198,-1.998344,-2.751431,-3.546282,-3.651274,0.002572,-1.0,43.49218
-0.975015,1.076575,-1.137522,1.946571,1.946573,-0.0975,-3.215519,-4.189856,-5.154377,-5.353647,0.002785,1.0,44.338787
0.413653,0.599795,-0.889349,-1.787532,-1.787536,1.058952,-0.932773,-2.077896,-3.172691,-3.424191,0.001679,-1.0,43.546215
-0.083431,0.375469,-1.710471,-0.847981,-0.84798,1.560287,0.44431,-1.045748,-2.080722,-2.399662,0.00234,-1.0,43.176952
-0.553165,0.348287,-1.147308,1.814773,1.814769,-0.585945,-0.706818,-2.604655,-3.34972,-3.908212,0.003692,1.0,43.960514
-1.562805,0.781405,-1.719082,4.876046,4.876055,-4.075019,-4.373902,-6.391876,-7.2143,-8.023443,0.007325,1.0,46.104053
0.353003,0.5099,-0.392236,-0.390695,-0.390695,-3.008442,-3.277121,-5.373611,-6.374786,-7.344192,0.006503,0.0,45.923927
-1.155503,1.077164,-1.194673,0.13728,0.137266,-2.0799,-3.192317,-4.820466,-5.976296,-7.065406,0.005089,0.0,45.986965
0.178324,0.594411,-0.495344,-1.155503,-1.155493,0.067364,-1.731726,-3.038112,-4.487818,-5.57797,0.005014,-1.0,45.455589
-0.019808,0.475438,-0.376385,0.019812,0.019806,0.709196,-1.582802,-2.424718,-4.192747,-5.095875,0.004126,0.0,45.464592
0.544906,0.746718,-0.585269,-1.842316,-1.842315,1.937441,0.518672,-0.160103,-1.985869,-2.927139,0.002461,-1.0,44.626991
-0.611736,1.280824,-1.510229,5.570135,5.570143,-2.936348,-4.196145,-4.790676,-6.555157,-7.577141,0.006936,1.0,47.112778
0.15224,0.399618,-0.589909,0.458799,0.458797,-2.812559,-3.834443,-4.895655,-6.34253,-7.476308,0.00662,0.0,47.32893
1.176244,1.291936,-0.269958,-1.313031,-1.313034,-0.983418,-1.799075,-3.238206,-4.473583,-5.834941,0.006181,-1.0,46.707485
-0.399846,0.171365,-0.552171,1.272655,1.272648,-1.450869,-2.326725,-4.087325,-5.023792,-6.621471,0.007234,1.0,47.301907
-0.114717,0.076484,-1.108983,-0.41889,-0.41889,0.015304,-1.703624,-3.172713,-4.053528,-5.708596,0.006731,0.0,47.103764
0.365451,1.134834,-0.19235,-0.592729,-0.592721,0.488549,-0.925183,-2.241461,-3.031356,-4.686289,0.005781,-1.0,46.82457
-0.058115,0.193727,-1.142968,-0.711681,-0.711671,0.8485,-0.106556,-1.118437,-2.174552,-3.554443,0.004435,-1.0,46.491333
1.335168,1.472609,-0.176713,-1.336689,-1.336705,1.849601,1.337135,0.612612,-0.64107,-1.813463,0.001141,-1.0,45.869881
1.600813,2.066871,-0.303945,-3.102301,-3.102288,3.825731,4.35258,3.906785,2.511648,1.626746,0.000751,-1.0,44.446865
0.404531,0.606802,-0.36408,0.182373,0.182364,2.479779,4.140376,3.481665,2.441347,1.69337,3.8e-05,0.0,44.52792
1.51738,1.728133,-0.273975,-4.025077,-4.025075,4.864065,7.483663,7.324198,6.55005,5.970071,-0.000593,-1.0,42.735638
0.723997,0.767876,-0.57043,-3.940988,-1.363335,4.255104,7.741391,8.201254,7.857506,7.165819,-0.002169,-1.0,42.153008
1.392816,1.719262,-0.391732,0.811757,0.811762,1.827346,5.88259,6.865562,6.908794,6.164964,-0.000932,1.0,42.49519
1.36925,1.503933,-1.077439,-3.046794,-3.046799,3.451403,7.729078,9.533877,9.933496,9.161581,-0.001979,-1.0,41.200447
-0.68554,0.06634,-1.437419,1.503933,1.503938,0.623614,4.869472,7.463505,7.79247,7.38425,-0.002127,1.0,41.820076
-0.498481,0.455134,-0.953615,2.034494,2.034492,-1.413088,1.805033,4.626789,5.261992,5.08674,-0.00348,1.0,42.670902
-3.175275,0.127005,-4.254873,2.384055,2.384051,-3.005927,-1.207158,1.634952,2.54784,2.652755,-0.002159,1.0,43.688198
0.708159,0.815455,-0.193133,-1.354792,-1.354794,-1.394843,-0.493911,2.472186,3.682511,4.055104,-0.002869,-1.0,43.096313
-0.665832,1.102786,-1.081981,3.133054,3.133048,-2.929666,-3.516849,-1.06907,0.418246,0.937786,-0.000827,1.0,44.446541
-0.202386,0.364299,-0.910749,2.808987,2.808986,-3.885848,-5.897583,-3.977624,-2.208552,-1.855878,0.000501,1.0,45.695038
1.242618,1.487065,-0.142595,-0.647642,-0.647635,-2.057448,-4.697493,-3.56102,-1.759827,-1.26236,0.00107,-1.0,45.399101
1.585996,1.874356,-0.082391,-1.100022,-1.100024,-0.428425,-3.025743,-2.724693,-0.937659,-0.261003,-0.002106,-1.0,44.8997
0.374612,1.186264,-0.707596,-1.029866,-1.029864,1.211237,-1.579603,-1.927387,-0.162273,0.6852,-0.002815,-1.0,44.437294
0.806798,0.997881,-0.318465,-1.977109,-1.97711,2.845012,0.946925,-0.085205,1.42177,2.540992,-0.003131,-1.0,43.55872
-0.127175,0.529886,-0.805428,0.169856,0.169853,1.725307,1.191183,-0.391406,0.852035,2.275967,-0.003656,0.0,43.632706
1.527865,1.527865,-0.559505,-1.504873,-1.504873,2.151924,2.808262,1.167779,1.945172,3.453585,-0.004174,-1.0,42.976089
-0.195312,0.629334,-0.195312,-0.839249,-0.839255,1.944446,3.426651,2.096358,2.353238,3.886749,-0.004291,-1.0,42.61541
-0.131697,0.175588,-1.294996,-1.128474,-1.128474,2.014929,4.378845,3.204571,3.078183,4.638333,-0.004489,-1.0,42.134506
-1.182539,0.731026,-1.225541,2.085156,2.085167,-0.322513,1.913566,1.377482,0.806064,2.102176,-0.00286,1.0,43.013081
-0.920377,0.79195,-1.113014,0.451522,0.451521,-0.967471,0.879704,1.13584,0.200125,1.282512,-0.001168,0.0,43.207294
1.84036,2.246948,-0.492189,0.021402,0.021401,-0.877383,0.35309,1.198371,0.234324,0.926892,-0.001244,0.0,43.216541
0.458113,1.374348,-0.283597,-1.904558,-1.90456,0.942409,1.710296,2.959568,2.20877,2.499774,-0.000235,-1.0,42.393456
-0.109123,0.305541,-0.414664,-0.04363,-0.043625,1.099953,1.268,2.891017,2.239192,2.214605,0.000394,0.0,42.374962
1.936214,2.50569,-0.159453,-4.190306,-4.190312,4.332574,4.968106,6.759298,6.636671,6.305965,-0.001988,-1.0,40.599319
-1.249452,0.372648,-1.359051,3.917988,3.917987,-0.083291,0.668572,2.180335,2.660022,2.076288,0.001329,1.0,42.189995
-0.932555,0.715676,-1.43136,1.074095,1.074101,-1.414013,-0.479293,0.663625,1.565815,0.982863,0.001124,1.0,42.643158
-0.085436,0.875694,-1.260145,1.539794,1.539783,-2.490381,-1.830406,-1.109205,-0.019216,-0.442538,0.000888,1.0,43.29977
-0.839793,0.215336,-1.162784,-0.811621,-0.811619,-1.42549,-0.837633,-0.531145,0.78166,0.414305,-0.000633,-1.0,42.948341
-0.937365,0.894764,-1.022582,1.076658,1.076666,-1.180233,-1.802301,-1.613408,-0.411164,-0.45164,0.000524,1.0,43.410751
1.297293,1.49189,-0.475678,-1.46996,-1.469963,0.566486,-0.438918,-0.279639,0.732974,1.122595,-0.001668,-1.0,42.772629
-1.108785,0.167368,-1.359826,3.351349,3.351358,-1.987455,-3.44352,-3.32776,-2.668416,-2.017579,-0.001409,1.0,44.206093
-2.194234,0.284437,-2.478669,2.970716,2.970704,-3.839901,-5.542461,-5.691451,-5.408369,-4.683461,0.000314,1.0,45.519325
-0.803292,0.215519,-1.116771,3.697684,3.69768,-5.466296,-7.887927,-8.338553,-8.488436,-7.734321,0.002598,1.0,47.202484
-1.552492,0.67922,-1.649523,0.960027,0.960032,-4.583735,-7.283134,-8.560705,-8.928775,-8.342321,0.003546,1.0,47.655643
0.076528,0.363495,-0.420893,1.436059,1.436071,-3.631155,-7.323522,-9.147384,-9.731212,-9.421092,0.005171,1.0,48.340012
-1.060137,0.481881,-1.676953,-0.746124,-0.746131,-1.333851,-5.514654,-7.802625,-8.531229,-8.525061,0.004735,-1.0,47.979332
-1.345297,0.701893,-1.637746,-1.13724,-1.137246,0.608308,-3.556247,-6.033663,-6.971142,-7.259113,0.00491,-1.0,47.433689
0.789684,1.040064,-0.982277,1.228304,1.228304,-0.27349,-3.671025,-6.390595,-7.487474,-8.08628,0.005895,1.0,48.016319
0.076689,0.191714,-0.594329,0.462253,0.462255,-0.490795,-3.113496,-5.765592,-7.371547,-8.121164,0.006652,0.0,48.238277
-0.211418,0.595812,-0.345956,-0.249235,-0.249229,-0.334425,-1.760525,-4.708824,-6.629831,-7.518741,0.005541,0.0,48.118053
1.069829,1.556116,-0.622447,-1.191618,-1.191626,0.684693,0.126437,-2.872331,-5.048626,-6.01906,0.004758,-1.0,47.544666
-0.039785,0.099463,-1.432268,-2.217467,-2.217466,2.562164,2.605929,-0.212186,-2.454743,-3.554404,0.003692,-1.0,46.490379
-0.807087,0.354333,-1.889762,1.054305,1.054306,1.051182,1.488191,-0.6811,-2.982282,-4.148029,0.005101,1.0,46.98053
-0.489333,0.430615,-0.567628,0.570868,0.570866,0.058721,0.825995,-0.703332,-2.829319,-4.333527,0.005394,1.0,47.248726
-1.138117,0.694446,-1.446759,1.467998,1.467999,-1.462193,-0.715664,-1.421039,-3.635224,-5.322531,0.008088,1.0,47.942337
0.25087,1.003474,-0.192974,-0.03858,-0.038582,-1.26592,-0.688923,-0.865817,-3.047085,-4.89309,0.006204,0.0,47.92384
0.675941,1.255313,-0.444187,-0.077192,-0.077195,-0.606407,-0.51757,-0.459631,-2.493235,-4.360751,0.005656,0.0,47.886845
-0.290974,0.193992,-1.14452,-0.444187,-0.444189,0.128036,-0.145483,0.050444,-1.562553,-3.48942,0.004711,0.0,47.674137
0.888981,1.095727,-0.310105,-6.168768,-6.16876,5.586103,5.635722,6.192542,5.056852,3.225138,0.00216,-1.0,44.733234
0.957144,1.044159,-0.696104,-4.961749,-4.961749,8.544696,9.832493,10.822994,10.511198,8.644763,-0.000716,-1.0,42.513683
-0.086978,0.456619,-0.391392,0.043509,0.043501,5.962164,8.606218,9.920997,10.266362,8.587084,5e-06,0.0,42.532177
0.237684,0.583405,-0.345722,0.630565,0.630572,2.921348,7.063525,8.510515,9.257779,7.859983,-0.00129,1.0,42.800373
0.76303,1.090037,-0.283403,-0.885912,-0.885911,1.364727,6.945714,8.601117,9.670808,8.774361,-0.003127,-1.0,42.4212
0.92961,1.438694,-0.951749,-1.504249,-1.504255,1.500667,7.270918,9.22975,10.642987,10.279773,-0.005604,-1.0,41.783077
-0.575226,0.575217,-1.106195,0.04427,0.044262,1.11505,5.754431,8.174048,9.811955,10.138062,-0.00604,0.0,41.801571
0.291678,0.291678,-1.00965,-1.393807,-1.393799,1.907112,5.622616,8.67998,10.544089,11.404982,-0.007388,-1.0,41.218941
0.806635,1.18754,-0.179256,0.134622,0.134618,1.030698,3.878559,7.691391,9.649342,10.843831,-0.006968,0.0,41.274429
1.295169,1.522386,-0.772552,-1.389207,-1.389197,1.608722,3.62872,8.179958,10.295387,11.766417,-0.007088,-1.0,40.701046
-2.175844,0.444052,-2.220249,2.340384,2.340382,-0.777093,0.519533,4.810533,6.982676,8.634098,-0.006559,1.0,41.653606
0.067581,1.058802,-0.315384,-1.443166,-1.443167,0.310881,1.635503,5.226402,7.688668,9.514756,-0.007466,-1.0,41.052475
1.044086,1.670538,-0.162411,-2.906062,-2.906066,2.631096,4.006966,7.027074,9.947802,11.977733,-0.008731,-1.0,39.859463
-0.582615,1.025397,-0.932188,-0.440831,-0.440821,2.283843,3.682117,6.122884,9.577013,11.69237,-0.008374,0.0,39.683754
0.023343,0.303519,-1.120719,-0.186432,-0.186439,1.923882,3.165999,4.963805,8.851266,11.05206,-0.007406,0.0,39.609768
1.445158,1.729448,-0.142139,-1.44759,-1.44759,2.080078,3.977731,5.532656,9.398248,11.740347,-0.008598,-1.0,39.036381
-3.032392,0.895932,-3.032392,3.127221,3.127216,-1.410516,0.441081,1.958808,5.126355,7.570877,-0.007381,1.0,40.257133
-0.045948,0.229731,-0.735125,0.0,0.0,-1.212951,0.202165,1.582056,4.174138,6.846778,-0.00808,0.0,40.257133
0.300233,0.669748,-0.415704,-0.528371,-0.528361,-0.508088,0.427248,1.662813,3.748263,6.770434,-0.008313,-1.0,40.04443
-0.23315,0.396367,-0.536253,-0.946882,-0.946891,0.470974,1.126141,2.17145,3.730478,7.053396,-0.008727,-1.0,39.665253
-0.81206,0.139216,-1.136884,0.489622,0.489622,0.394434,0.1833,1.3519,2.613695,5.790261,-0.008282,0.0,39.859463
-0.36715,0.550707,-1.560349,1.113698,1.113693,-0.688389,-1.106011,-0.012236,1.209272,3.866913,-0.004814,1.0,40.303375
0.248419,1.761522,-0.903338,1.606234,1.606243,-1.919603,-2.40289,-1.636555,-0.583785,1.543812,-0.001687,1.0,40.950745
0.502164,0.935859,-0.091306,-1.061423,-1.061417,-0.634569,-1.150432,-0.706089,0.200857,1.905491,-0.002213,-1.0,40.516087
0.705189,1.000917,-0.090994,0.342383,0.342375,-0.486804,-1.230663,-1.052469,-0.358278,0.867155,-0.00235,0.0,40.654804
-1.188072,0.134492,-1.546745,1.478622,1.478625,-1.25981,-2.131815,-2.558475,-1.874025,-0.939704,-0.001224,1.0,41.255936
0.585724,1.26155,-0.202748,-0.493167,-0.493168,-0.405495,-1.45303,-2.075543,-1.478937,-0.591124,-0.000743,0.0,41.052475
1.661285,1.915085,-0.230729,-2.365395,-2.365397,1.573606,0.890632,0.333794,0.766035,1.57268,-0.00189,-1.0,40.081421
1.522607,1.522607,-0.655889,-1.499772,-1.499767,2.595454,2.283905,1.827123,2.073083,2.78285,-0.001941,-1.0,39.480293
0.55116,1.629523,-0.311531,-2.248768,-2.24878,3.8869,4.358982,3.993936,4.148103,4.750546,-0.003076,-1.0,38.592468
2.087944,2.259892,-0.5404,-2.444287,-2.444285,4.573821,6.386645,6.353892,6.225751,6.935896,-0.003578,-1.0,37.649158
0.716219,1.13608,-0.370467,-0.5404,-0.5404,3.215606,6.201531,6.431217,6.321313,7.051617,-0.00495,-1.0,37.445702
-0.121092,0.992976,-0.363289,1.975794,1.975792,0.222816,3.419719,4.007431,4.042145,4.659728,-0.003322,1.0,38.185551
4.294016,4.294016,-1.414501,-4.117222,-4.117207,2.960332,6.794635,7.848773,8.090417,8.644597,-0.003899,-1.0,36.613373
-1.154737,0.487552,-2.848345,-1.56605,-1.566051,3.181925,7.213231,8.89401,9.314846,9.855776,-0.004434,-1.0,36.039989
1.470982,2.1931,-0.882584,-4.054406,-4.054396,5.766238,9.81277,12.477475,13.289633,13.679577,-0.006276,-1.0,34.578785
1.484372,2.1875,-0.364594,2.701265,2.701249,1.895834,5.364579,8.619787,9.641921,10.065618,-0.004301,1.0,35.512844
1.064094,1.114768,-0.304036,2.786456,2.786462,-1.788701,1.527735,4.862757,6.155298,6.71395,-0.004463,1.0,36.502396
-1.826705,1.234263,-2.641321,2.634905,2.634893,-3.855823,-1.616874,1.627592,3.085668,3.737359,-0.003208,1.0,37.464195
1.276591,1.276591,-0.100128,-1.382367,-1.382363,-2.01752,-0.683355,2.382977,4.162701,4.903126,-0.003615,-1.0,36.946304
1.73072,1.857977,-0.789007,-1.652065,-1.652068,0.595573,0.623572,3.200137,5.427591,6.368032,-0.003951,-1.0,36.335926
1.230223,1.305538,-0.22596,1.374398,1.3744,-0.050216,-0.906353,1.037741,3.527489,4.554352,-0.003529,1.0,36.835327
0.960561,1.314462,-0.429732,-0.677883,-0.677887,0.677453,-0.667335,1.09033,3.637516,4.866534,-0.004382,-1.0,36.585625
0.587784,0.868899,-0.178891,-1.086956,-1.086949,1.078453,0.306668,1.59468,4.178375,5.592634,-0.005665,-1.0,36.187958
-1.033266,1.184481,-1.209675,1.405569,1.405561,-0.458665,-0.904732,-0.157925,2.195065,3.805448,-0.00449,1.0,36.696602
1.35278,1.936337,-0.26526,-4.989917,-4.989909,3.925724,4.381957,4.553488,6.645882,8.684343,-0.007029,-1.0,34.865475
2.681479,2.925249,-0.650049,-2.068973,-2.068981,4.544971,6.186358,6.117743,7.887334,10.258948,-0.008719,-1.0,34.144115
0.688705,0.716259,-1.404953,-1.679304,-1.679303,4.534439,7.126725,7.013781,8.760336,11.262816,-0.009284,-1.0,33.570732
0.495595,1.459246,-0.523125,0.055099,0.055111,2.929505,5.914088,6.354618,7.823504,10.376642,-0.008131,0.0,33.589233
-0.855158,0.454308,-1.229287,3.028629,3.028616,-1.304109,2.12454,2.952085,4.078042,6.432932,-0.005975,1.0,34.606522
-2.08877,0.600522,-2.08877,2.351686,2.351681,-3.25848,-0.480408,0.745006,1.372074,3.32847,-0.003784,1.0,35.420357
0.760548,1.049037,-0.629431,-0.443859,-0.443846,-2.192508,-0.482568,1.146946,1.514549,3.132434,-0.002831,0.0,35.263145
2.215278,2.267404,-0.10424,0.62942,0.629402,-1.725294,-1.415155,0.323183,0.499105,1.969263,-0.002274,1.0,35.485092
0.589962,0.911773,-0.563151,-2.814694,-2.814667,1.641171,0.946616,2.653061,3.101351,4.343238,-0.004555,-1.0,34.486305
-0.338897,0.938478,-0.495315,2.869402,2.869394,-0.703866,-2.213252,-0.486627,0.145977,1.081326,-0.001228,1.0,35.475853
2.462167,2.667343,-0.461659,1.642338,1.642328,-1.954346,-3.462429,-2.145851,-1.266993,-0.728393,0.000299,1.0,36.058483
-1.644396,0.128476,-2.081185,-0.179543,-0.179528,-1.372049,-2.774929,-2.125735,-1.022617,-0.711209,0.002145,0.0,35.993748
-0.776395,0.87992,-0.983439,-0.719422,-0.719439,-0.517586,-1.464796,-1.575217,-0.412778,-0.266037,0.000516,-1.0,35.734795
-3.499494,0.025174,-3.952666,2.795036,2.795041,-1.998992,-3.288018,-4.152402,-3.220042,-2.964754,0.00052,1.0,36.733597
0.713908,0.793228,-1.26917,-4.783487,-4.783493,2.638822,1.676369,0.334926,1.360398,1.788479,-0.003013,-1.0,34.976448
-2.228055,0.183484,-2.857145,0.872559,0.872561,1.310615,0.757537,-0.454348,0.334207,0.98768,-0.001939,1.0,35.281639
-0.053022,0.58324,-1.086956,-1.127132,-1.127133,1.829268,1.797458,0.821848,1.198306,2.066811,-0.001689,-1.0,34.883968
-0.739184,0.237592,-0.923976,0.424178,0.424183,0.997885,1.23812,0.674056,0.5491,1.46779,-0.002142,0.0,35.03194
-0.215175,0.080686,-1.613765,-1.847943,-1.847939,1.533078,3.114575,2.723682,2.179931,3.019899,-0.002699,-1.0,34.384571
-0.680828,0.054469,-1.388894,-1.237222,-1.237226,2.205882,3.959694,3.883441,3.056915,3.958604,-0.00277,-1.0,33.959156
-0.083123,0.858969,-1.246886,-1.715689,-1.71569,2.848438,4.970909,5.288634,4.632865,5.418678,-0.004257,-1.0,33.376522
1.700588,1.700588,-0.05576,-0.60959,-0.609593,2.447736,4.764434,5.514367,5.12825,5.62365,-0.002171,-1.0,33.173061
2.450978,3.085352,-0.115343,-3.317533,-3.317526,4.117645,7.217414,8.425606,8.502017,8.68512,-0.002765,-1.0,32.072536
-0.932259,4.070858,-1.833437,-7.208766,-7.20876,9.09881,13.203844,15.790338,16.288058,16.264751,-0.005398,-1.0,29.760504
3.85784,4.25274,-0.091127,2.299559,2.299558,4.337787,9.170716,12.085864,12.990583,12.82989,-0.00433,1.0,30.444864
1.085678,1.085678,-2.992961,3.523706,3.523704,-0.393201,4.260553,7.310239,8.525518,8.564542,-0.004094,1.0,31.517651
-3.472222,0.611114,-3.638892,5.633797,5.633789,-5.633328,-1.777774,1.046298,2.44167,2.672225,-0.002531,1.0,33.293289
-2.234941,0.626871,-2.452979,1.916664,1.91666,-6.312337,-3.949296,-1.208313,0.286192,0.783874,-0.001407,1.0,33.931408
-2.389359,0.461575,-3.339679,0.381584,0.381599,-4.143373,-4.409462,-2.106992,-0.157494,0.456135,-0.001525,0.0,34.06089
0.997641,2.494125,-0.762917,-7.466739,-7.466743,4.272294,2.529334,5.060632,7.271116,8.170177,-0.00374,-1.0,31.517651
1.002297,1.260032,-2.233674,2.464777,2.464778,2.245135,-0.272048,1.916764,4.107962,5.180987,-0.003933,1.0,32.294491
-0.171431,1.771426,-0.542854,0.229101,0.229098,1.440001,-0.748571,1.165714,3.309998,4.582856,-0.004606,0.0,32.368477
0.0,0.711117,-0.740741,-3.571429,-3.571428,3.454818,2.651853,4.096789,6.41185,7.90874,-0.006221,-1.0,31.21246
-0.512528,0.797275,-1.594527,4.059256,4.059257,-1.554667,-0.515374,-0.354972,1.605923,3.452165,-0.003945,1.0,32.479454
3.877791,4.112802,-0.117512,-3.075165,0.472265,-1.333926,-0.312512,-1.094305,0.769243,2.617409,-0.005051,0.0,32.632843
0.294643,1.208011,-0.589266,-0.293778,-0.293787,-0.894155,0.2945,-0.974897,0.644385,2.486849,-0.002914,0.0,32.536972
0.088048,0.322865,-1.320813,0.383032,0.383029,-1.09282,-0.281596,-1.457141,-0.079852,1.687711,-0.003147,0.0,32.661598
-0.674289,0.263852,-2.345353,0.117408,0.117413,-0.299035,-0.775135,-1.444795,-0.553609,1.197221,-0.002554,0.0,32.699947
-1.550158,0.321732,-1.696397,0.234529,0.234542,-0.350987,-1.399132,-1.061934,-1.031592,0.477527,-0.002644,0.0,32.776642
-1.633337,0.619549,-1.77414,3.860775,3.860768,-3.227259,-4.322817,-4.035249,-4.69832,-3.367268,7.4e-05,1.0,34.042072
-0.084802,2.148101,-0.621823,-0.366086,-0.366094,-2.057658,-3.49276,-3.210943,-4.268403,-3.173085,0.000489,0.0,33.917446
0.520234,1.820815,-0.346815,-2.204644,-2.204638,0.456652,-1.075611,-1.053833,-2.110797,-1.197007,0.000256,-1.0,33.169689
0.43923,1.142018,-0.234266,-1.300567,-1.300561,1.803796,0.693985,0.00702,-0.719233,-0.175322,-7.3e-05,-1.0,32.738297
-0.426177,0.51751,-1.035008,-3.806746,-3.806747,5.016743,4.365297,3.420882,3.484614,3.407735,-0.000306,-1.0,31.492033
1.866246,2.270603,0.0,-2.130886,-2.130895,5.213062,6.049763,5.52196,5.798789,5.251943,0.002112,-1.0,30.820971
-1.393623,0.464534,-2.105915,0.435456,0.435457,2.842986,5.078971,4.77601,5.249226,4.48272,0.001225,0.0,30.955183
0.596172,1.16097,-0.376533,-1.300712,-1.300706,2.485093,5.773449,5.760556,6.187722,5.51656,-0.001073,-1.0,30.552547
1.44357,1.5748,-1.082677,-4.361471,-4.361476,4.750659,9.406171,10.129048,10.224086,9.938021,-0.005832,-1.0,29.220005
0.227787,0.423043,-1.008786,0.82021,0.820205,2.518718,7.390179,8.549741,8.546441,9.002793,-0.006355,1.0,29.459669
-1.707783,0.158125,-1.739409,2.896196,2.8962,-0.702088,3.137254,4.984185,5.292482,5.917295,-0.005157,1.0,30.31288
1.05952,1.932063,-1.028358,1.486398,1.486401,-2.281085,0.601433,3.062219,3.501495,4.267933,-0.000894,1.0,30.763451
-3.357532,0.030245,-3.8415,3.022752,3.022753,-4.428317,-2.816095,-0.16536,0.358188,1.00672,-0.000628,1.0,31.693354
-1.83976,0.860537,-2.077154,1.935874,1.93587,-4.332344,-4.795252,-2.142433,-1.378339,-1.112639,0.000185,1.0,32.306896
-2.07299,0.175185,-2.189781,1.632044,1.632048,-3.813138,-5.915328,-3.70219,-2.90803,-2.850058,0.002663,1.0,32.83416
0.813011,2.130648,-1.373698,4.14598,4.145969,-5.371448,-8.673943,-7.505827,-6.544702,-6.404285,0.002704,1.0,34.195454
-2.679528,0.509105,-3.108253,4.625742,4.625755,-6.752416,-11.363883,-11.248663,-10.223744,-10.152993,0.004682,1.0,35.777252
0.344282,0.900424,-0.556141,1.178987,1.178981,-5.349572,-10.836859,-11.724922,-10.781243,-10.776649,0.005383,1.0,36.199059
1.807876,1.969779,-0.242849,-1.853806,-1.853813,-1.748513,-7.377221,-9.534083,-8.698051,-8.605499,0.004318,-1.0,35.527996
-0.469878,1.630735,-0.912112,-2.37453,-2.374522,1.708122,-3.618022,-6.720103,-6.202321,-6.128247,0.003131,-1.0,34.684376
-0.109073,0.409059,-1.090805,1.354334,1.354342,0.894461,-3.528773,-7.144807,-7.29752,-7.095721,0.003664,1.0,35.154121
-0.682128,0.218276,-1.200554,-0.05453,-0.054526,0.583886,-2.23194,-6.301061,-7.073684,-6.749265,0.0018,0.0,35.134953
0.998328,1.220186,-0.471442,-1.609825,-1.60983,1.286739,0.199659,-3.993352,-5.350811,-5.002781,0.001208,-1.0,34.56934
0.425776,0.766392,-0.425768,-2.301722,-2.30173,2.634126,2.994609,-0.832621,-2.967638,-2.637522,0.001162,-1.0,33.773647
-1.488269,0.715512,-1.488269,-0.823165,-0.82316,2.776193,4.046937,0.793742,-1.863193,-1.74356,0.001389,-1.0,33.495636
1.585011,1.757925,-0.230553,-0.686886,-0.686895,2.351593,4.487036,2.082617,-0.816999,-1.157345,0.002874,-1.0,33.265556
-0.932736,0.847934,-0.989265,1.959654,1.959655,-0.333519,1.930473,0.740535,-2.286599,-3.057091,0.004822,1.0,33.917446
0.58741,1.146853,-0.699301,1.045786,1.045792,-1.538464,0.313287,0.199533,-2.755245,-3.931748,0.005113,1.0,34.272152
1.896948,1.896948,-0.056628,-1.202797,-1.202807,-0.288782,1.041913,1.725188,-0.886174,-2.629662,0.00516,-1.0,33.859924
0.203666,1.280192,-0.349139,-2.689697,-2.689693,2.135587,3.308127,4.560186,2.3829,0.238588,0.005956,-1.0,32.949196
-1.728684,1.552883,-1.728684,-0.698278,-0.698263,2.519763,3.290349,4.994616,3.470541,1.175493,0.005233,-1.0,32.719124
0.275061,2.139355,-0.122252,-4.131263,-4.131269,5.31173,6.540336,8.581901,8.025666,5.588014,0.001886,-1.0,31.367409
0.638489,0.97294,-0.39526,0.519554,0.519549,3.02828,5.025848,7.033552,7.441477,5.166317,0.001426,0.0,31.530378
-0.58015,0.274809,-1.343508,-0.425658,-0.425653,1.899235,4.717553,6.613738,7.755721,5.893126,-0.000216,0.0,31.396168
-1.634955,0.772898,-2.140312,2.717554,2.717548,-1.23067,1.560646,3.289741,4.814215,3.43758,0.000156,1.0,32.249374
2.39306,2.722106,-0.448702,-0.624254,-0.624248,-1.029019,1.818721,3.292449,5.137598,4.303915,-0.000918,-1.0,32.048058
1.263869,1.356356,-0.709001,-2.961415,-2.961427,1.818752,4.01974,5.579544,7.594033,7.530223,-0.004303,-1.0,31.098978
-0.195119,0.910572,-1.528452,-5.209615,-5.209605,6.022761,8.110567,10.230892,12.367479,13.139511,-0.008986,-1.0,29.478844
1.169005,1.937204,-1.269212,-2.634143,-2.63414,7.014019,9.238469,12.035172,14.218429,15.698054,-0.010802,-1.0,28.70233
-0.535475,0.234277,-1.03748,-0.200407,-0.200416,4.712188,7.955163,11.131198,13.393583,15.34539,-0.010015,0.0,28.644806
3.283785,3.318351,-0.172834,-3.179381,-3.179372,5.039744,9.702725,13.450852,15.779463,18.20117,-0.010398,-1.0,27.734081
-0.319266,1.48989,-1.241579,-2.557895,-2.557903,4.781839,10.975522,14.728627,17.318198,20.008514,-0.012261,-1.0,27.02467
0.668779,1.055963,-0.879972,0.780415,0.780417,2.323128,8.539248,12.117801,15.06336,17.762763,-0.011864,1.0,27.235575
-0.732725,0.453597,-2.093514,0.879972,0.879974,0.537333,6.165386,9.590602,12.913467,15.563155,-0.010678,1.0,27.475241
1.782531,1.782531,-0.285205,-2.128405,-2.128404,1.418897,6.481284,10.471779,14.140821,16.916937,-0.010595,-1.0,26.890457
-0.454549,0.349654,-1.468531,1.960788,1.960785,-0.762238,2.744755,7.058276,10.879371,13.539862,-0.00927,1.0,27.417721
-0.515117,0.446425,-0.755498,1.818185,1.818189,-1.89561,-0.230088,4.322337,7.824512,10.478015,-0.008077,1.0,27.916227
1.099656,1.580753,-0.51546,-0.068685,-0.068684,-1.353954,-0.728525,3.52577,6.75601,9.597247,-0.009043,0.0,27.897053
0.949705,1.37179,-0.562786,-2.302405,-2.302415,0.809011,1.079852,4.952521,8.060155,11.223362,-0.010637,-1.0,27.254747
-1.4246,0.138982,-1.4246,1.231097,1.231103,0.090339,-0.531621,2.55038,5.774842,9.01459,-0.009478,1.0,27.590281
2.542677,2.615325,-0.435892,-4.343294,-4.343294,3.857609,3.476206,5.777936,9.378857,12.922627,-0.010265,-1.0,26.391954
-1.779096,0.222391,-2.149741,-1.997824,-1.997825,4.388438,5.137141,6.585127,10.54485,13.979246,-0.010884,-1.0,25.864689
-2.586207,0.337331,-2.886057,-1.111935,-1.111925,3.748119,5.670908,6.766609,10.624055,13.901041,-0.009447,-1.0,25.577093
-1.354808,0.073237,-1.537898,2.361316,2.361308,0.534607,2.738928,3.661666,7.076166,10.100333,-0.00857,1.0,26.181047
0.111569,1.747869,-0.223128,-1.537898,-1.537895,0.699146,3.912236,4.539482,7.493492,10.707327,-0.009099,-1.0,25.77841
1.942857,2.438091,-0.53333,-2.380063,-2.380065,2.179047,5.550476,6.407618,8.746665,12.205713,-0.011527,-1.0,25.164867
-0.490937,0.037764,-1.73716,0.87619,0.87619,0.913898,3.636706,5.05287,6.676737,10.288518,-0.010812,1.0,25.385359
1.372015,1.607213,-0.431203,-3.663142,-3.663147,3.833794,6.170134,8.289565,9.706003,13.324975,-0.011146,-1.0,24.455456
-1.391166,1.104738,-2.16858,-4.19443,-4.19443,6.031097,9.185762,11.879434,13.383798,16.92635,-0.010663,-1.0,23.429689
1.08259,3.087402,-0.761832,2.045826,2.045832,2.341616,5.457093,8.805128,10.120284,13.186843,-0.008434,1.0,23.909021
-0.835651,1.03462,-1.193788,0.76182,0.761817,0.676488,3.704742,7.061952,8.531643,11.009955,-0.007976,1.0,24.091164
0.755989,1.637976,-0.335989,-5.252686,-5.252677,4.015116,8.122635,11.510567,13.628724,15.714403,-0.008963,-1.0,22.825733
-0.380228,0.549214,-1.943392,-0.587984,-0.587994,3.075626,7.490497,10.640758,13.299539,15.20237,-0.008025,-1.0,22.691519
0.839987,1.805968,-0.419992,0.591462,0.591472,1.940358,5.388489,8.696623,11.614865,13.495167,-0.008115,1.0,22.825733
-0.447522,0.244097,-2.359642,3.23394,3.233933,-1.545974,1.147273,4.152427,7.41253,9.077298,-0.006994,1.0,23.563902
2.963586,3.217604,-0.084678,-3.90561,-3.905614,1.176968,4.144791,7.281963,10.723961,12.611345,-0.007841,-1.0,22.643587
-1.295441,1.796912,-1.295441,1.312443,1.312442,-0.033428,1.730049,5.042488,8.205185,10.440455,-0.008149,1.0,22.940771
1.07084,1.441507,-1.029654,1.462603,1.462597,-0.971989,-0.242993,2.869307,5.652806,8.168045,-0.008319,1.0,23.276302
-1.222498,0.285249,-1.507746,1.07084,1.070853,-1.42625,-1.259176,1.026887,3.740824,6.350441,-0.007776,1.0,23.525557
-5.469946,0.885986,-5.469946,5.786463,5.78646,-5.755005,-6.267332,-4.738056,-2.476885,0.211097,-0.003924,1.0,24.886854
-0.420803,0.306044,-0.994644,0.693374,0.693378,-4.4759,-6.526397,-5.422087,-3.414308,-0.855394,-0.00418,1.0,25.059414
0.46476,0.697134,-0.852053,-1.224174,-1.224179,-1.82804,-4.589465,-4.420346,-2.441905,-0.137877,-0.002695,-1.0,24.752642
-0.912197,0.228058,-1.026218,1.89775,1.897757,-2.113266,-5.362982,-5.997722,-4.329155,-2.421896,-0.00084,1.0,25.222387
-0.461542,0.423081,-1.153842,-1.178255,-1.178267,0.176927,-3.392303,-4.476919,-3.44038,-1.632303,-0.000872,-1.0,24.9252
0.03882,1.436332,-0.155283,-0.923077,-0.923074,0.95497,-2.03416,-3.37474,-2.760092,-1.184781,-0.002436,-1.0,24.695122
