-0.78304,0.115161,-0.967292,1.188529,1.18852,0.069091,0.124368,-0.267156,-0.205983,-0.41531,0.001649,1.0,33.371479
0.046244,0.323772,-0.462537,-0.414546,-0.414534,0.319132,0.504145,0.181912,0.187307,0.103971,0.00132,0.0,33.233143
0.396552,0.769774,-0.116629,-0.855696,-0.85573,0.82111,1.210658,1.009274,0.975062,0.949719,0.001073,-1.0,32.948757
-0.486681,0.02317,-1.019706,0.653144,0.653154,-0.074154,0.523759,0.380075,0.263042,0.328088,0.000937,1.0,33.163963
0.13969,0.46566,-0.442382,-0.463502,-0.463482,0.409767,0.810233,0.878528,0.692654,0.790915,-7.7e-05,0.0,33.010254
-0.508313,0.392796,-0.716262,0.768331,0.768319,-0.420513,-0.013861,0.158661,-0.063536,0.009359,0.000445,1.0,33.263878
-0.835461,0.371316,-0.928292,-0.439,-0.438996,-0.051061,0.308654,0.552331,0.385238,0.418656,0.000103,0.0,33.117851
1.33271,1.40285,-0.25719,-0.742632,-0.742624,0.649981,0.853394,1.181504,1.096553,1.098891,-0.000538,-1.0,32.87191
-0.997911,0.185653,-1.044328,0.748188,0.74818,-0.125317,-0.030169,0.400711,0.358551,0.297052,-0.000269,1.0,33.117851
0.116711,0.770303,-0.233422,-0.580181,-0.580177,0.406159,0.536877,0.848112,0.954709,0.842198,-0.000568,-1.0,32.925709
-0.138689,0.346745,-0.254267,0.980387,0.980377,-0.57789,-0.476181,-0.17105,0.009255,-0.129441,-0.000299,1.0,33.248505
-0.300303,0.184796,-0.300303,0.069355,0.069353,-0.554396,-0.533608,-0.287977,-0.072761,-0.173709,4.1e-05,0.0,33.271564
0.821603,1.05634,-0.305157,-1.593908,-1.593899,0.976525,1.014086,1.162756,1.433099,1.395306,-0.000472,-1.0,32.741249
0.815739,1.007673,-0.431862,-2.15962,-2.159649,2.52881,2.8911,3.077441,3.480112,3.508663,-0.001135,-1.0,32.034153
-0.407483,0.311594,-1.198466,0.095972,0.095979,1.893582,2.497616,2.788445,3.139996,3.310657,-0.001177,0.0,32.064899
-0.602119,0.891134,-0.867052,-0.479389,-0.479393,1.546252,2.567455,2.978504,3.395974,3.669578,-0.001243,0.0,31.911182
0.743767,0.863726,-0.503836,0.385356,0.385354,0.383885,1.83543,2.333672,2.768736,3.106549,-0.000902,0.0,32.034153
0.286873,0.406402,-0.669383,0.35989,0.359903,-0.344263,1.245515,1.800942,2.182647,2.571364,-0.00095,0.0,32.149445
-0.454761,0.4787,-0.454761,-0.119539,-0.119536,-0.177124,1.053135,1.70417,2.078753,2.55051,-0.001374,0.0,32.111015
-0.359372,0.35936,-0.431243,-0.095732,-0.095727,-0.071888,0.886427,1.608361,2.03641,2.458069,-0.001546,0.0,32.080276
0.816525,0.96062,-0.024011,-0.239586,-0.239568,0.225726,0.739652,1.5898,2.067707,2.523519,-0.001397,0.0,32.003422
0.289993,0.700814,-0.338325,-0.624395,-0.624411,0.710487,0.911058,1.952628,2.484286,2.953114,-0.002013,-1.0,31.803589
-0.31569,0.31569,-0.534242,-0.483328,-0.483304,0.883907,1.056309,2.190356,2.776808,3.213186,-0.002014,0.0,31.649881
-0.704389,0.048581,-1.190182,-0.024288,-0.024322,0.612117,0.957018,1.90431,2.561345,2.9954,-0.002091,0.0,31.642183
0.0,0.460276,-0.242246,0.267187,0.267191,0.121136,0.581401,1.380818,2.085762,2.562992,-0.002035,0.0,31.726728
-0.480194,0.360137,-0.720298,0.896325,0.896333,-0.763509,-0.280919,0.222479,0.983185,1.481866,-0.00172,1.0,32.011105
-0.403604,0.356128,-0.569796,1.128444,1.128437,-1.51946,-1.289165,-1.081034,-0.258778,0.243121,-0.000657,1.0,32.37233
-0.164551,0.047015,-0.728728,0.997156,0.997157,-1.852377,-2.096847,-2.067076,-1.27057,-0.77762,-0.000728,1.0,32.695133
0.237028,0.379234,-0.118511,-0.82276,-0.822743,-0.554644,-1.187492,-1.174066,-0.558201,-0.045519,-0.000879,-1.0,32.426136
0.166113,0.569535,-0.047461,-0.118511,-0.118525,-0.028473,-0.975315,-0.990348,-0.523256,-0.003795,-0.000606,0.0,32.387703
-0.423131,0.0,-0.916782,0.949222,0.949218,-0.55007,-1.694873,-1.761478,-1.543254,-1.013633,-0.000497,1.0,32.695133
0.047006,0.352531,-0.258519,0.023503,0.023511,-0.371329,-1.44301,-1.648258,-1.653354,-1.087665,-0.000316,0.0,32.70282
0.398038,0.702409,-0.187305,0.376028,0.376013,-0.664938,-1.453983,-1.879328,-2.008888,-1.463816,-0.000461,0.0,32.825787
-0.255745,0.186008,-0.488256,0.702409,0.702408,-0.976507,-1.713542,-2.373076,-2.537769,-2.158555,-3.9e-05,1.0,33.056358
-0.277775,0.416667,-0.324074,0.441765,0.441764,-0.921294,-1.701382,-2.577152,-2.795132,-2.555549,0.0004,0.0,33.202389
0.0,0.206659,-0.482202,0.810181,0.810198,-1.25374,-2.055115,-3.067742,-3.343288,-3.312061,0.000423,1.0,33.471394
0.690615,0.71363,-0.207185,-0.252583,-0.252592,-0.593925,-1.50322,-2.506135,-2.895943,-3.053405,0.000544,0.0,33.386848
-0.526436,0.091556,-0.640877,0.575506,0.575481,-0.714103,-1.803592,-2.680986,-3.238699,-3.508329,0.000394,1.0,33.578983
0.068837,0.229458,-0.550716,-0.251767,-0.251744,-0.201936,-1.236812,-2.066701,-2.787977,-3.090411,0.000275,0.0,33.49445
0.602973,0.672544,-0.371058,-1.055537,-1.055539,0.825604,0.044065,-0.737472,-1.590902,-1.92671,0.000475,-1.0,33.140903
-0.21562,0.21562,-1.149986,-3.200364,-3.200356,3.291792,3.160025,2.558686,1.674644,1.336839,8.9e-05,-1.0,32.080276
0.482625,0.748072,-0.168919,-0.718742,-0.718756,3.07433,3.639003,3.191774,2.417966,2.047311,-0.000212,-1.0,31.849697
-0.359542,0.263665,-0.503363,0.675681,0.67568,1.438165,2.706139,2.368174,1.795308,1.351879,0.000215,1.0,32.064899
-0.262342,0.023847,-0.64393,0.503353,0.503367,0.14309,1.934169,1.814128,1.376099,0.858572,0.000259,0.0,32.226303
-0.142962,0.166786,-0.381225,0.095399,0.095419,-0.500379,1.543934,1.690069,1.361662,0.784347,0.000161,0.0,32.257053
0.167304,0.286804,-0.286804,-0.309747,-0.309768,-0.143403,1.450762,1.894515,1.699329,1.116634,9.1e-05,0.0,32.157131
0.582103,1.018681,0.0,-1.457935,-0.169493,0.18371,1.222969,1.942872,1.829988,1.325571,6.3e-05,0.0,32.102627
0.193803,0.411827,-0.411817,0.121268,0.121277,0.110059,0.653142,1.677469,1.620527,1.264024,0.000197,0.0,32.14156
0.169615,0.508844,-0.096923,-0.024222,-0.024224,0.076726,0.254089,1.510701,1.599658,1.349754,0.000419,0.0,32.133774
0.413822,0.559881,-0.121721,-0.460378,-0.460375,0.370001,0.356651,1.726632,2.006742,1.850904,0.000428,0.0,31.985838
-0.314088,0.096644,-0.821454,0.754618,0.754625,-0.338251,-0.349399,0.70735,1.170142,1.114892,0.000716,1.0,32.227211
0.725687,0.895015,-0.024185,-0.1208,-0.12082,-0.164478,-0.123669,0.58093,1.212596,1.214334,0.000573,0.0,32.188274
-0.411926,0.484616,-0.630002,-0.169328,-0.169316,1e-06,0.067158,0.451687,1.276579,1.316119,0.000178,0.0,32.133774
0.0,0.217812,-0.31462,0.121153,0.121168,-0.096817,-0.070603,0.056234,1.016684,1.161997,-0.000195,0.0,32.17271
0.462294,0.608273,-0.121652,-0.532435,-0.532457,0.447701,0.38444,0.354458,1.369788,1.655239,-0.000762,-1.0,32.001404
0.293394,0.562345,0.0,-0.486608,-0.486604,0.699263,0.777504,0.796064,1.610221,2.045621,-0.000637,0.0,31.845684
0.764868,0.888231,-0.049349,-0.904653,-0.90465,1.218853,1.5248,1.654531,2.248002,2.832044,-0.000928,-1.0,31.557592
-0.219995,0.195556,-0.391102,0.93758,0.937562,0.102679,0.491339,0.666058,1.027415,1.754785,-0.000933,1.0,31.853464
-0.843166,0.072279,-0.963616,1.466629,1.466644,-1.25271,-0.903391,-0.769555,-0.614469,0.192924,-0.000398,1.0,32.320641
0.435203,0.459376,-0.169246,-0.361351,-0.361339,-0.768874,-0.476319,-0.42071,-0.399535,0.432246,-0.000671,0.0,32.203854
-0.265252,0.747523,-0.313482,0.265957,0.265931,-0.757166,-0.720993,-0.657491,-0.631304,0.019461,-0.000833,0.0,32.289494
-0.356121,0.237422,-0.664765,1.567393,1.567405,-1.533712,-2.067897,-2.049694,-2.020566,-1.596169,-0.000416,1.0,32.795601
0.456299,0.648417,-0.144085,-1.139601,-1.139595,-0.048033,-0.850146,-0.862953,-0.836076,-0.604595,-0.001138,-1.0,32.421864
0.460056,0.556901,-0.121063,-0.816523,-0.816526,0.673125,-0.038741,-0.041967,-0.030466,0.047328,-0.001347,-1.0,32.157131
0.145166,0.290344,-0.604887,0.072646,0.072659,0.585514,-0.055667,-0.074216,-0.114945,-0.14469,-0.001533,0.0,32.180496
-0.265639,0.458822,-0.313936,0.193559,0.19353,0.362247,-0.125559,-0.264011,-0.294598,-0.317407,-0.001368,0.0,32.242775
-0.385078,0.385078,-0.409141,0.33808,0.338101,-0.250302,-0.21661,-0.566388,-0.592059,-0.59122,-0.000852,0.0,32.351788
-0.191291,0.239115,-0.765184,0.649822,0.649819,-0.808226,-0.643234,-1.120677,-1.169297,-1.17196,0.000574,1.0,32.562016
-0.143225,0.238728,-0.286462,0.167382,0.167397,-0.6923,-0.718561,-1.195208,-1.260457,-1.289263,0.000902,0.0,32.616524
-0.380769,0.047599,-0.594955,0.310339,0.31033,-0.671115,-0.868641,-1.354918,-1.454076,-1.538322,0.000767,0.0,32.717743
-0.543864,0.118229,-0.567515,0.642554,0.642526,-0.889081,-1.307621,-1.765571,-1.97681,-2.073286,0.000818,1.0,32.927963
0.49882,0.760095,-0.118762,-0.449286,-0.449253,-0.180528,-0.86699,-1.073643,-1.444188,-1.548701,0.000617,0.0,32.780033
0.143064,0.453033,-0.143057,-0.380045,-0.380036,0.257498,-0.417279,-0.532525,-0.988335,-1.110175,0.00059,0.0,32.655457
1.092125,1.139599,-0.047486,0.429185,0.42916,-0.06172,-0.64814,-0.861025,-1.316472,-1.452035,0.000812,0.0,32.795601
0.047599,0.380771,-0.166585,-0.237415,-0.237404,0.176101,-0.247507,-0.520394,-0.972163,-1.128041,0.000679,0.0,32.717743
-0.942947,0.282893,-1.50872,0.951923,0.951896,-0.707189,-0.949999,-1.309108,-1.726758,-1.963202,0.001041,1.0,33.029182
0.141736,0.236234,-0.307113,-0.212155,-0.21214,-0.387433,-0.555162,-1.066226,-1.305223,-1.661234,0.001133,0.0,32.959114
0.918509,0.942068,-0.141302,0.307104,0.307105,-0.44748,-0.708897,-1.240378,-1.424866,-1.850207,0.000967,0.0,33.060333
0.449489,0.567774,-0.260232,-0.447478,-0.447479,0.070971,-0.172697,-0.643478,-0.891882,-1.319136,0.000846,0.0,32.912395
0.236523,0.44939,-0.165563,0.023655,0.023635,0.170308,-0.134794,-0.517164,-0.806504,-1.230818,0.000918,0.0,32.920174
-0.330264,0.330267,-0.401033,0.26017,0.26019,-0.1038,-0.370368,-0.621211,-0.95541,-1.34654,0.000969,0.0,33.005829
-0.304737,0.328174,-0.375059,0.636945,0.636963,-0.58136,-0.869684,-1.076746,-1.519002,-1.77123,0.001402,1.0,33.216064
-0.560743,0.0,-0.747661,0.328174,0.328148,-0.747657,-0.992983,-1.247652,-1.705596,-1.915876,0.001704,0.0,33.325062
0.190345,0.571023,-0.499641,-1.799065,-1.799033,0.956438,0.799406,0.583689,0.181993,-0.069494,0.001373,-1.0,32.725533
0.238956,0.525692,-0.143362,-0.428268,-0.428277,1.185182,1.192343,0.989238,0.675021,0.40716,0.000867,0.0,32.585377
-0.522446,0.166229,-0.71242,0.621274,0.621254,0.427461,0.493948,0.337216,0.136552,-0.151979,0.000554,1.0,32.787815
0.849259,0.967209,-0.165131,0.66492,0.664924,-0.363287,-0.155693,-0.279936,-0.425803,-0.786029,0.000934,1.0,33.005829
-0.023649,0.283829,-0.236516,-0.259495,-0.259515,-0.350024,0.061516,0.033134,-0.112322,-0.467336,0.000739,0.0,32.920174
-0.047497,0.641178,-0.189983,-0.402077,-0.40206,0.090238,0.427452,0.435368,0.317029,0.011402,1e-05,0.0,32.787815
0.575406,0.791182,-0.02397,-0.949898,-0.949886,0.982968,1.253892,1.34899,1.241903,1.006948,8e-05,-1.0,32.476368
0.288876,0.409239,-0.577761,-0.407571,-0.407555,1.121784,1.463627,1.622507,1.565936,1.432811,0.000231,0.0,32.344009
-0.644394,0.167062,-0.668265,0.866637,0.866633,0.019074,0.410481,0.680964,0.669428,0.594727,0.000526,1.0,32.624313
-0.427049,0.332145,-0.498228,0.596659,0.596638,-0.635817,-0.339263,0.034795,0.097269,0.029417,0.000675,1.0,32.818962
-0.516425,0.11738,-0.704223,1.067606,1.067602,-1.45538,-1.258204,-0.970255,-0.903746,-0.960553,0.000945,1.0,33.169338
0.117645,0.258826,-0.305885,-0.234737,-0.234741,-0.851749,-0.872932,-0.702734,-0.61411,-0.682344,0.000617,0.0,33.091476
0.516798,0.56378,-0.32887,0.164706,0.164722,-0.530894,-0.927889,-0.83784,-0.759931,-0.819362,0.000616,0.0,33.145985
-0.348842,0.0,-0.48837,1.010101,1.010089,-1.013952,-1.776739,-1.776738,-1.674414,-1.727437,0.000876,1.0,33.480789
-0.230792,0.161551,-0.48466,0.767447,0.767458,-1.223183,-2.28249,-2.443273,-2.322881,-2.347576,0.000922,1.0,33.73774
-0.344278,0.06885,-0.573789,0.553884,0.553869,-1.322003,-2.485644,-2.744999,-2.71172,-2.752345,0.001293,1.0,33.924603
-0.114677,0.183491,-0.229353,0.06885,0.068838,-0.8853,-2.119241,-2.54432,-2.627269,-2.674289,0.00146,0.0,33.947956
0.230475,0.507034,-0.299611,-0.481649,-0.481634,-0.027655,-1.219169,-1.876002,-2.040785,-2.113845,0.001122,0.0,33.784451
0.390083,0.413024,-0.206517,0.437896,0.437897,-0.197344,-1.264346,-2.12177,-2.362323,-2.425885,0.001372,0.0,33.932392
0.710034,0.755845,-0.274849,0.183566,0.183571,-0.229051,-1.09941,-2.090396,-2.44274,-2.494734,0.001088,0.0,33.994682
-0.068623,0.228726,-0.571821,0.137428,0.137442,-0.297367,-0.978976,-1.979277,-2.383365,-2.4959,0.001217,0.0,34.041405
-0.740743,0.217861,-1.525057,4.986278,4.986266,-4.030505,-4.941184,-6.026149,-6.578438,-6.811335,0.00295,1.0,35.7388
0.280832,0.691294,-0.432061,0.849671,0.849668,-3.586084,-4.938434,-6.133795,-6.914022,-7.259452,0.003431,1.0,36.042461
-0.086024,0.322585,-0.602148,0.45366,0.45367,-2.765594,-4.615063,-5.898218,-6.892482,-7.347966,0.00359,0.0,36.205975
-0.171854,0.128898,-0.923738,0.107525,0.107521,-1.628353,-4.025783,-5.369142,-6.533837,-7.125244,0.003534,0.0,36.244904
-0.447473,0.127854,-0.554021,0.816329,0.816322,-1.056888,-4.086937,-5.520278,-6.777112,-7.45962,0.0036,1.0,36.540779
-0.234094,0.148966,-0.851249,0.127854,0.127865,-0.719311,-3.487986,-5.003914,-6.334338,-7.140255,0.003526,0.0,36.587502
0.363097,0.384451,-0.469889,-0.361783,0.861674,-1.101223,-3.467491,-5.136796,-6.516864,-7.487536,0.004511,1.0,36.902767
1.301525,1.323213,-0.238603,-1.537809,-1.537795,0.514563,-1.298525,-3.131479,-4.546176,-5.676139,0.0041,-1.0,36.335278
-0.672599,0.065088,-0.802775,-0.021688,-0.021681,0.581779,-0.634983,-2.635228,-4.042585,-5.280516,0.003862,0.0,36.3274
0.021697,0.303817,-0.173615,-0.021692,-0.021694,0.481764,0.01382,-2.174499,-3.588087,-4.871003,0.003608,0.0,36.319519
0.370294,0.740579,-0.217815,-0.368928,-0.368934,0.631671,0.507625,-1.400011,-2.803548,-4.108725,0.003567,0.0,36.185524
-0.688913,0.10764,-0.88267,1.176217,1.176219,-0.697525,-0.50549,-2.031557,-3.460262,-4.757292,0.004152,1.0,36.611145
-0.558184,0.257619,-0.64406,0.279873,0.279887,-0.768582,-0.644915,-1.799962,-3.289434,-4.577585,0.004607,0.0,36.713615
-0.317933,0.084784,-0.593468,1.288102,1.2881,-1.568466,-1.655217,-2.476569,-4.055606,-5.32129,0.005235,1.0,37.186523
0.68202,0.809891,-0.106562,-0.551085,-0.551114,-0.664939,-0.991027,-1.4061,-3.110602,-4.384271,0.00471,-1.0,36.981583
0.063896,0.255589,-0.340788,0.063945,0.063953,-0.285403,-0.941421,-1.24096,-2.75944,-4.022332,0.004513,0.0,37.005234
0.744835,0.872526,-0.297944,0.085199,0.08521,-0.14046,-0.989577,-1.146064,-2.403161,-3.683838,0.004149,0.0,37.036766
-0.274545,0.2112,-0.422378,0.766112,0.766096,-0.574433,-1.478334,-1.698531,-2.691241,-4.004562,0.00452,1.0,37.320503
-0.77035,0.0,-0.853633,1.436116,1.436136,-1.628159,-2.469293,-2.806482,-3.558884,-4.928473,0.004991,1.0,37.856476
0.463446,0.463446,-0.294921,-1.165934,-1.165948,-0.235935,-1.025905,-1.504101,-1.97032,-3.433748,0.004185,-1.0,37.415089
0.360632,0.572764,-0.021209,-0.69518,-0.695187,0.543075,-0.072109,-0.712754,-1.093481,-2.412472,0.003643,-1.0,37.154984
0.639657,0.831554,-0.1919,-0.509115,-0.509121,1.019197,0.535195,-0.193303,-0.462456,-1.568841,0.003249,-1.0,36.96582
0.574348,0.893431,0.0,0.234533,0.234544,0.638167,0.391414,-0.297796,-0.581133,-1.462332,0.003311,0.0,37.052521
0.171486,0.428716,-0.10719,-0.765786,-0.765762,0.823125,1.052494,0.551606,0.257294,-0.400156,0.003205,-1.0,36.768787
-0.214689,0.193207,-0.493783,-0.150054,-0.150051,0.592506,1.131364,0.774274,0.431495,0.04066,0.002988,0.0,36.713615
-1.090447,0.21381,-1.111824,0.407896,0.407876,0.025662,0.682063,0.487495,0.06094,-0.243699,0.003071,0.0,36.863361
0.387597,0.581395,-0.064597,-0.705583,-0.705592,0.538346,1.279081,1.200129,0.731066,0.526459,0.002759,-1.0,36.603256
0.470088,0.512825,-0.235043,0.775194,0.775221,-0.324791,0.382466,0.452978,0.030972,-0.172997,0.001199,1.0,36.887012
-0.085245,0.149199,-0.319689,0.256408,0.25638,-0.464603,-0.110812,0.15915,-0.136385,-0.348599,0.000979,0.0,36.981583
0.322098,0.450932,0.0,-0.745946,-0.74595,0.279159,0.446652,0.861799,0.666754,0.418312,0.000535,-1.0,36.705719
0.149891,0.406848,-0.342612,0.279152,0.279166,-0.029986,0.072803,0.545322,0.471091,0.16274,0.000598,0.0,36.808189
0.346554,0.411529,-0.584787,-1.13491,-1.134908,1.000649,1.063464,1.581114,1.594111,1.256231,-0.000124,-1.0,36.39045
0.175095,0.240753,-0.547166,-1.039634,-1.039622,1.575821,1.836278,2.406057,2.564005,2.284078,-0.000557,-1.0,36.012127
-0.130345,0.543124,-0.173795,0.744145,0.744124,0.43885,0.949389,1.35999,1.681519,1.523364,-0.0006,1.0,36.280102
0.263618,0.329521,-0.483306,-1.107971,-1.107974,1.10282,1.847545,2.210025,2.666968,2.611609,-0.000441,-1.0,35.878128
-0.887062,0.021633,-1.536138,1.537788,1.537803,-0.636096,0.186056,0.529344,1.033094,1.084371,0.000137,1.0,36.429863
-1.180004,0.085821,-1.330184,0.843791,0.843791,-1.278702,-0.615757,-0.353294,0.146954,0.252298,0.000457,1.0,36.737255
-0.682885,0.192061,-0.70423,0.536366,0.53636,-1.306021,-1.133168,-0.906247,-0.439611,-0.258646,0.000792,0.0,36.934299
-0.084372,0.316391,-0.295296,1.173707,1.173714,-1.868808,-2.176763,-1.948963,-1.659996,-1.396339,0.000792,1.0,37.367802
-0.14709,0.021009,-0.336205,0.379667,0.379653,-1.370026,-2.332416,-2.178324,-2.019327,-1.71296,0.000828,0.0,37.50967
-0.562852,0.208462,-0.792164,0.798489,0.79849,-1.421717,-2.841356,-2.786462,-2.708982,-2.406502,0.000647,1.0,37.809181
0.062148,0.331469,-0.435051,0.625389,0.62542,-1.346612,-3.010172,-3.137928,-3.171765,-2.907007,0.001083,1.0,38.045647
0.0,0.269712,-0.41494,-0.145016,-0.145036,-0.647303,-2.348551,-2.803602,-2.90768,-2.695442,0.001005,0.0,37.990467
-0.473154,0.08229,-0.617157,0.850622,0.850621,-0.991565,-2.641433,-3.391624,-3.524998,-3.468427,0.001289,1.0,38.313622
0.937891,0.958731,-0.18758,-1.296032,-1.296019,0.471024,-0.850363,-1.927203,-2.112353,-2.158414,0.000525,-1.0,37.81707
0.689371,0.87738,-0.041782,-0.229264,-0.229293,0.660144,-0.277816,-1.538872,-1.772493,-1.872555,-9.2e-05,0.0,37.730358
0.229169,0.500004,-0.208329,0.271571,0.271588,0.275,-0.258333,-1.551389,-1.876044,-2.046668,0.000441,0.0,37.832829
-0.06179,0.205979,-0.473736,1.145831,1.145825,-0.716781,-1.040157,-2.273937,-2.80741,-3.029447,0.001123,1.0,38.266327
-0.143649,0.184691,-0.410427,0.370754,0.370759,-1.034273,-1.134824,-2.265545,-2.980711,-3.216911,0.001449,0.0,38.408203
0.327533,0.69601,-0.163763,0.246251,0.246244,-0.921184,-1.119744,-2.051166,-2.985661,-3.268774,0.001453,0.0,38.502781
-0.162606,0.0,-0.426827,0.716485,0.716517,-1.085391,-1.573194,-2.344198,-3.421774,-3.759377,0.002002,1.0,38.77866
0.789194,1.516093,-0.10385,-2.134144,-2.134179,1.133963,0.548293,-0.001377,-1.110066,-1.518583,0.001267,-1.0,37.951054
0.186181,0.206866,-0.455112,0.394596,0.394606,0.649568,0.182045,-0.190317,-1.224658,-1.778238,0.001262,0.0,38.100811
0.686075,0.790025,-0.062366,-0.496487,-0.496501,0.88983,0.5759,0.403345,-0.516613,-1.190003,0.00134,0.0,37.91164
0.354836,0.43832,-0.229599,-0.395006,-0.394987,0.897513,0.960126,0.846026,0.127318,-0.686292,0.000906,0.0,37.761894
-0.290456,0.560166,-0.394197,0.605304,0.605301,-0.124489,0.421157,0.27109,-0.269713,-1.15934,0.001035,1.0,37.990467
0.185452,0.329693,-0.370907,0.684643,0.68464,-0.647022,-0.152481,-0.375023,-0.750048,-1.636923,0.001565,1.0,38.250565
-0.326264,0.244696,-0.734097,1.0509,1.050894,-1.394778,-1.090942,-1.296896,-1.559946,-2.386619,0.001851,1.0,38.652538
0.678589,0.740286,-0.411271,-0.836052,-0.836049,-0.345464,-0.277606,-0.461992,-0.604564,-1.349783,0.001962,-1.0,38.329384
1.821987,1.863872,-0.041885,-1.809585,-1.809588,1.424088,1.32985,1.340319,1.243986,0.655086,0.001677,-1.0,37.63578
0.55026,0.846565,-0.402114,-1.04712,-1.04711,2.095232,1.989411,2.325216,2.23915,1.807404,0.001013,-1.0,37.241692
-0.105307,0.231676,-0.336984,0.486772,0.486772,1.158378,1.35425,1.756525,1.660696,1.387529,0.001604,0.0,37.422974
-0.423101,0.444256,-0.655809,-0.442291,-0.442295,0.858896,1.578167,2.028066,2.013962,1.872648,0.00087,0.0,37.257454
0.442942,0.442942,-0.590591,0.296171,0.296177,0.046399,1.132668,1.54116,1.586157,1.571815,0.000668,0.0,37.367802
-0.447855,0.725103,-0.575816,-1.096817,-1.096813,0.789077,2.036675,2.388563,2.596494,2.638509,6.3e-05,-1.0,36.957947
1.344609,1.648228,-0.216879,-1.663463,-1.66348,1.999574,3.309483,3.673828,4.141189,4.213409,-0.000988,-1.0,36.343159
-0.648366,0.691593,-0.734817,0.346994,0.347009,1.123834,2.463793,3.044441,3.594114,3.680131,-0.001,0.0,36.469273
0.390964,0.651605,-0.456123,-0.49708,-0.497092,1.094706,2.32407,3.226183,3.839056,4.010429,-0.00148,0.0,36.287987
-1.563817,0.084533,-1.732883,2.780189,2.780204,-1.677944,-0.720633,0.324027,0.881225,1.087903,-0.000682,1.0,37.296867
-0.798154,0.084018,-0.840164,0.612851,0.612818,-1.974357,-1.354736,-0.329042,0.136547,0.441104,-0.000401,1.0,37.525429
-0.336842,0.0,-0.547364,-0.231046,-0.231014,-1.162114,-1.073692,-0.1965,0.189464,0.642517,-0.000802,0.0,37.43874
-1.213744,0.267437,-1.378321,2.336844,2.336836,-2.456288,-3.100187,-2.464516,-2.051022,-1.605434,0.000544,1.0,38.313622
0.413396,0.454727,-0.330715,-0.473154,0.707738,-1.951272,-3.437161,-3.161668,-2.676657,-2.263902,0.000891,1.0,38.584782
-0.639839,0.26832,-0.763672,0.144688,0.144689,-1.397425,-3.247279,-3.247884,-2.722943,-2.381053,0.000844,0.0,38.64061
-0.573657,0.30731,-0.696579,0.743034,0.743024,-1.404204,-3.454865,-3.740219,-3.290661,-3.057372,0.000694,1.0,38.927719
-0.141672,0.445256,-0.303586,1.229254,1.229281,-1.602927,-3.849953,-4.542957,-4.285415,-4.170893,0.001012,1.0,39.40625
-0.060821,0.750049,-0.263533,-0.161906,-0.161924,-0.920333,-2.963713,-4.062881,-3.991413,-3.874007,0.000861,0.0,39.342442
-0.260732,0.200558,-0.501404,1.074395,1.074389,-1.379858,-3.120758,-4.662247,-4.872059,-4.728381,0.000994,1.0,39.765133
0.4216,0.782975,-0.100387,-0.100281,-0.100286,-0.734783,-2.412208,-4.170915,-4.600872,-4.450125,0.001747,0.0,39.725254
-0.5371,0.636563,-0.616672,0.923507,0.923511,-1.062256,-2.664997,-4.526646,-5.167495,-5.091976,0.001943,1.0,40.092121
0.118417,0.690748,-0.473649,0.795699,0.795715,-1.34597,-2.697852,-4.609246,-5.523984,-5.601607,0.002422,1.0,40.41114
0.39667,0.595008,-0.297497,-0.493389,-0.493384,-0.424445,-1.743363,-3.515807,-4.708781,-4.938465,0.002385,0.0,40.211758
-0.05951,0.277721,-0.555443,-0.019829,-0.019847,-0.186468,-1.321161,-2.84733,-4.323441,-4.765257,0.002154,0.0,40.203777
-0.671806,0.553246,-0.671806,0.396749,0.396759,-0.264775,-1.284337,-2.724798,-4.33048,-4.940056,0.002047,0.0,40.363289
0.795916,1.775508,-0.224492,-3.181191,-3.181195,2.49388,1.99796,0.736466,-0.915636,-1.668903,0.00048,-1.0,39.079254
-0.121607,0.202673,-0.628296,0.693878,0.693872,1.248486,1.280912,0.366172,-1.216305,-2.132141,0.001046,1.0,39.350414
0.163871,0.716915,-0.348214,-1.053912,-1.053903,1.671442,2.255218,1.541714,0.152599,-0.934315,0.001326,-1.0,38.935699
-0.327936,0.327936,-0.348436,-0.061448,-0.061458,1.069895,2.098793,1.66018,0.551333,-0.703336,0.001691,0.0,38.91177
0.206482,0.330374,-0.57815,-0.737858,-0.737856,0.920919,2.572789,2.413108,1.470656,0.164938,0.001238,-1.0,38.624657
-0.454166,0.020648,-0.639963,0.020646,0.02066,0.66886,2.173816,2.341033,1.592996,0.317644,0.001409,0.0,38.632637
0.394025,0.891748,-0.228121,-0.454166,-0.454178,0.663626,2.131896,2.643439,2.188926,0.995226,0.001131,0.0,38.457176
-0.228171,0.228171,-0.373367,-0.020742,-0.02074,0.431447,1.694671,2.509854,2.227755,1.222156,0.00153,0.0,38.4492
1.638998,1.660015,-0.14709,-1.286038,-1.286042,1.235557,2.426984,3.527355,3.476574,2.71653,0.001669,-1.0,37.954727
-0.356467,0.251629,-0.356467,0.210126,0.210119,0.712949,1.599928,3.013922,3.179925,2.578729,0.001619,0.0,38.034477
-0.398655,0.440619,-0.6924,-0.062904,-0.062885,0.449004,1.382702,2.713658,3.124205,2.694328,0.00178,0.0,38.010559
-0.189235,0.336417,-0.378469,-0.209817,-0.209821,0.382667,1.221608,2.493685,3.146544,2.962146,0.000672,0.0,37.930805
0.48605,0.972103,-0.338123,-0.504628,-0.504619,0.515627,1.417992,2.576769,3.457298,3.423486,0.000258,-1.0,37.739399
-0.214966,0.343938,-0.494409,-1.690617,-1.690634,1.784185,2.674123,3.783323,4.877475,5.042136,-0.000282,-1.0,37.101364
-0.064498,0.903036,-0.322505,-0.0215,-0.02149,1.298648,2.283378,3.217943,4.545256,4.897868,-0.001156,0.0,37.093391
0.192719,0.321193,-0.749471,0.408521,0.408504,0.475385,1.494654,2.469672,3.737695,4.290372,-0.001267,0.0,37.244919
-1.042327,0.276539,-1.042327,0.663805,0.663817,-0.421184,0.567966,1.463521,2.664329,3.398427,-0.001074,1.0,37.492157
1.341275,1.469021,0.0,-0.085082,-0.08509,-0.485415,0.389614,1.28735,2.384504,3.285504,-0.001381,0.0,37.460255
-0.819844,0.126132,-1.030057,1.277409,1.277426,-1.299149,-0.880817,-0.161176,0.794608,1.790193,-0.001363,1.0,37.938782
-0.97167,0.227416,-1.116388,1.68173,1.681717,-2.162495,-2.379568,-1.820683,-1.103986,-0.012401,-0.00068,1.0,38.576805
0.623709,0.686075,-0.270264,-0.558199,-0.558201,-1.031179,-1.740117,-1.316694,-0.642405,0.368407,-0.001285,-1.0,38.361469
-0.268369,0.103227,-0.350948,0.706863,0.706876,-1.135432,-2.248149,-1.979088,-1.432708,-0.520239,-0.000986,1.0,38.632637
0.371594,0.701899,-0.04129,0.0,0.0,-0.528494,-2.016936,-1.947433,-1.471931,-0.68374,-0.001328,0.0,38.632637
0.186258,0.269042,-0.289735,-0.247727,-0.247746,0.028982,-1.401067,-1.603191,-1.27586,-0.61009,-0.001715,0.0,38.536926
0.45407,0.846233,-0.103197,0.269042,0.269051,-0.2064,-1.265224,-1.762642,-1.538701,-1.05511,-0.001432,0.0,38.64061
0.706714,0.769069,-0.020792,-0.701754,-0.701749,0.50301,-0.274378,-1.006034,-0.877163,-0.429855,-0.001685,-1.0,38.36945
0.667223,0.938284,-0.166802,-0.31179,-0.311803,0.61719,0.235623,-0.640802,-0.594235,-0.233518,-0.001947,0.0,38.249813
-0.451,0.102507,-1.107005,1.709758,1.70977,-0.934813,-1.078312,-2.111524,-2.206849,-1.913901,-0.000136,1.0,38.903797
0.890638,1.367026,-0.082844,-1.02501,-1.025013,0.074566,0.093207,-0.854736,-1.122617,-0.940347,-0.000772,-1.0,38.505028
0.800845,1.180183,0.0,-1.719134,-1.719144,1.403588,1.650164,1.011597,0.581672,0.709807,-0.001019,-1.0,37.843071
-0.799329,0.546904,-0.841401,0.189673,0.18967,0.971818,1.339933,0.938166,0.378638,0.443425,-0.000926,0.0,37.914848
0.104668,0.418675,-0.732682,0.483801,0.483816,0.406108,0.71174,0.558227,-0.082691,-0.077876,-0.000473,0.0,38.098286
-0.268653,0.0,-0.599299,1.297884,1.297875,-1.041534,-0.58896,-0.534539,-1.252318,-1.343245,-0.0,1.0,38.592754
-0.593292,0.184124,-0.756962,1.01261,1.012628,-1.788067,-1.470963,-1.352987,-2.000832,-2.226691,0.000543,1.0,38.983555
-0.183561,0.203961,-0.387516,0.30687,0.30685,-1.444006,-1.654081,-1.565019,-2.043638,-2.416469,0.000664,0.0,39.103176
0.203911,0.346652,-0.163136,0.0204,0.020408,-0.852367,-1.484506,-1.457316,-1.825043,-2.323819,0.001148,0.0,39.111156
0.081944,0.30731,-0.184388,-0.469005,-0.469015,0.040981,-0.846132,-0.942423,-1.17803,-1.761107,0.000897,0.0,38.927719
-0.445436,0.222719,-0.870622,1.188277,1.18829,-0.728893,-1.887024,-1.977461,-2.093542,-2.747116,0.00136,1.0,39.390293
0.341911,0.603377,-0.100569,0.668156,0.668162,-1.049891,-2.248604,-2.440344,-2.527163,-3.135168,0.001685,1.0,39.653484
0.469003,0.632131,-0.285479,-1.367659,-1.367668,0.326264,-0.568925,-1.007343,-1.107261,-1.585647,0.001366,-1.0,39.111156
-0.616427,0.874923,-0.695967,2.54894,2.548956,-1.670325,-2.493552,-3.178912,-3.3476,-3.746288,0.002936,1.0,40.108082
0.098773,0.296328,-0.454366,0.65619,0.656177,-1.596201,-2.566178,-3.459765,-3.762347,-4.088502,0.003187,1.0,40.371262
0.317458,0.337298,-0.297623,-0.434605,-0.434591,-0.765883,-1.742078,-2.824092,-3.147836,-3.397637,0.002875,0.0,40.195812
-0.353843,0.098288,-0.688026,0.932534,0.932525,-1.230584,-2.2587,-3.382481,-3.792022,-4.03067,0.002974,1.0,40.570648
-0.275542,0.177132,-0.452665,-0.117944,-0.117945,-0.417239,-1.792956,-2.827532,-3.446178,-3.725257,0.002962,0.0,40.522797
-0.215182,0.215182,-0.391238,0.610112,0.610111,-0.696396,-1.981609,-2.949921,-3.737286,-4.072771,0.002715,1.0,40.770031
0.117605,0.450804,-0.470406,-0.195616,0.959727,-1.2565,-2.370732,-3.376381,-4.298694,-4.738925,0.002447,1.0,41.161312
1.142186,1.181572,-0.019691,-0.470406,-0.470398,-0.412995,-1.524281,-2.533245,-3.594496,-4.060712,0.00248,0.0,40.96769
0.356015,0.375789,-0.336238,-0.433238,-0.433256,0.127996,-0.8171,-1.813853,-2.894884,-3.422278,0.002058,0.0,40.790195
0.35503,0.473369,-0.138067,0.276899,0.276915,0.03747,-0.652887,-1.791622,-2.788975,-3.467719,0.00216,0.0,40.903149
0.118792,0.217781,-0.197977,-0.374759,-0.374754,0.403876,-0.121687,-1.154106,-2.075447,-2.87094,0.002113,0.0,40.749863
-0.416417,0.575057,-0.43625,-0.158381,-0.158393,0.329173,0.113956,-0.709294,-1.602164,-2.477402,0.001955,0.0,40.685318
-0.392929,0.176817,-1.1002,0.931989,0.932005,-0.550112,-0.59895,-1.354341,-2.209808,-3.167454,0.00256,1.0,41.064507
-0.545807,0.253413,-0.701754,0.785849,0.785856,-1.037046,-1.17671,-1.844239,-2.681919,-3.643927,0.002967,1.0,41.387215
-0.058409,0.175234,-0.253117,0.116963,0.116937,-0.895628,-1.071838,-1.584899,-2.514134,-3.409664,0.002377,0.0,41.435612
0.117857,0.569635,-0.176783,-0.87617,-0.876147,0.137489,-0.12376,-0.558465,-1.41369,-2.248384,0.002432,-1.0,41.072575
-0.136,0.174859,-0.388578,1.099982,1.09996,-0.54788,-1.122977,-1.455254,-2.173638,-2.981884,0.003476,1.0,41.524357
-0.05858,0.410074,-0.097635,-0.505153,-0.505157,0.078124,-0.536991,-0.774391,-1.444069,-2.225779,0.003218,-1.0,41.314594
0.117421,0.215266,-0.254397,-0.214804,-0.214793,0.215266,-0.217215,-0.454848,-1.041219,-1.797752,0.00296,0.0,41.225853
0.552266,0.670611,-0.059178,-0.782773,-0.782771,0.745558,0.570018,0.392502,-0.041434,-0.846966,0.002189,-1.0,40.903149
0.039473,0.453925,-0.039463,-0.059178,-0.059167,0.710469,0.661134,0.469698,0.112029,-0.615288,0.001792,0.0,40.878948
0.217169,0.256657,-0.118464,-0.039463,-0.039473,0.426449,0.74432,0.460673,0.211708,-0.386619,0.001664,0.0,40.862812
0.2775,0.356789,-0.21804,-0.394869,-0.394858,0.52328,1.054497,0.815315,0.671087,0.137129,0.00151,0.0,40.701462
0.355864,0.553576,-0.177936,0.257683,0.257674,0.059312,0.652426,0.558846,0.44123,-0.007228,0.001779,0.0,40.806339
-0.039588,0.079179,-0.356295,-0.118628,-0.118619,0.106885,0.605692,0.654517,0.58936,0.273139,0.001295,0.0,40.757935
0.0,0.099858,-0.399443,-0.890736,-0.890744,0.766931,1.342119,1.500565,1.446972,1.202743,0.000718,-1.0,40.394886
-0.1586,0.079304,-0.594766,0.738963,0.738945,-0.055491,0.394546,0.757354,0.645338,0.492059,0.001498,1.0,40.693382
-0.64948,0.137768,-0.708522,0.733549,0.733564,-0.641607,-0.415272,0.011808,-0.084631,-0.162064,0.000826,1.0,40.991894
0.059007,0.196694,-0.275372,0.059042,0.059026,-0.597942,-0.52516,-0.107513,-0.116035,-0.177519,0.000605,0.0,41.01609
-0.353289,0.07851,-0.549564,0.216367,0.216376,-0.64377,-0.690868,-0.376836,-0.30716,-0.336405,0.000846,0.0,41.104839
-0.216282,0.23594,-0.294931,-0.176644,-0.176643,-0.157298,-0.477778,-0.207102,-0.096339,-0.134484,0.000435,0.0,41.03223
-0.564864,0.48695,-0.584338,0.943765,0.943768,-0.740165,-1.273858,-1.156991,-0.941758,-1.043239,0.000828,1.0,41.419479
0.4257,0.715942,-0.25155,0.662252,0.662258,-1.05651,-1.685377,-1.74665,-1.517999,-1.624617,0.000847,1.0,41.693783
-0.289915,0.173947,-0.463862,0.116103,0.116104,-0.823355,-1.575193,-1.778128,-1.589688,-1.647476,0.000535,0.0,41.742191
-0.503482,0.019371,-0.677765,-0.19328,-0.193291,-0.364051,-1.167694,-1.466554,-1.37199,-1.384189,0.000638,0.0,41.661507
-1.31004,0.094936,-1.385986,1.994576,1.994568,-1.625199,-2.606784,-3.140291,-3.133646,-3.148644,0.001537,1.0,42.492474
0.436689,0.588574,-0.170868,0.0,0.0,-1.120171,-2.183393,-2.884612,-3.01973,-2.978529,0.001434,0.0,42.492474
0.075788,0.587346,-0.056838,0.208849,0.208875,-0.90945,-2.014034,-2.792736,-3.073143,-3.038281,0.00165,0.0,42.58123
-0.131901,0.131899,-0.301489,0.549452,0.549435,-0.949691,-2.12926,-3.011114,-3.417179,-3.434704,0.001912,0.0,42.815186
1.15443,1.211204,-0.113552,-0.43339,-0.433386,-0.06435,-1.345572,-2.296241,-2.794283,-2.902345,0.001407,0.0,42.629631
0.190046,0.437094,-0.399086,-0.416353,-0.416344,0.334466,-0.598639,-1.564686,-2.20259,-2.366406,0.000962,0.0,42.452145
-0.303318,0.170616,-1.09953,0.247056,0.247038,0.117546,-0.576295,-1.515316,-2.24454,-2.509943,0.00101,0.0,42.557018
0.038025,0.209127,-0.380221,-0.284364,-0.284364,0.33461,-0.117861,-1.007594,-1.761394,-2.126222,0.001229,0.0,42.436001
-0.322271,0.379149,-0.530804,0.285175,0.285175,-0.072034,-0.210423,-1.047702,-1.835064,-2.279422,0.000927,0.0,42.557018
-0.188675,0.188675,-0.358489,0.473934,0.473922,-0.483007,-0.424514,-1.256587,-2.064134,-2.566772,0.00129,0.0,42.758705
0.056199,0.187334,-0.337205,0.716983,0.716991,-0.906708,-1.00037,-1.644804,-2.451286,-3.057315,0.001635,1.0,43.065281
0.112882,0.169332,-0.282224,-0.430871,-0.43086,-0.327388,-0.481662,-0.992167,-1.774229,-2.449674,0.001765,0.0,42.87973
0.418094,0.475105,-0.114021,-0.997183,-0.997173,0.684137,0.490296,0.124149,-0.612895,-1.302175,0.001418,-1.0,42.452145
0.133639,0.400914,-0.324555,-0.456097,-0.456107,1.004195,0.819009,0.66437,-0.010504,-0.712489,0.001263,0.0,42.258518
-0.821867,0.019117,-1.012995,-0.114549,-0.114552,0.860094,0.835243,0.866462,0.235092,-0.461008,0.001367,0.0,42.21011
-0.096523,0.135135,-0.424705,-0.993886,-0.99389,1.262557,1.689192,1.767058,1.332053,0.671821,0.000904,-1.0,41.790588
-0.038754,0.213137,-0.135633,-0.366792,-0.366796,1.038565,1.842669,2.004785,1.73126,1.13312,0.000812,0.0,41.637302
-0.096822,0.213015,-0.232376,0.058124,0.058133,0.60031,1.597598,1.798347,1.668281,1.138654,0.001163,0.0,41.661507
0.406188,0.56093,-0.580269,0.116193,0.116213,0.220482,1.276574,1.503523,1.546399,1.087793,0.000933,0.0,41.709923
-0.420807,0.114769,-0.535576,1.121853,1.121839,-0.906658,0.015301,0.30604,0.481059,0.068092,0.001076,1.0,42.177841
0.275209,0.845292,-0.15726,-2.697016,-2.697006,1.474339,2.294073,2.856941,3.089233,2.842527,5.6e-05,-1.0,41.040302
-0.275971,0.1577,-0.512515,-0.275209,-0.275234,1.407466,2.099362,2.875362,3.182545,3.078268,-0.000126,0.0,40.927345
-0.433756,0.078858,-0.670347,-0.01971,-0.019703,1.064675,1.744876,2.648528,2.999803,3.022871,-6.8e-05,0.0,40.919281
0.058856,0.235431,-0.019623,0.492902,0.492917,0.282509,0.969186,1.912223,2.288587,2.457117,-0.000235,0.0,41.120979
0.058609,0.117212,-0.312561,0.431623,0.431622,-0.574335,0.314509,1.238517,1.687821,1.981628,-0.000321,0.0,41.298466
-0.739445,0.058375,-0.797819,0.390701,0.390683,-0.758892,-0.15566,0.586378,1.172416,1.485124,-0.000219,0.0,41.459812
0.157113,0.274947,-0.274939,-0.914577,-0.914575,0.231746,0.630413,1.222845,1.926561,2.284378,-0.000486,-1.0,41.080631
0.138231,0.296212,-0.434441,-0.54988,-0.549863,0.754337,0.98933,1.521845,2.296594,2.680874,-0.001429,-1.0,40.854744
1.57207,1.735406,-0.142915,-3.278039,-3.278045,3.356467,3.856673,4.499792,5.378721,5.826862,-0.002643,-1.0,39.515507
-1.352446,0.080745,-1.695599,1.143326,1.143341,1.521983,2.129573,2.944402,3.838292,4.364128,-0.002297,1.0,39.967304
0.510517,1.061877,-0.122526,-1.150585,-1.150585,1.715323,2.930348,3.757385,4.596673,5.280762,-0.002926,-1.0,39.507446
-0.693878,0.448982,-0.877551,0.06126,0.061267,0.869378,2.514267,3.338755,4.109161,4.910178,-0.002743,0.0,39.531651
-0.20272,0.121624,-0.851413,0.673473,0.673435,-0.336488,1.546741,2.335307,3.079274,3.943249,-0.002339,1.0,39.797871
1.317684,1.317684,-0.247064,-1.540649,-1.540635,1.05416,2.641553,3.506969,4.299981,5.225448,-0.003001,-1.0,39.184731
0.417975,0.98224,-0.104491,-1.482401,-0.281337,0.882284,2.361972,3.269518,4.193007,5.145173,-0.003,0.0,39.07449
1.520272,1.815878,-0.422299,-1.024027,-1.024024,1.495208,2.700795,3.930123,4.868126,5.778881,-0.003485,-1.0,38.674358
-0.40085,0.063287,-1.329118,0.084462,0.084454,0.983475,2.000909,3.460008,4.401115,5.258413,-0.003629,0.0,38.70702
-0.147555,0.463746,-0.463739,0.084382,0.08438,0.352029,1.368945,2.997697,3.935985,4.786346,-0.003864,0.0,38.739681
-0.484823,0.316191,-0.653453,0.0,0.0,0.122265,1.168678,2.587903,3.552626,4.423015,-0.003704,0.0,38.739681
0.127303,0.339487,-0.445582,-0.653453,-0.653446,0.475277,1.449361,2.775584,3.75418,4.722851,-0.003577,-1.0,38.486538
0.084372,0.189833,-0.48513,0.594099,0.59408,-0.097014,0.645589,1.696001,2.841151,3.78664,-0.003188,1.0,38.715179
-0.126603,0.316527,-0.717451,-0.042187,-0.042162,-0.059095,0.472842,1.328587,2.596602,3.526693,-0.003161,0.0,38.698856
-0.041756,0.020873,-0.751568,1.076183,1.076161,-0.931102,-0.771393,-0.046723,1.273657,2.164063,-0.002394,1.0,39.115318
-1.035197,0.227745,-1.097306,0.835067,0.835072,-1.39544,-1.527944,-0.886924,0.222106,1.08798,-0.001949,1.0,39.441959
-0.103756,0.145256,-0.373524,-0.227743,-0.227709,-0.730467,-1.232645,-0.764933,0.203547,1.031471,-0.002055,0.0,39.352146
-0.248597,0.16573,-0.35219,0.166012,0.165986,-0.538635,-1.207791,-0.944595,-0.221567,0.699369,-0.002037,0.0,39.417465
0.249323,0.394762,-0.207775,-0.290033,-0.290029,0.058171,-0.768759,-0.69523,-0.157465,0.826975,-0.00256,0.0,39.303143
-0.370752,0.102985,-0.700309,0.872632,0.87263,-0.539646,-1.398559,-1.579815,-1.173611,-0.173713,-0.001238,1.0,39.646114
0.373601,0.435863,0.0,-0.762099,-0.762118,0.174366,-0.487739,-0.796996,-0.436454,0.412259,-0.001418,-1.0,39.343964
-0.020684,0.227461,-0.248137,0.373601,0.373615,-0.128207,-0.603806,-1.095948,-0.867364,-0.144581,-0.001272,0.0,39.490959
0.500839,0.584313,-0.208677,-0.909849,-0.909854,0.642745,0.415286,-0.109896,-0.005137,0.534317,-0.001792,-1.0,39.131649
0.292642,0.397155,-0.418062,-0.166941,-0.166921,0.689784,0.677245,0.118437,0.102499,0.496167,-0.002013,0.0,39.06633
0.783896,0.911017,-0.211871,-1.337791,-1.337799,1.483043,1.894063,1.442084,1.297133,1.618997,-0.002654,-1.0,38.543701
0.14672,0.607841,-0.04192,1.080504,1.080483,0.201233,0.681219,0.395463,0.185514,0.475741,-0.001915,1.0,38.960159
7.083985,7.173094,-0.534634,-5.910711,-5.91071,4.949891,6.2709,6.369661,6.149494,6.42647,-0.0039,-1.0,36.657337
-1.023298,0.500762,-1.284563,2.316777,2.316791,1.706943,3.355104,3.746281,3.590246,3.803237,-0.001828,1.0,37.506611
0.352967,0.794169,-0.419155,-1.306331,-1.30633,1.945721,4.10544,4.816525,4.733062,4.905429,-0.002735,-1.0,37.016651
0.022144,0.509411,-0.221491,-0.397088,-0.397105,1.444079,3.76745,4.828361,4.897021,5.005991,-0.002456,0.0,36.869656
-1.117799,0.193467,-1.590716,3.034325,3.034352,-2.055042,0.354675,1.48609,1.708932,1.787608,-0.001355,1.0,37.988411
-0.021631,0.540657,-0.583912,-0.601887,-0.601891,-0.878035,0.503882,1.819482,2.22858,2.264696,-0.001827,-1.0,37.759762
0.239443,0.28298,-0.304745,-0.648795,-0.648796,-0.226381,0.72921,2.146275,2.736176,2.808879,-0.001497,-1.0,37.514778
-0.653735,0.392245,-0.849856,-0.108838,-0.108842,0.126393,0.414035,1.932158,2.684684,2.789281,-0.001433,0.0,37.473946
-1.211339,0.454248,-1.232966,0.740904,0.740891,-0.142749,-0.534275,0.847946,1.748879,1.928632,-0.00078,1.0,37.751587
0.281205,0.56241,-0.173043,0.0,0.0,-0.268214,-0.854413,0.566743,1.524998,1.823937,-0.000811,0.0,37.751587
0.323141,0.624733,-0.366217,0.410984,0.410989,-0.598875,-0.930623,-0.1235,0.918796,1.345983,-0.00069,0.0,37.906742
0.925527,0.968577,-0.107617,0.086172,0.086193,-0.460628,-0.901863,-0.419011,0.637095,1.176915,-0.000658,0.0,37.939415
0.585305,0.585305,-0.368528,-0.710284,-0.710285,0.3555,-0.019525,0.04623,1.14024,1.791445,-0.000679,-1.0,37.669937
0.371824,0.699912,-0.043745,-0.888793,-0.888815,1.032378,1.001758,0.727623,1.737758,2.513569,-0.001228,-1.0,37.335121
0.681173,0.813015,-0.329591,-0.459324,-0.459316,1.182164,1.245885,0.870143,1.91387,2.741382,-0.001383,0.0,37.163635
2.042665,2.11076,-0.385842,-3.186106,-3.18612,3.440776,4.083078,4.064167,4.779858,5.74763,-0.002961,-1.0,35.979557
-0.946803,0.428309,-1.239856,0.68089,0.680898,1.794411,3.022994,3.12444,3.669977,4.679896,-0.003018,1.0,36.224541
-0.651102,0.404131,-0.898074,0.405771,0.405788,0.669045,2.303532,2.589419,2.880542,3.934427,-0.002784,0.0,36.371536
0.204778,0.614334,-0.341301,-1.324652,-1.324651,1.215004,3.15812,3.78459,3.891907,4.91102,-0.003336,-1.0,35.88974
0.3663,1.053111,-0.251832,-0.614337,-0.614362,1.002761,3.212011,3.992688,4.072816,5.14745,-0.003456,-1.0,35.669247
0.57924,0.648747,-1.320667,-1.190476,-1.190465,1.802599,3.700189,4.76985,5.126277,5.932347,-0.00422,-1.0,35.244617
0.608895,0.796253,-0.117094,-1.065799,-1.0658,2.121783,3.936769,5.392661,5.880563,6.584544,-0.004333,-1.0,34.86898
-0.673638,0.371661,-0.743319,0.819667,0.819666,0.599308,2.376312,4.096018,4.754943,5.272945,-0.004167,1.0,35.154789
0.892852,1.151311,-0.046992,-1.138207,-1.138198,1.104313,2.812492,4.719604,5.656713,6.048864,-0.004252,-1.0,34.754658
-0.787951,0.185395,-1.761305,1.386281,1.386289,-0.523769,0.859775,2.81188,3.821535,4.176112,-0.003677,1.0,35.236458
1.54798,1.76232,-0.095263,-2.688297,-2.688312,1.667066,3.153133,4.948798,6.183614,6.777804,-0.004177,-1.0,34.289192
0.192581,1.059218,-0.649978,-1.071686,-1.071679,2.209917,3.591716,5.296095,6.804278,7.51179,-0.004974,-1.0,33.921722
1.698197,2.134879,-0.121308,-0.770342,-0.770344,2.115481,3.590489,5.319421,7.066954,7.947595,-0.00307,-1.0,33.660408
1.206592,1.625213,-0.320121,-1.479864,-1.47986,2.688992,4.324052,6.06254,7.983248,9.121884,-0.004476,-1.0,33.162281
-0.369188,0.147669,-2.633522,0.049249,0.049258,1.397972,3.522016,5.209601,7.24094,8.488293,-0.003974,0.0,33.178616
-2.652264,0.638504,-3.11886,0.221511,0.221498,0.550102,2.69401,4.430256,6.304027,7.706284,-0.003745,0.0,33.252106
-0.24131,0.627418,-0.506754,1.768168,1.768162,-1.245162,0.605707,2.146086,3.851361,5.400588,-0.004214,1.0,33.840057
-0.145777,0.291543,-0.898929,-0.675673,-0.675676,-0.602517,0.830916,2.293499,3.95409,5.657929,-0.004241,-1.0,33.611408
-0.828202,0.307622,-1.396119,2.672493,2.672515,-2.408904,-1.864652,-0.635755,0.838847,2.531936,-0.003011,1.0,34.509678
0.986525,1.443693,0.0,-1.656406,-1.656431,-0.317606,-0.59431,0.697798,2.06209,3.809443,-0.003585,-1.0,33.938049
-0.474264,0.592839,-0.901107,1.46775,1.467777,-1.071863,-1.989573,-0.91535,0.361624,1.904663,-0.003315,1.0,34.436184
-0.260842,0.094857,-0.901107,0.0,0.0,-0.725642,-1.840177,-0.999137,0.101961,1.497739,-0.003315,0.0,34.436184
-0.357573,0.14302,-1.001197,-0.521691,-0.521698,0.171629,-1.151376,-0.654753,0.318229,1.631458,-0.003661,-1.0,34.256531
-1.237159,0.046688,-1.657327,2.121571,2.121546,-1.638638,-2.684389,-2.67505,-1.895407,-0.748815,-0.002907,1.0,34.983299
0.233096,1.398597,-0.652688,0.140061,0.14009,-1.151526,-2.29139,-2.850052,-2.123556,-1.131017,-0.002592,0.0,35.032307
-1.020652,0.371141,-1.554168,0.489508,0.489508,-1.196945,-2.212955,-3.150091,-2.606134,-1.700776,-0.002081,0.0,35.203793
-0.920382,0.023014,-1.771744,0.811872,0.811867,-1.398987,-2.535666,-3.635527,-3.303038,-2.575243,-0.001611,1.0,35.489601
1.130476,1.460205,-0.070652,-2.300966,-2.30099,1.163467,0.065966,-1.171277,-1.095126,-0.476663,-0.001283,-1.0,34.672989
0.792312,0.88835,-0.60024,-1.907671,-1.907669,2.559436,1.865558,0.917179,0.719101,1.237947,-0.002242,-1.0,34.011543
-0.694278,0.359105,-1.244913,0.28811,1.753975,0.546426,0.303269,-0.547007,-1.107818,-0.629781,-0.001742,1.0,34.608097
0.358254,0.573208,-0.788149,0.239404,0.239398,0.01063,0.137157,-0.50802,-1.286093,-0.930943,-0.001163,0.0,34.690948
-0.166427,0.665713,-0.285311,0.45379,0.453793,-0.809171,-0.196924,-0.764572,-1.599071,-1.380845,-0.000767,0.0,34.848373
0.50167,0.931675,-0.215005,-0.475511,-0.475506,-0.329679,0.40278,-0.084531,-0.981561,-0.964116,-0.000503,0.0,34.682667
-0.766467,0.407181,-1.05389,-0.262783,-0.262785,0.268263,0.554062,0.194499,-0.51408,-0.722042,-0.000205,0.0,34.591526
0.072848,0.92278,-0.145704,-1.365269,-1.365256,1.369585,1.678281,1.616752,1.000805,0.521142,-0.001014,-1.0,34.119263
0.221293,0.467182,-0.516349,-1.23847,-1.238485,2.050661,2.50609,2.744741,2.333341,1.711361,-0.001051,-1.0,33.696701
-1.318996,0.219834,-1.343429,0.663883,0.66389,0.830483,1.367441,1.965758,1.670285,1.040408,-0.001319,1.0,33.92041
-0.489,0.342296,-0.953555,-0.097697,-0.097705,0.459658,1.234716,1.992836,1.810422,1.166005,-0.00036,0.0,33.887268
0.194224,0.50984,-0.534105,0.709039,0.709045,-0.519542,0.555961,1.107584,1.037636,0.566878,0.0003,1.0,34.127544
-0.216659,0.433317,-0.914783,0.849726,0.849724,-1.184404,-0.346656,0.136606,0.255986,-0.136476,0.0009,1.0,34.417534
-0.670333,0.287285,-0.742162,0.553681,0.55368,-1.201818,-0.919319,-0.529528,-0.271218,-0.52963,0.001653,1.0,34.608097
-0.330031,0.212164,-0.754361,1.556136,1.556133,-2.017909,-2.352656,-2.118755,-1.698279,-1.905102,0.002211,1.0,35.146645
0.880112,1.022835,-0.309232,-0.895797,-0.895798,-0.589914,-1.42721,-1.203615,-0.727156,-0.87828,0.001797,-1.0,34.831802
1.010349,1.178737,-0.120279,-1.117985,-1.117998,0.716876,-0.35601,-0.003191,0.316736,0.234614,0.000728,-1.0,34.442383
0.048091,0.336619,-0.456836,0.048112,0.048124,0.692473,-0.30536,-0.080144,0.18529,0.246867,0.000997,0.0,34.458958
1.297055,1.551373,-0.330623,-5.458043,-5.458038,5.259403,5.106813,5.256018,5.566153,5.806128,-0.002015,-1.0,32.578175
-0.527248,0.175747,-2.410251,1.297055,1.297055,2.611088,3.482292,3.535018,3.837341,4.277346,-0.000921,1.0,33.000732
-1.86641,1.178782,-2.259337,2.234494,2.234508,-0.279978,1.176309,1.085445,1.429255,1.936727,-0.000637,1.0,33.738136
-0.895672,0.6778,-1.355606,1.448919,1.448886,-1.830049,-0.239637,-0.429259,0.012119,0.392484,-0.0001,1.0,34.226963
0.0,0.569448,-0.866546,-2.227068,-2.227054,-0.188159,1.747961,1.708348,2.119342,2.491832,-0.000732,-1.0,33.46471
0.425218,0.625313,-0.42521,-1.0151,-1.015096,1.165583,2.343669,2.636317,2.930215,3.291869,-0.001894,-1.0,33.125011
1.749421,1.826609,-0.257265,-2.776391,-2.776395,3.560591,4.352975,5.212251,5.459229,5.833637,-0.002974,-1.0,32.20533
0.025958,1.583596,-1.142259,-0.900435,-0.900429,3.359286,4.387326,5.756312,5.983901,6.449633,-0.003489,-1.0,31.915344
1.298352,1.377838,-0.635935,-2.024917,-2.024916,3.603594,5.529933,7.332616,7.643075,8.298878,-0.004539,-1.0,31.269085
0.964364,1.741221,-0.080372,-1.08638,-1.086354,3.102034,5.547784,7.759584,8.309633,9.012553,-0.004089,-1.0,30.929392
2.014346,2.400659,0.0,-2.919903,-2.919935,4.139078,7.872518,9.983441,10.956123,11.669976,-0.004464,-1.0,30.026274
3.234119,4.006872,-0.171717,-3.587205,-3.587195,5.764174,10.486548,12.648346,14.225812,15.009727,-0.006442,-1.0,28.949173
-1.705805,2.209175,-2.404911,2.346878,2.346875,1.795313,6.565998,8.894484,10.887865,11.690158,-0.005662,1.0,29.628574
-4.669671,0.159196,-4.828867,5.397095,5.397091,-3.443875,0.148586,2.632002,4.745293,5.539934,-0.003831,1.0,31.227655
-0.495822,0.078283,-1.722338,1.671534,1.67155,-4.514626,-2.038112,0.375769,2.603063,3.506246,-0.003036,1.0,31.749641
-1.52285,0.050751,-2.309645,2.818377,2.818356,-5.527917,-4.870555,-2.362097,-0.510154,0.5401,-0.001895,1.0,32.644459
0.281332,0.434788,-1.278772,-0.761431,-0.761434,-2.67518,-4.081826,-1.737413,-0.171344,1.123285,-0.001671,-1.0,32.395893
-0.920248,0.408998,-1.303676,0.051153,0.051139,-1.007139,-3.977481,-2.060306,-0.595581,0.889592,-0.001193,0.0,32.41246
0.667517,0.821564,-0.436462,-0.434555,-0.43453,0.071878,-3.247758,-2.036805,-0.498081,1.099864,-0.0016,0.0,32.271618
0.205236,0.436126,-0.513086,0.077019,0.077021,0.333494,-2.898929,-2.353348,-0.909446,0.759356,-0.001536,0.0,32.296474
-0.230592,0.281834,-0.640533,0.128268,0.128286,0.015351,-2.3085,-2.640722,-1.073553,0.349453,-0.001751,0.0,32.337906
0.964544,1.120959,-0.260696,-1.716623,-1.716667,1.37645,0.289381,-1.02883,0.46274,1.678849,-0.002701,-1.0,31.782772
0.445965,0.577128,-0.288565,-0.625657,-0.625657,1.490053,1.539894,-0.475668,0.754218,1.907681,-0.003138,-1.0,31.583921
0.236097,0.655824,-1.023082,0.0,0.0,1.05458,1.652694,-0.409213,0.335803,1.545666,-0.003714,0.0,31.583921
1.357346,1.551252,-1.301931,-5.299058,-5.299016,5.113548,6.725736,4.936265,5.355935,6.619369,-0.005345,-1.0,29.910284
0.502361,1.869936,-0.474468,-0.747911,-0.74794,4.119442,6.533624,5.650754,5.570749,7.03321,-0.005208,-1.0,29.686573
0.222723,1.197105,-0.723825,0.251175,0.251171,2.500006,5.381413,5.56794,4.895615,6.329635,-0.005133,0.0,29.761137
-0.816771,0.517283,-1.306834,2.255017,2.255015,-0.517283,2.406759,3.415925,2.338697,3.55024,-0.002276,1.0,30.432255
0.492061,0.683434,-1.202851,-0.40838,-0.408379,-0.951337,2.178786,3.637689,2.599784,3.45763,-0.002908,0.0,30.307976
0.38835,0.693481,-1.02635,-1.448887,-1.448883,0.477116,2.86824,4.741565,3.930656,4.497094,-0.004272,-1.0,29.868849
0.667414,1.056733,-0.583979,-0.249653,-0.249658,0.800893,2.271972,4.365969,4.151844,4.311468,-0.004901,0.0,29.794279
-1.429767,0.308385,-2.074567,-0.806454,-0.80647,1.480254,2.349334,4.573429,5.100952,4.800703,-0.004375,-1.0,29.553997
1.091517,1.287431,-0.391828,0.168214,0.168251,0.75005,1.508517,3.765259,4.920218,4.312328,-0.003937,0.0,29.603722
-2.535655,0.237718,-2.746965,5.96138,5.961369,-4.241954,-4.271006,-2.264492,-0.960124,-1.543588,-0.0007,1.0,31.368509
0.849029,0.902096,-0.822494,-0.449028,-0.44903,-2.939774,-3.417355,-2.051829,-0.596977,-1.06129,-0.000533,0.0,31.227655
-2.550227,0.515198,-2.807831,2.998145,2.998147,-4.291606,-5.458533,-4.939042,-3.565178,-3.675429,0.001327,1.0,32.163906
0.102617,0.410464,-1.205752,0.412159,0.412164,-2.986149,-5.06158,-5.223202,-3.976408,-3.656243,0.001882,0.0,32.296474
-1.053985,0.848324,-1.259645,-0.205228,-0.205248,-1.156804,-4.308479,-4.894597,-3.807193,-3.135213,0.002888,0.0,32.230186
-2.229457,0.726455,-2.805609,2.622098,2.622101,-2.650289,-5.916824,-7.024037,-6.143527,-5.386763,0.005187,1.0,33.075294
-0.920167,0.571997,-1.168856,0.726455,0.726455,-2.098973,-5.560798,-7.013174,-6.667488,-5.881116,0.004587,1.0,33.315571
2.31481,2.36625,-0.102883,-3.30763,-3.307619,1.280855,-1.579226,-3.309337,-3.494094,-2.715029,0.001363,-1.0,32.213619
-0.077417,0.232258,-1.393551,-0.334365,-0.334377,1.501938,-0.454184,-2.498059,-3.119994,-2.424767,0.00062,0.0,32.105904
-0.23178,1.15889,-1.596711,0.206457,0.206454,1.25676,0.139072,-2.338395,-3.22817,-2.655674,-0.000347,0.0,32.172188
-1.154037,0.050176,-1.680888,2.652585,2.652592,-1.389867,-1.946814,-4.313431,-5.510536,-5.079779,0.000917,1.0,33.025585
-0.754251,0.41363,-1.411187,3.110881,3.110879,-3.931867,-4.075419,-6.381177,-7.753034,-7.737219,0.002051,1.0,34.052971
0.049444,0.865261,-0.88999,-1.581501,-1.581489,-1.611879,-2.131038,-4.136805,-5.69964,-6.114227,0.001626,-1.0,33.514427
-0.652489,0.483328,-1.039149,2.299135,2.299159,-2.551985,-3.750636,-5.371384,-7.159287,-7.932366,0.002449,1.0,34.284977
0.874426,1.165907,-0.218596,-0.507499,-0.507523,-0.91814,-2.708284,-4.007773,-6.146468,-7.166385,0.002213,-1.0,34.110973
-0.240334,1.009368,-0.312427,1.068747,1.068747,-1.12473,-3.330937,-4.422021,-6.534495,-7.812553,0.003245,1.0,34.475533
-0.242419,0.096972,-1.745457,-0.865179,-0.865179,-0.189086,-2.235154,-3.01253,-5.088491,-6.508612,0.003156,-1.0,34.177258
-0.446097,0.297405,-1.313502,-2.181823,-0.738023,0.795079,-1.003797,-1.945339,-3.774009,-5.313751,0.002883,-1.0,33.925022
-0.943394,1.136916,-1.088537,2.453537,2.453537,-1.34691,-2.611684,-3.821515,-5.32988,-7.006293,0.005754,1.0,34.757385
-0.310043,0.405433,-0.548531,1.427189,1.427207,-2.086935,-3.108029,-4.603148,-5.860706,-7.767799,0.00656,1.0,35.253445
-0.885589,0.359026,-1.268547,-0.357741,-0.357769,-1.364275,-2.161816,-3.871177,-4.987669,-6.88785,0.006334,0.0,35.127319
-0.239516,0.431138,-0.694613,-0.071802,-0.071793,-0.766466,-1.792645,-3.462812,-4.367525,-6.224608,0.005472,0.0,35.1021
-0.631219,0.849726,-0.995387,-1.34132,-1.341313,0.99053,-0.134973,-1.684933,-2.711122,-4.391001,0.005127,-1.0,34.631271
-0.242246,0.218023,-0.750964,0.2185,0.218499,0.741278,-0.231122,-1.399664,-2.575974,-4.00557,0.005744,0.0,34.70694
-0.533724,0.7278,-1.018928,-0.145344,-0.145325,0.543403,0.071489,-0.778271,-2.084134,-3.282678,0.005783,0.0,34.656502
-0.216398,0.14427,-0.937723,0.89762,0.897601,-0.442412,-0.678048,-1.290716,-2.684631,-3.731387,0.006414,1.0,34.967579
-0.45335,0.167025,-0.978287,0.769416,0.769418,-1.126221,-1.13577,-1.820461,-3.155083,-4.011348,0.006637,1.0,35.236626
0.314316,0.507735,-0.314316,-1.312334,-1.312345,0.270802,0.42312,-0.273358,-1.49907,-2.434638,0.003943,-1.0,34.7742
0.048263,0.699809,-0.048265,0.193419,0.193422,0.15445,0.253386,-0.3594,-1.296653,-2.330808,0.004181,0.0,34.841461
-0.290554,0.096855,-0.968516,-0.337838,-0.337845,0.532697,0.440689,0.09602,-0.59465,-1.712473,0.002945,0.0,34.723751
-1.197892,0.335407,-1.24581,1.065383,1.065386,-0.455201,-0.627693,-0.841717,-1.347881,-2.518518,0.003187,1.0,35.093693
-0.36118,0.192637,-0.794602,-0.503122,-0.503099,-0.134858,-0.178196,-0.199066,-0.725309,-1.842139,0.003077,-1.0,34.917137
0.849925,1.189893,0.0,-0.842762,-0.842787,0.626524,0.66781,0.783561,0.278549,-0.729506,0.001794,-1.0,34.62286
1.140032,1.239157,-0.074344,-2.015546,-2.015541,2.156139,2.508064,2.693111,2.288228,1.526976,0.000778,-1.0,33.925022
0.248267,0.943399,-0.546172,-0.17348,-0.173503,1.827233,2.452856,2.598505,2.429866,1.903513,0.001939,0.0,33.866161
1.613722,1.946716,-0.537907,-3.078446,-3.078415,3.678266,5.053779,5.389335,5.4316,5.115552,0.000923,-1.0,32.82362
1.072454,1.072454,-0.23542,-2.074798,-2.074808,4.148571,6.317029,7.008462,7.348945,7.104969,7.8e-05,-1.0,32.142593
1.912995,2.122644,-0.157238,-0.183102,-0.1831,2.756808,5.673478,6.675403,7.258911,7.123068,-0.000973,0.0,32.08374
-0.079782,0.026604,-1.728716,-1.46751,-1.467494,2.824455,6.226051,7.611692,8.359032,8.380408,-0.002668,-1.0,31.612913
-1.14514,0.0,-1.784282,-0.132976,-0.13299,1.507327,5.368841,7.103418,7.920108,8.202907,-0.002132,0.0,31.570871
-0.528823,0.740344,-0.766793,0.719044,0.719052,0.137487,3.580106,5.674235,6.626115,7.093592,-0.002717,1.0,31.797882
-3.100374,0.254137,-3.659461,4.045473,4.045455,-3.186772,-1.001261,1.131735,2.175363,2.797472,-0.001031,1.0,33.084251
0.128301,0.590198,-0.590195,-0.965685,-0.96568,-1.827045,-0.60303,1.709005,2.886837,3.6582,-0.001784,-1.0,32.764763
-1.446379,1.097264,-1.471322,2.899659,2.899646,-3.346619,-3.466318,-1.379866,-0.159581,0.613487,-0.00039,1.0,33.714825
0.423523,0.672648,-0.274041,0.099753,0.099781,-2.152479,-3.597419,-1.67083,-0.393634,0.334818,-8e-05,0.0,33.748466
1.645158,1.771706,-0.101233,-1.569509,-1.56952,0.263223,-1.941278,-0.479202,0.931412,1.704889,-0.00157,-1.0,33.218777
0.099978,0.74982,-0.3999,1.265502,1.26551,-0.659841,-2.721824,-1.976179,-0.567364,0.259931,-0.001629,1.0,33.639164
1.004768,1.356436,-0.527513,-0.499868,-0.49987,0.261231,-1.818647,-1.713148,-0.262507,0.62496,-0.001682,0.0,33.471012
0.075733,0.353444,-0.656407,-0.502386,-0.502393,0.520073,-0.815453,-1.341416,0.010095,0.964401,-0.001842,-1.0,33.302856
-0.75301,0.426702,-0.75301,0.580659,0.580644,-0.210829,-0.81324,-1.984591,-0.750489,0.242986,-0.00113,1.0,33.496227
-0.332398,0.869343,-0.639223,-1.832327,-1.832308,1.447195,1.367928,-0.143193,0.765781,1.860386,-0.001889,-1.0,32.882473
-0.303795,0.430375,-0.582278,0.997185,0.997176,0.187346,0.405067,-0.914764,-0.486073,0.610636,-0.001466,1.0,33.210369
-0.529642,0.277417,-0.655745,0.379752,0.379743,-0.272378,0.196728,-1.039084,-1.055479,0.05751,-0.001658,0.0,33.336483
-0.69774,0.498383,-0.922011,1.21059,1.21059,-1.206075,-0.994258,-1.802466,-2.266375,-1.269864,-0.001495,1.0,33.740051
0.670807,1.739133,-0.049689,0.299026,0.299048,-1.296904,-1.262121,-1.648043,-2.561499,-1.668581,-0.000898,0.0,33.84095
-1.275448,2.158455,-1.275448,1.291925,1.291923,-1.741484,-2.212417,-2.420088,-3.592108,-3.017912,-0.000491,1.0,34.278149
-1.692856,0.435311,-1.934701,1.42261,1.422609,-2.224911,-3.259977,-3.466345,-4.567111,-4.395649,0.000161,1.0,34.765793
-0.481466,0.192581,-0.818488,0.459499,0.459498,-1.762161,-3.285996,-3.495432,-4.59678,-4.798273,-6.3e-05,0.0,34.925541
0.388065,0.776131,-0.242539,-0.746271,-0.746259,-0.489943,-2.165913,-2.587126,-3.439258,-3.997105,-0.000153,-1.0,34.664906
-0.574158,0.478471,-0.789469,1.382486,1.38247,-1.105256,-3.031096,-3.650714,-4.247605,-5.160762,0.000671,1.0,35.144138
-0.942947,0.141447,-1.060813,1.483251,1.483249,-1.772739,-3.668074,-4.601595,-5.104897,-6.228187,0.001967,1.0,35.665413
0.164512,0.399535,-1.222092,0.306462,0.306457,-1.508803,-3.245584,-4.495095,-5.018793,-6.108569,0.002144,0.0,35.774712
-0.466309,0.233162,-0.792726,0.79906,0.799081,-1.66007,-3.257179,-4.773462,-5.314769,-6.411761,0.003581,1.0,36.060581
0.443713,1.004204,-0.046709,-0.163206,-0.163228,-0.756651,-2.470798,-4.118006,-4.842355,-5.771127,0.004289,0.0,36.00172
0.654516,1.145397,-0.607758,-0.093417,-0.093401,-0.20571,-1.788222,-3.570208,-4.444838,-5.19402,0.004322,0.0,35.968094
0.046244,0.138753,-0.740065,1.075276,1.075267,-0.888069,-2.261796,-3.959299,-5.030067,-5.701206,0.005264,1.0,36.354847
-0.34403,0.32111,-0.50458,0.832553,0.832563,-1.224771,-2.552754,-4.125385,-5.402525,-6.089911,0.005621,1.0,36.657524
0.598256,0.598256,-0.713293,-0.321099,-0.321086,-0.644285,-1.79707,-3.232106,-4.677881,-5.374154,0.005236,0.0,36.539822
0.859663,1.301108,-0.046471,-0.966401,-0.966428,0.427518,-0.418211,-1.837044,-3.349206,-4.177504,0.00338,-1.0,36.186691
0.666973,0.804972,-0.505984,1.022302,1.022315,-0.26679,-1.039563,-2.335177,-3.908698,-4.839931,0.004116,1.0,36.556633
-0.458823,0.229408,-1.147052,0.25299,0.252977,-0.357871,-1.020869,-2.150333,-3.637295,-4.70566,0.003136,0.0,36.649113
0.625579,0.787766,-0.046342,-0.986465,-0.986474,0.43097,0.106597,-0.895875,-2.253228,-3.464304,0.002733,-1.0,36.287579
-0.948415,0.300719,-1.8043,0.162187,0.162204,0.16192,0.023131,-0.795745,-1.997456,-3.304188,0.003375,0.0,36.346439
-0.092147,0.506798,-0.207326,0.416378,0.416396,-0.082949,-0.255718,-0.872321,-2.026048,-3.355006,0.00306,0.0,36.497784
0.904882,1.740139,-0.069601,-0.714126,-0.714145,0.4594,0.535969,0.041768,-0.990713,-2.357304,0.002981,-1.0,36.237137
0.752941,0.964706,-0.329409,-1.392107,1.1e-05,0.232013,0.503476,0.14694,-0.720423,-1.987013,0.003167,0.0,36.237141
0.454215,0.50203,-1.02797,-1.576466,-1.576468,1.488821,1.83522,1.730668,0.995939,-0.14173,0.002368,-1.0,35.665874
0.140485,0.304381,-1.05362,2.103746,2.103762,-0.563958,-0.296956,-0.300304,-0.880327,-1.860946,0.003826,1.0,36.416199
0.86895,1.056827,-0.117433,-0.304371,-0.304403,-0.366358,0.040153,0.059866,-0.35176,-1.27866,0.003344,0.0,36.305347
-0.491916,0.609047,-0.491916,0.25833,0.258334,-0.534069,-0.260888,-0.119009,-0.436128,-1.251907,0.003299,0.0,36.399136
0.701426,0.771564,-0.187049,0.1874,0.187428,-0.593888,-0.497318,-0.285295,-0.512435,-1.196514,0.00292,0.0,36.467358
0.325882,0.558664,-0.06983,0.444234,0.444208,-0.507438,-0.844057,-0.731405,-0.835752,-1.429962,0.002974,0.0,36.629349
-0.373742,0.420465,-0.864289,-0.349157,-0.349152,-0.112126,-0.45417,-0.3906,-0.427914,-0.911901,0.002366,0.0,36.501457
0.094364,0.424631,-0.188719,-0.981084,-0.981068,0.787911,0.434055,0.588325,0.578228,0.233472,0.001476,-1.0,36.143353
0.932343,0.956247,-0.191255,-1.321059,-1.32107,1.726031,1.618451,1.768456,1.882356,1.633867,0.000816,-1.0,35.665874
-0.023769,0.522807,-0.308938,0.597657,0.597653,0.793725,0.914924,1.020759,1.210763,1.053874,0.001314,1.0,35.879032
-0.69931,0.396266,-0.9091,1.948669,1.948684,-1.160849,-0.764582,-0.85722,-0.734659,-0.789841,0.001524,1.0,36.578201
0.423529,0.564711,-0.117645,-0.932406,-0.932413,-0.376467,0.119998,0.055793,0.157852,0.163404,0.000629,-1.0,36.237141
0.74465,0.792693,-0.43238,-2.047056,-2.047046,1.340372,1.984133,1.95851,2.153592,2.199581,-0.000243,-1.0,35.49535
-0.382867,0.598229,-0.50251,0.384338,0.384335,0.933235,1.378314,1.454885,1.632702,1.770541,-0.000396,0.0,35.631771
0.144409,0.144409,-0.697957,-0.574305,-0.574308,1.261137,1.670277,1.888487,2.047295,2.253647,-0.000549,-1.0,35.427135
-0.120596,0.627115,-0.602991,-0.216607,-0.216625,0.786318,1.529204,2.050186,2.136278,2.327729,-0.000594,0.0,35.350391
0.561658,0.732598,-0.683768,-1.230097,-1.230077,1.284488,2.339434,3.034586,3.203372,3.416035,-0.001448,-1.0,34.915554
-0.60241,0.506022,-0.626501,1.343099,1.343092,-0.12048,0.768679,1.495584,1.678314,1.954788,-0.001259,1.0,35.384502
0.679112,0.945911,-0.048511,-0.650602,-0.650615,0.261955,1.283062,1.92418,2.190167,2.462901,-0.001381,-1.0,35.154285
1.501726,1.501726,-0.295419,-1.479508,-1.479498,1.3097,2.444616,3.101927,3.49336,3.768892,-0.001571,-1.0,34.634178
-1.060158,0.690333,-1.257401,-0.147706,-0.147701,1.015774,2.019228,2.859959,3.489888,3.725231,-0.002004,0.0,34.583023
-0.148034,0.518142,-0.271406,-0.073969,-0.073958,0.883285,1.608676,2.561058,3.297547,3.594926,-0.002126,0.0,34.557446
-0.147958,0.468565,-0.665845,0.049346,0.049329,0.364986,1.292238,2.207982,2.996308,3.321339,-0.001742,0.0,34.574493
-0.024222,0.363375,-0.290695,1.800247,1.800243,-1.385651,-0.62257,0.311703,1.004129,1.375979,-0.001135,1.0,35.196918
-0.14485,0.555297,-0.313851,0.339145,0.339149,-1.332684,-0.989855,-0.133582,0.499767,0.929028,-0.001164,0.0,35.316288
0.686282,0.710787,-0.245093,-1.496859,-1.496853,0.284311,0.352939,1.040849,1.762255,2.361764,-0.001454,-1.0,34.787655
-1.392962,0.171075,-1.417395,0.294115,0.29411,0.180842,0.051323,0.487136,1.232901,1.886615,-0.001345,0.0,34.889969
0.024439,0.073329,-1.319973,-0.024433,-0.024425,0.381316,-0.068451,0.394355,1.076749,1.748222,-0.00077,0.0,34.881447
-0.024261,0.509583,-0.994904,0.733315,0.733315,-0.383407,-0.800781,-0.430322,0.265709,0.863865,-0.001278,1.0,35.137238
0.096949,0.799811,-0.218129,0.121327,0.12131,-0.581664,-0.765861,-0.597822,0.044854,0.595265,-0.00112,0.0,35.179863
0.145801,0.534622,-0.315922,-0.266592,-0.266584,-0.145812,-0.357234,-0.382345,0.099633,0.688212,-0.001314,0.0,35.086079
-0.07225,0.57803,-0.433526,0.899145,0.899146,-0.746628,-1.006746,-1.178549,-0.910404,-0.333331,-0.001051,1.0,35.401554
-0.505534,0.192581,-0.505534,0.048172,0.048167,-0.491092,-0.81608,-1.219707,-0.968943,-0.463164,-0.001197,0.0,35.418606
-1.290942,0.50203,-1.290942,0.698125,0.69813,-0.88454,-1.372227,-1.808915,-1.650735,-1.153243,-0.000809,1.0,35.665874
0.047746,0.740038,-0.620668,0.143431,0.143431,-0.725708,-1.401288,-1.747433,-1.751014,-1.31296,-0.000393,0.0,35.71703
0.604595,1.064094,-0.314382,-1.289093,-1.289108,0.667488,0.019363,-0.336944,-0.48124,-0.174105,-0.000381,-1.0,35.256599
1.116341,1.711732,-0.198464,-2.515108,-2.515095,2.664346,2.448521,2.197961,2.006943,2.184072,-0.001534,-1.0,34.369862
0.225225,0.475483,-0.650646,-0.868276,-0.868284,2.77278,3.108117,2.99467,2.707717,2.911923,-0.002577,-1.0,34.071434
0.967665,0.993125,-0.356504,-1.726724,-1.726707,3.274752,4.425759,4.463108,4.262786,4.463448,-0.002872,-1.0,33.48312
-1.356263,0.557033,-1.38048,5.143878,5.14387,-2.068303,-0.675712,-0.668446,-0.756845,-0.672321,-0.000208,1.0,35.205448
1.428213,1.804062,-0.150343,-3.342216,-3.342219,0.596344,2.448009,2.617557,2.593336,2.606867,-0.001588,-1.0,34.028805
-1.032486,0.402921,-2.442702,-0.50113,-0.50112,0.800801,2.508178,2.931245,3.006792,2.998734,-0.001561,-1.0,33.85828
0.332049,0.689645,-0.510858,-1.410217,-1.410225,1.828863,3.36398,4.103869,4.301399,4.231923,-0.002003,-1.0,33.380802
1.22668,1.482234,-0.025561,-0.051088,-0.051083,1.80935,2.726801,3.802701,4.079982,4.070527,-0.001567,0.0,33.36375
0.476185,0.751877,-1.052637,1.967802,1.967815,-0.852145,0.245594,1.572243,1.880931,1.989953,-0.001335,1.0,34.020287
0.225225,0.37538,-0.200195,0.150368,0.150343,-0.97596,-0.252739,1.221233,1.622885,1.776788,-0.001039,0.0,34.071434
-0.892638,0.074384,-1.041413,0.925933,0.925946,-1.576992,-1.162911,0.095868,0.617399,0.8232,-0.000148,1.0,34.386917
0.274728,0.42457,-0.699308,-0.71907,-0.719067,-0.419582,-0.427077,0.571088,1.237504,1.502489,-0.000359,-1.0,34.139652
0.632271,0.708141,-0.177036,-1.248751,-1.24875,1.047039,0.900349,1.456745,2.306516,2.610006,-0.000795,-1.0,33.713333
0.792436,0.817996,-0.306746,-1.062221,-1.062227,1.733133,1.428943,2.073964,3.131394,3.476485,-0.001206,-1.0,33.355221
0.74839,0.825806,0.0,-0.945805,-0.945807,2.080006,2.09807,2.601294,3.806454,4.252905,-0.002223,-1.0,33.039745
-0.103282,0.593852,-0.154924,-0.051613,-0.05162,1.30649,1.897765,2.382315,3.49988,4.080566,-0.002368,0.0,33.02269
1.29254,1.345286,-0.26378,-2.117222,-2.117193,2.374026,3.774712,4.236331,5.259805,6.015277,-0.002598,-1.0,32.323536
0.857909,1.099196,-0.616619,-1.609077,-1.609097,2.847188,4.981239,5.588924,6.373998,7.329761,-0.003303,-1.0,31.803419
1.367241,1.586005,-0.437517,-1.957102,-1.95712,3.505622,6.166275,6.836225,7.770049,8.959275,-0.004018,-1.0,31.180988
0.277401,0.887656,-0.499307,-1.421933,-1.421902,3.500682,6.613028,7.663421,8.589448,9.965036,-0.004817,-1.0,30.737625
-1.072679,0.10727,-1.877181,3.439673,3.439648,-0.71332,2.252623,3.650676,4.573621,5.85466,-0.003588,1.0,31.794891
-0.882584,0.347689,-1.390746,0.268163,0.268175,-1.257023,1.270394,3.059644,3.950257,5.127575,-0.00339,0.0,31.880157
0.504244,1.008495,-0.610401,0.775611,0.775608,-1.815289,-0.002654,2.009911,2.939228,3.87792,-0.003435,1.0,32.127422
0.973765,1.054909,-0.18934,-1.884286,-1.884275,0.286709,1.336206,3.440615,4.331879,5.340533,-0.004151,-1.0,31.522053
0.411187,0.986842,-0.411179,-1.325402,-1.325402,1.869511,2.075102,4.194072,5.263151,6.221483,-0.004901,-1.0,31.104259
0.519975,0.848377,-0.328415,0.164476,0.164469,1.291735,1.308153,3.331506,4.656538,5.63437,-0.004893,0.0,31.155416
1.895735,2.230273,-0.027873,-1.833612,-0.194791,0.984243,1.110696,2.880352,4.493199,5.457617,-0.004487,0.0,31.094728
-0.668902,0.083609,-1.226315,0.027884,0.027905,0.297611,0.857428,2.292242,4.100689,5.122158,-0.003546,0.0,31.103405
0.616598,1.709644,-0.084075,-0.557416,-0.557412,0.477002,1.341634,2.342901,4.184655,5.158491,-0.00343,-1.0,30.930031
-1.708928,0.055127,-2.094815,1.681612,1.681599,-0.964714,-0.107786,0.31341,2.044925,3.091424,-0.002168,1.0,31.45015
-0.582522,0.055481,-1.248269,-0.633958,-0.633952,-0.271846,0.355409,0.575407,2.194197,3.415392,-0.004308,-1.0,31.250771
-1.317234,0.164657,-1.893521,1.081831,1.081833,-1.026344,-0.810866,-0.656057,0.69671,2.081675,-0.00267,1.0,31.588852
0.334084,0.4176,-0.334073,-1.427006,-1.427013,0.428738,0.307338,0.639667,1.740945,3.273572,-0.003012,-1.0,31.138075
-0.642994,0.25161,-0.69891,-0.417589,-0.417592,0.900197,0.562203,1.024509,1.78911,3.318067,-0.002645,0.0,31.008045
-0.140723,0.084441,-1.06951,-0.670956,-0.670955,1.159587,1.142701,1.720417,2.113086,3.591105,-0.002874,-1.0,30.799995
0.113478,0.198582,-0.31206,-0.788064,-0.788055,1.509213,1.750348,2.258387,2.520777,3.912637,-0.003895,-1.0,30.557274
1.154071,1.442585,-0.605883,-1.673759,-1.673772,2.210044,3.133303,3.592085,3.886909,5.136492,-0.004571,-1.0,30.045815
1.832452,2.675969,0.0,-0.807845,-0.807833,2.146588,3.536932,3.915821,4.397387,5.467926,-0.005213,-1.0,29.803095
3.286102,3.768466,-0.030142,-3.519497,-3.5195,4.305099,6.557134,7.06482,7.783693,8.675225,-0.00625,-1.0,28.754175
0.993905,2.629038,-0.961853,-5.969241,-5.969234,8.143626,11.689632,12.85881,13.941785,14.686176,-0.007998,-1.0,27.037771
4.070336,4.298274,-0.065119,-1.538961,-1.538962,6.877236,11.696512,13.487459,14.751095,15.516963,-0.008175,-1.0,26.62167
1.736331,1.768489,-1.832794,1.269948,1.269947,3.247587,8.578772,11.041796,12.399546,13.272535,-0.007354,1.0,26.959751
-3.330303,0.0,-3.481683,6.205785,6.205781,-3.602782,1.359372,3.978203,5.221608,6.210899,-0.005037,1.0,28.632814
-1.984366,0.932057,-1.984366,0.696334,0.696337,-4.21527,-0.09621,2.774103,4.027509,5.15057,-0.003995,1.0,28.832195
-1.669651,0.268336,-3.130587,0.841861,0.841851,-3.613593,-1.523551,1.371499,2.81008,4.044001,-0.003087,1.0,29.074919
0.715619,1.524586,-0.653388,-4.174126,-4.174123,1.474802,1.798388,4.976151,6.697267,8.011362,-0.003908,-1.0,27.861296
0.838509,0.869562,-1.987584,0.186689,0.186693,1.968939,0.844718,3.902687,5.928568,7.241637,-0.003312,0.0,27.913311
-0.678806,1.481021,-1.018198,0.652171,0.652166,0.925643,-0.416534,2.507461,4.706885,5.97272,-0.004345,1.0,28.095352
1.628664,2.149837,-0.521173,-5.276146,-5.276136,4.879469,4.325725,7.116168,9.728002,11.137577,-0.006398,-1.0,26.613003
0.636743,0.700411,-0.604906,2.3127,2.312689,1.152504,2.037572,3.820445,6.472465,8.056038,-0.005829,1.0,27.228479
3.171518,3.72168,-0.064728,-1.623687,-1.62369,2.019425,3.783178,4.595477,7.396447,9.187062,-0.005732,-1.0,26.786373
-0.352448,0.704906,-1.345716,1.003233,1.003241,0.371676,2.787569,2.819612,5.491831,7.505289,-0.00487,1.0,27.055105
0.128987,0.257981,-0.741693,-0.640817,-0.640803,0.116079,2.799082,2.758236,5.380507,7.570445,-0.005168,-1.0,26.881735
0.195567,0.423726,-0.782265,-1.064173,-1.06418,1.179916,3.063878,3.322462,5.684478,8.075611,-0.00549,-1.0,26.595665
-0.578595,0.642874,-0.675027,1.401568,1.401563,-0.411446,0.85824,1.877205,3.513335,5.917062,-0.004981,1.0,26.96842
-1.493934,0.37348,-1.493934,3.278688,3.27869,-2.807346,-2.346721,-1.062357,-0.258332,2.066597,-0.003561,1.0,27.852631
0.062286,1.588284,-0.52943,-0.062247,-0.062256,-2.186227,-2.313917,-0.791028,-0.59327,1.590783,-0.004206,0.0,27.835291
1.350917,1.897716,-0.385979,-3.176584,-3.176568,1.074295,0.46638,2.047809,2.138942,4.302337,-0.005148,-1.0,26.951084
-0.064385,0.354156,-0.515129,-0.096497,-0.096508,1.41662,0.679336,1.674184,1.897944,3.796527,-0.005585,0.0,26.925074
-0.921349,0.230339,-1.184594,-2.157115,-2.157108,3.178677,2.563343,3.224743,4.012831,5.408355,-0.005855,-1.0,26.344271
2.372991,2.473262,-0.133693,-1.546558,-1.546556,3.322187,3.846921,4.351598,5.514698,6.351596,-0.006273,-1.0,25.936842
-1.558352,0.530504,-2.188329,0.802139,0.802125,1.206904,2.672423,3.070299,4.519237,4.908495,-0.005727,1.0,26.144888
0.230036,0.722971,-0.591522,0.895225,0.895234,-0.124879,1.570818,1.721984,3.164637,3.458426,-0.005104,1.0,26.378946
1.701838,1.701838,-0.102107,-3.450546,-3.450551,2.300892,4.758347,5.05787,6.191293,6.639898,-0.005762,-1.0,25.468727
0.809997,1.079993,-0.573743,0.850919,0.850914,0.924747,3.374969,3.770965,4.635516,5.529542,-0.005148,1.0,25.685444
-1.243452,0.032726,-1.570677,3.138711,3.138719,-1.72775,-0.284684,0.538834,1.192738,2.298432,-0.002682,1.0,26.491638
2.260985,2.971576,-0.581389,1.308901,1.3089,-2.480621,-1.944442,-0.813949,-0.314919,0.958659,1.4e-05,1.0,26.838387
-3.198032,0.030747,-3.382534,5.038763,5.038764,-5.873314,-6.20849,-5.262403,-5.079951,-3.947111,0.00245,1.0,28.19071
-0.895799,0.328444,-0.925655,2.982786,2.982777,-6.145119,-8.199462,-7.446997,-7.412659,-6.701701,0.003084,1.0,29.031576
-1.515593,0.932673,-1.60304,2.448489,2.448496,-5.66016,-9.25095,-9.037212,-9.202858,-8.841739,0.001693,1.0,29.742413
0.028009,1.092128,-1.064119,4.080437,4.080425,-6.474366,-11.187333,-11.935021,-12.089038,-12.015669,0.002946,1.0,30.95603
-1.807558,0.278092,-1.89099,0.700084,0.70009,-4.343711,-10.191876,-11.833513,-12.039759,-12.209114,0.002894,1.0,31.17275
0.889878,0.973309,-0.500556,0.0,0.0,-2.430476,-8.654057,-10.930659,-11.351495,-11.814231,0.00444,0.0,31.17275
1.046093,1.130905,-0.395813,-1.640712,-1.640705,0.260103,-5.436813,-8.632552,-9.209782,-9.815097,0.003763,-1.0,30.661297
-0.950181,1.238123,-1.209326,-1.80944,-1.809441,2.349547,-2.225745,-6.115753,-7.01555,-7.770804,0.002851,-1.0,30.106499
-0.736124,0.311438,-1.189122,1.698819,1.698806,0.419033,-2.511317,-6.664771,-8.117205,-8.810861,0.005434,1.0,30.61795
-0.896858,0.028024,-1.821752,1.019253,1.019275,-0.751133,-2.172097,-6.575124,-8.544012,-9.229829,0.004955,1.0,30.930031
0.111548,0.139428,-1.394311,0.504487,0.504487,-1.305086,-1.731748,-6.034593,-8.337993,-9.144462,0.005744,0.0,31.086069
1.144823,1.287922,-0.658271,-2.565538,-2.565551,1.047518,1.270754,-2.499519,-5.369199,-6.264447,0.004422,-1.0,30.28854
-1.372602,0.314558,-1.458399,0.085867,0.085874,1.09808,1.372597,-1.565158,-4.795546,-5.903352,0.004691,0.0,30.31455
0.483785,0.939106,-0.256118,0.486125,0.48611,0.506562,0.71999,-1.17244,-4.513363,-6.015923,0.005265,0.0,30.461912
-0.807341,0.194889,-1.002219,2.21969,2.2197,-1.54231,-1.478279,-2.397916,-5.785073,-7.632511,0.005568,1.0,31.138075
0.335943,0.783872,-0.559913,-0.556785,-0.556778,-1.069439,-0.993848,-1.254208,-4.517086,-6.596872,0.004148,-1.0,30.964705
1.569184,1.68331,0.0,-1.875705,-1.875707,0.884449,0.807417,0.930098,-1.883026,-4.356064,0.003476,-1.0,30.383898
0.0,1.062605,-0.631827,-0.656203,-0.656213,1.464678,1.499145,1.694433,-0.489656,-3.215388,0.004409,-1.0,30.184515
-1.818696,0.979289,-1.874656,2.642165,2.642173,-0.811422,-0.996088,-0.917746,-2.326532,-5.055407,0.005424,1.0,30.982042
-0.924105,0.840098,-1.036122,-0.083948,-0.083958,-0.84569,-0.904497,-0.881161,-1.579379,-4.353952,0.006192,0.0,30.95603
-0.224095,0.840333,-1.036412,-0.027998,-0.027985,-0.829139,-0.921576,-0.901967,-1.10645,-3.736702,0.006754,0.0,30.947367
-1.764057,0.165383,-2.039686,1.624644,1.624639,-1.736492,-2.13616,-2.318996,-2.302919,-4.514881,0.007059,1.0,31.45015
-2.336822,0.805799,-2.444265,2.618525,2.618519,-2.949229,-4.026318,-4.363857,-4.4037,-6.134831,0.007697,1.0,32.273678
1.732676,1.870187,-0.71508,-2.336822,-0.737087,-1.57071,-2.822367,-3.358647,-3.525316,-4.74558,0.008702,-1.0,32.035793
0.984537,1.800281,-0.056259,-2.227728,-2.227733,0.905752,-0.549424,-1.073229,-1.303304,-2.00262,0.007562,-1.0,31.322121
-0.313126,0.683171,-0.996305,-1.181429,-1.181437,2.115181,0.635487,0.08064,-0.158973,-0.474145,0.005962,-1.0,30.95207
0.745407,1.46215,-0.54473,-0.711642,-0.711629,2.379579,1.469979,0.894106,0.568089,0.460486,0.005213,-1.0,30.731806
-0.431409,0.690244,-0.690253,-0.31537,-0.315374,1.633592,1.938014,1.283016,0.972497,0.894844,0.00323,0.0,30.634886
1.104975,1.337595,-0.116316,-1.092899,-1.092895,1.610931,2.839329,2.366557,2.03576,1.923109,0.001721,-1.0,30.300079
1.07463,1.641788,-0.447767,-2.587959,-2.587967,3.086571,5.083576,4.719762,4.507016,4.406389,-0.000145,-1.0,29.515923
-0.41941,0.659068,-1.467951,-0.358206,-0.358203,2.408627,4.938676,4.743846,4.597796,4.542001,-0.001789,0.0,29.410196
-3.161256,0.058005,-3.161256,3.295383,3.295384,-1.090487,1.238398,1.401259,1.275811,1.169726,-0.000827,1.0,30.379375
1.05325,1.2873,-0.292563,-0.87007,-0.870077,-0.567577,1.410189,2.275895,2.131601,2.058843,-0.00115,-1.0,30.115051
-0.854698,0.085479,-1.509966,2.691627,2.691628,-2.769223,-1.606828,-0.416996,-0.470374,-0.576402,0.000455,1.0,30.925636
-0.368797,0.368797,-0.737583,0.427356,0.427367,-2.190078,-2.110644,-0.818924,-0.906844,-0.983042,0.001283,0.0,31.057802
1.684572,2.149283,-0.02905,-2.326241,-2.32624,0.749339,0.017421,1.408708,1.349463,1.276195,-0.000207,-1.0,30.335323
-0.116203,0.668228,-0.406737,-0.02905,-0.029065,0.743764,-0.087146,1.191181,1.369467,1.310647,-0.000596,0.0,30.326506
-1.486142,0.257216,-1.486142,1.656026,1.656017,-0.434403,-1.651892,-0.769734,-0.177401,-0.27303,-0.000169,1.0,30.828718
-0.4287,0.371526,-1.228925,0.0,0.0,-0.497279,-1.480416,-1.030762,-0.202268,-0.225437,0.000781,0.0,30.828718
-0.028717,0.315811,-0.258398,-0.457273,-0.457249,-0.281383,-0.64601,-0.713958,0.212442,0.174179,0.00058,0.0,30.687754
0.924856,1.242778,-0.086699,-0.660362,-0.660368,0.479767,0.367053,-0.156066,0.802793,0.777165,0.000155,-1.0,30.485102
0.0,0.517691,-0.575209,0.491335,0.491335,0.189815,-0.040269,-0.665328,0.176874,0.317204,-0.000485,0.0,30.634886
1.360139,2.483737,-0.384391,-2.73224,-2.732235,2.312235,2.661138,1.937701,2.575391,3.083194,-0.001291,-1.0,29.797869
2.285033,2.345169,-0.300655,-1.655831,-1.655833,2.994593,3.83644,3.42754,3.83644,4.589834,-0.001209,-1.0,29.304466
0.795843,0.795843,-1.224359,-1.773903,-1.7739,3.532292,4.921944,5.126005,5.270889,6.176915,-0.001623,-1.0,28.784634
1.567498,1.823417,-0.543826,-4.31588,-4.315879,6.065254,8.640424,9.415643,9.400182,10.471559,-0.0042,-1.0,27.542324
-1.055321,1.375123,-1.982731,0.03199,0.031987,3.792771,7.598332,8.696294,8.787969,9.870156,-0.004157,0.0,27.551134
-0.125743,1.886203,-0.848783,1.726892,1.726887,0.767058,4.772088,6.354397,6.475952,7.398933,-0.003507,1.0,28.026911
-0.283019,1.194972,-0.408802,-0.031437,-0.031434,-0.119495,3.801889,5.696016,6.1022,6.859118,-0.004121,0.0,28.018101
1.169207,1.493988,-0.129916,-3.176094,-3.1761,1.935695,5.894772,8.197465,9.142577,9.74602,-0.006267,-1.0,27.128218
0.728001,1.356717,-1.058898,-1.851257,-1.851257,3.170092,6.442761,9.309513,10.678364,11.166121,-0.006679,-1.0,26.626005
-0.552846,0.390247,-0.813008,1.753809,1.753815,1.053654,3.300811,6.629806,8.164222,8.71284,-0.005205,1.0,27.092976
0.550696,1.068999,-1.004218,0.390247,0.390241,0.051829,1.943634,5.325558,7.207643,7.784902,-0.004623,0.0,27.198704
1.350906,1.581549,-0.032949,-1.684487,-1.684496,0.810553,2.731478,6.110941,8.261955,9.099187,-0.004983,-1.0,26.740543
0.961861,1.592036,0.0,-0.658979,-0.658969,1.054726,2.577116,5.779991,8.134329,9.378442,-0.00511,-1.0,26.564331
1.261205,1.825427,-0.696976,-0.066338,-0.06633,1.06206,2.270158,4.861154,7.492527,9.019577,-0.00473,0.0,26.546711
-1.461517,0.227347,-1.786297,2.190515,2.190505,-1.078274,-0.077949,1.751651,4.598895,6.203311,-0.00296,1.0,27.128218
-1.08191,0.0,-1.514674,5.06657,5.066573,-4.933537,-4.729517,-3.458006,-0.853163,0.855646,-0.000951,1.0,28.502689
1.214194,1.463266,-0.124524,-0.710971,-0.710972,-3.150683,-3.947694,-3.003318,-0.589971,1.206728,-0.002435,-1.0,28.300043
-0.12614,0.346897,-0.662249,-1.276463,-1.276472,-0.91453,-2.415633,-1.951004,0.203417,2.068759,-0.002585,-1.0,27.938801
0.313768,1.035457,-0.345155,0.504579,0.504589,-0.320057,-2.387831,-2.315663,-0.727961,1.235012,-0.003395,0.0,28.079777
0.766528,1.533063,-0.15969,-1.757145,-1.75714,1.794948,-0.463115,-0.559995,0.495047,2.648352,-0.004204,-1.0,27.586376
-0.03199,0.639792,-0.671788,-0.15969,-0.159688,1.260388,-0.179152,-0.518243,0.246313,2.335244,-0.003402,0.0,27.542324
