0.578664,0.637174,-0.76297,-0.227087,-0.227087,-0.274061,-1.047797,-1.176948,-1.605953,-2.511015,0.003177,0.0,170911.0
0.502208,0.618193,-0.28849,-0.620791,-0.620791,0.519635,-0.391404,-0.462683,-0.848248,-1.662997,0.002716,-1.0,169850.0
1.433692,1.433692,-0.477897,-1.442449,-1.442449,1.751613,0.959558,0.919753,0.683841,-0.023059,0.001773,-1.0,167400.0
-1.531696,0.0,-1.834857,1.479689,1.479689,-0.005533,-0.378509,-0.515,-0.678167,-1.24118,0.001863,1.0,169877.0
-1.474263,0.205899,-1.474263,1.779523,1.779523,-1.568768,-1.777906,-2.038596,-2.218074,-2.689277,0.00208,1.0,172900.0
0.506146,0.540853,-0.395662,-0.014459,-0.014459,-1.327317,-1.367173,-1.890422,-2.056573,-2.444495,0.002153,0.0,172875.0
0.60241,0.73112,-0.088158,-1.576283,-1.576283,0.288216,0.31531,-0.281947,-0.406582,-0.760811,0.00105,-1.0,170150.0
0.962203,1.409616,-0.117616,-0.561269,-0.561269,1.066462,0.869293,0.281135,0.153432,-0.094164,0.000851,-1.0,169195.0
-2.018493,0.0,-2.381173,2.014835,2.014835,-0.613659,-1.099511,-1.506184,-1.7185,-1.920628,0.001287,1.0,172604.0
0.666242,0.790615,-0.151233,-0.77924,-0.77924,-0.024758,-0.32518,-0.566082,-0.831139,-1.029855,0.001052,-1.0,171259.0
-0.248972,0.360141,-1.07695,0.847255,0.847255,-0.883794,-1.058422,-1.143227,-1.568467,-1.74716,0.00093,1.0,172710.0
0.111832,0.421251,-0.165719,-0.074692,-0.074692,-0.527984,-0.826221,-0.907825,-1.396938,-1.553172,0.000982,0.0,172581.0
1.022509,1.431396,0.0,-0.943905,-0.943905,0.625439,0.326583,0.096869,-0.405786,-0.575647,0.000993,-1.0,170952.0
1.05003,1.696843,-0.842764,-1.785296,-1.785296,1.894223,2.032519,1.745642,1.41352,1.206861,-0.000328,-1.0,167900.0
0.447681,0.894768,-0.758026,0.178678,0.178678,1.348751,1.571106,1.4413,1.268906,1.047681,-0.000199,0.0,168200.0
0.93728,1.109115,-1.136152,-1.046968,-1.046968,1.667518,2.259086,2.33547,2.352964,2.04565,-0.000652,-1.0,166439.0
-0.49372,0.062978,-1.06943,1.126539,1.126539,0.027924,1.010849,1.134625,1.210208,0.887817,0.000246,1.0,168314.0
0.203118,0.495985,-0.506613,0.621458,0.621458,-0.77787,0.396729,0.587152,0.583875,0.268753,0.000677,1.0,169360.0
0.548055,0.722866,0.0,-0.020076,-0.020076,-0.589514,0.223297,0.585655,0.519206,0.32966,0.000919,0.0,169326.0
0.411625,0.411625,-0.569988,-0.428759,-0.428759,-0.113998,0.497153,0.848754,0.871975,0.800119,0.000109,0.0,168600.0
-0.248788,0.624329,-0.366698,0.606168,0.606168,-0.340522,-0.29041,0.113271,0.226209,0.277723,0.000114,1.0,169622.0
0.593013,0.711497,-0.326424,-0.485196,-0.485196,0.202845,-0.028318,0.548029,0.683742,0.776095,-0.000815,0.0,168799.0
-0.494745,0.019529,-0.861661,0.104858,0.104858,0.052433,-0.249976,0.434066,0.624911,0.660449,-0.000542,0.0,168976.0
-1.336229,0.092334,-1.336229,1.908555,1.908555,-1.487448,-1.86834,-1.462477,-1.192124,-1.224708,0.000386,1.0,172201.0
0.231884,0.721739,-0.171014,0.173634,0.173634,-1.206029,-1.789159,-1.585314,-1.374986,-1.368093,0.000732,0.0,172500.0
-0.150224,0.056406,-0.599168,0.71942,0.71942,-1.437542,-2.070381,-2.248711,-2.054524,-2.007448,0.001672,1.0,173741.0
0.634396,0.634396,-0.40613,-0.653847,-0.653847,-0.347846,-1.177254,-1.604434,-1.338779,-1.298665,0.000744,-1.0,172605.0
-0.993487,0.202683,-1.317438,1.760667,1.760667,-1.312769,-2.529321,-3.128791,-2.862238,-2.818656,0.000736,1.0,175644.0
-0.174354,0.163528,-0.339591,-0.079137,-0.079137,-0.858095,-2.100054,-2.763188,-2.702658,-2.613418,0.000708,0.0,175505.0
-0.07619,0.166594,-0.340579,0.21196,0.21196,-0.683773,-1.893369,-2.677856,-2.777168,-2.751696,0.001485,0.0,175877.0
0.22235,0.644303,-0.120558,-0.01592,-0.01592,-0.428208,-1.523637,-2.305614,-2.672435,-2.668562,0.001722,0.0,175849.0
0.062379,0.437221,-0.04083,0.279785,0.279785,-0.282294,-1.370697,-2.274722,-2.837372,-2.799689,0.000968,0.0,176341.0
-0.409167,0.0,-0.409167,0.75819,0.75819,-0.803701,-1.623105,-2.697989,-3.379231,-3.340132,0.001636,1.0,177678.0
-0.334876,0.14472,-0.599635,0.336001,0.336001,-0.82513,-1.611836,-2.689179,-3.411808,-3.536581,0.001414,0.0,178275.0
0.379861,0.379861,-0.205922,-0.029168,-0.029168,-0.532928,-1.262014,-2.300825,-3.102433,-3.352137,0.001434,0.0,178223.0
0.788157,0.788157,-0.008463,-0.546506,-0.546506,0.171623,-0.521526,-1.477093,-2.265034,-2.718616,0.001607,-1.0,177249.0
1.856445,1.958403,-0.332797,-1.505227,-1.505227,1.500851,1.111919,0.249359,-0.591932,-1.186108,0.001728,-1.0,174581.0
-0.70736,0.404124,-1.162214,0.492608,0.492608,0.748286,0.604705,0.00361,-0.905917,-1.56814,0.001865,0.0,175441.0
-0.452463,0.0,-1.386378,0.276446,0.276446,0.203495,0.351284,-0.130926,-0.991525,-1.657015,0.00244,0.0,175926.0
0.627489,1.287642,-0.300851,-0.807726,-0.807726,0.593335,1.089826,0.758909,-0.016103,-0.711682,0.001599,-1.0,174505.0
1.085466,1.183411,-0.043211,-0.538093,-0.538093,0.713158,1.505191,1.297297,0.638431,-0.010279,0.001095,-1.0,173566.0
0.230017,0.781484,-0.001725,0.192434,0.192434,0.441403,1.169868,1.152386,0.591806,-0.073836,0.001187,0.0,173900.0
-0.056915,1.083665,-0.398406,1.035078,1.035078,-0.55811,0.020831,0.118232,-0.247382,-0.953216,0.001824,1.0,175700.0
-0.169972,0.093484,-0.730312,0.455322,0.455322,-0.943796,-0.533088,-0.297979,-0.577734,-1.239569,0.001758,0.0,176500.0
0.688099,0.703328,-0.2837,0.453258,0.453258,-1.075465,-1.033954,-0.694341,-0.890976,-1.488911,0.002166,0.0,177300.0
0.025445,0.386758,-0.515677,-0.250987,-0.250987,-0.45461,-0.807215,-0.406548,-0.553561,-1.077448,0.002012,0.0,176855.0
0.684932,0.684932,-0.222032,-0.935795,-0.935795,0.634132,0.165126,0.49083,0.459903,0.003151,0.000775,-1.0,175200.0
-0.155196,0.128575,-0.859808,0.771119,0.771119,-0.039535,-0.538485,-0.320701,-0.283148,-0.59047,0.001035,1.0,176551.0
0.628212,0.799543,-0.134209,-0.821859,-0.821859,0.628898,0.238549,0.384428,0.531611,0.299532,0.000365,-1.0,175100.0
-0.710108,0.120627,-0.885359,0.370074,0.370074,0.081253,-0.060314,-0.079584,0.157271,0.003642,0.00081,0.0,175748.0
0.156495,0.410869,-0.539479,-0.013087,-0.013087,-0.034258,0.07563,-0.124323,0.166852,0.061892,3.9e-05,0.0,175725.0
0.59798,0.615719,0.0,-0.551999,-0.551999,0.469686,0.680038,0.436688,0.677463,0.66651,-0.000167,-1.0,174755.0
0.700814,0.866324,-0.463544,-1.119281,-1.119281,1.172692,1.651804,1.471652,1.675907,1.740149,-0.000746,-1.0,172799.0
-0.619217,0.218343,-0.90803,0.186922,0.186922,0.755421,1.267026,1.174355,1.337381,1.495269,-0.000658,0.0,173122.0
0.652474,0.96326,-0.000583,-0.936334,-0.936334,1.212471,1.886053,2.013866,2.09923,2.352523,-0.001186,-1.0,171501.0
-0.823699,0.0,-0.949711,0.874047,0.874047,0.020462,0.780405,1.108131,1.091763,1.399792,-0.001136,1.0,173000.0
1.014637,1.087237,-0.210773,-1.271676,-1.271676,0.845667,1.820902,2.289461,2.283197,2.576112,-0.001835,-1.0,170800.0
-0.380939,0.461076,-0.595798,0.823185,0.823185,-0.046572,0.737257,1.31904,1.354163,1.611512,-0.001464,1.0,172206.0
0.804926,0.804926,-0.092809,-0.5145,-0.5145,0.259981,1.03759,1.641451,1.7439,1.974621,-0.00145,-1.0,171320.0
0.491228,0.795322,-0.116959,-0.186785,-0.186785,0.389006,0.949006,1.586043,1.831813,1.996491,-0.000877,0.0,171000.0
1.583508,1.703018,-0.209143,-2.134503,-2.134503,1.903316,2.650314,3.423046,3.867105,3.984488,-0.002019,-1.0,167350.0
-0.940179,0.437761,-1.008393,0.737974,0.737974,0.89403,1.532343,2.403812,2.948572,3.080464,-0.001819,1.0,168585.0
0.10116,1.430527,-0.128533,-0.317347,-0.317347,0.720619,1.572984,2.392582,3.048706,3.232705,-0.001606,0.0,168050.0
0.703981,0.703981,-0.40886,-0.595061,-0.595061,0.812332,1.81754,2.684266,3.38273,3.638144,-0.00163,-1.0,167050.0
0.202389,0.777413,-0.412517,0.564502,0.564502,-0.111552,1.037186,1.800115,2.525403,2.901335,-0.001469,1.0,167993.0
-0.094497,0.248427,-0.629387,0.15834,0.15834,-0.161418,0.595689,1.343365,2.107881,2.612496,-0.00185,0.0,168259.0
-0.024964,0.420827,-0.142653,-0.011292,-0.011292,-0.191155,0.454886,1.096648,1.912565,2.489515,-0.002053,0.0,168240.0
0.498314,0.715543,-0.833706,-0.401213,-0.401213,0.153015,0.58258,1.295656,2.054964,2.708179,-0.002424,0.0,167565.0
-0.52108,0.071056,-0.9563,0.78477,0.78477,-0.410114,-0.345097,0.339452,1.076149,1.727949,-0.001974,1.0,168880.0
-0.37715,0.114377,-0.685675,0.952748,0.952748,-1.057194,-1.315569,-0.64708,-0.031996,0.608086,-0.001153,1.0,170489.0
-0.490253,0.012256,-0.719038,0.499152,0.499152,-1.188981,-1.572838,-1.205128,-0.656473,-0.020357,-0.001271,0.0,171340.0
0.382353,0.638824,-0.2,-0.782071,-0.782071,-0.203059,-0.713765,-0.457765,-0.013265,0.645365,-0.001254,-1.0,170000.0
-0.091093,0.176898,-0.380242,0.091176,0.091176,0.010461,-0.680497,-0.628799,-0.18204,0.403326,-0.001375,0.0,170155.0
-0.608696,0.057971,-0.670145,1.378155,1.378155,-0.929391,-1.714725,-1.934068,-1.557014,-1.021867,-0.00077,1.0,172500.0
-0.368727,0.325449,-0.402772,0.463188,0.463188,-1.061864,-1.861696,-2.297763,-1.959013,-1.534735,-0.000329,0.0,173299.0
-1.017685,0.297706,-1.357104,0.984426,0.984426,-1.607497,-2.432902,-2.958582,-2.857461,-2.51106,0.000586,1.0,175005.0
-0.071093,0.440779,-0.480591,0.468558,0.468558,-1.403782,-2.456533,-3.136642,-3.16761,-2.941379,0.000708,0.0,175825.0
0.685714,1.018857,0.0,-0.469217,-0.469217,-0.385257,-1.571829,-2.415238,-2.631286,-2.433509,0.000912,0.0,175000.0
0.928322,1.014757,-0.425841,-0.834857,-0.834857,0.573128,-0.474706,-1.344405,-1.747619,-1.602499,0.000169,-1.0,173539.0
0.782029,0.782029,-0.106667,-0.598713,-0.598713,1.086261,0.241333,-0.576,-1.112348,-0.986667,0.000461,-1.0,172500.0
-0.471829,0.358774,-0.538162,0.503188,0.503188,0.391306,-0.143567,-0.877325,-1.433886,-1.473905,0.000322,0.0,173368.0
-0.05818,0.565668,-0.56682,0.133819,0.133819,0.000806,-0.069643,-0.803955,-1.421169,-1.54106,0.000604,0.0,173600.0
0.452935,0.452935,-0.254341,-0.800691,-0.800691,0.483944,0.85628,0.176529,-0.504704,-0.746252,0.000337,-1.0,172210.0
0.11443,0.423097,-0.369697,-1.045235,-1.045235,1.1781,1.798955,1.294525,0.644827,0.280782,0.000811,-1.0,170410.0
-0.344973,0.335618,-0.484131,0.362655,0.362655,0.640363,1.298325,0.949513,0.369881,-0.080922,0.000647,0.0,171028.0
-0.815743,0.003499,-0.959184,0.275978,0.275978,0.145539,0.81516,0.677901,0.188134,-0.259125,0.000905,0.0,171500.0
0.650019,0.650019,-0.435307,-0.877551,-0.877551,0.608018,1.364746,1.569027,1.126739,0.657078,0.000783,-1.0,169995.0
-0.200887,0.441014,-0.385375,0.440013,0.440013,-0.004568,0.67136,1.147026,0.776781,0.279203,0.000728,0.0,170743.0
0.09088,0.675696,-0.516361,-0.75435,-0.75435,0.642767,1.195539,1.796032,1.559736,1.098179,0.000332,-1.0,169455.0
1.354418,1.451759,-0.042997,-1.182025,-1.182025,1.419511,2.104543,2.780896,2.683874,2.294556,-0.000177,-1.0,167452.0
-0.077287,0.187271,-1.007699,0.449681,0.449681,0.573705,1.340507,2.051267,2.131001,1.835332,0.000193,0.0,168205.0
-1.557237,0.0,-1.661014,2.544514,2.544514,-1.633185,-1.238774,-0.610101,-0.331217,-0.593141,0.000958,1.0,172485.0
-0.766107,0.019009,-1.157225,0.649332,0.649332,-1.938078,-1.79557,-1.304878,-0.87486,-1.095291,0.000826,1.0,173605.0
-1.259472,0.0,-1.406429,0.342732,0.342732,-1.728243,-1.913433,-1.616686,-1.164638,-1.310953,0.000758,0.0,174200.0
1.192415,1.192415,-0.070382,-1.30884,-1.30884,0.094812,-0.560726,-0.334419,0.106009,0.031154,0.000529,-1.0,171920.0
-1.287799,0.130381,-1.315248,1.717078,1.717078,-0.83238,-2.046525,-1.959528,-1.587676,-1.576673,0.001236,1.0,174872.0
-0.42502,0.328606,-0.676609,0.236745,0.236745,-0.747008,-1.976028,-2.126962,-1.835486,-1.688509,0.000739,0.0,175286.0
0.342075,0.513113,-0.078677,0.065037,0.065037,-0.606842,-1.77423,-2.069327,-1.887885,-1.632794,0.000566,0.0,175400.0
0.15989,0.15989,-0.239836,-0.159635,-0.159635,-0.342851,-1.293684,-1.73344,-1.685873,-1.415669,6.9e-05,0.0,175120.0
-0.079482,0.124901,-0.323606,0.582458,0.582458,-0.440786,-1.372034,-2.109004,-2.151868,-1.922039,0.000118,1.0,176140.0
0.683849,0.882016,-0.083047,-0.874305,-0.874305,0.406186,-0.135853,-1.127224,-1.253551,-1.066254,-5.8e-05,-1.0,174600.0
0.119986,0.518224,-0.044566,0.241123,0.241123,0.134384,-0.231172,-1.173612,-1.450483,-1.322607,0.00041,0.0,175021.0
-0.235985,0.102602,-0.360817,0.236543,0.236543,-0.097928,-0.362299,-1.228527,-1.591131,-1.545552,0.000773,0.0,175435.0
-0.028506,0.206956,-0.205815,-0.01995,-0.01995,-0.046066,-0.274002,-0.982858,-1.429247,-1.483466,0.000546,0.0,175400.0
-0.449455,0.067617,-0.479002,0.336944,0.336944,-0.398657,-0.377576,-0.991907,-1.619259,-1.734952,0.000634,0.0,175991.0
1.059998,1.218883,0.0,-0.938116,-0.938116,0.514741,0.535333,0.180299,-0.606143,-0.782081,0.000574,-1.0,174340.0
0.726037,0.87055,-0.13064,-0.772055,-0.772055,1.062465,1.18507,0.979379,0.253882,-0.024116,0.000693,-1.0,172994.0
0.056607,0.507157,-0.37488,0.073991,0.073991,0.720532,0.978674,0.886119,0.248466,-0.076963,0.000568,0.0,173122.0
0.964617,1.069214,-0.188275,-0.596689,-0.596689,0.940327,1.40869,1.409929,0.926759,0.561872,0.000188,-1.0,172089.0
-0.002329,0.495476,-0.162442,-0.194667,-0.194667,0.643828,1.351118,1.601282,1.24885,0.774922,0.000485,0.0,171754.0
0.380327,0.380327,-0.236326,0.271318,0.271318,0.125305,0.938683,1.223706,1.091453,0.518964,0.000412,0.0,172220.0
0.941025,1.119294,-0.14846,-0.656137,-0.656137,0.564031,1.375592,1.728759,1.718365,1.208463,0.000454,-1.0,171090.0
-1.381054,0.326211,-1.744216,1.233854,1.233854,-0.652537,0.011028,0.404232,0.466943,0.031686,0.001505,1.0,173201.0
0.239214,0.293974,-0.288209,0.163971,0.163971,-0.654235,-0.263077,0.177037,0.281869,-0.03915,0.001381,0.0,173485.0
1.079954,1.096892,-0.099877,-1.310776,-1.310776,0.60183,0.782426,1.315648,1.593093,1.376337,-0.000296,-1.0,171211.0
-0.695324,0.063898,-0.704037,0.548446,0.548446,0.044961,0.105489,0.668138,0.95989,0.915039,-0.00034,0.0,172150.0
-0.47369,0.046157,-0.669859,0.67964,0.67964,-0.373067,-0.551465,-0.076852,0.221642,0.253081,-0.000193,1.0,173320.0
-0.458979,0.082042,-0.742972,0.565428,0.565428,-0.807114,-1.043029,-0.682081,-0.373408,-0.294641,0.000622,1.0,174300.0
0.455095,0.526437,-0.172602,-0.281124,-0.281124,-0.490075,-0.665037,-0.463073,-0.130228,-0.02253,-0.000247,0.0,173810.0
-0.138122,0.316529,-0.311924,-0.028767,-0.028767,-0.168048,-0.521006,-0.520028,-0.169976,0.048596,-0.000362,0.0,173760.0
0.664425,0.743854,-0.357143,-0.736648,-0.736648,0.611085,0.232317,0.146336,0.509421,0.735598,-0.000711,-1.0,172480.0
-0.97411,0.068148,-1.444271,1.241303,1.241303,-0.473483,-0.794406,-1.019427,-0.734362,-0.514738,-0.000102,1.0,174621.0
-0.001144,0.60509,-0.085788,0.131141,0.131141,-0.540921,-0.830026,-1.083176,-0.881098,-0.657615,-0.000298,0.0,174850.0
1.364022,1.468458,-0.107322,-0.880183,-0.880183,0.284691,0.040563,-0.15779,-0.061191,0.182793,-0.000301,-1.0,173311.0
-0.766415,0.229353,-0.766415,0.882229,0.882229,-0.468771,-0.626744,-0.913254,-0.968085,-0.723061,-2.2e-05,1.0,174840.0
0.214746,0.435218,-0.38597,-0.12297,-0.12297,-0.100558,-0.362663,-0.699442,-0.837996,-0.600258,-0.000178,0.0,174625.0
0.32618,0.389127,-0.273534,0.071582,0.071582,-0.157253,-0.352103,-0.630844,-0.858684,-0.677562,-0.000138,0.0,174750.0
0.902047,1.115994,-0.113334,-1.035765,-1.035765,0.666821,0.612178,0.399098,0.173673,0.304244,-0.000735,-1.0,172940.0
0.051705,0.179514,-0.590248,-0.467792,-0.467792,1.002841,0.987504,0.818524,0.6457,0.6997,-0.000531,0.0,172131.0
-1.412104,0.0,-1.412104,0.795324,0.795324,0.051412,0.175677,0.11097,-0.098127,-0.1523,0.000151,1.0,173500.0
-0.199422,0.231214,-0.289595,-0.288184,-0.288184,0.152717,0.49526,0.433064,0.21315,0.105295,-7e-06,0.0,173000.0
-0.54876,0.034297,-0.637361,1.121387,1.121387,-0.936207,-0.600949,-0.618955,-0.788127,-0.960329,0.00074,1.0,174940.0
-0.24189,0.250427,-0.398406,0.434435,0.434435,-1.050541,-0.982527,-0.995712,-1.146158,-1.33004,0.001014,0.0,175700.0
1.166772,1.245749,-0.045541,-1.269209,-1.269209,0.375857,0.299533,0.263946,0.1242,-0.029769,0.000344,-1.0,173470.0
1.089553,1.159471,-0.068753,-1.060702,-1.060702,1.23405,1.187788,1.256113,1.209812,1.039096,0.000168,-1.0,171630.0
0.006414,0.61516,-0.233236,-0.075744,-0.075744,1.13586,1.082274,1.294772,1.26758,1.098892,-0.000401,0.0,171500.0
0.233781,0.701344,-0.058445,-0.233236,-0.233236,0.923437,1.10526,1.394389,1.439451,1.335476,-0.000574,0.0,171100.0
0.225548,0.466288,-0.344165,0.022794,0.022794,0.367421,0.976984,1.226722,1.323982,1.264189,6e-06,0.0,171139.0
0.387278,0.42894,-0.026405,-0.420126,-0.420126,0.43293,1.302605,1.540703,1.652007,1.619481,-0.000415,0.0,170420.0
-2.088379,0.011478,-2.15208,2.247389,2.247389,-1.473859,-0.880976,-0.713725,-0.568235,-0.544344,0.000266,1.0,174250.0
-0.383054,0.115088,-0.647585,0.228981,0.228981,-1.338341,-1.013003,-0.939637,-0.733299,-0.714324,0.00012,0.0,174649.0
-0.660592,0.0,-0.888383,0.544521,0.544521,-1.360137,-1.511503,-1.44385,-1.243024,-1.200091,0.000479,0.0,175600.0
-0.5958,0.0,-0.762942,0.169704,0.169704,-0.98614,-1.667103,-1.498709,-1.380544,-1.331135,0.000565,0.0,175898.0
-0.063633,0.030112,-0.258508,0.063673,0.063673,-0.413954,-1.585364,-1.414465,-1.366627,-1.343924,0.000913,0.0,176010.0
-0.508762,0.0,-0.729226,0.505653,0.505653,-0.615376,-1.782589,-1.782325,-1.804635,-1.769271,0.000593,0.0,176900.0
-0.248363,0.090314,-0.27207,0.146976,0.146976,-0.47776,-1.607248,-1.769925,-1.877201,-1.807767,0.0006,0.0,177160.0
0.299883,0.347887,-0.233807,-0.051366,-0.051366,-0.260689,-1.219581,-1.639286,-1.761291,-1.702003,0.000961,0.0,177069.0
-0.505902,0.028106,-0.62226,0.469309,0.469309,-0.501518,-1.300956,-2.016301,-2.080776,-2.092591,0.000781,0.0,177900.0
0.669238,0.834846,-0.114564,-0.888139,-0.888139,0.42525,-0.081897,-1.030513,-1.084534,-1.146983,0.000448,-1.0,176320.0
-0.022117,0.416251,-0.12703,0.009074,0.009074,0.352169,0.027334,-0.861575,-1.013094,-1.122017,0.000421,0.0,176336.0
1.272206,1.546705,0.0,-1.041194,-1.041194,1.103152,1.071232,0.296122,0.071375,-0.084539,0.000419,-1.0,174500.0
0.225609,0.737679,-0.111944,-0.174785,-0.174785,0.950199,1.167542,0.590182,0.225207,0.07766,0.000546,0.0,174195.0
0.667113,0.667113,-0.17428,-0.522977,-0.522977,0.948154,1.548556,1.201534,0.682406,0.611736,-2.7e-05,-1.0,173284.0
0.459631,0.489694,-0.205822,-0.184091,-0.184091,0.746394,1.559795,1.486274,0.853496,0.816581,1.8e-05,0.0,172965.0
0.61435,0.61435,-0.497856,-0.245714,-0.245714,0.554538,1.557262,1.670183,1.128289,1.042657,-0.000576,0.0,172540.0
1.174419,1.17793,-0.083678,-0.954561,-0.954561,1.101508,2.169311,2.503516,2.085164,1.967149,-0.00118,-1.0,170893.0
-0.597388,0.033672,-1.003193,0.794064,0.794064,0.079187,1.084644,1.566328,1.314311,1.101376,-0.000283,1.0,172250.0
-0.567184,0.037428,-0.927072,0.82148,0.82148,-0.692367,0.017159,0.653058,0.561541,0.230743,0.000536,1.0,173665.0
0.652301,0.709602,-0.233833,-0.513633,-0.513633,-0.201883,0.328234,1.04781,1.14882,0.732082,0.000345,-1.0,172773.0
0.40615,0.529736,-0.143893,-0.24483,-0.24483,0.021004,0.343197,1.119814,1.34195,0.99602,0.00034,0.0,172350.0
0.26087,0.347826,-0.59942,0.087032,0.087032,0.120348,0.14,0.851787,1.191536,0.931386,0.000368,0.0,172500.0
0.118569,0.523439,-0.182192,0.228986,0.228986,-0.033778,-0.163972,0.460434,0.882125,0.742323,0.00065,0.0,172895.0
1.186072,1.186072,-0.182021,-1.495127,-1.495127,1.089543,1.176737,1.688137,2.249281,2.251941,-0.000977,-1.0,170310.0
0.697923,0.890208,-0.051039,-1.062768,-1.062768,1.668249,1.998576,2.471058,3.124777,3.304736,-0.001539,-1.0,168500.0
-0.035075,0.45895,-0.343618,-0.172107,-0.172107,1.351287,1.917009,2.325664,3.04426,3.339207,-0.00185,0.0,168210.0
-0.095738,0.300215,-0.367586,0.595684,0.595684,0.362504,1.214157,1.511398,2.199223,2.598752,-0.001665,1.0,169212.0
-0.006519,0.089483,-0.443265,-0.274212,-0.274212,0.146965,1.284934,1.575327,2.233686,2.718444,-0.001812,0.0,168748.0
-0.733353,0.028747,-1.36697,1.008605,1.008605,-0.836609,0.084952,0.45022,0.994309,1.564916,-0.001593,1.0,170450.0
-0.881359,0.067252,-1.104943,-0.550895,-0.550895,-0.168013,0.446933,0.870819,1.352921,1.974173,-0.001897,-1.0,169511.0
2.622455,2.622455,-0.456842,-2.504852,-2.504852,2.04048,2.598917,3.168931,3.621941,4.312492,-0.002963,-1.0,165265.0
0.535746,0.735968,-0.192335,-0.27108,-0.27108,1.784525,2.411644,3.203593,3.609852,4.296474,-0.003285,0.0,164817.0
0.655188,0.655188,-0.632028,-0.450196,-0.450196,1.67521,2.337224,3.338148,3.770014,4.451355,-0.003095,0.0,164075.0
-0.421687,0.096386,-0.698795,1.173244,1.173244,-0.04,0.890843,1.831968,2.347259,2.953349,-0.002589,1.0,166000.0
-1.352583,0.092302,-1.352583,1.813253,1.813253,-1.879534,-0.875806,-0.130051,0.407491,0.946784,-0.001348,1.0,169010.0
0.342952,0.593661,-0.662252,0.065085,0.065085,-1.487465,-0.886471,-0.322335,0.241071,0.710454,-0.001243,0.0,169120.0
-0.961792,0.269771,-1.040964,0.824858,0.824858,-1.625077,-1.620913,-1.215416,-0.590095,-0.20695,-0.000657,1.0,170515.0
0.446691,0.752322,-0.14106,-0.219922,-0.219922,-0.69531,-1.322264,-1.105638,-0.432996,-0.082332,-0.000673,0.0,170140.0
-1.42955,0.000581,-1.710583,1.223698,1.223698,-1.173253,-2.412293,-2.227164,-1.67856,-1.314908,-3.4e-05,1.0,172222.0
-0.263883,0.816587,-0.46513,0.117871,0.117871,-0.89349,-2.358185,-2.190518,-1.804408,-1.443619,0.000432,0.0,172425.0
0.41035,0.41035,-0.264667,-0.077135,-0.077135,-0.448773,-1.874956,-1.957065,-1.730289,-1.373296,5.3e-05,0.0,172292.0
1.187676,1.238241,0.0,-1.283867,-1.283867,0.794802,-0.289334,-0.64793,-0.523371,-0.109713,-0.000862,-1.0,170080.0
0.091849,0.322649,-0.637644,-0.138758,-0.138758,0.900002,0.188879,-0.46686,-0.474965,-0.027578,-0.000699,0.0,169844.0
-0.070538,0.573125,-0.148719,0.162502,0.162502,0.489184,0.268516,-0.641273,-0.642017,-0.273125,-0.000522,0.0,170120.0
0.129407,0.629978,-0.015294,-0.067012,-0.067012,0.27199,0.394339,-0.555235,-0.531099,-0.271355,-0.000589,0.0,170006.0
-0.656041,0.304005,-0.820637,0.420573,0.420573,-0.332004,0.067654,-0.758665,-0.874146,-0.727198,-0.000505,0.0,170721.0
0.191819,0.503892,-0.330844,-0.145266,-0.145266,-0.140902,0.210767,-0.393102,-0.692954,-0.63034,8.1e-05,0.0,170473.0
-1.120363,0.039597,-1.176265,0.73736,0.73736,-0.652187,-0.430152,-0.825016,-1.333023,-1.384825,0.000864,1.0,171730.0
-1.006286,0.005181,-1.254404,1.151808,1.151808,-1.370346,-1.478401,-1.658492,-2.362758,-2.429502,0.00144,1.0,173708.0
-0.229226,0.284814,-0.997708,0.455938,0.455938,-1.302923,-1.806648,-1.895091,-2.662951,-2.734808,0.001379,0.0,174500.0
-1.313564,0.0,-1.313564,1.999427,1.999427,-2.420936,-3.411391,-3.485983,-4.213547,-4.421667,0.002367,1.0,177989.0
-0.652655,0.053175,-0.708628,0.37418,0.37418,-1.868741,-3.291484,-3.542022,-4.183342,-4.566544,0.002092,0.0,178655.0
-1.496363,0.021408,-1.74283,1.970278,1.970278,-2.618142,-4.483217,-4.965372,-5.537944,-6.115702,0.003188,1.0,182175.0
-0.311799,0.317241,-0.776506,0.87663,0.87663,-2.369131,-4.570392,-5.372237,-5.875297,-6.641599,0.004658,1.0,183772.0
-1.28809,0.0,-1.501609,1.430033,1.430033,-2.468777,-5.03632,-6.206545,-6.735864,-7.595408,0.005398,1.0,186400.0
-0.094067,0.207909,-0.636555,0.376073,0.376073,-1.860172,-4.516651,-6.03029,-6.604775,-7.474786,0.005757,0.0,187101.0
-0.666844,0.043675,-0.929427,0.346871,0.346871,-1.230573,-3.926498,-5.727688,-6.468628,-7.306035,0.005398,0.0,187750.0
1.292059,1.669987,-0.267026,-1.065246,-1.065246,0.21782,-2.137281,-4.141768,-5.041373,-5.841227,0.004146,-1.0,185750.0
1.068748,1.439682,-0.2404,-1.017497,-1.017497,1.257587,-0.579136,-2.658182,-3.748749,-4.48476,0.003675,-1.0,183860.0
-0.378276,0.399892,-0.378276,0.647232,0.647232,0.460524,-0.648365,-2.742178,-4.026587,-4.752272,0.003598,1.0,185050.0
0.292113,0.292113,-0.54095,-0.102675,-0.102675,0.321324,-0.174565,-2.132316,-3.588013,-4.313794,0.003649,0.0,184860.0
0.543892,0.886,-0.596106,-0.54095,-0.54095,0.443816,0.651474,-1.114616,-2.688894,-3.503035,0.002882,-1.0,183860.0
-1.362174,0.108288,-1.559987,1.457631,1.457631,-0.914549,-0.560577,-2.006004,-3.639434,-4.537729,0.003464,1.0,186540.0
0.039925,0.39819,-0.3391,0.702262,0.702262,-1.180729,-1.036944,-2.18749,-3.8395,-4.870673,0.003803,1.0,187850.0
0.800986,0.997212,-0.27879,-0.708012,-0.708012,-0.318465,-0.324845,-1.060405,-2.71113,-3.890071,0.004054,-1.0,186520.0
0.5681,0.5681,-0.405173,0.035921,0.035921,-0.169144,-0.388184,-0.788729,-2.320901,-3.61813,0.00413,0.0,186587.0
1.436003,1.588815,-0.015173,-1.097075,-1.097075,1.011922,0.542809,0.524367,-0.856264,-2.235591,0.003582,-1.0,184540.0
-0.134989,0.288877,-0.599352,0.357646,0.357646,0.507235,0.154806,0.275018,-0.845923,-2.252333,0.003767,0.0,185200.0
0.351609,0.693496,-1.160687,-0.027538,-0.027538,0.243156,0.252013,0.352221,-0.509644,-1.900718,0.003572,0.0,185149.0
-0.717908,0.026688,-0.717908,1.188772,1.188772,-0.845903,-0.802989,-0.792919,-1.335522,-2.682893,0.004152,1.0,187350.0
0.153301,0.420377,-0.322627,-0.073125,-0.073125,-0.706468,-0.604712,-0.716332,-1.01697,-2.259309,0.003799,0.0,187213.0
-0.031592,0.278969,-0.251661,-0.242505,-0.242505,-0.227459,-0.207861,-0.510355,-0.559384,-1.672894,0.003193,0.0,186759.0
0.172315,0.395626,-0.199692,-0.252732,-0.252732,0.142039,0.031403,-0.239058,-0.197062,-1.111189,0.002885,0.0,186287.0
0.517892,1.169295,-0.006999,-0.286654,-0.286654,0.494958,0.20608,0.115673,0.143174,-0.567528,0.001891,0.0,185753.0
0.352463,0.775853,-0.047103,-0.566882,-0.566882,0.780942,0.678831,0.673813,0.668083,0.220249,0.001482,-1.0,184700.0
0.032496,0.593046,-0.430568,-0.032485,-0.032485,0.534987,0.606098,0.698585,0.634153,0.396902,0.000611,0.0,184640.0
-0.267352,0.120497,-0.590112,0.680784,0.680784,-0.237551,-0.001183,0.090731,-0.096155,-0.126134,0.000526,1.0,185897.0
1.580135,1.953087,-0.000545,-1.342141,-1.342141,0.805008,1.261164,1.338299,1.198924,1.25931,-0.000679,-1.0,183402.0
0.131868,0.534037,-0.281245,-0.350596,-0.350596,0.832025,1.486657,1.509128,1.52485,1.593399,-0.000995,0.0,182759.0
0.157195,0.266358,-0.778879,0.247867,0.247867,0.420278,1.009868,1.137771,1.223664,1.272602,-0.001038,0.0,183212.0
-0.937298,0.123896,-1.306292,1.325241,1.325241,-0.785391,-0.395981,-0.219026,-0.079239,-0.08343,1e-06,1.0,185640.0
-1.428798,0.044468,-1.428798,1.756087,1.756087,-2.179672,-2.001588,-1.787154,-1.670249,-1.78342,0.001207,1.0,188900.0
-0.922686,0.454786,-1.107853,0.920593,0.920593,-2.312748,-2.66724,-2.492844,-2.459701,-2.576766,0.001326,1.0,190639.0
1.051815,1.051815,-0.043276,-0.606906,-0.606906,-1.006639,-1.876115,-1.745003,-1.821044,-1.863206,0.001107,-1.0,189482.0
-0.640206,0.163066,-0.961095,0.65336,0.65336,-0.861892,-2.19741,-2.264996,-2.348233,-2.381313,0.001626,1.0,190720.0
0.353774,0.566038,-0.366876,0.041946,0.041946,-0.362579,-1.915566,-2.180643,-2.278774,-2.297715,0.00101,0.0,190800.0
0.524934,0.699738,-0.28084,-0.157233,-0.157233,-0.03769,-1.519475,-1.895678,-1.968451,-2.00443,0.000637,0.0,190500.0
-0.108031,0.329862,-0.402756,0.097638,0.097638,-0.130267,-1.233546,-1.837576,-1.920225,-2.013048,0.000987,0.0,190686.0
0.521944,0.521944,-1.044932,0.374438,0.374438,-0.302403,-1.150522,-2.007071,-2.122806,-2.304389,0.001134,0.0,191400.0
-0.527149,0.287206,-0.527149,0.598224,0.598224,-0.705705,-1.253629,-2.318177,-2.569945,-2.760186,0.001871,1.0,192545.0
-0.246281,0.265942,-0.400983,0.379132,0.379132,-0.824628,-1.231561,-2.389273,-2.781115,-2.989047,0.001881,0.0,193275.0
-0.09665,0.164356,-0.652257,0.107101,0.107101,-0.622487,-1.100412,-2.232352,-2.711389,-2.907971,0.001939,0.0,193482.0
0.918052,1.183324,-0.237705,-0.634168,-0.634168,0.174976,-0.385166,-1.301397,-1.935268,-2.141531,0.001147,-1.0,192255.0
0.005269,0.626482,-0.311924,-1.282151,-1.282151,1.306391,0.924864,0.227479,-0.555245,-0.772728,0.000621,-1.0,189790.0
0.921681,1.051901,-0.6004,-1.272459,-1.272459,2.060254,2.047125,1.667387,0.797839,0.506706,0.000173,-1.0,187375.0
-1.475333,1.628818,-1.539024,2.228152,2.228152,-0.344349,-0.137927,-0.342852,-1.218768,-1.593359,0.001252,1.0,191550.0
0.6707,0.6707,-0.286691,-0.756983,-0.756983,0.059968,0.602735,0.459372,-0.354761,-0.772457,0.001047,-1.0,190100.0
-0.724528,0.07963,-1.010567,0.411888,0.411888,-0.494229,0.200385,0.055811,-0.567547,-1.083177,0.001473,0.0,190883.0
0.620046,0.63051,-0.357376,0.12154,0.12154,-0.476362,0.063836,-0.008686,-0.469639,-1.091029,0.00154,0.0,191115.0
-0.169946,0.0,-0.578649,0.372027,0.372027,-0.381179,-0.344531,-0.340864,-0.61402,-1.30904,0.001405,0.0,191826.0
-0.114931,0.250757,-0.114931,-0.21165,-0.21165,-0.183471,-0.23007,-0.107895,-0.252246,-0.95804,0.001897,0.0,191420.0
0.786287,0.786287,-0.181126,-1.070421,-1.070421,0.819555,0.632357,0.933195,0.839463,0.186977,0.001584,-1.0,189371.0
0.09989,0.09989,-0.814889,0.443046,0.443046,0.304085,0.080963,0.471304,0.383392,-0.111771,0.001669,0.0,190210.0
-0.210084,0.181723,-0.58666,0.09989,0.09989,0.128887,0.01313,0.336029,0.307327,-0.050924,0.001136,0.0,190400.0
0.712998,0.712998,-0.283297,-0.629727,-0.629727,0.485938,0.743442,0.854048,0.902849,0.709087,9.9e-05,-1.0,189201.0
-0.250559,0.205817,-0.275299,0.409089,0.409089,-0.075589,0.250086,0.327341,0.470036,0.390051,-0.000124,0.0,189975.0
-0.455035,0.106017,-0.455035,0.294776,0.294776,-0.247094,-0.021728,-0.070643,0.175663,0.12932,0.000268,0.0,190535.0
0.287059,0.41797,-0.272863,-0.173197,-0.173197,-0.074551,0.116085,0.030879,0.336821,0.293914,-9.1e-05,0.0,190205.0
-0.083638,0.182436,-0.183481,0.575695,0.575695,-0.552431,-0.447308,-0.489075,-0.24012,-0.242154,0.000141,1.0,191300.0
-0.039717,0.232028,-0.186041,0.029273,0.029273,-0.356299,-0.501003,-0.379502,-0.300383,-0.258053,0.000222,0.0,191356.0
-0.642226,0.0,-0.863235,0.493321,0.493321,-0.60364,-0.943682,-0.842538,-0.815159,-0.716485,0.000394,0.0,192300.0
-0.182292,0.520833,-0.182292,-0.156006,-0.156006,-0.295729,-0.651979,-0.621632,-0.698776,-0.530104,0.000164,0.0,192000.0
0.287878,0.403655,-0.314475,-0.13125,-0.13125,-0.003755,-0.441204,-0.460952,-0.581492,-0.377224,-0.000154,0.0,191748.0
0.30617,0.638073,-0.218993,-0.69414,-0.69414,0.602467,0.255597,0.21038,0.129899,0.298482,-0.00062,-1.0,190417.0
-0.021492,0.309804,-0.232222,0.183282,0.183282,0.356562,0.15422,-0.009995,0.035593,0.077687,-0.000587,0.0,190766.0
-0.770432,0.108798,-0.770432,0.699286,0.699286,-0.361166,-0.430661,-0.680757,-0.644768,-0.641749,-7e-06,1.0,192100.0
-0.266985,0.006739,-0.391405,0.413847,0.413847,-0.679022,-0.718681,-0.968299,-0.981804,-1.063418,0.00073,0.0,192895.0
0.460095,0.500737,-0.247503,-0.507012,-0.507012,-0.155275,-0.123543,-0.404341,-0.450273,-0.566286,0.001063,-1.0,191917.0
-0.380123,0.059281,-0.471124,0.202692,0.202692,-0.160785,-0.273262,-0.53973,-0.620677,-0.715089,0.000182,0.0,192306.0
-0.217824,0.15648,-0.291645,0.02652,0.02652,-0.021834,-0.247664,-0.45672,-0.633224,-0.637814,0.000523,0.0,192357.0
0.876146,0.926944,-0.274941,-0.731452,-0.731452,0.594396,0.416654,0.310797,0.086646,0.08176,2.6e-05,-1.0,190950.0
0.754538,0.921275,-0.498628,-0.748887,-0.748887,0.997256,1.043478,1.031976,0.845768,0.824673,-0.000353,-1.0,189520.0
-0.1321,0.126816,-0.279524,-0.142465,-0.142465,0.859498,1.055641,1.142475,0.96428,0.934003,-0.000576,0.0,189250.0
0.063495,0.293666,-0.262977,-0.137384,-0.137384,0.647336,1.11916,1.200134,1.065877,1.027885,-0.000544,0.0,188990.0
-0.883703,0.149469,-1.287531,0.891582,0.891582,-0.418513,0.220795,0.282016,0.211407,0.110953,0.000309,1.0,190675.0
0.267204,0.289253,-0.310776,-0.096499,-0.096499,-0.370516,0.233134,0.31557,0.321747,0.188145,7.4e-05,0.0,190491.0
0.640945,0.713911,-0.373228,0.004725,0.004725,-0.272336,0.102677,0.258338,0.316089,0.207118,3.3e-05,0.0,190500.0
0.165877,0.295419,-0.222749,-0.314961,-0.314961,0.111216,0.312744,0.510233,0.625013,0.517199,0.00017,0.0,189900.0
-0.148288,0.435923,-0.287636,0.142707,0.142707,0.092759,0.057527,0.358379,0.451935,0.369141,5.4e-05,0.0,190171.0
-0.346166,0.169412,-0.486206,0.257137,0.257137,-0.16553,-0.288104,0.097276,0.176046,0.142327,3.8e-05,0.0,190660.0
0.14325,0.14325,-0.70523,-0.044057,-0.044057,-0.112606,-0.263779,0.088084,0.17497,0.199081,9.4e-05,0.0,190576.0
-0.083439,0.262386,-0.267109,-0.00892,-0.00892,-0.097503,-0.200358,0.015288,0.146096,0.208523,-0.00016,0.0,190559.0
0.157978,0.370721,-0.053186,-0.345825,-0.345825,0.249184,0.1802,0.291557,0.444971,0.549847,-0.000323,0.0,189900.0
-0.209974,0.475066,-0.209974,0.315956,0.315956,-0.032021,-0.056063,-0.087524,0.130787,0.216357,-0.0004,0.0,190500.0
-0.365015,0.0047,-0.60888,0.524409,0.524409,-0.465903,-0.534415,-0.638611,-0.37243,-0.303459,-0.000105,0.0,191499.0
-0.857438,0.02531,-1.394628,1.097134,1.097134,-1.233678,-1.453254,-1.625654,-1.414876,-1.358533,0.000429,1.0,193600.0
0.172539,0.309326,-0.345596,-0.309917,-0.309917,-0.673679,-1.017358,-1.19962,-1.105674,-1.03115,0.000596,0.0,193000.0
0.08316,0.600312,-0.054574,-0.310881,-0.310881,-0.104054,-0.578742,-0.782363,-0.784719,-0.70896,0.000382,0.0,192400.0
-0.219126,0.108268,-0.278699,0.33264,0.33264,-0.172089,-0.759739,-0.971439,-1.094644,-0.983796,0.000222,0.0,193040.0
-0.305974,0.267532,-0.364156,-0.279735,-0.279735,0.211948,-0.385766,-0.630442,-0.813481,-0.670005,-7.9e-05,0.0,192500.0
-0.352514,0.054951,-0.495075,0.207792,0.207792,-0.068429,-0.471851,-0.75324,-0.968611,-0.859388,0.000231,0.0,192900.0
0.063605,0.248216,-0.180991,0.248834,0.248834,-0.277174,-0.573017,-0.9003,-1.114619,-1.095439,0.000252,0.0,193380.0
0.365191,0.50525,-0.40254,-0.312338,-0.312338,0.074283,-0.112307,-0.490345,-0.713341,-0.76773,0.000104,0.0,192776.0
0.558645,0.558645,-0.116102,-0.365191,-0.365191,0.340289,0.335655,-0.05963,-0.269196,-0.408888,0.000263,0.0,192072.0
1.111105,1.206463,-0.060587,-1.177163,-1.177163,1.252193,1.441908,1.101025,0.896023,0.723773,7.7e-05,-1.0,189811.0
-0.845252,0.07481,-1.003704,1.409823,1.409823,-0.198351,-0.026184,-0.238319,-0.45481,-0.644573,0.000752,1.0,192487.0
-0.606123,0.014506,-0.764648,0.282097,0.282097,-0.51536,-0.305859,-0.433611,-0.6693,-0.851329,0.000934,0.0,193030.0
0.340532,0.420473,-0.15625,-0.202041,-0.202041,-0.328073,-0.09157,-0.137216,-0.397088,-0.580212,0.000459,0.0,192640.0
0.193543,0.323613,-0.033818,-0.22581,-0.22581,-0.088655,0.091101,0.147932,-0.118753,-0.288296,0.000403,0.0,192205.0
-0.125233,0.282684,-0.17356,0.122786,0.122786,0.062149,-0.034712,0.057749,-0.194969,-0.37387,0.000454,0.0,192441.0
0.633812,0.633812,-0.01778,-0.632402,-0.632402,0.566874,0.513848,0.611708,0.45716,0.275509,0.000316,-1.0,191224.0
-0.758126,0.052965,-1.339703,0.709116,0.709116,-0.187974,-0.235435,-0.111261,-0.19771,-0.387351,0.000562,1.0,192580.0
0.602643,0.936398,-0.039235,-0.738394,-0.738394,0.39946,0.422059,0.588484,0.577611,0.379979,0.00013,-1.0,191158.0
-0.269148,0.434497,-0.643139,0.291905,0.291905,0.056229,0.111206,0.249675,0.316588,0.120053,0.000276,0.0,191716.0
1.426187,1.822734,0.0,-1.873605,-1.873605,1.507729,1.933034,2.008746,2.14231,1.977802,-0.000535,-1.0,188124.0
-1.123738,0.575341,-2.258042,0.613957,0.613957,0.682802,1.141542,1.258742,1.404884,1.328114,-0.000118,1.0,189279.0
-1.121433,0.360258,-1.730784,2.655339,2.655339,-1.743959,-1.409022,-1.328736,-1.184529,-1.215779,0.000899,1.0,194305.0
1.039486,1.039486,-0.59273,-0.929467,-0.929467,-0.682809,-0.491379,-0.412608,-0.254884,-0.234993,0.000267,-1.0,192499.0
-0.780072,0.392359,-0.934435,0.623899,0.623899,-1.093753,-1.031182,-0.974049,-0.856298,-0.787486,6.1e-05,1.0,193700.0
0.344844,0.411854,-0.475255,0.155395,0.155395,-0.641337,-1.104324,-0.983706,-0.971438,-0.88983,0.000264,0.0,194001.0
-1.22444,0.070317,-1.367113,1.160819,1.160819,-1.070761,-1.9829,-1.991987,-2.022364,-1.973045,0.000904,1.0,196253.0
-0.15202,0.541414,-0.757576,0.890177,0.890177,-1.570404,-2.57399,-2.689394,-2.770177,-2.736949,0.001146,1.0,198000.0
-0.835329,0.11876,-0.835329,0.788889,0.788889,-1.632976,-2.915435,-3.219818,-3.361186,-3.354687,0.001611,1.0,199562.0
0.175844,0.195382,-0.405292,0.023552,0.023552,-1.06408,-2.542871,-2.995323,-3.195147,-3.245806,0.001531,0.0,199609.0
-1.602169,0.113877,-1.602169,1.623674,1.623674,-1.772344,-3.37402,-4.203106,-4.420434,-4.587587,0.002128,1.0,202850.0
1.055027,1.057512,-0.748409,-0.800099,-0.800099,-0.48572,-2.000924,-3.099054,-3.432367,-3.652512,0.001916,-1.0,201227.0
-0.009386,0.287028,-0.157594,0.592366,0.592366,-0.635118,-2.177167,-3.345635,-3.769113,-4.041261,0.002333,1.0,202419.0
0.101185,0.190523,-0.325271,0.089418,0.089418,-0.423988,-1.765992,-3.055479,-3.609279,-3.933031,0.002883,0.0,202600.0
-0.011858,0.104749,-0.245568,-0.10464,-0.10464,-0.045062,-1.233818,-2.602394,-3.25674,-3.628516,0.002225,0.0,202388.0
-1.150327,0.004874,-1.208819,1.369152,1.369152,-1.170019,-2.023942,-3.36435,-4.253457,-4.630925,0.002697,1.0,205159.0
0.524733,0.622998,-0.037832,-0.793043,-0.793043,-0.153489,-0.883104,-2.125006,-3.185715,-3.651495,0.00244,-1.0,203532.0
0.010265,0.2053,-0.169128,0.514415,0.514415,-0.453321,-1.06878,-2.291112,-3.387933,-3.91878,0.002762,0.0,204579.0
0.14811,0.254183,-0.10705,-0.000978,-0.000978,-0.259071,-0.822673,-1.896564,-3.059019,-3.684442,0.002708,0.0,204577.0
-0.080101,0.343849,-0.361921,0.080165,0.080165,-0.109113,-0.651457,-1.615635,-2.818585,-3.516677,0.003018,0.0,204741.0
0.127426,0.29406,-0.071064,-0.342384,-0.342384,0.124387,-0.251813,-0.949618,-2.094687,-2.957812,0.002561,0.0,204040.0
-0.888867,0.0,-0.888867,0.901784,0.901784,-0.542355,-0.917282,-1.52312,-2.566519,-3.540354,0.003274,1.0,205880.0
0.125278,0.222502,-0.536906,0.417719,0.417719,-0.747025,-1.120441,-1.65093,-2.671084,-3.667641,0.003329,0.0,206740.0
0.630698,0.630698,-0.091553,-0.146077,-0.146077,-0.421531,-0.789874,-1.285002,-2.191094,-3.230646,0.00408,0.0,206438.0
0.20791,0.799729,-0.275602,0.185043,0.185043,-0.40441,-0.758824,-1.23489,-2.054564,-3.117261,0.003894,0.0,206820.0
-0.066763,0.382196,-0.285438,-0.058021,-0.058021,-0.089211,-0.626657,-1.053378,-1.690518,-2.701538,0.002714,0.0,206700.0
0.108591,0.550676,-0.035714,0.241896,0.241896,-0.202896,-0.689431,-1.099968,-1.663586,-2.590367,0.003223,0.0,207200.0
1.068654,1.069141,-0.05504,-0.914575,-0.914575,0.578456,0.262585,-0.09339,-0.578018,-1.476944,0.002554,-1.0,205305.0
-0.241838,0.07497,-0.556227,0.703831,0.703831,-0.094317,-0.333059,-0.657832,-1.099057,-1.889819,0.002793,1.0,206750.0
-0.408509,0.038675,-0.627991,0.048368,0.048368,-0.139715,-0.279285,-0.56205,-0.971839,-1.682959,0.002309,0.0,206850.0
0.711941,0.711941,-0.210567,-0.587382,-0.587382,0.346731,0.387483,0.040914,-0.319012,-0.875746,0.001667,-1.0,205635.0
-0.60789,0.02221,-0.728115,0.71729,0.71729,-0.376611,-0.26807,-0.556387,-0.886896,-1.372005,0.001635,1.0,207110.0
-0.406749,0.322511,-0.587258,0.3066,0.3066,-0.44622,-0.524537,-0.758751,-1.061662,-1.485841,0.001758,0.0,207745.0
-0.185646,0.582297,-0.42823,0.604106,0.604106,-0.828708,-0.999282,-1.213589,-1.502656,-1.896766,0.001315,1.0,209000.0
-0.76671,0.082518,-1.103855,1.471292,1.471292,-1.773901,-2.186962,-2.415403,-2.70244,-3.084098,0.002303,1.0,212075.0
0.566038,0.760377,-0.544811,-0.035365,-0.035365,-1.138679,-1.902358,-2.130566,-2.506675,-2.87717,0.00203,0.0,212000.0
1.043083,1.043083,-0.046912,-1.462264,-1.462264,0.499761,-0.365247,-0.581841,-0.931427,-1.28898,0.001355,-1.0,208900.0
0.199093,0.554103,-0.125693,-0.217808,-0.217808,0.786299,0.002878,-0.310298,-0.622442,-0.957874,0.001306,0.0,208445.0
-0.762449,0.081487,-0.762449,0.674039,0.674039,0.192518,-0.518942,-0.869351,-1.162163,-1.482792,0.001004,1.0,209850.0
1.893204,1.893204,-0.245631,-1.834644,-1.834644,1.475243,1.299029,0.956796,0.715607,0.428563,0.000551,-1.0,206000.0
-1.22662,0.137893,-1.22662,1.035437,1.035437,0.063709,0.38091,-0.031935,-0.218226,-0.543499,0.000777,1.0,208133.0
-0.106598,0.335229,-0.396004,-0.390135,-0.390135,0.303298,0.784243,0.363494,0.207335,-0.08086,0.000608,0.0,207321.0
0.266312,0.536974,-0.093282,-0.203067,-0.203067,0.358047,0.948478,0.619107,0.415104,0.167327,0.000485,0.0,206900.0
1.198409,1.198409,-0.222108,-0.9884,-0.9884,0.872227,1.753875,1.561885,1.378878,1.172693,0.000204,-1.0,204855.0
-0.606061,0.606061,-0.606061,0.680969,0.680969,0.214206,0.783224,0.855564,0.67937,0.517663,0.000108,1.0,206250.0
-0.622754,0.320958,-0.742515,1.212121,1.212121,-0.92685,-0.579449,-0.252806,-0.477269,-0.59589,0.000454,1.0,208750.0
0.810221,0.850493,-0.281899,-0.079042,-0.079042,-0.727281,-0.515905,-0.126759,-0.365343,-0.465383,0.000483,0.0,208585.0
1.446095,1.446095,0.0,-1.701944,-1.701944,0.809618,1.040261,1.514343,1.353159,1.224708,-0.000338,-1.0,205035.0
-2.357704,0.107168,-2.357704,2.397152,2.397152,-1.065015,-1.320362,-0.831976,-0.943344,-1.078085,0.00073,1.0,209950.0
2.016031,2.17537,-0.048579,-1.952846,-1.952846,0.86665,0.637795,0.941592,1.005319,0.873335,-0.000224,-1.0,205850.0
0.7068,1.969291,0.0,-0.340053,-0.340053,0.859859,0.835779,1.063417,1.338143,1.187307,2.5e-05,0.0,205150.0
0.003416,1.506493,-0.101018,-0.115525,-0.115525,0.618116,0.834891,1.050592,1.401741,1.259696,-0.000331,0.0,204913.0
-0.473244,1.146463,-0.497512,0.542669,0.542669,0.171144,0.248174,0.426874,0.812693,0.727135,-0.000116,0.0,206025.0
0.399411,0.660451,-2.845927,-1.079966,-1.079966,0.661237,1.290873,1.325384,1.785746,1.76893,-0.00033,-1.0,203800.0
-1.287129,0.665842,-1.388614,-0.883219,-0.883219,1.17703,1.983069,2.096271,2.443366,2.579743,-0.001026,-1.0,202000.0
-0.734775,0.453517,-0.94207,1.735149,1.735149,-0.514051,0.085789,0.26971,0.538113,0.827659,-0.000405,1.0,205505.0
-0.265727,0.173427,-0.558659,0.167879,0.167879,-0.58975,-0.214817,0.05402,0.295531,0.63419,-0.000595,0.0,205850.0
-0.691211,0.033601,-0.988816,1.204761,1.204761,-1.551865,-1.244516,-1.091281,-0.901166,-0.552546,-0.00071,1.0,208330.0
1.103983,1.198402,-0.067788,-0.866414,-0.866414,-0.427551,-0.547246,-0.172925,-0.115555,0.268674,-0.001072,-1.0,206525.0
0.428141,0.487725,-0.22248,0.766977,0.766977,-0.59834,-1.195671,-0.873196,-0.825145,-0.570739,-0.000103,1.0,208109.0
-0.79904,0.0,-0.820068,0.548751,0.548751,-0.782792,-1.538917,-1.398225,-1.339683,-1.16593,0.000231,0.0,209251.0
-0.37042,0.089857,-0.584069,-0.013859,-0.013859,-0.446703,-1.319316,-1.364261,-1.280578,-1.146075,-6.8e-05,0.0,209222.0
-0.508145,0.004749,-0.613098,0.644292,0.644292,-0.871254,-1.735195,-1.820456,-1.825402,-1.738538,0.001009,1.0,210570.0
0.536737,0.620229,-0.572519,-0.460654,-0.460654,-0.119084,-1.003721,-1.377226,-1.257872,-1.288569,0.000359,0.0,209600.0
0.105248,0.374587,-2.071473,-0.271947,-0.271947,0.241401,-0.397455,-1.006873,-0.922116,-0.961412,0.00041,0.0,209030.0
0.489524,1.095238,-0.430952,0.464048,0.464048,-0.150286,-0.643476,-1.310159,-1.35,-1.383314,0.0007,0.0,210000.0
-0.125533,0.099479,-0.994789,0.52381,0.52381,-0.492658,-0.912506,-1.629023,-1.804477,-1.82558,0.001358,0.0,211100.0
-0.516432,0.117371,-0.657277,0.900047,0.900047,-1.152113,-1.577136,-2.2882,-2.493427,-2.586761,0.001453,1.0,213000.0
0.300717,0.300717,-0.635054,0.542254,0.542254,-1.259835,-1.751675,-2.492836,-2.921132,-2.938432,0.001162,0.0,214155.0
0.009777,0.062849,-0.651769,0.301184,0.301184,-1.019088,-1.735196,-2.388361,-3.004306,-3.07067,0.001327,0.0,214800.0
0.119086,0.444248,-0.299577,0.079143,0.079143,-0.634972,-1.546867,-2.172024,-2.852607,-3.031586,0.002102,0.0,214970.0
-0.736092,0.0,-0.775172,1.176908,1.176908,-1.202299,-2.311494,-2.952889,-3.693287,-3.995586,0.001571,1.0,217500.0
0.482167,0.482167,-0.063491,-0.068046,-0.068046,-0.734569,-1.932947,-2.610083,-3.367142,-3.703541,0.002391,0.0,217352.0
-0.103622,0.203117,-0.484179,0.344602,0.344602,-0.713614,-1.879955,-2.590696,-3.371145,-3.884751,0.002688,0.0,218101.0
-0.293662,0.030096,-0.424077,0.549745,0.549745,-0.846056,-1.948108,-2.783067,-3.505016,-4.164925,0.002977,0.0,219300.0
0.599937,0.822849,-0.172918,-0.582307,-0.582307,0.014769,-1.005811,-1.945422,-2.652748,-3.367425,0.002488,-1.0,218023.0
0.002288,0.002288,-0.659833,0.237131,0.237131,-0.126659,-0.899561,-1.893139,-2.592706,-3.346609,0.003061,0.0,218540.0
-0.149862,0.339017,-0.27094,0.150087,0.150087,-0.1378,-0.779968,-1.787409,-2.497944,-3.256739,0.00351,0.0,218868.0
0.116681,0.116681,-0.442931,-0.148034,-0.148034,0.050791,-0.432041,-1.368969,-2.078414,-2.843455,0.002691,0.0,218544.0
-0.206186,0.16449,-0.435281,-0.134527,-0.134527,0.089347,-0.13984,-0.954471,-1.714181,-2.414754,0.00256,0.0,218250.0
0.165958,0.197331,-0.243254,0.77205,0.77205,-0.503603,-0.679155,-1.412144,-2.224294,-2.899948,0.002372,1.0,219935.0
-0.215786,0.035286,-0.722454,0.507877,0.507877,-0.779093,-1.020348,-1.610179,-2.450781,-3.11552,0.002969,0.0,221052.0
-0.184914,0.124028,-0.281881,0.304453,0.304453,-0.82255,-1.123554,-1.646484,-2.495321,-3.167942,0.002768,0.0,221725.0
-0.050357,0.017985,-0.20053,0.309392,0.309392,-0.780717,-1.234741,-1.702374,-2.508059,-3.180904,0.002664,0.0,222411.0
-0.161388,0.450541,-0.177527,0.29405,0.29405,-0.639903,-1.355524,-1.743558,-2.4793,-3.196575,0.002798,0.0,223065.0
0.258398,0.964386,-0.0737,-0.242082,-0.242082,-0.166004,-0.91383,-1.278778,-1.961218,-2.723056,0.002413,0.0,222525.0
-0.533333,0.0,-0.88,1.112235,1.112235,-0.913244,-1.716667,-2.142489,-2.730756,-3.512604,0.003097,1.0,225000.0
0.630332,0.630332,-0.060138,-0.228889,-0.228889,-0.440029,-1.240974,-1.706157,-2.251799,-3.043304,0.003115,0.0,224485.0
-0.117665,0.0,-0.577226,0.325189,0.325189,-0.513731,-1.26488,-1.814178,-2.323091,-3.080239,0.003055,0.0,225215.0
0.004432,0.151126,-0.274331,0.188709,0.188709,-0.472877,-1.123338,-1.811795,-2.266863,-2.968339,0.002909,0.0,225640.0
-0.665057,0.690957,-0.72432,0.957277,0.957277,-0.953468,-1.715628,-2.456687,-2.911962,-3.575838,0.002934,1.0,227800.0
0.428697,0.512572,-0.862276,-1.082529,-1.082529,0.160118,-0.449999,-1.188192,-1.675624,-2.267922,0.002228,-1.0,225334.0
0.782473,1.415605,-0.154706,-0.747335,-0.747335,0.839615,0.385647,-0.301632,-0.794478,-1.34156,0.001772,-1.0,223650.0
-0.275801,0.905694,-0.275801,0.514196,0.514196,0.286833,-0.021619,-0.626127,-1.15298,-1.656851,0.001961,0.0,224800.0
2.283105,2.625571,0.0,-2.580071,-2.580071,2.336438,2.440594,2.028524,1.458037,1.024384,0.000327,-1.0,219000.0
1.391317,1.572992,-0.865008,0.033333,0.033333,1.505617,2.248885,1.968294,1.448193,1.065636,0.000372,0.0,219073.0
-0.112149,2.069029,-1.354939,-0.279815,-0.279815,1.161128,2.236428,2.175318,1.731026,1.366804,0.0001,0.0,218460.0
-1.705566,0.0,-1.962747,1.986634,1.986634,-0.885727,0.1693,0.217175,-0.162388,-0.509946,0.000725,1.0,222800.0
-1.133886,0.0,-1.744876,2.917415,2.917415,-3.302835,-2.492063,-2.423405,-2.757959,-3.134845,0.002246,1.0,229300.0
0.116725,0.267239,-0.698595,-0.616659,-0.616659,-1.922979,-1.788482,-1.67692,-1.943165,-2.383104,0.001875,-1.0,227886.0
-0.0303,0.42157,-0.406201,-0.072843,-0.072843,-1.092043,-1.720402,-1.453159,-1.700751,-2.141613,0.001778,0.0,227720.0
0.092255,0.601854,-0.043931,-0.039522,-0.039522,-0.247243,-1.580679,-1.33717,-1.517397,-1.943189,0.001825,0.0,227630.0
0.611439,0.885151,0.0,-0.48983,-0.48983,0.571794,-0.969737,-0.791765,-0.926892,-1.325475,0.001671,0.0,226515.0
0.353642,0.693157,0.0,-0.006622,-0.006622,0.331214,-0.888124,-0.747373,-0.830066,-1.178437,0.001332,0.0,226500.0
-0.729735,0.081082,-0.729735,0.735099,0.735099,-0.376482,-1.209695,-1.397877,-1.441983,-1.725751,0.001431,1.0,228165.0
-0.396048,0.013143,-0.746972,0.039445,0.039445,-0.368886,-0.846378,-1.423466,-1.355326,-1.618698,0.001316,0.0,228255.0
0.964602,1.269912,-0.264159,-0.98793,-0.98793,0.480973,0.476593,-0.420236,-0.348938,-0.549487,0.000752,-1.0,226000.0
1.623435,1.730769,-0.386852,-1.061947,-1.061947,1.298748,1.590832,0.647108,0.700872,0.551503,0.000162,-1.0,223600.0
1.183365,1.183365,-0.443479,-1.171735,-1.171735,2.000181,2.418816,1.725164,1.798986,1.717766,-0.000242,-1.0,220980.0
0.299388,1.097755,-0.537083,-0.239841,-0.239841,1.545475,2.327739,2.013578,1.926015,1.914865,-0.00083,0.0,220450.0
-0.438518,0.025058,-1.557186,1.374461,1.374461,-0.258636,0.750626,0.761918,0.447423,0.55017,-0.000133,1.0,223480.0
-0.24528,0.118669,-1.182283,1.431895,1.431895,-1.60667,-0.713561,-0.418769,-0.940886,-0.839633,0.000349,1.0,226680.0
1.257372,1.257372,-0.314677,-0.884507,-0.884507,-0.632914,0.090575,0.525529,-0.034071,0.048657,-0.000118,-1.0,224675.0
1.380696,1.380696,-0.153311,-1.001892,-1.001892,0.502554,0.920269,1.336786,0.924203,1.010988,-0.00097,-1.0,222424.0
0.829148,1.533632,-0.53722,0.258965,0.258965,0.471659,0.427982,0.928969,0.753206,0.702726,-0.000387,0.0,223000.0
-0.393459,0.315038,-0.946015,-0.503139,-0.503139,0.835324,0.648419,1.263818,1.325909,1.105202,-0.00028,-1.0,221878.0
0.44919,0.672656,-0.302921,-0.165857,-0.165857,0.536048,0.612929,1.247859,1.56309,1.204117,-0.000576,0.0,221510.0
-1.173893,0.07334,-1.569662,0.950296,0.950296,-0.505154,-0.33352,0.208304,0.625249,0.250806,0.000959,1.0,223615.0
0.612659,1.259904,-0.192242,-0.437806,-0.437806,-0.0486,0.179126,0.533247,0.918068,0.652761,0.000754,0.0,222636.0
0.517893,0.72659,-0.40517,-0.781994,-0.781994,0.548586,0.988841,1.106197,1.555219,1.480378,0.000536,-1.0,220895.0
-1.075962,0.132939,-1.731765,1.819869,1.819869,-0.978503,-0.752373,-0.799917,-0.322277,-0.229527,0.000463,1.0,224915.0
0.468825,0.468825,-0.031732,-0.517529,-0.517529,-0.26306,-0.36697,-0.350866,0.109586,0.384088,-0.00103,-1.0,223751.0
-0.126682,0.148539,-0.781501,0.193519,0.193519,-0.404935,-0.581308,-0.525967,-0.135759,0.214895,-0.000678,0.0,224184.0
0.20315,0.741724,-0.027538,-1.192324,-1.192324,0.695315,0.577172,0.69038,0.956702,1.283548,-0.001165,-1.0,221511.0
2.551114,2.73531,0.0,-1.964237,-1.964237,2.368852,2.323402,2.606803,2.726078,3.115288,-0.002002,-1.0,217160.0
-0.90819,0.173638,-1.662742,1.306871,1.306871,0.601278,0.917963,1.177647,1.213238,1.644688,-0.00122,1.0,219998.0
1.869224,1.869224,0.0,-1.878653,-1.878653,1.796771,2.588655,2.780812,2.916337,3.372793,-0.002034,-1.0,215865.0
-1.862335,0.0,-2.248523,1.961874,1.961874,-0.53303,0.45502,0.664607,0.856588,1.267188,-0.001501,1.0,220100.0
-0.17238,0.230441,-1.466359,0.946388,0.946388,-1.405058,-0.50715,-0.286371,-0.061886,0.240072,-0.001107,1.0,222183.0
0.440218,0.781353,-0.095916,-0.520292,-0.520292,-0.539482,0.019183,0.175635,0.473856,0.635162,-0.000903,-1.0,221027.0
-1.053171,0.134931,-1.22907,1.598447,1.598447,-1.697987,-1.570226,-1.320805,-1.082851,-1.013947,0.000253,1.0,224560.0
0.053362,1.142832,-0.22412,0.142501,0.142501,-1.036108,-1.660085,-1.361319,-1.263629,-1.174724,0.000825,0.0,224880.0
0.243304,0.243304,-0.353125,-0.39132,-0.39132,-0.299107,-1.281964,-0.962351,-0.890804,-0.779339,0.000759,0.0,224000.0
0.048858,0.302034,-0.777738,0.508929,0.508929,-0.541263,-1.620636,-1.389683,-1.332327,-1.207835,0.000383,0.0,225140.0
0.314627,0.422027,-0.469712,-0.331794,-0.331794,0.089842,-0.970797,-0.957487,-0.972824,-0.808671,-0.000384,0.0,224393.0
0.240577,0.481155,-0.196026,0.029858,0.029858,0.051056,-0.801568,-1.000564,-0.944868,-0.820814,1.3e-05,0.0,224460.0
0.599852,0.732853,-0.235897,-0.848704,-0.848704,0.698524,0.348139,-0.188987,-0.07351,-0.046011,8e-05,-1.0,222555.0
-0.15674,0.31348,-0.364532,0.334749,0.334749,0.299866,0.15665,-0.54838,-0.41395,-0.40412,0.000113,0.0,223300.0
0.29623,0.359066,-0.18851,-0.223914,-0.223914,0.314901,0.409111,-0.286625,-0.186782,-0.17386,0.000234,0.0,222800.0
0.341317,0.480823,-0.34538,-0.585727,-0.585727,0.644258,1.021829,0.431342,0.41484,0.387115,5.2e-05,-1.0,221495.0
-1.066338,0.0,-1.416405,0.724621,0.724621,-0.201703,0.229628,-0.198476,-0.348229,-0.313169,-4.6e-05,1.0,223100.0
0.81448,0.81448,-0.319457,-0.941282,-0.941282,0.605882,1.006471,0.904766,0.536448,0.624851,-0.000265,-1.0,221000.0
-0.986997,0.270809,-1.094425,1.088235,1.088235,-0.46776,-0.107518,-0.082869,-0.563282,-0.462156,0.000548,1.0,223405.0
0.500325,0.500325,-0.078526,-0.24619,-0.24619,-0.217182,0.036481,0.183827,-0.287721,-0.212569,-0.00035,0.0,222855.0
0.313161,0.526434,-0.112486,-0.271477,-0.271477,0.122385,0.212373,0.493228,0.098223,0.083456,-0.000243,0.0,222250.0
0.483769,0.483769,-0.144679,-0.48144,-0.48144,0.433131,0.548874,0.877506,0.609187,0.500081,-0.000537,0.0,221180.0
0.696572,0.696572,-0.619427,-0.368478,-0.368478,0.746943,0.821365,1.114,1.083384,0.81031,-0.000179,0.0,220365.0
0.721461,0.721461,-0.485845,-0.619427,-0.619427,0.972603,1.253425,1.592024,1.688311,1.343963,0.000406,-1.0,219000.0
0.408066,0.408066,-0.511001,-0.63379,-0.63379,1.134772,1.660846,2.009387,2.231885,1.918699,-0.000438,-1.0,217612.0
-0.8041,0.146697,-0.911162,0.867599,0.867599,0.014305,0.695535,0.983356,1.317768,1.084702,0.000756,1.0,219500.0
0.303458,1.161733,-0.075865,-0.313895,-0.313895,0.1127,0.816595,1.129224,1.505432,1.381302,-0.000233,0.0,218811.0
-0.725624,0.156463,-0.726077,0.771899,0.771899,-0.641905,0.021678,0.292457,0.628594,0.688816,-0.000309,1.0,220500.0
1.034959,1.034959,-0.229991,-1.405896,-1.405896,0.627691,1.171711,1.541644,1.911707,2.074903,-0.000694,-1.0,217400.0
0.112644,0.627586,-0.328736,0.045998,0.045998,0.571126,0.878989,1.332506,1.689218,1.941848,-0.001369,0.0,217500.0
-0.408826,0.0,-0.990004,1.102529,1.102529,-0.489409,-0.328061,0.179053,0.478085,0.80963,-0.000952,1.0,219898.0
1.097099,1.097099,-0.314575,-1.264223,-1.264223,0.628783,0.761061,1.278076,1.595538,1.963301,-0.001331,-1.0,217118.0
-0.524824,0.18132,-0.524824,1.09802,1.09802,-0.555075,-0.372616,0.132603,0.42257,0.757879,-0.001075,1.0,219502.0
0.354071,0.354071,-0.622141,-0.41093,-0.41093,-0.03495,0.020174,0.399238,0.729437,1.074822,-0.00111,0.0,218600.0
-0.603098,0.385527,-1.139741,0.502745,0.502745,-0.334822,-0.385163,-0.198757,0.154985,0.470152,-0.000904,0.0,219699.0
0.778899,0.778899,-0.135321,-0.773331,-0.773331,0.267798,0.322385,0.449083,0.85539,1.135872,-0.000871,-1.0,218000.0
0.412277,0.577187,0.0,0.137615,0.137615,0.238296,0.161109,0.223087,0.606848,0.884013,-0.000957,0.0,218300.0
0.23051,0.618808,-0.167851,0.158497,0.158497,0.001372,-0.082188,0.012074,0.39381,0.652854,-0.000791,0.0,218646.0
0.539158,0.578328,-0.002765,-0.750528,-0.750528,0.610585,0.655192,0.70708,1.00553,1.297961,-0.000862,-1.0,217005.0
0.322581,0.487558,-0.282949,-0.002304,-0.002304,0.364147,0.63447,0.690599,0.872949,1.193382,-0.001178,0.0,217000.0
-0.139197,0.240474,-0.358861,-0.35023,-0.35023,0.554107,0.818997,0.943982,1.088513,1.451831,-0.000921,0.0,216240.0
-0.069124,0.175115,-0.571889,0.351461,0.351461,0.08212,0.460461,0.534808,0.638157,0.984074,-0.001242,0.0,217000.0
-0.773782,0.13655,-0.773782,1.24424,1.24424,-1.051889,-0.765134,-0.724989,-0.613769,-0.280637,-0.000594,1.0,219700.0
0.873563,0.873563,0.0,-1.001365,-1.001365,-0.005517,0.188046,0.282238,0.357034,0.619421,-0.000911,-1.0,217500.0
0.739713,0.776699,-0.074896,-0.551724,-0.551724,0.484512,0.586731,0.801603,0.883472,1.056422,-0.000942,-1.0,216300.0
-0.159815,0.163048,-0.369515,0.092464,0.092464,0.415704,0.424527,0.603849,0.720993,0.856831,-0.000741,0.0,216500.0
-0.386083,0.520633,-0.463299,-0.103926,-0.103926,0.453127,0.435372,0.682526,0.767148,0.871039,-0.000517,0.0,216275.0
0.417633,0.687239,-0.018561,-0.35834,-0.35834,0.424594,0.65058,0.920804,1.013527,1.143499,-0.000397,0.0,215500.0
0.545553,0.830432,-0.022343,-0.311833,-0.311833,0.489973,0.864087,1.119438,1.269644,1.382203,-0.00091,0.0,214828.0
-0.322471,0.054287,-0.474659,0.323515,0.323515,0.093818,0.470298,0.664183,0.897213,1.016504,-0.000633,0.0,215523.0
-0.051577,0.296918,-0.258351,-0.144764,-0.144764,0.119139,0.56814,0.723724,0.934594,1.083235,-0.001031,0.0,215211.0
-0.106506,0.097245,-0.291271,0.343384,0.343384,-0.253577,0.175365,0.306491,0.562144,0.684325,-0.000271,0.0,215950.0
0.317135,0.457047,-0.3731,-0.708497,-0.708497,0.357429,0.643923,0.890837,1.161202,1.289339,-0.000599,-1.0,214420.0
-0.193315,0.382439,-0.193315,0.118925,0.118925,0.223966,0.39278,0.698637,0.949622,1.118249,-0.001027,0.0,214675.0
-0.07931,0.334033,-0.396548,-0.151392,-0.151392,0.26648,0.454024,0.768898,0.97791,1.212783,-0.000543,0.0,214350.0
0.003756,0.170437,-0.479853,-0.638209,-0.638209,0.701186,0.93407,1.314164,1.508696,1.732992,-0.001298,-1.0,212982.0
-0.046707,0.360579,-0.238206,0.524927,0.524927,0.002522,0.305418,0.694816,0.880546,1.145371,-0.000891,0.0,214100.0
0.618441,0.665292,-0.153673,-0.308267,-0.308267,0.219921,0.519069,0.810657,1.070535,1.344528,-0.001243,0.0,213440.0
-0.413895,0.051679,-0.665304,0.632028,0.632028,-0.398903,-0.114065,0.093363,0.384168,0.637053,-0.000632,1.0,214789.0
-0.298035,0.388842,-0.344603,-0.022813,-0.022813,-0.339853,-0.127736,0.067772,0.354452,0.567645,-0.000702,0.0,214740.0
0.058278,0.191151,-0.218192,-0.11642,-0.11642,-0.083081,-0.044944,0.121933,0.430626,0.619404,-0.000822,0.0,214490.0
0.936096,1.004304,-0.071971,-0.888153,-0.888153,0.669756,0.692476,0.903419,1.226756,1.413533,-0.000881,-1.0,212585.0
-1.231699,0.0,-1.37346,1.206576,1.206576,-0.371462,-0.474041,-0.310388,-0.085801,0.139493,-0.000356,1.0,215150.0
-0.093284,0.279851,-0.419776,-0.348594,-0.348594,-0.059235,-0.138713,0.025031,0.191418,0.441194,-0.000355,0.0,214400.0
0.281162,0.611996,-0.278351,-0.466418,-0.466418,0.283505,0.284724,0.427429,0.592971,0.844386,-0.000711,0.0,213400.0
-0.525487,0.060241,-0.996293,1.124649,1.124649,-0.71038,-0.7,-0.67127,-0.541983,-0.285301,-0.000763,1.0,215800.0
-0.679466,0.369374,-0.892426,1.617238,1.617238,-1.679055,-2.043686,-2.150546,-2.056113,-1.830489,0.000376,1.0,219290.0
0.550459,1.03211,0.0,-0.588262,-0.588262,-0.83578,-1.254862,-1.462049,-1.419197,-1.280771,0.00036,-1.0,218000.0
1.098698,1.14717,-0.36931,-0.633028,-0.633028,0.000923,-0.54127,-0.774444,-0.749815,-0.668119,4.4e-05,-1.0,216620.0
-0.960132,0.128018,-1.108723,0.96944,0.96944,-0.472751,-1.314237,-1.593941,-1.629663,-1.577579,0.000511,1.0,218720.0
-1.157574,0.0,-1.229361,1.901975,1.901975,-1.695083,-2.779747,-3.134602,-3.293678,-3.300108,0.001494,1.0,222880.0
1.571396,1.576406,0.0,-1.494078,-1.494078,-0.180369,-0.98793,-1.499916,-1.74491,-1.773755,0.00098,-1.0,219550.0
0.541322,0.541322,-0.390266,-0.797085,-0.797085,0.603306,-0.070707,-0.575023,-0.877847,-0.942277,0.000493,-1.0,217800.0
0.041436,0.308932,-0.184162,-0.275482,-0.275482,0.934622,0.334254,-0.226366,-0.545902,-0.624954,0.000436,0.0,217200.0
-0.604278,0.0,-0.765723,0.953039,0.953039,0.031924,-0.345236,-1.030541,-1.3726,-1.494742,0.000701,1.0,219270.0
0.575832,0.575832,-0.370472,-0.287317,-0.287317,-0.067691,0.071808,-0.618825,-0.959019,-1.148171,0.000884,0.0,218640.0
-0.166572,0.11911,-0.447233,0.221826,0.221826,-0.327667,-0.157216,-0.639817,-1.063571,-1.309006,0.000929,0.0,219125.0
-0.635209,0.11343,-0.975499,0.58186,0.58186,-0.66833,-0.625907,-1.055808,-1.478017,-1.771397,0.001248,1.0,220400.0
0.170367,0.21592,-0.323424,-0.396552,-0.396552,-0.06095,-0.097893,-0.506212,-0.97788,-1.291929,0.001353,0.0,219526.0
0.486989,0.486989,0.0,-0.567587,-0.567587,0.41882,0.452217,0.210769,-0.331547,-0.65646,0.000878,-1.0,218280.0
0.359447,0.576037,-0.018433,-0.586403,-0.586403,0.86,0.773779,0.83874,0.314194,0.003594,0.000757,-1.0,217000.0
0.600371,0.834492,-0.01159,-0.599078,-0.599078,1.150301,1.202643,1.335528,0.990983,0.635976,0.000221,-1.0,215700.0
-0.616262,0.213852,-0.685247,0.806676,0.806676,0.068617,0.376242,0.50745,0.23549,-0.095751,0.000582,1.0,217440.0
0.13788,0.13788,-0.574501,0.064386,0.064386,-0.174648,0.32912,0.472194,0.244071,-0.108723,0.000661,0.0,217580.0
1.061453,1.061453,0.0,-1.277691,-1.277691,0.793296,1.419507,1.650869,1.574046,1.185214,0.000491,-1.0,214800.0
-0.064995,0.473538,-0.111421,0.27933,0.27933,0.363974,0.986583,1.136212,1.281825,0.92026,8.8e-05,0.0,215400.0
0.130342,0.158272,-0.46504,-0.269266,-0.269266,0.553021,1.05884,1.262483,1.451238,1.234354,0.000123,0.0,214820.0
0.420783,0.615098,-0.162628,-0.102411,-0.102411,0.391426,0.892171,1.266884,1.476025,1.327884,0.000281,0.0,214600.0
0.858951,0.858951,-0.10584,-0.938956,-0.938956,0.873063,1.521979,2.082022,2.342969,2.254176,-0.000616,-1.0,212585.0
0.50104,0.709019,-0.085082,-0.48216,-0.48216,1.055493,1.696209,2.333648,2.669597,2.714804,-0.001529,0.0,211560.0
0.666667,0.666667,0.0,-0.737379,-0.737379,1.291905,2.118333,2.819556,3.125619,3.367352,-0.001594,-1.0,210000.0
-0.143062,0.570815,-0.219361,-0.142857,-0.142857,0.948498,1.978302,2.667016,3.038293,3.332303,-0.001381,0.0,209700.0
-0.614948,0.473037,-0.614948,0.810682,0.810682,-0.166036,0.872517,1.557584,2.058325,2.376462,-0.00145,1.0,211400.0
-0.075493,0.377465,-0.245352,0.25544,0.25544,-0.481268,0.349391,1.060206,1.6742,2.027291,-0.002166,0.0,211940.0
0.612071,0.612071,-0.35111,-0.556761,-0.556761,0.0,0.719539,1.388151,2.041564,2.447447,-0.001758,-1.0,210760.0
0.28667,0.477783,-0.35786,-0.692731,-0.692731,0.630674,1.130674,1.850135,2.530244,2.902551,-0.001713,-1.0,209300.0
-0.195461,0.114416,-0.533944,0.21978,0.21978,0.415713,0.667668,1.437993,2.082165,2.490198,-0.001497,0.0,209760.0
-0.071378,0.499643,-0.423507,0.185927,0.185927,0.110397,0.269094,1.018479,1.648846,2.154385,-0.001831,0.0,210150.0
-1.473955,0.163513,-1.473955,1.855817,1.855817,-1.516468,-1.489372,-0.932025,-0.331114,0.234263,-0.000899,1.0,214050.0
0.631951,1.225259,-0.141376,-0.864284,-0.864284,-0.522149,-0.600377,-0.150016,0.394557,0.974854,-0.001371,-1.0,212200.0
0.517452,0.762066,-0.272838,0.179076,0.179076,-0.391382,-0.656694,-0.416941,0.111135,0.680327,-0.001547,0.0,212580.0
0.4521,0.660689,-0.108542,-0.31988,-0.31988,0.13025,-0.234073,-0.18924,0.342732,0.867032,-0.001513,0.0,211900.0
0.589074,0.798575,-0.052257,-0.660689,-0.660689,0.829454,0.386698,0.344735,0.845249,1.349758,-0.001554,-1.0,210500.0
0.429389,0.725191,0.0,-0.427553,-0.427553,0.837786,0.706107,0.680662,1.087906,1.595515,-0.001485,0.0,209600.0
0.047642,0.266794,-0.416865,0.14313,0.14313,0.474512,0.521201,0.48404,0.826703,1.290615,-0.001162,0.0,209900.0
1.765854,1.765854,0.0,-2.334445,-2.334445,2.136585,2.714146,2.723252,2.983049,3.477561,-0.002528,-1.0,205000.0
0.87381,1.030022,-0.024408,-0.073171,-0.073171,1.523066,2.54967,2.640631,2.815109,3.341469,-0.002587,0.0,204850.0
0.181717,0.627529,-0.438543,0.739566,0.739566,0.377002,1.613403,1.724453,1.860781,2.368134,-0.00171,1.0,206365.0
0.474449,0.536608,0.0,-0.214184,-0.214184,0.235331,1.436848,1.748,1.917659,2.361426,-0.001925,0.0,205923.0
-0.301703,0.379562,-0.418491,-0.205417,-0.205417,0.013431,1.319611,1.786796,1.98,2.391105,-0.001897,0.0,205500.0
-1.107374,0.0,-1.830411,1.289538,1.289538,-0.957194,-0.183137,0.454096,0.637233,0.94822,-0.001292,1.0,208150.0
-0.04171,0.414189,-0.313309,-0.94355,-0.94355,0.115818,0.490528,1.2954,1.510626,1.742291,-0.001294,-1.0,206186.0
0.028882,0.365842,-0.211803,0.753688,0.753688,-0.500722,-0.39405,0.460319,0.663185,0.849119,-0.000757,1.0,207740.0
-0.095329,0.333651,-0.49571,0.991624,0.991624,-1.108103,-1.362536,-0.661138,-0.376215,-0.194204,-5e-06,1.0,209800.0
-0.321179,0.245607,-0.321179,0.915157,0.915157,-1.417344,-2.171075,-1.577114,-1.25699,-1.096278,0.000455,1.0,211720.0
-0.031639,0.357941,-0.161498,0.022199,0.022199,-1.097621,-1.873238,-1.624553,-1.220658,-1.084853,0.000112,0.0,211767.0
-0.608045,0.091674,-0.832554,0.960017,0.960017,-1.325819,-2.387699,-2.500748,-2.065458,-1.948718,0.000419,1.0,213800.0
-0.669136,0.0,-0.696921,1.005613,1.005613,-1.547858,-2.915675,-3.303203,-2.906205,-2.840639,0.001098,1.0,215950.0
-0.064827,0.018985,-0.213002,0.004631,0.004631,-0.981941,-2.455408,-3.111348,-2.86648,-2.77068,0.001401,0.0,215960.0
-0.295639,0.286401,-0.295639,0.240785,0.240785,-0.780026,-2.182511,-3.141445,-3.000947,-2.89854,0.00141,0.0,216480.0
0.539398,0.546349,-0.431426,-0.315965,-0.315965,-0.092124,-1.518147,-2.500911,-2.618978,-2.470352,0.001192,0.0,215796.0
0.055715,0.195004,-0.325007,-0.192775,-0.192775,0.247562,-0.901059,-1.986659,-2.350102,-2.177602,0.000301,0.0,215380.0
0.554983,0.67441,-0.157831,-0.86359,-0.86359,0.893218,0.232906,-0.909454,-1.428742,-1.262327,0.000302,-1.0,213520.0
0.598023,0.659334,-0.097627,-0.69689,-0.69689,1.230758,1.041588,-0.021978,-0.679638,-0.607474,-7.9e-05,-1.0,212032.0
0.510144,0.605054,-0.009491,-0.616416,-0.616416,1.312421,1.62107,0.763428,-0.044038,-0.019001,-0.000208,-1.0,210725.0
-1.575612,0.115765,-1.575612,2.071895,2.071895,-0.809611,-0.287134,-1.066773,-1.838408,-2.001757,0.00098,1.0,215091.0
0.359742,0.534714,-0.149309,-0.358453,-0.358453,-0.551698,0.095838,-0.457851,-1.264348,-1.60405,0.00101,0.0,214320.0
-0.169969,0.0,-0.691052,0.198302,0.198302,-0.634427,-0.158374,-0.437387,-1.264639,-1.719714,0.001034,0.0,214745.0
0.560748,0.747664,0.0,-0.346923,-0.346923,-0.104579,0.097617,0.040062,-0.732196,-1.295327,0.001898,0.0,214000.0
0.421546,0.444965,-0.9274,-0.233645,-0.233645,0.389321,0.192459,0.32993,-0.312365,-0.996721,0.001828,0.0,213500.0
-0.487976,0.226477,-0.487976,0.30445,0.30445,-0.003269,-0.188513,0.099588,-0.474854,-1.126313,0.001639,0.0,214150.0
-0.177044,0.371281,-0.177044,0.490777,0.490777,-0.409756,-0.684291,-0.345878,-0.75146,-1.416796,0.001946,0.0,215201.0
-0.171574,0.014375,-0.499884,0.208642,0.208642,-0.533179,-0.792302,-0.56264,-0.774704,-1.449831,0.002126,0.0,215650.0
-0.342518,0.019493,-0.790391,-0.086715,-0.086715,-0.311051,-0.546962,-0.491716,-0.557172,-1.187192,0.001527,0.0,215463.0
-1.068277,0.0,-1.5281,-0.075651,-0.075651,-0.06837,-0.259173,-0.452918,-0.398746,-0.930311,0.001905,0.0,215300.0
-0.51049,0.132867,-0.801865,-0.371575,-0.371575,0.33697,0.085268,-0.121927,0.036434,-0.442406,0.001415,0.0,214500.0
-0.070423,0.0,-0.941784,-0.699301,-0.699301,0.836901,0.728122,0.506948,0.722136,0.386667,0.00068,-1.0,213000.0
-0.208739,0.408565,-0.598072,0.086854,0.086854,0.518142,0.567535,0.409253,0.569881,0.401717,0.00032,0.0,213185.0
-0.271987,0.120104,-0.280866,0.373385,0.373385,0.005701,0.19254,0.096457,0.149523,0.106383,0.000473,0.0,213981.0
0.187529,0.187529,-0.496953,-0.318253,-0.318253,0.137459,0.503047,0.496515,0.394726,0.455621,-8.3e-05,0.0,213300.0
0.565771,0.641207,-0.216879,-0.562588,-0.562588,0.477699,0.975012,0.971083,0.875601,1.03025,-0.000765,-1.0,212100.0
0.474699,0.84971,-0.408241,-0.678925,-0.678925,0.942372,1.449682,1.54546,1.453124,1.661236,-0.001062,-1.0,210660.0
0.816888,0.816888,-0.058693,-1.328207,-1.328207,1.788975,2.44061,2.691593,2.682669,2.874041,-0.001744,-1.0,207862.0
2.133333,2.133333,-0.207407,-2.579596,-2.579596,3.350321,4.512988,5.032165,5.166247,5.332168,-0.002728,-1.0,202500.0
-1.318844,2.762685,-3.060126,-3.207407,-3.207407,5.01028,6.991811,7.917553,8.275631,8.404704,-0.004039,-1.0,196005.0
3.599382,3.963955,-0.61792,-0.920895,-0.920895,4.142842,6.940937,8.235736,8.74413,8.967456,-0.004064,-1.0,194200.0
-1.135162,0.044888,-2.892768,3.244078,3.244078,-0.142943,2.957257,4.346002,4.982594,5.246683,-0.002351,1.0,200500.0
-0.897824,0.409876,-1.722455,2.214464,2.214464,-2.59149,0.324388,1.736964,2.468942,2.799063,-0.00112,1.0,204940.0
-0.167524,0.0,-0.91505,0.197131,0.197131,-2.506136,-0.293605,1.208281,2.056573,2.466534,-0.001935,0.0,205344.0
0.873447,0.873447,-0.452276,-1.369896,-1.369896,-0.507577,0.559519,2.193672,3.203263,3.727884,-0.002375,-1.0,202531.0
0.934169,0.934169,-0.766109,-2.166088,-2.166088,2.093326,2.081617,3.905981,5.084333,5.682352,-0.003403,-1.0,198144.0
0.220706,0.220706,-0.672151,0.613695,0.613695,1.35624,0.892155,2.816078,4.046072,4.73758,-0.002985,1.0,199360.0
0.28047,1.159442,-0.182806,0.15299,0.15299,0.673027,0.327499,2.207598,3.48684,4.275481,-0.002817,0.0,199665.0
0.660556,0.660556,-0.763864,-1.584654,-1.584654,1.393988,1.637651,3.260272,4.670663,5.598282,-0.003638,-1.0,196501.0
-0.762213,0.249252,-1.11665,2.085994,2.085994,-0.870389,-0.21012,0.728215,2.165454,3.18329,-0.002945,1.0,200600.0
2.730159,2.95873,-0.037587,-1.856929,-1.856929,0.876292,1.813841,2.118502,3.65087,4.784599,-0.003843,-1.0,196875.0
-0.373914,0.68104,-0.424511,0.388063,0.388063,0.312185,1.275507,1.284531,2.861581,4.024105,-0.003636,0.0,197639.0
-0.241518,0.0,-0.89649,0.349121,0.349121,-0.171533,0.589828,0.611711,2.129189,3.312859,-0.003452,0.0,198329.0
0.369943,0.464074,-0.302635,-0.368579,-0.368579,0.308809,0.569945,0.818531,2.092455,3.333414,-0.00345,0.0,197598.0
-0.856476,0.347708,-1.005996,0.863875,0.863875,-0.680264,-0.453275,0.065427,0.866963,2.127373,-0.002771,1.0,199305.0
0.102801,0.54359,-0.007522,0.055192,0.055192,-0.480305,-0.44445,0.184573,0.493268,1.768453,-0.002784,0.0,199415.0
0.663806,1.63049,0.0,-0.659429,-0.659429,0.226855,0.152802,0.768837,0.843337,2.14314,-0.003233,-1.0,198100.0
2.575442,2.748699,0.0,-2.978294,-2.978294,2.665765,2.838814,3.420257,3.531504,4.841915,-0.00439,-1.0,192200.0
-0.92477,0.141101,-1.026281,2.508845,2.508845,0.094609,0.348337,0.607513,0.85861,1.931662,-0.003055,1.0,197022.0
-0.197558,0.0,-0.837317,-0.830364,-0.830364,0.531563,0.921714,1.206125,1.687275,2.418413,-0.00312,-1.0,195386.0
0.466374,0.466374,-0.451463,-0.464209,-0.464209,0.492804,1.269186,1.55249,2.168692,2.533641,-0.002745,0.0,194479.0
-0.154799,0.330753,-0.619195,-0.349138,-0.349138,0.401135,1.425903,1.717028,2.353793,2.544892,-0.001775,0.0,193800.0
0.560066,0.89405,-0.262049,0.423117,0.423117,0.226801,0.807985,1.115644,1.657409,1.840674,-0.000196,0.0,194620.0
0.05018,0.468172,-0.069838,-0.675676,-0.675676,0.524042,1.271669,1.693283,2.037557,2.343199,-9e-05,-1.0,193305.0
-0.041834,0.061977,-0.837203,0.163472,0.163472,0.177667,0.812825,1.287016,1.640938,2.126918,-0.001429,0.0,193621.0
-0.276583,0.274022,-1.080721,0.83617,0.83617,-0.575087,-0.23699,0.391279,0.723725,1.301352,-0.002029,1.0,195240.0
0.286606,2.049157,-0.581897,0.255583,0.255583,-0.630431,-0.611937,0.070638,0.374453,0.94581,-0.002003,0.0,195739.0
-0.639386,0.0,-1.68798,-0.122101,-0.122101,-0.418926,-0.321637,0.096505,0.390639,0.876072,-0.001461,0.0,195500.0
-1.138693,0.120366,-1.319997,1.565729,1.565729,-1.42465,-1.780763,-1.414242,-1.105101,-0.815669,0.000162,1.0,198561.0
0.737088,1.031924,-0.055917,-0.927171,-0.927171,-0.187068,-0.793768,-0.579233,-0.278213,-0.005612,-0.000508,-1.0,196720.0
-0.502513,0.556281,-0.623116,1.159008,1.159008,-0.952764,-1.703216,-1.732228,-1.367362,-1.13407,-7.1e-05,1.0,199000.0
-0.65598,0.261196,-1.054751,0.81206,0.81206,-1.264406,-2.155262,-2.440184,-2.08767,-1.905411,0.000971,1.0,200616.0
0.65164,0.974205,-0.616078,-0.481517,-0.481517,-0.370949,-1.429902,-1.719376,-1.580841,-1.431084,-0.000145,0.0,199650.0
-0.0155,0.5075,-0.28,0.175307,0.175307,-0.4014,-1.26765,-1.7921,-1.693025,-1.5336,0.000739,0.0,200000.0
0.48948,0.716091,-0.346463,-0.711,-0.711,0.498948,-0.311011,-0.98168,-1.007362,-0.86922,0.000261,-1.0,198578.0
0.978166,0.978166,-0.113256,-0.845512,-0.845512,1.142515,0.623314,-0.055392,-0.227122,-0.023423,-0.000259,-1.0,196899.0
-1.036913,0.121198,-1.553125,1.828349,1.828349,-0.68519,-0.94599,-1.627174,-1.958738,-1.761465,0.000697,1.0,200499.0
0.68639,0.791145,-0.483367,-0.014963,-0.014963,-0.58862,-0.683298,-1.417942,-1.737825,-1.704064,0.000315,0.0,200469.0
-0.236678,0.009965,-0.459404,0.112736,0.112736,-0.631306,-0.688806,-1.283473,-1.75697,-1.753028,0.00034,0.0,200695.0
-0.540004,0.00546,-0.883462,0.391141,0.391141,-0.730395,-0.839488,-1.408047,-1.98851,-2.092635,0.000796,0.0,201480.0
1.110555,1.550775,-0.087544,-0.784197,-0.784197,0.354477,-0.010705,-0.47337,-1.078239,-1.309075,0.00175,-1.0,199900.0
-2.456072,0.232987,-2.572566,3.061531,3.061531,-2.090671,-2.718668,-3.097207,-3.720221,-4.087001,0.001991,1.0,206020.0
0.202339,0.202339,-0.650099,0.27376,0.27376,-1.765964,-2.648608,-3.004073,-3.69351,-4.070344,0.002471,0.0,206584.0
0.662187,0.764437,-0.146071,-0.582814,-0.582814,-0.733859,-1.815951,-2.214107,-2.834964,-3.345194,0.002419,-1.0,205380.0
0.883018,0.883018,-0.285321,-1.022495,-1.022495,0.468713,-0.570346,-0.988784,-1.593615,-2.191362,0.002126,-1.0,203280.0
-1.720305,0.242582,-1.768629,1.800472,1.800472,-0.627815,-1.843674,-2.484134,-3.051368,-3.680371,0.002725,1.0,206940.0
-0.056572,0.463695,-0.414376,-0.059438,-0.059438,-0.491642,-1.479811,-2.226252,-2.725888,-3.371328,0.002993,0.0,206817.0
0.930614,1.089464,-0.195996,-1.073896,-1.073896,0.39424,-0.208606,-1.003702,-1.447633,-2.127334,0.002455,-1.0,204596.0
-1.22506,0.016848,-1.504248,1.539131,1.539131,-0.899853,-1.381886,-2.255746,-2.720451,-3.332855,0.002761,1.0,207745.0
0.307686,0.510875,-0.023705,-0.501095,-0.501095,-0.069471,-0.632499,-1.501406,-1.989028,-2.592848,0.002432,-1.0,206704.0
0.28333,0.409955,-0.170289,-0.28253,-0.28253,0.134097,-0.049195,-0.92409,-1.538618,-2.105725,0.002362,0.0,206120.0
0.662452,1.12656,-0.070349,-0.69183,-0.69183,0.624249,0.582333,-0.097251,-0.753075,-1.248752,0.00138,-1.0,204694.0
1.102905,1.201379,-0.163959,-0.778723,-0.778723,1.266667,1.200197,0.773182,0.110783,-0.324037,0.001445,-1.0,203100.0
1.114428,1.211443,-0.437811,-1.033973,-1.033973,1.653532,2.039602,1.836153,1.181592,0.765891,0.000492,-1.0,201000.0
-0.150679,0.030235,-0.621549,0.375124,0.375124,0.782934,1.58262,1.464622,0.882163,0.489111,0.000302,0.0,201754.0
-0.175434,0.234242,-0.484297,0.297888,0.297888,0.111487,1.054335,1.24415,0.717353,0.256974,0.00064,0.0,202355.0
1.31313,1.31313,-0.065707,-1.474636,-1.474636,1.075884,2.193348,2.537146,2.196508,1.732549,-7.7e-05,-1.0,199371.0
0.846708,1.230886,-0.032857,-0.775439,-0.775439,1.332491,2.649716,3.043296,2.928346,2.490686,-0.000105,-1.0,197825.0
-0.951451,0.03003,-1.261261,0.998357,0.998357,0.210711,1.237387,1.838539,1.888514,1.473574,0.000697,1.0,199800.0
0.17746,0.379915,-0.462396,0.122623,0.122623,-0.082881,0.780524,1.606005,1.727861,1.37863,-4.5e-05,0.0,200045.0
-2.046211,0.066086,-2.046211,2.117024,2.117024,-1.965831,-1.398864,-0.587233,-0.273889,-0.578559,0.000882,1.0,204280.0
-0.376279,0.193752,-0.669104,0.303995,0.303995,-1.723174,-1.687595,-0.950866,-0.603438,-0.793944,0.000965,0.0,204901.0
0.439883,0.717986,-0.298631,-0.1469,-0.1469,-0.916325,-1.469648,-0.805018,-0.505694,-0.567234,0.000731,0.0,204600.0
0.501033,0.662973,0.0,-0.401271,-0.401271,-0.126608,-0.936308,-0.535122,-0.144127,-0.106095,0.000898,0.0,203779.0
-0.01967,0.194237,-1.036094,-0.205615,-0.205615,0.405193,-0.653226,-0.439811,0.063582,0.136703,-0.000523,0.0,203360.0
0.585807,0.751415,0.0,-0.528619,-0.528619,0.741528,-0.128729,-0.037109,0.480288,0.716019,-0.000872,-1.0,202285.0
0.704777,0.722136,0.0,-0.326767,-0.326767,0.746736,0.310429,0.189098,0.680921,0.958993,-0.00076,0.0,201624.0
0.343166,0.599424,-0.281089,-0.130937,-0.130937,0.557012,0.617501,0.262846,0.732569,0.987584,-0.000373,0.0,201360.0
-1.510161,0.0,-1.510161,1.780393,1.780393,-1.088194,-0.891507,-1.362675,-1.097807,-0.787431,-0.000381,1.0,204945.0
0.891933,1.027448,-0.121717,-0.983191,-0.983191,-0.148426,0.234761,-0.344618,-0.208742,0.190805,-0.000783,-1.0,202930.0
2.011559,2.066891,-0.131287,-2.034692,-2.034692,1.574942,2.040986,1.605995,1.679795,2.107957,-0.001201,-1.0,198801.0
-2.298289,0.100244,-2.298289,2.866686,2.866686,-0.974474,-0.822298,-1.058354,-1.158557,-0.782905,-0.000624,1.0,204500.0
0.478133,0.478133,-0.707617,-0.488998,-0.488998,-0.277543,-0.388993,-0.386241,-0.663022,-0.316894,-0.000618,0.0,203500.0
0.949502,1.04695,-0.102446,-1.668305,-1.668305,0.930611,1.117413,1.313977,0.999975,1.221619,-0.001221,-1.0,200105.0
1.06243,1.760599,-0.409795,-1.221859,-1.221859,1.645857,2.079834,2.486762,2.145755,2.290681,-0.001451,-1.0,197660.0
0.220248,0.668844,-0.25569,-0.078417,-0.078417,1.59439,1.917926,2.338506,2.103137,2.196481,-0.001147,0.0,197505.0
-0.003576,0.306502,-0.642123,-0.885041,-0.885041,1.608321,2.528288,2.940925,2.922552,2.926424,-0.001082,-1.0,195757.0
-1.221975,0.086851,-1.398707,1.166242,1.166242,-0.114421,1.178701,1.533394,1.741492,1.637689,-0.000738,1.0,198040.0
-1.402885,0.434697,-1.50168,2.221773,2.221773,-2.054732,-1.144141,-0.717513,-0.404638,-0.542936,9.8e-05,1.0,202440.0
-0.16683,0.147203,-1.894504,0.671804,0.671804,-2.10579,-1.761138,-1.365653,-0.977134,-1.166477,0.001032,1.0,203800.0
1.293532,1.492537,-0.039801,-1.373896,-1.373896,-0.394328,-0.283234,-0.034262,0.320697,0.183343,0.000771,-1.0,201000.0
2.280711,2.403451,0.0,-3.124378,-3.124378,2.711586,2.430516,2.953403,3.294757,3.318858,-0.001021,-1.0,194720.0
-0.204775,0.355181,-1.169201,1.068714,1.068714,1.499586,1.007007,1.710323,2.00436,2.205538,-0.00061,1.0,196801.0
-0.942508,0.120192,-1.502404,1.462899,1.462899,-0.240284,-0.470603,0.068076,0.431015,0.729527,-0.000894,1.0,199680.0
0.0,1.8,-0.07,0.160256,0.160256,-0.7799,-0.51285,-0.1897,0.186325,0.56746,-0.000957,0.0,200000.0
-0.050712,0.242124,-0.453422,0.5685,0.5685,-1.327155,-0.894664,-0.676488,-0.408552,-0.063539,-0.000646,1.0,201137.0
0.162101,0.162101,-0.538334,-0.626936,-0.626936,-0.188717,-0.063339,-0.204093,0.176034,0.466389,-0.000744,-1.0,199876.0
0.224944,0.874781,-0.284929,0.087054,0.087054,0.049288,-0.049788,-0.405865,0.056161,0.288028,-0.000616,0.0,200050.0
0.219411,0.534284,-0.170431,0.015496,0.015496,0.07387,-0.183176,-0.422096,-0.080892,0.19856,-0.00038,0.0,200081.0
0.717897,1.112235,0.0,-1.140038,-1.140038,1.00546,0.66456,0.73094,0.941684,1.241598,-0.000733,-1.0,197800.0
