1.417257,2.292626,-1.250517,-1.478439,-1.478426,2.467684,5.143799,6.619414,8.082524,8.723623,-0.004503,-1.0,19.789936
-1.558651,0.533228,-2.378999,1.625673,1.625655,0.221501,2.608707,4.345104,5.777289,6.675976,-0.003535,1.0,20.111652
1.58267,1.58267,-0.249892,-1.517633,-1.517633,1.091214,3.34028,5.300576,6.753443,7.881723,-0.004901,-1.0,19.806431
-0.705394,0.0,-1.203324,0.374844,0.374853,0.273855,2.253108,4.29322,5.761408,7.083815,-0.005207,0.0,19.880676
1.090604,2.139262,-0.041946,-1.078838,-1.078842,0.939597,2.705537,4.815436,6.26678,7.736579,-0.00566,-1.0,19.666195
1.693476,2.921245,-0.042337,-0.922815,-0.922822,1.566469,2.819647,5.049397,6.60881,8.13379,-0.005997,-1.0,19.484711
-0.128155,0.768902,-0.726185,-0.889081,-0.889071,1.648865,3.01153,5.123165,6.91371,8.457922,-0.006079,-1.0,19.311478
0.772855,1.416917,-0.429369,-0.512597,-0.512607,1.554318,2.88536,4.874771,6.8055,8.353804,-0.006254,-1.0,19.212486
-3.559607,0.455298,-3.683775,3.735504,3.735508,-2.052978,-1.01407,0.648458,2.512421,3.988415,-0.004226,1.0,19.93017
0.458338,1.208338,-0.166671,-0.662252,-0.662247,-1.266669,-0.500001,0.924999,2.770832,4.193333,-0.004155,-1.0,19.798183
0.498757,1.122199,-0.74813,0.249996,0.249993,-1.147128,-0.719032,0.24384,2.059441,3.497929,-0.003882,0.0,19.847677
1.699235,1.784189,0.0,-2.161255,-2.161255,1.14698,1.117244,2.010759,3.693711,5.288019,-0.004756,-1.0,19.418718
1.243572,2.358495,-0.085768,-0.934584,-0.934573,2.126921,1.775291,2.544301,4.086612,5.759854,-0.0047,-1.0,19.237236
2.954342,2.954342,0.0,-4.202401,-4.202402,4.977613,5.452096,6.359287,7.880475,9.686653,-0.006878,-1.0,18.42881
-0.444247,0.399822,-2.132381,0.760967,0.76095,2.86096,4.064869,5.011115,6.419378,8.231018,-0.006895,1.0,18.569044
1.003192,1.003192,-0.911993,-2.576633,-2.576616,3.638846,6.046504,7.162174,8.394884,10.305509,-0.007341,-1.0,18.090591
-1.24722,0.089078,-1.559024,2.371186,2.371183,0.267256,3.162575,4.106895,5.289522,7.036071,-0.005876,1.0,18.519552
-1.932164,0.644053,-2.018038,3.741648,3.741635,-3.374833,-0.558175,0.145989,1.163593,2.701592,-0.003626,1.0,19.212486
-1.962426,0.96033,-2.004184,2.833834,2.833839,-4.693111,-3.386221,-2.655533,-1.766181,-0.435909,-0.002719,1.0,19.756937
-2.535791,0.368098,-2.535791,2.087683,2.087682,-5.055213,-5.177913,-4.479891,-3.754602,-2.630676,-0.000979,1.0,20.169399
1.06864,1.602955,-0.123309,-0.490802,-0.490798,-2.614055,-4.599258,-3.814221,-3.210029,-2.360872,-0.000673,0.0,20.070408
2.317745,2.82343,-0.294985,-2.466091,-2.466093,0.927098,-2.107034,-1.292314,-0.899703,-0.126421,-0.001413,-1.0,19.575453
-0.29711,1.230904,-0.933782,-0.716397,-0.716387,1.884547,-1.298814,-0.503682,-0.280139,0.380301,-0.00123,-1.0,19.435217
3.359516,3.359516,-1.396161,-2.716464,-2.716471,3.830715,1.710296,1.913903,2.246945,2.884815,-0.001768,-1.0,18.907265
-0.435165,1.000866,-0.435165,0.26178,0.261778,2.280245,1.649263,1.351902,1.792865,2.377721,-0.002361,0.0,18.95676
1.535752,1.711272,-0.57043,-0.826802,-0.826797,1.781477,2.874061,1.825356,2.459405,3.020615,-0.002061,-1.0,18.800026
0.705779,1.014557,-0.573441,-0.526551,-0.526547,1.385087,3.515654,2.108509,2.838547,3.264219,-0.002453,-1.0,18.701035
-0.778547,0.259511,-0.865056,1.985007,1.984997,-0.968857,1.427336,0.063437,0.800172,1.100345,-0.00112,1.0,19.07225
0.43554,1.045305,-0.391977,-0.69205,-0.692042,-0.243901,1.702962,0.940767,1.241289,1.606271,-0.00102,-1.0,18.940262
-0.260865,0.173917,-0.695652,0.17422,0.174216,-0.399998,0.895653,0.907247,0.847826,1.283478,-0.000558,0.0,18.973259
-0.517915,0.215792,-2.07164,0.73913,0.739135,-0.802765,-0.345277,0.523662,-0.084164,0.462662,-1.4e-05,1.0,19.113497
-1.936838,0.294737,-2.147368,2.503237,2.503236,-2.315792,-2.770528,-1.566319,-2.480003,-1.933478,-0.000549,1.0,19.591953
-1.161826,0.539419,-1.369295,1.473684,1.473682,-2.921161,-3.958506,-2.771785,-3.73444,-3.223238,0.000379,1.0,19.880676
0.166671,0.708333,-0.375,-0.414938,-0.414941,-1.649997,-3.10833,-2.352776,-2.987498,-2.846665,9e-05,0.0,19.798183
0.759173,1.433994,-0.253054,-1.208338,-1.208338,0.151841,-1.615345,-1.366505,-1.547863,-1.70729,0.000504,-1.0,19.558954
-0.544849,0.125725,-1.718357,0.632653,0.632646,0.10059,-1.78541,-2.117905,-1.762359,-2.358755,0.001186,1.0,19.682693
1.515794,1.768421,-0.378947,-0.461027,-0.461014,0.564205,-0.875793,-1.65895,-1.033688,-1.871161,0.002813,0.0,19.591953
0.29648,1.270644,-0.423554,-0.589469,-0.589477,0.745444,-0.080475,-1.061697,-0.379077,-1.240153,0.002225,-1.0,19.476463
2.126736,2.126736,-0.043403,-2.414231,-2.414232,2.404512,2.426215,1.420718,1.888021,1.324653,0.002296,-1.0,19.006256
-1.072961,0.171678,-2.017163,1.128463,1.12846,0.909881,1.412028,0.380556,0.504304,0.329626,0.001756,1.0,19.220734
3.136047,3.224391,-0.265013,-2.832618,-2.832603,2.773847,4.13427,3.262658,3.06095,3.379854,-0.001103,-1.0,18.676287
-0.088644,0.487593,-1.861702,-0.353357,-0.353368,2.083338,3.976069,3.596342,3.167117,3.765964,-0.002488,0.0,18.610291
-3.630931,0.128155,-3.630931,3.767735,3.767738,-1.794108,-0.093979,-0.082587,-0.61085,0.018795,-0.001758,1.0,19.311478
-4.175194,0.573066,-4.175194,4.357112,4.357113,-4.756451,-4.089238,-3.853188,-4.451495,-4.078593,0.00035,1.0,20.152901
3.743084,3.743084,-0.297741,-3.765862,-3.765865,-0.850701,-0.421097,0.053879,-0.599743,-0.484898,-0.000215,-1.0,19.39397
2.003489,2.003489,-0.566198,-2.339434,-2.339428,1.803135,1.572299,2.389662,1.81838,1.660279,-0.000921,-1.0,18.940262
1.329202,2.171019,-0.753212,-1.698602,-1.698614,3.571119,2.804614,3.810374,3.555612,3.211351,-0.000478,-1.0,18.61854
-2.909713,0.0,-3.380406,3.544533,3.544542,-0.008564,-0.817294,0.048488,0.064179,-0.354306,0.000949,1.0,19.278482
-3.22981,0.289851,-3.22981,3.337608,3.337602,-3.469977,-3.561074,-3.141474,-2.921321,-3.36894,0.00276,1.0,19.921921
-1.232037,0.08214,-1.232037,0.828157,0.828158,-3.572894,-3.921969,-3.761805,-3.441476,-3.937574,0.003349,1.0,20.086906
0.412886,0.701899,-0.412874,-0.533885,-0.53389,-2.014856,-2.753913,-3.14615,-2.70643,-3.185785,0.002253,-1.0,19.979664
0.874631,1.58267,-0.333195,-0.867048,-0.867047,0.041652,-1.299454,-2.226845,-1.801328,-2.115779,0.002177,-1.0,19.806431
0.592714,0.677392,-0.762066,-1.624319,-1.624321,1.905163,0.419138,-0.609651,-0.281539,-0.414899,0.001395,-1.0,19.484711
1.730099,1.903105,-0.259524,-2.11685,-2.116844,3.217986,2.024217,1.562856,1.684685,1.766433,0.000154,-1.0,19.07225
1.545254,1.545254,-0.220751,-2.032876,-2.03287,3.858712,3.761583,3.479023,3.560701,3.816331,-0.001819,-1.0,18.684536
-0.044131,1.279793,-0.485441,0.04415,0.044138,2.436016,3.583412,3.439253,3.250227,3.680501,-0.00244,0.0,18.692783
2.734731,2.734731,-0.136741,-3.177401,-3.177397,3.910664,6.695531,6.645395,6.226069,6.752961,-0.003641,-1.0,18.098839
-0.496829,0.813013,-0.993672,0.911568,0.911572,1.635053,5.176153,5.299611,4.93451,5.434511,-0.00272,1.0,18.263823
-2.201673,0.264205,-2.201673,2.574526,2.574527,-1.276969,1.902246,2.15177,2.228095,2.560988,-0.001875,1.0,18.73403
1.658454,1.792918,-0.358579,-1.761339,-1.76134,0.188257,2.814883,3.624685,3.839089,4.148816,-0.002441,-1.0,18.40406
1.884191,1.884191,-0.275731,-2.465258,-2.46526,1.893382,4.283089,5.876226,6.26149,6.395222,-0.003256,-1.0,17.950352
0.416272,0.462525,-0.87882,-0.643378,-0.643363,2.257153,3.852897,6.268868,6.732174,6.690084,-0.002486,-1.0,17.834866
0.139151,1.90167,-0.602964,-0.27753,-0.277546,2.003719,3.186465,6.004955,6.600194,6.606688,-0.003098,0.0,17.785366
-3.054807,0.673854,-3.593895,3.246758,3.246759,-1.608263,-0.444742,2.105422,2.760559,3.114108,-0.000454,1.0,18.362814
0.760967,1.611464,-1.566697,0.359389,0.3594,-1.933757,-0.940027,1.139949,2.130698,2.572955,-0.000144,0.0,18.42881
-1.762123,0.748899,-1.762123,1.611464,1.611444,-2.660785,-2.493386,-0.91042,0.45375,0.956834,-0.001082,1.0,18.72578
-2.728044,0.127882,-3.62318,3.348009,3.348026,-4.245527,-5.004265,-4.276785,-2.610829,-2.160275,-0.001521,1.0,19.352724
-3.391199,0.686318,-3.391199,5.583977,5.583968,-6.717802,-8.96649,-9.029738,-7.478804,-7.115057,0.002544,1.0,20.433374
-1.46535,0.831679,-2.019802,1.937828,1.93783,-6.122772,-9.691089,-10.196699,-9.019803,-8.750891,0.004404,1.0,20.829338
-1.589147,0.310078,-2.286822,2.178214,2.178221,-5.441864,-10.263568,-11.29716,-10.678298,-10.341088,0.00609,1.0,21.283047
0.232476,0.271213,-0.813634,0.03876,0.038759,-3.068579,-8.729175,-10.517888,-10.404883,-9.934136,0.004565,0.0,21.291296
2.018207,2.216066,0.0,-2.092209,-2.092212,0.435297,-5.334391,-7.727214,-8.240999,-7.582115,0.002205,-1.0,20.845837
1.369311,1.691502,-0.241643,-1.741195,-1.741206,2.2634,-2.339903,-5.36984,-6.371317,-5.709215,0.001088,-1.0,20.482868
0.357285,0.793958,-0.595474,1.449863,1.449875,0.754262,-2.572455,-6.065905,-7.298537,-6.89163,0.00195,1.0,20.779844
1.231136,1.787129,-0.992851,-0.039702,-0.039697,0.301821,-1.405885,-5.268738,-6.75934,-6.722803,0.00231,0.0,20.771595
-3.810976,1.143296,-4.72561,4.20969,4.209691,-3.422261,-4.039641,-7.957323,-9.843757,-10.182934,0.004846,1.0,21.646015
-0.455239,1.327762,-0.644917,0.457321,0.457313,-3.034902,-3.37633,-7.177545,-9.415784,-10.235208,0.005965,0.0,21.745005
2.136756,2.136756,-0.155396,-2.352052,-2.352044,0.007768,-0.672112,-3.859111,-6.534584,-7.743597,0.005827,-1.0,21.233553
-2.870094,0.944109,-2.98338,2.874903,2.874889,-1.812679,-2.983377,-5.483378,-8.434662,-9.814194,0.007057,1.0,21.843994
0.0,0.719697,-0.378792,-0.302115,-0.302115,-0.590902,-2.462115,-4.171712,-7.38257,-8.972722,0.008308,0.0,21.778
0.038095,0.495234,-0.304762,-0.568182,-0.568183,-0.015232,-1.737135,-2.722532,-5.998088,-7.905517,0.007664,-1.0,21.654261
-0.298626,0.933184,-1.04517,2.057147,2.057152,-1.709596,-3.15043,-3.854673,-6.92796,-9.037702,0.007439,1.0,22.099722
0.759594,1.367265,-0.303836,-1.717062,-1.717058,0.455749,-0.888721,-1.779974,-4.396128,-6.812004,0.007459,-1.0,21.720257
-0.950932,0.114108,-0.988969,-0.151914,-0.151909,0.464044,-0.319522,-1.366816,-3.484225,-6.125533,0.008464,0.0,21.687262
0.343511,1.22137,-0.343511,-0.342335,-0.342348,0.656491,0.412217,-0.926206,-2.416028,-5.209158,0.008595,0.0,21.613016
0.461894,1.154738,-0.769819,-0.839698,-0.839698,1.301007,1.162438,-0.043618,-0.958424,-3.756731,0.008351,-1.0,21.431532
0.540328,2.084141,-1.466611,-0.269438,-0.26943,0.895406,1.262058,0.391095,-0.218065,-2.83443,0.006822,0.0,21.373789
0.26985,1.272163,-0.231311,0.115789,0.115787,0.478024,1.222046,0.560265,-0.107945,-2.271399,0.006716,0.0,21.398537
-0.270479,1.12056,-0.347751,-0.231311,-0.231315,0.394133,1.224891,0.971158,0.245371,-1.485309,0.005915,0.0,21.349039
0.898083,1.718071,-0.078098,-1.043269,-1.043265,0.991795,1.983596,2.147595,1.265127,0.064033,0.004006,-1.0,21.126312
1.547009,2.300682,-0.079326,-1.561898,-1.561905,1.98335,3.189222,3.495978,2.752888,2.049992,0.000899,-1.0,20.796339
-1.274623,0.270375,-2.085744,2.697342,2.697345,-0.710694,0.131333,0.656632,0.173821,-0.254916,0.001229,1.0,21.357288
-0.461542,0.346154,-1.346154,0.424878,0.424885,-1.084622,-0.419234,0.297432,-0.025002,-0.487695,0.000467,0.0,21.448032
-1.111541,0.076662,-2.606363,0.346154,0.346148,-1.264852,-0.839401,-0.148203,-0.19739,-0.702182,0.0006,0.0,21.522274
0.851719,0.967867,-0.309717,-0.99655,-0.996544,-0.100665,0.015481,0.709765,0.933021,0.301972,0.001077,-1.0,21.307795
1.241268,5.081454,-0.892172,-0.193569,-0.193577,0.535298,0.131885,0.783554,1.039566,0.491855,0.00175,0.0,21.266548
0.468563,2.030449,-1.171425,-0.659426,-0.659421,0.983987,0.679416,1.145381,1.563837,1.212022,0.000832,-1.0,21.126312
-0.272582,0.778812,-3.660436,0.273327,0.273323,0.459505,0.30374,0.700938,1.275314,1.06854,0.000969,0.0,21.184055
-1.079002,0.154139,-2.389214,1.051406,1.051418,-0.693651,-0.712922,-0.434181,0.119448,0.134092,-0.000405,1.0,21.406788
-0.802449,0.191055,-0.802449,0.84778,0.847768,-1.268623,-1.333586,-1.278816,-0.766142,-0.556359,-0.000235,1.0,21.588268
0.193945,1.163689,-0.969744,-1.490252,-1.490254,0.224983,0.380141,0.162918,0.643911,0.876649,0.00014,-1.0,21.266548
0.820629,3.282532,-0.156315,-0.737009,-0.737007,0.953501,1.00821,0.82324,1.156705,1.505278,-0.001431,-1.0,21.109812
-3.319846,3.967607,-3.319846,-3.477917,-3.477904,3.79756,4.121444,4.121442,4.471645,4.994316,-0.002811,-1.0,20.375633
0.940691,2.167685,-1.226998,-1.012146,-1.01216,3.631903,4.515339,4.796183,5.163599,5.735787,-0.003004,-1.0,20.169399
-0.122399,0.4488,-0.938388,0.245395,0.245401,2.023664,3.720929,4.240443,4.5614,5.1685,-0.003792,0.0,20.218895
-1.331719,0.403543,-1.412433,1.101595,1.101588,0.104926,2.18725,2.98897,3.179984,3.785311,-0.002567,1.0,20.441624
1.954406,2.157985,0.0,-0.887821,-0.887821,0.162876,2.675091,3.550498,3.829405,4.3518,-0.002887,-1.0,20.260139
0.328272,1.148949,-0.984826,-0.773608,-0.773598,0.67295,2.938031,3.911905,4.316773,4.84365,-0.003074,-1.0,20.103407
1.446879,1.446879,-0.082683,-0.738613,-0.738616,1.207106,2.976431,4.161494,4.743689,5.276554,-0.00303,-1.0,19.95492
-0.251475,1.424979,-0.293378,-1.3642,-1.36421,2.062033,3.432528,5.051696,5.825653,6.340322,-0.003506,-1.0,19.682693
-0.912867,1.120336,-0.912867,1.005863,1.005874,0.481327,1.705394,3.540801,4.541492,4.969292,-0.003119,1.0,19.880676
1.481172,1.481172,-0.423182,-1.950212,-1.950215,1.692771,2.898865,5.041621,6.142622,6.671187,-0.003866,-1.0,19.49296
2.081535,2.081535,-0.433651,-2.412188,-2.412189,3.070257,4.731143,6.880609,8.128802,8.808333,-0.004462,-1.0,19.022753
1.101807,2.02732,-0.484799,-1.604501,-1.6045,3.428817,5.663284,7.665634,9.142791,10.020269,-0.00448,-1.0,18.717533
0.489969,2.13808,-0.890873,-1.057735,-1.05773,3.278388,5.87527,7.711945,9.556785,10.633398,-0.006113,-1.0,18.519552
-0.404313,0.853553,-1.617251,-0.84633,-0.846338,2.506742,5.646905,7.577125,9.701264,11.047624,-0.006665,-1.0,18.362814
-1.905188,0.310142,-2.259641,1.392633,1.39263,0.15951,3.314142,5.207511,7.521054,8.933992,-0.00621,1.0,18.61854
-1.306047,0.34828,-2.263814,1.77226,1.77226,-1.66303,0.905538,2.873323,5.058784,6.509372,-0.005007,1.0,18.948509
-0.897048,0.555323,-1.110636,1.915546,1.915554,-2.896202,-1.324224,0.643598,2.541647,4.04955,-0.00409,1.0,19.311478
2.115717,2.115717,-1.295332,-1.06792,-1.067919,-1.234893,-0.561316,1.341391,2.998703,4.71157,-0.004267,-1.0,19.105247
0.566691,2.266774,-0.13078,-0.949909,-0.949917,0.305142,-0.11334,1.778554,3.367482,5.220578,-0.004799,-1.0,18.923763
1.333931,2.667852,-0.355714,-1.961643,-1.961639,2.240996,1.378391,3.201425,4.746556,6.771012,-0.006109,-1.0,18.552547
0.178408,1.338087,-0.579835,-0.311249,-0.311251,2.069584,1.409458,2.943803,4.565123,6.522752,-0.006613,0.0,18.494802
-0.57803,0.933753,-1.289458,0.312221,0.312223,0.933749,1.004891,2.119461,3.803914,5.575813,-0.005829,0.0,18.552547
1.208058,1.789709,-0.984345,-0.622499,-0.622502,0.841166,1.592843,2.308728,3.970921,5.553473,-0.00578,-1.0,18.437057
0.584537,0.899285,-0.629496,-0.49217,-0.492172,0.710435,2.086335,2.257199,3.914124,5.438856,-0.004481,0.0,18.346315
0.178886,0.894445,-0.134173,0.539573,0.539574,0.053665,1.444542,1.329754,2.86449,4.295171,-0.003807,0.0,18.445307
1.138952,2.460132,-0.227795,-1.833631,-1.833632,1.494303,2.874715,2.885345,4.234624,5.742141,-0.004711,-1.0,18.107088
0.876388,1.199267,-0.691877,-1.230073,-1.230065,2.011066,3.35793,3.856085,4.953871,6.547967,-0.005724,-1.0,17.884359
-1.551803,0.456413,-1.82565,1.060886,1.060882,0.538567,1.702418,2.60155,3.40712,4.954815,-0.004877,1.0,18.074091
-0.36513,0.91283,-0.502058,0.0,0.0,0.237335,1.232313,2.495054,2.907348,4.430854,-0.004541,0.0,18.074091
0.316594,0.316594,-0.904573,0.91283,0.912843,-0.895535,0.144715,1.4292,1.632728,3.04295,-0.003823,1.0,18.239079
1.585145,1.811594,-1.177536,-0.13569,-0.135709,-0.643107,0.126818,1.298316,1.54892,2.768123,-0.003289,0.0,18.214327
-0.592534,0.820419,-0.592534,-0.634053,-0.63405,0.227895,0.51504,1.498024,2.025979,3.013672,-0.004002,-1.0,18.098839
1.298706,1.762533,-0.881252,-1.732005,-1.732006,1.669768,1.920231,2.792216,3.617819,4.402606,-0.003907,-1.0,17.785366
0.795136,0.795136,-1.028994,-0.834879,-0.834872,2.029936,2.376054,3.171188,4.284378,4.772685,-0.003221,-1.0,17.636881
-0.602135,0.41686,-1.343219,0.982231,0.982231,0.555807,1.023619,1.889759,3.043071,3.375632,-0.002096,1.0,17.810116
-1.049266,0.638682,-2.828472,1.528485,1.528491,-1.104023,-0.510956,0.203762,1.252272,1.611305,-0.000972,1.0,18.082342
-0.950661,1.629701,-2.44455,0.775547,0.775541,-1.729291,-1.090993,-0.688097,0.174284,0.720685,-0.000267,1.0,18.222578
-1.549358,0.796813,-1.947764,2.263468,2.263467,-2.992473,-2.979195,-2.815406,-2.169103,-1.483845,0.000112,1.0,18.63504
-2.453988,0.92025,-2.453988,1.01815,1.018146,-2.708146,-3.558279,-3.625473,-3.181419,-2.378615,-0.000216,1.0,18.824772
0.485437,1.059135,-0.661959,-0.701139,-0.701145,-1.076779,-2.634592,-2.856715,-2.460276,-1.673427,-0.001354,-1.0,18.692783
0.308642,1.587306,-0.396825,0.088261,0.088264,-0.493824,-2.455905,-2.727803,-2.488973,-1.811283,-0.000851,0.0,18.709282
-0.17552,0.702062,-1.096972,0.485013,0.485021,-0.359815,-2.553759,-2.872612,-2.893821,-2.39404,-0.000227,0.0,18.800026
0.043898,1.712024,-0.351185,-0.043879,-0.043878,-0.149262,-1.975424,-2.575366,-2.756812,-2.417919,0.000607,0.0,18.791777
-0.563498,0.650191,-1.040312,1.273042,1.273041,-1.187691,-2.475077,-3.464819,-3.799309,-3.622023,0.001296,1.0,19.031004
-0.600343,0.343053,-0.600343,1.083658,1.083663,-1.680964,-2.778736,-4.153809,-4.624792,-4.512872,0.001631,1.0,19.237236
-0.509118,0.0,-0.93339,1.072041,1.072025,-1.968593,-3.109877,-4.748967,-5.292737,-5.330497,0.002368,1.0,19.443464
0.907916,0.907916,-0.43233,-1.866784,-1.866776,0.190235,-0.817116,-2.594029,-3.177686,-3.418932,0.00177,-1.0,19.080498
0.519251,0.951964,-0.34617,-0.086459,-0.08646,0.562524,-0.506277,-2.062601,-2.834273,-3.203811,0.001498,0.0,19.064001
0.610816,1.308896,-0.30541,-0.822159,-0.822157,1.265269,0.362129,-0.802792,-1.808465,-2.282723,0.001938,-1.0,18.907265
-0.043403,0.21701,-0.477435,0.523565,0.523561,0.494789,0.00434,-0.899885,-2.118057,-2.673612,0.0027,0.0,19.006256
0.130548,0.304608,-0.435165,-0.260421,-0.26042,0.243691,0.396,-0.333622,-1.666665,-2.240207,0.002126,0.0,18.95676
2.505593,3.84787,-0.984345,-2.741514,-2.741518,2.37137,3.029089,2.553324,1.196873,0.635352,0.000934,-1.0,18.437057
0.226762,1.179138,-1.405891,-1.342286,-1.342286,2.802728,4.099782,3.785345,2.684817,2.029941,-4.7e-05,-1.0,18.189579
-0.808625,0.404313,-0.808625,0.952386,0.952386,1.239893,2.753821,2.638518,1.913751,1.130283,0.000426,1.0,18.362814
-1.629234,0.440335,-1.761339,2.021559,2.021564,-1.056804,0.449142,0.619407,0.14091,-0.767941,0.001581,1.0,18.73403
0.263732,0.747253,-1.010989,0.176138,0.176134,-1.432969,-0.087911,0.463007,0.147255,-0.824613,0.00241,0.0,18.767027
1.51854,1.607865,-0.22331,-1.582422,-1.582414,0.187579,1.188028,1.959207,1.824474,0.850378,0.002085,-1.0,18.470055
0.31348,0.403045,-0.850878,-0.267972,-0.267969,0.707559,1.110604,2.098811,2.039847,1.259284,0.001542,0.0,18.420561
2.055738,3.106446,-0.045683,-1.970448,-1.970456,2.393791,2.672455,3.791689,3.878487,3.387853,2.1e-05,-1.0,18.057592
-2.092605,0.311674,-2.626883,2.603929,2.603924,-0.427419,-0.191446,0.902351,1.197693,0.918975,0.000816,1.0,18.527798
2.050109,2.050109,-0.637822,-2.270695,-2.270696,1.157176,1.658312,2.754745,3.382689,3.269249,-0.001156,-1.0,18.107088
2.637781,3.956665,-1.224687,-3.280187,-3.280185,3.495056,4.578428,5.64296,6.521435,6.609518,-0.003025,-1.0,17.513142
3.540247,3.540247,0.0,-2.873288,-2.873288,4.898153,6.978659,7.96314,9.148882,9.381181,-0.003969,-1.0,17.009939
1.999025,2.1453,-2.437835,-0.533467,-0.533465,4.115064,6.699171,7.758816,9.11019,9.517309,-0.004239,-1.0,16.919197
1.550388,5.529716,-0.05168,-5.655778,-5.655771,7.142112,11.359166,12.94745,14.625314,15.398442,-0.006909,-1.0,15.962286
-1.409874,0.503515,-1.409874,2.635664,2.635669,2.285989,7.044295,8.999646,10.747716,11.867052,-0.005744,1.0,16.382999
0.667356,3.028747,-1.79672,-1.913399,-1.91341,2.484605,7.638606,10.143738,11.971253,13.369611,-0.00713,-1.0,16.069525
0.775595,1.913128,-0.672187,-0.718686,-0.718677,1.90279,6.871761,10.006886,11.807127,13.478792,-0.007913,-1.0,15.954037
-0.051104,0.715376,-1.021967,1.189245,1.189235,-0.255486,4.430254,7.797653,9.637202,11.429742,-0.007862,1.0,16.143768
-0.65032,0.4002,-2.251121,2.146142,2.146128,-1.710839,1.000516,4.625662,6.570801,8.422227,-0.006118,1.0,16.490234
-2.43309,0.194652,-2.43309,2.801396,2.801404,-3.717754,-2.433078,1.060839,3.075437,4.879817,-0.004862,1.0,16.952192
0.145777,0.388727,-0.485909,0.14599,0.146011,-2.78913,-2.891168,0.327166,2.495127,4.231279,-0.004441,0.0,16.976944
-0.774443,0.193616,-1.016452,0.388727,0.388715,-1.88771,-3.247822,-0.600195,1.761857,3.353338,-0.0045,0.0,17.042936
-3.303858,0.1396,-3.769195,4.017425,4.017424,-3.890184,-6.528617,-4.563363,-2.347604,-0.904608,-0.00264,1.0,17.727623
-0.324224,0.324224,-0.926359,0.465333,0.465336,-2.853175,-5.924041,-5.274049,-3.05929,-1.632241,-0.001246,0.0,17.810116
-3.611738,0.045147,-3.79233,2.593793,2.593784,-3.864552,-7.268619,-7.608723,-5.645593,-4.26907,0.000466,1.0,18.272072
0.089852,1.392633,-0.763702,0.496614,0.496616,-2.830186,-6.477985,-7.75681,-6.141057,-4.758308,0.000268,0.0,18.362814
2.5866,3.002305,-0.692841,-2.740341,-2.740343,0.822174,-2.775979,-4.840642,-3.653576,-2.148726,-0.001803,-1.0,17.85961
0.989637,1.178134,-0.424128,-1.986148,-1.986146,2.610749,-0.02827,-2.689279,-1.859088,-0.361916,-0.002743,-1.0,17.504892
-0.421353,0.421348,-1.170412,0.659764,0.659758,1.722846,-0.042132,-2.699747,-2.759828,-1.267787,-0.001768,1.0,17.620382
1.5955,1.5955,-0.281553,-0.234092,-0.234081,1.173157,0.54904,-2.017831,-2.681837,-1.306426,-0.001753,0.0,17.579136
-0.932406,0.046611,-1.305366,0.656978,0.656983,-0.242437,0.298356,-2.045079,-3.265745,-2.125886,-0.000611,1.0,17.694628
0.469488,0.469488,-0.234737,-0.69931,-0.699314,0.131456,1.305165,-0.741784,-2.424881,-1.630046,-0.002047,-1.0,17.570887
0.18771,0.891605,-0.32848,0.046948,0.046947,0.168938,1.173159,-0.244016,-2.282963,-1.785075,-0.001039,0.0,17.579136
-0.974021,0.324675,-1.391461,1.173158,1.173152,-0.807042,-0.013909,-0.915268,-2.903517,-3.090901,0.000897,1.0,17.785366
-0.139022,0.787766,-0.648744,0.092769,0.092779,-0.648753,-0.370721,-0.688915,-2.595002,-3.24931,0.002186,0.0,17.801867
-0.093536,0.327418,-1.449949,-0.926789,-0.92679,0.215154,0.149672,0.489554,-1.239476,-2.316182,0.002015,-1.0,17.636881
0.092256,0.553501,-0.184506,1.403185,1.403185,-0.821037,-1.222328,-0.587335,-2.066425,-3.472328,0.005085,1.0,17.884359
-0.831793,0.0,-1.894635,-0.184506,-0.184513,-0.332711,-0.845649,-0.357356,-1.40711,-3.08502,0.003858,0.0,17.85136
-1.444695,0.632059,-1.715576,2.356751,2.35675,-2.094805,-2.772005,-2.483067,-3.189613,-4.810831,0.005715,1.0,18.272072
1.828163,2.330896,-0.457029,-1.218966,-1.218959,-0.612432,-1.311699,-1.361975,-1.691041,-3.26691,0.005497,-1.0,18.049343
0.555808,0.787402,-0.370542,-1.325407,-1.325406,0.917086,0.078734,-0.243946,-0.136643,-1.576661,0.004404,-1.0,17.810116
2.639029,2.639029,-0.942502,-1.713761,-1.713768,2.243171,1.786056,1.360358,1.736575,0.493879,0.002726,-1.0,17.504892
-0.377003,0.04713,-0.989628,0.0,0.0,1.847318,1.743643,1.360358,1.672955,0.804906,0.001508,0.0,17.504892
1.433349,2.580024,-0.668892,-1.366631,-1.366641,2.092698,2.852375,2.627818,2.924043,2.381282,0.00085,-1.0,17.265663
0.095425,1.335883,-0.572514,0.14333,0.143348,1.068697,2.409347,2.369591,2.492841,2.312975,0.000744,0.0,17.290413
-0.798122,0.093901,-0.892009,1.622137,1.622136,-0.816906,0.737087,0.688574,0.631454,0.815023,-0.000298,1.0,17.570887
-1.853568,0.0,-2.873035,1.314559,1.314561,-1.770166,-0.61632,-0.531364,-0.690462,-0.322528,7.1e-05,1.0,17.801867
0.046533,1.209865,-0.744532,-0.417053,-0.417057,-1.107494,-0.269896,-0.058945,-0.211729,0.094925,-0.001238,0.0,17.727623
-3.431156,0.0,-4.379233,3.071196,3.07119,-2.952591,-3.241533,-2.85929,-3.006769,-2.786454,-0.000118,1.0,18.272072
0.997289,1.903903,-0.045331,-0.406325,-0.406314,-1.559385,-2.76519,-2.317925,-2.441073,-2.406169,0.000896,0.0,18.19783
-0.492615,0.31348,-0.761308,1.223939,1.223943,-1.827145,-3.609505,-3.215416,-3.423656,-3.573678,0.002292,1.0,18.420561
-1.65866,0.0,-2.007852,2.597403,2.597391,-3.151459,-5.31209,-5.307726,-5.517241,-5.794849,0.003135,1.0,18.899015
0.173833,0.564967,-1.086484,0.436491,0.436483,-2.251187,-4.945668,-5.322317,-5.558446,-5.893083,0.003426,0.0,18.981506
-0.173842,0.956106,-0.869192,0.0,0.0,-1.503687,-4.041713,-5.07315,-5.243366,-5.606251,0.00314,0.0,18.981506
-0.345125,0.949094,-0.431406,0.738809,0.738814,-1.259705,-3.787745,-5.395454,-5.593182,-5.975839,0.003766,1.0,19.121744
-1.40785,0.68259,-2.303758,1.121661,1.121671,-1.407862,-3.941989,-5.918668,-6.200949,-6.679191,0.004233,1.0,19.336227
0.511937,0.511937,-0.682594,0.0,0.0,-0.955641,-3.148473,-5.287268,-5.825522,-6.314003,0.003723,0.0,19.336227
-0.21358,0.21358,-0.469889,-0.127991,-0.127993,-0.486973,-2.204189,-4.542221,-5.326787,-5.835117,0.003627,0.0,19.311478
1.647884,1.82134,-1.734601,-1.495092,-1.495095,1.06679,-0.325233,-2.47759,-3.692537,-4.145703,0.00338,-1.0,19.022753
0.645712,2.152389,-0.129139,0.737212,0.737201,0.370223,-0.551002,-2.539809,-4.106749,-4.563056,0.00309,1.0,19.162989
-1.940932,0.042186,-2.362878,2.02325,2.023265,-1.400851,-1.945156,-3.797476,-5.5633,-6.064143,0.00405,1.0,19.550707
-1.159416,1.573503,-1.656315,1.89873,1.898724,-2.650103,-3.258798,-4.880606,-6.716355,-7.405382,0.003851,1.0,19.921921
1.086048,1.545522,-0.877197,-0.869561,-0.86956,-1.353388,-2.021724,-3.363969,-5.329995,-6.20886,0.004003,-1.0,19.748688
-0.455114,0.951593,-0.455114,0.960731,0.960727,-1.3736,-2.474136,-3.726378,-5.560608,-6.767063,0.004997,1.0,19.938419
0.794647,0.794647,-0.585529,-1.075714,-1.075717,0.267678,-1.108315,-2.163662,-3.916764,-5.413628,0.005274,-1.0,19.723938
-1.75367,0.0,-1.957582,2.551234,2.551245,-1.557916,-3.128062,-4.002179,-5.650492,-7.288748,0.006384,1.0,20.227144
0.768574,3.031593,-1.707942,-4.486134,-0.340429,-0.987139,-2.389354,-3.257798,-4.743724,-6.445542,0.00683,0.0,20.158285
-0.762712,0.254237,-0.762712,0.768574,0.768567,-1.186493,-2.64069,-3.558598,-4.833818,-6.606083,0.007102,1.0,20.313215
-0.339127,0.127177,-0.974985,-0.042373,-0.042367,-0.783915,-1.968112,-3.083304,-4.292971,-5.967828,0.006378,0.0,20.304609
1.200686,1.886792,-0.214408,-1.144553,-1.144563,0.711843,-0.38011,-1.645506,-2.717951,-4.324751,0.005309,-1.0,20.07221
1.432292,1.432292,-0.130213,-1.200682,-1.20067,1.53645,0.971977,-0.283843,-1.180057,-2.706135,0.004968,-1.0,19.831209
0.217202,0.781933,-1.303219,-0.08681,-0.086813,1.277149,1.005239,-0.036451,-0.863302,-2.215395,0.003595,0.0,19.813993
0.173081,0.173081,-1.211601,0.390969,0.390966,0.458674,0.683656,-0.231371,-1.020654,-2.161082,0.003942,0.0,19.891459
-0.390625,0.651042,-0.390625,-0.302899,-0.302894,0.286453,0.935486,0.343519,-0.505707,-1.549352,0.003278,0.0,19.831209
-0.258505,0.0,-1.335627,0.737839,0.737837,-0.542864,0.32314,-0.11961,-1.020248,-1.914097,0.002469,1.0,19.977531
-0.890581,0.678541,-1.229852,1.594145,1.594141,-1.645459,-1.217131,-1.442052,-2.336922,-3.083571,0.002973,1.0,20.296001
-1.936551,0.123605,-3.461063,2.926209,2.926217,-3.411623,-3.675324,-3.935162,-4.741634,-5.457713,0.004245,1.0,20.889906
-0.77614,0.898697,-2.001634,0.865266,0.86527,-3.120921,-4.142164,-4.340985,-5.141356,-5.872141,0.0043,1.0,21.07066
-2.248093,0.040145,-2.81012,1.756536,1.756533,-3.291853,-5.266964,-5.525128,-6.214933,-7.038185,0.004576,1.0,21.440773
1.013788,1.013788,-0.121659,-1.003613,-1.003625,-1.135433,-3.763171,-4.095694,-4.778265,-5.699265,0.00414,-1.0,21.225588
-0.243108,0.567261,-1.094003,0.081103,0.08111,-0.324146,-3.17666,-3.854673,-4.457161,-5.416683,0.00423,0.0,21.242804
-0.201698,0.20169,-1.53288,0.445709,0.445704,-0.346912,-2.892293,-3.912867,-4.549401,-5.461211,0.005074,0.0,21.337484
-1.904002,0.198338,-2.538671,1.694223,1.69422,-1.427996,-3.677101,-5.087917,-5.690204,-6.596108,0.00549,1.0,21.698988
-0.237057,0.118534,-0.829708,0.396668,0.396677,-1.501385,-3.160804,-5.009875,-5.638999,-6.457963,0.004783,0.0,21.785063
0.953137,0.992851,-0.23828,-0.513627,-0.513623,-0.579833,-1.878481,-4.02701,-4.70215,-5.51175,0.003734,-1.0,21.67317
0.079239,0.118859,-1.386692,0.238284,0.238276,-0.372425,-1.454039,-3.67406,-4.583992,-5.336059,0.004216,0.0,21.724812
0.476006,0.79334,-0.713994,-0.118863,-0.118869,0.079341,-0.963893,-2.980288,-4.11542,-4.895814,0.003747,0.0,21.698988
1.239996,1.239996,-0.199996,-0.832999,-0.832997,0.752003,0.076003,-1.661328,-3.029994,-3.768005,0.003852,-1.0,21.518236
0.0,1.078267,-0.519173,0.160004,0.160013,0.375391,-0.031958,-1.28595,-2.895374,-3.622151,0.002812,0.0,21.552668
0.361874,0.763965,-0.080422,-0.678914,-0.678918,0.812219,0.735822,-0.1662,-1.919986,-2.648977,0.002665,-1.0,21.406343
1.015435,1.015435,-0.568647,-1.005227,-1.005221,1.332241,1.734352,1.129155,-0.603176,-1.478481,0.001894,-1.0,21.191162
-0.283626,0.526738,-0.405186,0.2437,0.243696,0.656404,1.442462,0.994057,-0.508509,-1.513777,0.002018,0.0,21.242804
-0.964239,0.120534,-0.964239,0.850887,0.85089,-0.281233,0.458016,0.251774,-0.990357,-2.137404,0.002886,1.0,21.423557
-1.344405,0.158161,-1.779363,1.607079,1.607072,-1.660734,-1.13879,-1.233691,-2.111507,-3.41637,0.004107,1.0,21.767849
2.333065,2.333065,-0.724059,-1.700277,-1.700274,0.032179,0.442474,0.528288,-0.086488,-1.497992,0.003405,-1.0,21.397736
-0.160004,0.519996,-0.440004,0.56315,0.563144,-0.223994,-0.215994,0.050672,-0.361994,-1.735994,0.00348,1.0,21.518236
-1.412322,0.039231,-1.883091,1.96,1.960007,-1.506474,-2.024323,-1.689553,-2.038055,-3.237349,0.004464,1.0,21.939995
1.23506,1.23506,-0.478088,-1.530012,-1.530009,0.191232,-0.462153,-0.191238,-0.392434,-1.416736,0.003478,-1.0,21.604311
-0.436685,0.793958,-0.754272,0.35857,0.358563,-0.246129,-0.758236,-0.579595,-0.692736,-1.427551,0.002941,0.0,21.681776
-0.276907,0.632911,-0.672468,0.357285,0.357282,-0.268985,-0.949364,-0.90717,-0.923653,-1.450947,0.001824,0.0,21.759241
0.237816,0.515264,-0.673805,-0.197789,-0.197778,0.110976,-0.5113,-0.71344,-0.618316,-0.994058,0.001362,0.0,21.716206
-0.664063,0.273438,-1.640625,1.466508,1.466508,-1.250002,-1.589847,-2.046878,-1.896489,-2.217191,0.001236,1.0,22.034676
0.505644,0.505644,-0.466741,0.429684,0.429686,-1.197979,-1.691951,-2.281863,-2.218983,-2.444188,0.001859,0.0,22.129356
-1.110689,0.229793,-1.57028,1.555823,1.555816,-2.006895,-2.883955,-3.505683,-3.563772,-3.754887,0.0025,1.0,22.473648
-0.53374,0.266866,-1.334354,0.45959,0.459583,-1.730834,-2.80594,-3.601466,-3.804796,-3.955769,0.002506,0.0,22.576933
0.268611,0.537229,-0.575591,-0.648117,-0.648104,-0.452802,-1.765158,-2.604248,-3.019955,-3.117423,0.001488,-1.0,22.430611
-0.494865,0.30453,-0.913586,0.805837,0.805832,-0.738485,-2.253521,-2.979318,-3.593452,-3.666541,0.001665,1.0,22.611364
-0.076078,0.418406,-0.418414,0.076136,0.07613,-0.372764,-1.875235,-2.698109,-3.42145,-3.575502,0.001922,0.0,22.628578
0.380811,0.380811,-0.609292,-0.114116,-0.114104,-0.144713,-1.355679,-2.340701,-3.078832,-3.320645,0.001769,0.0,22.602758
0.461542,1.0,-0.115388,-0.990099,-0.990105,0.676924,-0.092307,-1.071795,-1.892307,-2.227692,0.00139,-1.0,22.378967
-1.70197,0.151282,-2.042364,1.692312,1.692312,-0.711047,-1.29728,-2.355021,-3.180791,-3.673227,0.002488,1.0,22.757689
-1.04556,0.037341,-1.493659,1.28593,1.28593,-1.590741,-2.109787,-3.27359,-4.017927,-4.661691,0.002977,1.0,23.050337
1.405779,1.443773,-0.265957,-1.717703,-1.717706,0.15198,-0.167171,-1.27406,-2.068767,-2.79483,0.002526,-1.0,22.6544
-0.717256,0.151004,-1.208003,0.645897,0.645897,-0.317098,-0.6644,-1.580468,-2.470741,-3.199695,0.003244,1.0,22.800724
-0.74878,0.037439,-1.272924,0.830498,0.830509,-0.606517,-1.302886,-2.034198,-2.927746,-3.721456,0.003499,1.0,22.990086
-0.707635,0.595903,-1.154559,0.524152,0.524148,-0.819369,-1.52328,-2.142771,-3.089388,-3.891251,0.003357,0.0,23.110588
0.749621,0.749621,-0.562215,-0.633147,-0.633156,-0.262364,-0.742123,-1.24937,-2.24887,-2.979006,0.002383,-1.0,22.964262
0.11249,0.56243,-0.074991,-0.037481,-0.037476,0.037495,-0.562429,-0.972379,-1.917886,-2.675666,0.003106,0.0,22.955656
0.75614,0.75614,-0.378076,-0.824893,-0.824895,0.839318,0.336482,-0.063014,-0.863896,-1.69074,0.002502,-1.0,22.766296
1.990054,1.990054,-0.076533,-1.209837,-1.209841,1.630317,1.615011,1.135358,0.512829,-0.292376,0.001124,-1.0,22.49086
0.307692,0.884615,-0.192304,-0.497509,-0.497504,1.484614,1.953846,1.625642,1.163462,0.360001,0.001573,0.0,22.378967
-1.141122,0.03803,-1.521499,1.115388,1.115382,0.068468,0.642832,0.509702,0.178778,-0.62533,0.001902,1.0,22.628578
-2.605139,0.223294,-3.051738,2.206162,2.206166,-1.94269,-1.324899,-1.515942,-1.767772,-2.506886,0.002706,1.0,23.127802
-0.186494,0.410298,-0.48489,-0.223305,-0.223303,-1.45468,-0.984704,-1.158768,-1.417378,-2.046993,0.002695,0.0,23.076157
-0.185801,0.631735,-0.668896,0.372999,0.373,-1.241176,-1.278337,-1.300632,-1.657377,-2.168711,0.002219,0.0,23.162231
-0.336449,0.299065,-0.971963,-0.594575,-0.59458,-0.089717,-0.725231,-0.633018,-0.940182,-1.356257,0.001774,-1.0,23.024513
-0.408918,0.111524,-1.524164,0.560748,0.560746,-0.193305,-1.197021,-1.157368,-1.375458,-1.713005,0.001341,1.0,23.153622
1.082093,1.082093,-0.14925,-0.371751,-0.371747,0.126868,-0.779847,-0.669149,-0.912307,-1.183576,0.00098,0.0,23.067549
0.1872,0.449274,-0.74878,-0.335821,-0.335809,0.38936,-0.348191,-0.279552,-0.494202,-0.760769,0.001116,0.0,22.990086
0.037446,2.47191,-0.411989,-0.037432,-0.037451,0.269666,-0.097374,-0.244689,-0.325837,-0.653177,0.000749,0.0,22.981476
1.41221,1.41221,-0.267183,-1.872659,-1.872652,1.763355,1.885493,1.493636,1.530533,1.264121,-9.8e-05,-1.0,22.551113
0.0,0.725183,-0.152676,0.0,0.0,1.229005,1.851142,1.371499,1.419845,1.253434,-4.9e-05,0.0,22.551113
-0.60813,0.190049,-0.76016,0.41984,0.419851,0.433292,1.212461,0.85645,0.993914,0.833139,0.000564,0.0,22.645794
-0.075532,0.944109,-0.226586,0.646146,0.646142,-0.3852,0.438062,0.21651,0.343651,0.219029,0.000109,1.0,22.792118
-0.26455,0.340136,-0.453511,-0.075532,-0.075544,-0.491297,0.343924,0.375419,0.37227,0.364334,-0.000483,0.0,22.7749
-0.796665,0.720781,-0.796665,-0.377921,-0.37792,0.007589,0.576632,0.847244,0.660092,0.73293,0.0001,0.0,22.688829
0.113848,0.721066,-0.303605,-0.03794,-0.037935,0.159393,0.406072,0.900695,0.635673,0.705882,-0.000197,0.0,22.680222
1.773319,2.158824,-0.154206,-1.555973,-1.555972,1.457204,1.661522,2.256484,2.085577,2.239008,-0.001235,-1.0,22.327324
0.424547,0.578923,-0.540332,-0.115655,-0.115661,1.134699,1.470479,2.143321,2.099579,2.267855,-0.001513,0.0,22.3015
1.010101,1.320901,-0.27195,-0.656117,-0.656117,1.243205,1.767681,2.514896,2.698139,2.792545,-0.001523,-1.0,22.155176
0.353913,0.550531,-0.471888,-1.204351,-1.204346,1.745968,2.705465,3.418533,3.837985,3.822256,-0.00203,-1.0,21.888351
-0.27451,1.058824,-1.882353,0.275265,0.27527,0.799995,2.149015,2.768622,3.398034,3.352152,-0.001552,0.0,21.948603
-0.700935,0.155759,-0.817761,0.705882,0.705876,-0.109034,1.187695,1.75753,2.441589,2.473521,-0.000719,1.0,22.103533
0.430532,0.861061,-0.391382,-0.506234,-0.50624,0.117426,1.338561,1.972613,2.716253,2.854022,-0.000723,-1.0,21.991636
-0.312134,0.039017,-0.624268,0.313112,0.313124,-0.280923,0.698398,1.37599,2.145921,2.454934,-0.001072,0.0,22.060497
0.431207,0.784002,-0.0392,-0.468197,-0.468194,0.250874,0.838878,1.672538,2.38337,2.860046,-0.002235,0.0,21.957211
-0.195691,0.234841,-0.704493,0.156797,0.156782,0.133081,0.367916,1.343781,1.958915,2.583181,-0.002069,0.0,21.991636
-0.69551,0.077284,-2.009266,1.291585,1.291596,-0.989183,-0.935086,-0.059248,0.481067,1.122102,-0.00167,1.0,22.275679
0.743353,1.838819,0.0,-1.236476,-1.236474,0.258214,0.168229,0.952005,1.514082,2.192486,-0.001949,-1.0,22.000246
0.353218,0.784929,-0.784925,-0.312985,-0.312992,0.45526,0.380691,1.012559,1.593408,2.288855,-0.002329,0.0,21.931387
1.346002,2.216944,-0.039588,-0.863422,-0.86342,1.132222,1.187647,1.602004,2.29216,2.943783,-0.002543,-1.0,21.742027
1.520612,2.200884,-0.080036,-1.068884,-1.068884,1.77671,2.076829,2.336933,3.155261,3.750299,-0.002861,-1.0,21.50963
-0.239421,0.598563,-0.678372,0.280108,0.280112,0.837989,1.544292,1.816971,2.617716,3.182761,-0.002723,0.0,21.569881
2.243067,2.324633,-0.530184,-2.154825,-2.154829,2.210441,3.360522,3.681348,4.477976,5.097879,-0.002846,-1.0,21.105087
0.040883,0.776783,-0.981194,-0.244702,-0.244704,1.627152,3.135737,3.586814,4.325435,4.989376,-0.002952,0.0,21.053442
-0.529312,0.488603,-0.936478,0.408831,0.408831,0.643326,2.328994,2.928886,3.534207,4.294793,-0.002957,0.0,21.139515
1.074372,1.570244,-0.123971,-1.46579,-1.465795,1.487603,3.29339,4.101929,4.630167,5.515704,-0.003875,-1.0,20.829653
1.21237,2.173917,-0.041806,-1.157029,-1.157019,1.722402,3.683106,4.829984,5.432687,6.351166,-0.004346,-1.0,20.58865
1.779661,2.330508,-0.127119,-1.337793,-1.3378,2.322035,4.258478,5.700568,6.372885,7.305088,-0.004763,-1.0,20.313215
1.106854,1.830566,-0.170281,-0.466102,-0.466096,1.975305,3.899529,5.588191,6.392079,7.301828,-0.004949,0.0,20.218536
0.042685,0.384123,-1.280414,-0.255428,-0.255434,1.271877,3.384552,5.266755,6.237733,7.076401,-0.004384,0.0,20.166891
-1.760268,0.16764,-2.472762,1.835258,1.835261,-0.838225,1.047775,2.897454,3.97946,4.729251,-0.003535,1.0,20.537006
0.420703,0.925536,-0.631043,-0.377205,-0.377207,-0.588975,0.887676,2.695277,3.971395,4.760626,-0.003414,0.0,20.459539
0.29252,0.459678,-0.961132,0.673117,0.673129,-0.977858,-0.033439,1.554526,2.937727,3.729202,-0.002598,1.0,20.597258
0.294361,1.724138,-0.126161,-0.626824,-0.626836,-0.109335,0.311186,1.718531,3.198066,4.053827,-0.00299,-1.0,20.468147
-0.915146,0.62396,-1.206327,1.093356,1.093362,-0.6822,-0.990022,0.280083,1.7762,2.697165,-0.002822,1.0,20.691938
1.046025,1.046025,-0.292887,-0.582367,-0.582372,-0.066941,-0.535561,0.563462,2.0272,3.030965,-0.002855,-1.0,20.571434
0.168843,0.253267,-0.464335,-0.878657,-0.878646,0.751364,0.249039,1.069356,2.469384,3.608261,-0.003373,-1.0,20.390684
-1.004184,0.711297,-1.422598,0.886446,0.886434,-0.15899,-0.506271,0.008371,1.221761,2.421761,-0.002784,1.0,20.571434
1.440068,1.440068,-0.508263,-1.213385,-1.213377,0.923332,0.766617,0.996744,2.06903,3.33756,-0.00338,-1.0,20.321825
0.643501,1.201206,-0.257396,-1.270656,-1.270668,1.595894,2.012025,1.939094,2.964405,4.290016,-0.004494,-1.0,20.063602
1.525719,1.569302,-0.217969,-1.587293,-1.587282,2.397554,3.256314,3.217081,4.178283,5.516993,-0.004646,-1.0,19.745136
0.130439,0.86957,-0.173917,0.261548,0.261543,1.530436,2.652177,2.681161,3.458697,4.740871,-0.004396,0.0,19.796778
1.724896,1.724896,-0.132689,-1.695648,-1.69564,2.140637,3.839,4.160391,4.820864,6.02564,-0.004758,-1.0,19.461096
-1.440419,0.0,-1.702313,1.326842,1.326837,0.192055,2.09952,2.627673,3.109994,4.188562,-0.003717,1.0,19.719313
2.137142,2.315232,0.0,-1.964212,-1.964206,1.442566,3.441673,4.395962,4.708368,5.777379,-0.004692,-1.0,19.331985
0.587177,0.767841,-0.090325,-1.424755,-1.424758,2.186091,4.141827,5.386933,5.75655,6.791328,-0.004375,-1.0,19.056551
1.372998,1.510297,-0.183071,-1.309842,-1.309844,2.489703,4.681921,6.199846,6.686497,7.621049,-0.004838,-1.0,18.80694
-1.436275,0.538595,-2.378819,1.967968,1.96796,0.215442,1.934473,3.656495,4.331241,5.141832,-0.00416,1.0,19.177053
-0.450239,0.67538,-0.540293,-0.314192,-0.314193,-0.099045,1.625405,3.511944,4.371916,5.067999,-0.00366,0.0,19.1168
-0.491067,0.714281,-0.625,0.855475,0.855478,-0.999999,0.357147,2.145837,3.256701,3.791075,-0.002785,1.0,19.28034
0.727273,0.818182,-0.318182,-1.785714,-1.785705,0.67272,1.75454,3.427268,4.711358,5.278176,-0.002979,-1.0,18.93605
-1.177003,0.995921,-1.177003,0.409091,0.409082,0.479856,0.928025,2.523015,3.904486,4.517884,-0.002599,0.0,19.013514
0.729257,1.23062,-0.18232,-0.679036,-0.679038,0.856881,1.312671,2.628381,4.16135,4.92981,-0.002783,-1.0,18.884405
0.872756,1.515847,-0.597157,-0.774845,-0.774851,1.240248,1.580166,2.86634,4.513103,5.433177,-0.003918,-1.0,18.738079
-1.178604,0.090666,-1.450585,1.332104,1.332116,-0.398911,0.063464,1.136298,2.690393,3.798734,-0.003175,1.0,18.987692
-0.268225,1.028158,-0.536437,1.405268,1.405268,-1.448377,-1.220392,-0.435113,0.92534,2.093869,-0.002856,1.0,19.25452
1.130199,1.130199,-0.045208,-1.117568,-1.117561,-0.307427,0.018069,0.424942,1.711108,2.949354,-0.00307,-1.0,19.039339
-0.890468,0.356198,-0.890468,1.537061,1.53706,-1.353519,-1.415854,-1.139807,-0.149156,1.129116,-0.002877,1.0,19.331985
0.99502,1.447304,-0.497517,-1.558317,-1.55834,0.515617,0.099513,0.183939,1.092277,2.427873,-0.003301,-1.0,19.030727
1.237969,1.237969,-0.137542,-1.356861,-1.356837,1.668958,1.205865,1.363285,2.138924,3.427782,-0.003509,-1.0,18.772511
-0.318471,1.182894,-0.318471,0.779464,0.779459,0.527751,0.414009,0.530781,1.13057,2.278432,-0.003555,1.0,18.918835
0.090872,1.453885,-0.454339,0.136488,0.136494,0.290769,0.240791,0.442214,0.767824,1.833703,-0.002969,0.0,18.944658
0.922075,2.766252,-0.737667,-1.45388,-1.453887,1.060392,1.604421,1.742732,2.04241,2.928533,-0.003048,-1.0,18.669224
-0.794764,1.402534,-1.168771,-1.383135,-1.383137,1.80459,2.851808,2.91414,3.118285,3.956995,-0.002959,-1.0,18.411003
2.130677,3.125,0.0,-1.262263,-1.262251,2.452641,3.721578,3.825742,4.119302,4.871196,-0.003622,-1.0,18.17861
-3.000923,0.184677,-3.047091,2.556813,2.556796,-0.397036,0.807949,1.132662,1.412748,2.02032,-0.001773,1.0,18.6434
-0.736988,0.598807,-0.92123,0.230836,0.230848,-0.90281,0.386918,0.783048,1.146934,1.547672,-0.00225,0.0,18.686438
1.640881,2.297234,0.0,-1.750341,-1.750339,0.525076,1.645563,2.387865,2.726198,3.116728,-0.002157,-1.0,18.359362
0.469915,0.986837,-0.798872,-0.234407,-0.23442,0.657898,1.494364,2.474939,2.74906,3.052631,-0.001639,0.0,18.316324
0.234407,0.937651,-0.421941,0.234958,0.234971,0.618841,1.031406,2.006558,2.257376,2.599147,-0.000967,0.0,18.359362
-0.331749,0.473938,-0.473934,-1.078293,-1.078316,1.18485,1.715657,2.717236,3.158783,3.520394,-0.002292,-1.0,18.16139
-0.047125,1.131009,-0.235622,0.568716,0.568728,0.150807,0.76815,1.853604,2.370412,2.816217,-0.001908,1.0,18.264679
0.283549,1.039693,-0.661626,-0.282747,-0.282748,0.274101,0.803405,1.732832,2.476373,2.896032,-0.002403,0.0,18.213036
0.141844,0.945626,-0.047286,-0.047259,-0.047263,0.198584,0.737595,1.478336,2.378257,2.744214,-0.001647,0.0,18.204428
0.235956,0.566295,-1.321383,0.18913,0.189135,-0.122708,0.580457,1.091707,1.979704,2.321846,-0.001743,0.0,18.238859
-1.17096,0.140511,-1.639344,0.755068,0.755069,-0.637004,-0.318502,0.137393,0.976582,1.433255,-0.001119,1.0,18.376575
0.28195,1.597744,-0.234967,-0.327864,-0.327868,-0.253761,-0.19267,0.238095,1.111372,1.614661,-0.000925,0.0,18.316324
0.613492,0.613492,-0.424733,-0.422932,-0.422929,0.198203,0.165167,0.506524,1.241148,1.904668,-0.001688,0.0,18.238859
-2.747253,0.228933,-3.067766,3.06748,3.067478,-2.152011,-2.559523,-2.347372,-1.833788,-1.115382,-0.000965,1.0,18.798332
-1.654745,1.118068,-1.654745,2.380957,2.380961,-3.381042,-4.364945,-4.248664,-3.993744,-3.361364,0.000556,1.0,19.245913
0.80789,0.942545,-0.583487,-0.357782,-0.35779,-2.199278,-3.491919,-3.719327,-3.581685,-3.030518,-0.000268,0.0,19.177053
-0.179933,0.539811,-1.169595,-0.224421,-0.224419,-1.124601,-2.820508,-3.346824,-3.315335,-2.792618,0.000312,0.0,19.134016
-0.537866,0.448234,-1.120574,0.35987,0.359867,-0.475114,-2.653508,-3.400558,-3.523073,-3.168075,0.001058,0.0,19.202873
-1.017258,0.309593,-1.061477,1.344698,1.34471,-1.114561,-3.299434,-4.290147,-4.533401,-4.364449,0.001304,1.0,19.461096
-0.044326,0.398941,-0.753546,-0.22115,-0.221149,-0.718088,-2.477838,-3.714542,-4.002662,-4.019505,0.001149,0.0,19.418058
0.714281,0.892857,-0.08929,-0.709215,-0.709226,0.098217,-1.312496,-2.639877,-3.151781,-3.258923,0.001472,-1.0,19.28034
0.718778,1.66217,-0.044924,-0.625,-0.624989,0.754711,-0.251578,-1.716089,-2.419144,-2.605576,0.001802,-1.0,19.15984
-0.845563,0.667566,-0.934575,0.943392,0.943385,-0.044497,-0.614148,-2.245953,-3.077432,-3.376942,0.002761,1.0,19.340591
-0.663432,0.574962,-0.663432,0.623062,0.623068,-0.663431,-0.888996,-2.420766,-3.383468,-3.759407,0.00192,1.0,19.461096
0.52448,0.961543,-0.174821,1.194153,1.194141,-1.555935,-1.831284,-3.079827,-4.184869,-4.587403,0.002339,1.0,19.693489
0.0,0.523793,-0.611087,0.131123,0.13113,-1.239633,-1.684855,-2.752801,-3.915321,-4.494108,0.003157,0.0,19.719313
2.855863,2.855863,-0.133873,-2.182453,-2.182454,1.097724,0.589023,-0.246913,-1.506023,-2.238286,0.00231,-1.0,19.288948
0.809717,1.079618,-0.764737,-0.803213,-0.803216,1.700408,1.367526,0.872698,-0.467832,-1.284746,0.001859,-1.0,19.134016
1.097891,1.097891,-0.73193,-1.664413,-1.664408,2.735582,2.740159,2.586148,1.379226,0.492217,0.001604,-1.0,18.815548
3.564639,3.849805,-0.285176,-3.751143,-3.751137,4.990484,6.021851,6.16602,5.294664,4.353599,-0.000274,-1.0,18.109751
-0.331121,0.662261,-0.993373,0.475276,0.475274,2.819301,4.924314,5.304319,4.746924,3.867548,5.5e-05,0.0,18.195822
-0.655742,0.42155,-0.655742,0.993382,0.993376,0.814991,3.466043,3.993755,3.733021,2.870258,0.000508,1.0,18.376575
0.424528,0.943391,-0.566042,-0.702571,-0.702579,0.55661,3.59906,4.380507,4.469343,3.605664,0.00012,-1.0,18.247465
0.377715,0.897077,-0.330496,-0.094344,-0.094336,0.009445,3.021718,4.028958,4.412181,3.70916,-0.000249,0.0,18.230251
0.669531,1.339077,-1.1956,-1.274788,-1.274788,1.17647,3.409853,4.846166,5.413677,4.994739,-0.000661,-1.0,17.997854
-0.095923,0.527573,-1.342926,-0.286944,-0.28694,1.189444,2.719421,4.652275,5.374096,5.200955,-0.000602,0.0,17.946211
3.224201,3.422619,-0.496037,-3.309353,-3.309362,3.472227,5.119054,7.539688,8.467267,8.579371,-0.003374,-1.0,17.352306
1.259446,2.619652,-0.302262,-1.537698,-1.537698,3.727963,5.561718,8.339216,9.541567,10.005042,-0.005078,-1.0,17.08548
0.662584,1.529047,-0.713563,-1.158685,-1.15868,3.353714,5.657487,8.593265,10.063704,10.841991,-0.005426,-1.0,16.887514
2.136524,3.074518,-0.781657,-2.191641,-2.191649,3.877021,7.060971,9.744661,11.651904,12.664931,-0.006282,-1.0,16.517399
-1.455307,1.247401,-1.507271,0.260547,0.260556,1.93347,5.795216,8.187802,10.540539,11.740123,-0.006325,0.0,16.560436
-1.735579,1.837677,-1.735579,1.819127,1.819125,-0.469627,3.006636,5.29522,7.884125,9.204697,-0.006119,1.0,16.861691
0.0,0.602415,-1.25502,1.684533,1.684529,-2.048188,0.657635,2.777783,5.456832,6.915668,-0.00529,1.0,17.145731
0.151587,1.111667,-0.707433,-0.652605,-0.6526,-1.232952,0.616467,2.755595,5.437083,7.047998,-0.005265,-1.0,17.033838
-1.344626,0.049801,-1.892425,1.465381,1.465371,-1.772901,-1.249992,0.952864,3.217141,5.007977,-0.004356,1.0,17.283447
-0.248011,0.545635,-1.289683,0.398406,0.39841,-1.249998,-1.984124,0.228179,2.125501,4.146831,-0.004593,0.0,17.352306
0.798403,0.997999,-0.099805,-0.595233,-0.595229,-0.209586,-1.45709,0.392544,2.145705,4.327341,-0.005123,-1.0,17.24902
0.753012,1.25502,0.0,-0.598807,-0.598811,0.391569,-0.828309,0.568946,2.18123,4.44378,-0.005903,-1.0,17.145731
-0.549181,0.299546,-0.649031,0.552214,0.552225,0.079868,-1.168259,-0.366129,1.163244,3.354956,-0.00572,1.0,17.240414
0.503023,1.358154,-0.050292,-0.748887,-0.748897,0.633812,-0.075444,0.04025,1.634818,3.531197,-0.005096,-1.0,17.111301
0.912784,1.217039,-0.202835,-0.804829,-0.804825,1.004061,0.978705,0.469916,2.099396,3.724143,-0.005097,-1.0,16.973585
1.129954,2.105804,-0.154073,-1.267749,-1.267752,1.715465,2.213669,1.523719,2.927589,4.451986,-0.004925,-1.0,16.758402
-0.567292,0.412584,-1.444033,-0.410889,-0.41088,1.588446,2.362041,1.784425,2.885508,4.297061,-0.003472,0.0,16.689545
-0.464881,0.413223,-1.652892,-0.154709,-0.154708,1.053706,2.298541,1.852605,2.574885,3.942138,-0.003746,0.0,16.663725
-2.367763,0.302267,-2.367763,2.530986,2.530977,-1.47103,-0.342566,-0.439963,-0.224178,1.136527,-0.003078,1.0,17.08548
-0.248642,0.447539,-2.038787,1.309829,1.309843,-2.357049,-1.655907,-1.438769,-1.698175,-0.375948,-0.002203,1.0,17.309273
0.249382,0.648384,-0.099741,-0.298369,-0.298378,-1.486277,-1.356605,-0.990853,-1.431418,-0.337154,-0.002291,0.0,17.257626
1.528278,2.08865,-0.30565,-2.094763,-2.094761,0.866026,0.606217,1.029038,0.621499,1.475294,-0.002648,-1.0,16.89612
1.177067,1.791187,-1.074724,-0.458472,-0.458478,1.514841,0.81883,1.409072,1.06448,1.606957,-0.002722,0.0,16.818655
0.364009,0.936037,-1.976079,-1.586494,-1.586494,2.506505,2.106087,2.749179,2.70411,2.895478,-0.001973,-1.0,16.551828
1.365536,2.048314,-0.157568,-0.988034,-0.988036,2.40546,2.767857,3.382352,3.676469,3.542015,-0.001734,-1.0,16.38829
-0.473186,0.473191,-0.578339,-0.105047,-0.105032,1.430065,2.639319,3.133533,3.635636,3.411135,-0.001276,0.0,16.371077
-0.157238,0.366876,-0.838574,0.315457,0.31544,0.534598,2.154097,2.51573,3.089629,2.924535,-0.000186,0.0,16.422718
-2.093973,0.357508,-2.604699,2.620545,2.620559,-1.991834,-0.342191,-0.25537,0.403466,0.288042,0.00084,1.0,16.853085
-2.519763,0.741102,-2.865613,3.370787,3.370778,-4.18972,-3.399206,-3.389326,-2.831026,-2.774702,0.001514,1.0,17.421165
0.248272,0.893749,-0.893744,-0.494076,-0.494077,-2.621641,-2.90466,-2.770598,-2.353518,-2.113201,0.000567,0.0,17.335091
-1.134132,0.04931,-1.134132,0.695144,0.695133,-2.051277,-3.461531,-3.175534,-2.968434,-2.652853,0.001153,1.0,17.455593
-0.742207,0.445324,-1.286482,-0.345177,-0.345167,-0.593761,-2.840172,-2.569677,-2.560606,-2.258281,0.000366,0.0,17.395342
1.607233,2.009036,-0.301356,-1.484409,-1.484403,1.235553,-1.190361,-0.917465,-1.122555,-0.76143,-0.000453,-1.0,17.137125
2.003092,2.87623,-0.308161,-2.20995,-2.209956,2.732412,1.165904,1.191585,1.006685,1.355941,-0.001155,-1.0,16.758402
-0.052521,0.787815,-0.577736,-2.208516,-2.208516,3.897053,3.450627,3.102238,3.109242,3.409662,-0.001855,-1.0,16.38829
-0.729177,0.260411,-1.979172,0.840336,0.840326,1.906255,2.682297,1.947924,2.179696,2.372925,-0.001729,1.0,16.526005
-1.269035,0.050751,-3.401015,2.604167,2.604187,-1.19798,0.390851,-0.615916,-0.335035,-0.270061,-0.000271,1.0,16.956373
0.0,1.621891,-0.658895,0.152279,0.152261,-1.530655,0.314251,-0.702811,-0.392791,-0.482503,0.000145,0.0,16.982191
-4.082618,0.048031,-4.082618,5.524582,5.524587,-5.389045,-4.658979,-5.392246,-5.374634,-5.512002,0.003098,1.0,17.920387
7.110666,7.160746,-0.300446,-4.082618,-4.082618,-0.430639,-0.686021,-1.054906,-1.382063,-1.440149,0.001502,-1.0,17.188766
-1.686508,0.644846,-1.686508,0.951432,0.951435,-0.416667,-1.681548,-1.610449,-2.284224,-2.23214,0.001982,1.0,17.352306
1.668352,2.123357,-0.252786,-1.884916,-1.884914,1.577341,-0.010117,0.515666,-0.369064,-0.275029,6.2e-05,-1.0,17.02523
0.819252,1.02406,-0.358433,-1.263903,-1.263907,2.672808,1.075266,1.785285,0.903737,1.036354,-0.001057,-1.0,16.810047
-1.400005,0.649995,-2.05,2.406549,2.406555,-0.560003,-1.035003,-0.68667,-1.275002,-1.308001,0.00012,1.0,17.21459
-0.744048,0.595243,-0.892857,0.8,0.799996,-1.160711,-1.26488,-1.468253,-1.780752,-2.081347,0.001378,1.0,17.352306
-1.237624,0.14851,-1.485153,0.198418,0.198417,-1.316833,-0.96535,-1.689772,-1.683172,-2.245547,0.001664,0.0,17.386736
0.646766,0.646766,-0.746264,-0.495054,-0.495038,-0.507473,-0.273646,-1.237161,-0.940312,-1.665684,0.002138,0.0,17.300665
-0.84788,0.299262,-1.296748,-0.248761,-0.248771,0.259355,0.134665,-0.944305,-0.57606,-1.318702,0.00246,0.0,17.257626
-1.283951,0.197536,-1.62963,0.997511,0.997513,-0.483952,-1.135807,-1.665848,-1.555561,-2.091857,0.002939,1.0,17.429773
-1.474206,0.34398,-2.063882,0.493827,0.493827,-0.786241,-1.434892,-1.719907,-1.98772,-2.315484,0.003017,0.0,17.515846
-0.974659,0.194927,-1.559449,0.835381,0.835375,-1.296292,-2.07602,-2.105262,-2.741228,-2.832358,0.00224,1.0,17.662169
-1.491106,0.04809,-1.587311,1.315794,1.315795,-1.914384,-2.861955,-3.027101,-3.864843,-3.765277,0.001347,1.0,17.894567
-0.769231,0.817308,-1.874995,0.04809,0.048093,-1.24038,-2.298073,-2.730767,-3.697113,-3.576921,0.001583,0.0,17.903173
-0.619043,0.761905,-3.238095,0.961543,0.96155,-1.466673,-2.752387,-3.600008,-4.250008,-4.350485,0.001699,1.0,18.075321
2.540308,3.126537,-0.293107,-2.523814,-2.523817,1.201759,-0.083047,-0.941214,-1.421594,-1.809479,0.000751,-1.0,17.619133
-1.651287,0.437105,-3.788252,0.586229,0.586232,0.679936,-0.475965,-1.379317,-1.658581,-2.321524,0.001652,1.0,17.722422
-2.072289,0.144583,-2.072289,0.777076,0.777061,-0.134932,-0.930113,-1.828105,-2.16385,-2.970597,0.00295,1.0,17.860136
-1.478298,0.476877,-1.812108,1.060236,1.060249,-1.020505,-1.530758,-2.400255,-2.894613,-3.786364,0.004371,1.0,18.049498
0.047692,1.382933,-0.762995,0.0,0.0,-1.049118,-1.187411,-2.091878,-2.858847,-3.500241,0.004006,0.0,18.049498
-0.285447,0.19029,-0.951475,0.238441,0.238439,-0.761182,-1.103714,-2.052016,-2.840156,-3.353002,0.002978,0.0,18.092535
2.087475,3.429413,-0.497023,-4.281632,-4.281633,3.210729,3.121267,2.302844,1.496017,1.153074,0.00105,-1.0,17.317879
-1.842876,0.43646,-2.667318,2.485089,2.485073,0.581969,0.538322,-0.00969,-0.761388,-1.121234,-0.000272,1.0,17.748241
1.21124,1.792641,-0.193794,0.096984,0.097001,0.16473,0.363374,0.083981,-0.588662,-1.040698,0.001545,0.0,17.765457
3.004512,3.004512,-0.300446,-3.246124,-3.246137,2.523797,3.214835,3.34837,2.739122,2.109177,-0.00028,-1.0,17.188766
-1.378621,0.049242,-1.674052,1.702554,1.70256,0.108324,1.408179,1.605128,1.056138,0.466772,0.00128,1.0,17.481415
-1.559449,0.048738,-1.803119,1.033978,1.033978,-0.526319,0.336258,0.565304,0.099905,-0.491226,0.002279,1.0,17.662169
-3.661967,0.0,-4.553986,3.801165,3.801158,-3.53051,-3.079802,-2.957735,-3.284026,-3.849753,0.002886,1.0,18.333536
1.83132,1.83132,-0.819277,-2.582155,-2.582153,-0.867472,-0.616864,-0.401601,-0.551802,-1.066018,0.001415,-1.0,17.860136
-2.012166,0.0,-2.199349,2.987957,2.987956,-2.433321,-3.313057,-3.175791,-3.17501,-3.679923,0.002628,1.0,18.393789
1.806938,2.567755,-0.095107,-1.591015,-1.591015,-0.171187,-1.745128,-1.432874,-1.447931,-1.957202,0.002151,-1.0,18.101141
0.095283,0.857551,-0.190562,-0.190209,-0.190209,0.46689,-1.143401,-1.117989,-1.148161,-1.619813,0.002177,0.0,18.066711
-3.224316,0.046062,-3.224316,3.4302,3.430215,-2.487339,-3.91986,-4.102569,-4.214652,-4.585909,0.003235,1.0,18.686438
1.638567,1.638567,-0.514986,-1.612151,-1.612159,-0.318357,-2.008436,-2.409495,-2.514051,-2.777159,0.002319,-1.0,18.385183
0.376648,0.800377,-0.564967,-0.561802,-0.561789,0.1224,-0.856889,-1.773398,-1.906793,-2.041444,0.001711,-1.0,18.281897
-0.694761,0.463182,-0.926359,1.647834,1.647827,-0.981938,-1.871243,-3.189755,-3.237616,-3.399728,0.001856,1.0,18.583151
-1.014765,0.415129,-1.47601,0.41686,0.416856,-0.756454,-1.743545,-3.111935,-3.387918,-3.586718,0.002016,0.0,18.660616
-3.272888,0.044228,-3.93632,4.289673,4.289676,-4.042462,-5.205669,-6.510404,-6.950474,-7.230438,0.003463,1.0,19.461096
3.281673,4.557885,-0.227903,-2.96329,-2.963302,-0.583402,-1.768456,-3.260407,-3.887875,-4.189606,0.003272,-1.0,18.884405
-0.271612,1.448619,-0.362155,0.683678,0.683681,-0.488903,-2.109546,-3.277498,-4.287005,-4.642822,0.003314,1.0,19.013514
-0.764737,0.404858,-0.764737,0.633771,0.63377,-0.539806,-2.186228,-3.310837,-4.617631,-4.926672,0.003252,1.0,19.134016
1.869585,1.869585,-0.182403,-1.349528,-1.349518,1.048787,-0.419519,-1.559513,-2.900143,-3.381675,0.002204,-1.0,18.875799
-0.227682,0.227691,-0.865205,0.136794,0.136789,0.318764,-0.441705,-1.493619,-2.727683,-3.293257,0.002264,0.0,18.901619
-1.396405,0.315311,-1.801811,1.092905,1.092906,-0.531537,-1.139642,-2.123127,-3.427934,-4.117123,0.002635,1.0,19.108196
0.588235,0.723982,-0.497738,-0.450455,-0.450461,-0.072394,-0.303161,-1.460024,-2.509045,-3.478729,0.004301,0.0,19.022121
0.09058,0.498193,-0.634053,-0.090498,-0.090489,-0.117756,0.009056,-1.053745,-2.019931,-3.199279,0.003181,0.0,19.004908
0.225525,0.360848,-1.12765,0.407609,0.407605,-0.306721,-0.175913,-1.100584,-2.045557,-3.222373,0.003316,0.0,19.082373
-1.333922,0.222325,-1.95643,1.443392,1.443395,-1.253892,-1.649625,-2.276568,-3.174746,-4.266788,0.005355,1.0,19.357807
0.632349,0.85818,-0.496829,-1.556252,-1.556251,0.252937,-0.004516,-0.496836,-1.33017,-2.482385,0.003938,-1.0,19.056551
0.909509,1.409727,-0.090955,-0.677502,-0.67751,0.836748,0.632109,0.409282,-0.516139,-1.449746,0.003194,-1.0,18.927441
2.16573,2.40113,-0.800377,-3.410641,1.821678,-0.689884,-1.096565,-1.148758,-1.992161,-2.841206,0.002334,1.0,19.272238
0.0,0.848261,-0.801131,-0.094167,-0.094172,-0.417905,-0.806866,-0.850092,-1.591434,-2.418905,0.003415,0.0,19.254089
-0.608904,0.374707,-3.23185,0.612634,0.612634,-1.009563,-1.168018,-1.484464,-2.013689,-2.798645,0.002383,1.0,19.372046
-2.585411,0.230836,-2.585411,1.451991,1.451989,-1.81902,-2.305137,-2.633599,-3.093449,-3.824834,0.003706,1.0,19.653326
-0.091734,0.412844,-0.688069,0.646348,0.646359,-1.587159,-2.549213,-3.000441,-3.337015,-4.162086,0.004069,1.0,19.780357
-1.221171,0.316594,-1.582999,1.422028,1.422022,-2.180015,-3.388813,-4.052199,-4.323825,-5.114919,0.003196,1.0,20.061638
1.147315,1.147315,-0.458926,-1.447309,-1.44732,-0.22028,-1.621567,-2.341186,-2.637871,-3.376603,0.003268,-1.0,19.771282
-0.82531,0.275112,-2.934429,0.091776,0.091795,0.110038,-1.493682,-2.131663,-2.644205,-3.242271,0.003552,0.0,19.789431
0.45788,0.824176,-1.098901,0.137556,0.137543,0.137367,-1.245418,-2.027753,-2.54271,-3.08623,0.002896,0.0,19.81665
1.552211,1.552211,-0.517404,-2.655678,-2.655676,2.361244,1.636878,0.737763,0.187812,-0.233183,0.00156,-1.0,19.290384
-1.396648,1.070759,-1.582872,1.034807,1.034816,0.72625,0.707628,-0.12808,-0.747003,-1.068895,0.000144,1.0,19.490004
0.418605,0.790698,-0.232553,0.09311,0.093104,0.362791,0.744185,-0.075475,-0.677253,-0.987138,0.001473,0.0,19.50815
-0.510432,0.417633,-1.624121,0.232553,0.232559,-0.11137,0.603247,-0.240593,-0.741005,-1.197961,0.001277,0.0,19.553518
-0.821543,0.0,-1.049749,1.670538,1.670528,-1.688722,-0.935642,-1.603527,-2.177754,-2.621005,0.001728,1.0,19.880165
-0.273593,0.775194,-1.139991,0.091283,0.091292,-1.167354,-0.966717,-1.367995,-2.046809,-2.531959,0.002354,0.0,19.898314
-1.626007,0.271012,-2.077683,0.957588,0.957589,-1.508583,-1.892504,-2.032522,-2.706112,-3.266325,0.002711,1.0,20.088858
0.135018,0.900095,-0.765077,0.361337,0.361325,-1.215112,-2.052195,-2.085199,-2.788785,-3.359519,0.002393,0.0,20.161444
0.946368,1.171699,-0.180266,-0.135005,-0.135,-0.504736,-1.748539,-1.700469,-2.464562,-2.984,0.00253,0.0,20.134226
-1.558317,0.178099,-2.270695,1.216755,1.216754,-1.211036,-2.6536,-2.644695,-3.31255,-3.900783,0.003099,1.0,20.37921
2.081443,2.081443,-0.542986,-1.602845,-1.602844,0.552035,-0.687781,-0.968324,-1.457013,-2.129823,0.002225,-1.0,20.052563
0.775194,0.775194,-0.775194,-0.769231,-0.769223,1.139983,0.287272,-0.255364,-0.535802,-1.191552,0.001263,-1.0,19.898314
-0.770975,0.453519,-1.179129,0.547191,0.547187,0.435376,-0.009068,-0.719574,-0.888886,-1.544379,0.002177,0.0,20.007195
-0.451472,0.767494,-0.632054,0.453519,0.453517,-0.054177,-0.189617,-1.065463,-1.155756,-1.841573,0.002669,0.0,20.097931
0.680885,0.680885,-0.453931,-0.541756,-0.541762,0.099866,0.408535,-0.469056,-0.533362,-1.120289,0.001641,-1.0,19.989048
3.632066,3.632066,-0.141514,-3.767589,-3.767588,3.169812,3.995282,3.408805,3.21934,2.815094,4.4e-05,-1.0,19.235943
-0.563376,0.046948,-2.15962,0.471689,0.4717,2.093894,3.112673,2.866977,2.544599,2.34366,-1.7e-05,0.0,19.326679
-2.078517,0.092379,-3.140882,1.643197,1.64319,0.073904,1.182449,1.250193,0.854504,0.768592,6.6e-05,1.0,19.644253
1.310243,1.310243,-0.748722,-1.293298,-1.293299,0.655122,2.124471,2.520665,2.072997,2.092651,-0.000777,-1.0,19.390194
2.480921,2.480921,-0.381679,-1.918587,-1.918583,1.603057,3.406492,4.223922,3.859736,3.956111,-0.00223,-1.0,19.018177
-1.553672,0.282481,-2.212806,1.335883,1.335885,0.301315,1.638415,2.633392,2.485872,2.480222,-0.00102,1.0,19.272238
1.823412,2.06334,-0.191943,-1.883239,-1.883248,1.785033,3.066223,4.187464,4.299429,4.20346,-0.001878,-1.0,18.909294
0.0,1.013029,-0.67535,-0.527831,-0.527825,1.437529,2.976362,4.261134,4.667148,4.551856,-0.002168,-1.0,18.809486
0.882353,0.980392,-0.196074,-1.591896,-1.591904,2.127456,3.784321,5.362752,6.078439,5.966674,-0.001705,-1.0,18.510057
-0.146546,0.537377,-0.48851,0.343132,0.343138,1.299467,2.667324,4.354346,5.363954,5.336597,-0.002006,0.0,18.573572
0.391965,1.175894,-0.244973,-0.293107,-0.29311,0.78393,2.582071,4.109101,5.301327,5.479672,-0.002174,0.0,18.519131
-0.194359,1.603499,-0.340136,0.832925,0.832928,-0.301265,1.38484,2.811792,4.052479,4.433432,-0.001913,1.0,18.673382
-1.48467,0.143683,-1.48467,1.457721,1.457727,-1.590042,-0.440614,0.961047,2.23659,2.814176,-0.002005,1.0,18.945589
0.386655,0.869985,-0.241672,-0.909952,-0.909964,-0.405994,0.144998,1.417755,2.812955,3.592075,-0.002441,-1.0,18.773191
2.487562,3.333333,-0.248761,-2.851624,-2.851614,2.14925,2.656712,3.754557,5.243778,6.272634,-0.004097,-1.0,18.237852
-1.65692,0.048738,-2.387909,2.089552,2.089544,0.165696,0.204681,1.41001,2.704683,3.822617,-0.003345,1.0,18.61894
1.234568,1.234568,-0.790123,-1.315789,-1.315784,1.175307,1.24938,2.416459,3.659258,4.833579,-0.003859,-1.0,18.373955
-1.408456,0.63137,-1.60272,1.679012,1.679007,-0.777073,-0.490528,0.382065,1.59301,2.785822,-0.003658,1.0,18.682455
1.184016,1.184016,-0.098668,-1.554153,-1.554153,0.374941,1.016283,1.605002,2.733107,4.029605,-0.003637,-1.0,18.392101
1.032961,1.819975,-0.049188,0.296004,0.296008,0.304967,0.649286,1.09854,2.011806,3.303493,-0.003173,0.0,18.446543
-0.97135,0.825644,-1.651287,1.278898,1.278895,-0.893636,-0.534238,-0.388536,0.575525,1.705686,-0.002855,1.0,18.682455
1.22971,1.22971,-0.29513,-1.262749,-1.262746,0.452531,0.614855,0.71815,1.623217,2.691589,-0.003602,-1.0,18.446543
0.791296,0.989125,-0.939654,-0.541077,-0.541077,0.633039,0.83581,1.097926,1.822457,2.888235,-0.003601,-1.0,18.346733
-0.394667,0.641342,-0.740005,0.247285,0.247281,0.384806,0.379874,0.805791,1.299953,2.263447,-0.001856,0.0,18.392101
-0.0999,0.24975,-1.098906,-1.23335,-1.23335,1.328672,1.593408,1.914755,2.330173,3.138865,-0.002597,-1.0,18.165262
-0.592598,0.592598,-2.074074,1.148851,1.148858,-0.158029,0.306169,0.704523,0.923453,1.77975,-0.002812,1.0,18.373955
1.797294,1.947074,-0.599106,-1.086415,-1.086418,0.639036,1.298047,1.627554,1.82975,2.64403,-0.002722,-1.0,18.174337
-0.099805,0.948099,-0.798413,0.049925,0.049939,0.409167,0.973037,1.297388,1.606768,2.27144,-0.001866,0.0,18.183413
-0.151673,0.252776,-1.668352,-1.297405,-1.297419,1.23357,2.052576,2.322208,2.785638,3.294233,-0.003011,-1.0,17.947498
-0.253946,0.101564,-2.640939,-0.455005,-0.454999,1.361095,2.194,2.651083,3.057381,3.508371,-0.00239,0.0,17.865837
-1.86398,0.302267,-2.115869,0.81259,0.81259,0.141061,0.99748,1.598654,2.085639,2.393951,-0.001807,1.0,18.011013
0.249496,0.598797,-0.798413,0.957184,0.957192,-0.79841,-0.104803,0.565521,0.983018,1.263457,-0.000699,1.0,18.183413
-1.269536,0.781245,-2.001953,2.195604,2.195594,-2.499996,-2.124021,-1.63086,-1.284181,-0.96094,0.000106,1.0,18.582647
-0.52936,0.192488,-1.347454,1.464849,1.46484,-2.945132,-3.29162,-2.887388,-2.687678,-2.317611,0.000871,1.0,18.854853
-1.42586,0.142581,-1.90115,1.251203,1.251211,-2.861218,-4.001902,-3.862488,-3.66683,-3.416355,0.001053,1.0,19.090767
0.862069,0.862069,-0.478918,-0.760466,-0.760462,-1.130264,-2.964554,-3.033203,-2.842432,-2.586206,8.8e-05,-1.0,18.945589
1.101542,1.388894,-0.287352,0.0,0.0,-0.325669,-2.557467,-2.857597,-2.69157,-2.528735,0.000484,0.0,18.945589
0.676651,0.676651,-0.531663,-0.909952,-0.909964,0.792656,-1.348472,-1.814076,-1.773801,-1.67037,0.001328,-1.0,18.773191
-0.816131,0.0,-1.34422,0.676651,0.676656,0.163228,-1.507437,-2.294763,-2.299566,-2.304367,0.000714,1.0,18.900221
-0.048193,0.192776,-0.626501,-0.384061,-0.384059,0.269878,-0.616867,-1.683532,-1.821687,-1.802411,0.001119,0.0,18.827633
-0.433526,0.52987,-1.252408,0.048193,0.04819,0.105974,-0.226394,-1.567112,-1.828032,-1.803466,0.00041,0.0,18.836706
1.273262,2.105779,-1.37121,-1.637765,-1.63776,1.322229,1.620957,0.199151,-0.171402,-0.135165,0.000373,-1.0,18.528206
0.941531,0.941531,-1.536169,-1.175318,-1.175322,2.021804,2.680872,1.437068,1.005948,0.971259,-0.000266,-1.0,18.31044
1.106645,1.458758,-0.251504,-1.486625,-1.486622,2.605635,3.777668,3.001345,2.432096,2.416501,-0.001469,-1.0,18.038233
-0.496283,0.645166,-0.694789,1.358154,1.358143,0.635242,1.945416,1.773375,1.091821,1.008445,-0.000329,1.0,18.283218
-0.491884,0.836203,-0.541077,0.8933,0.893306,-0.678799,0.772259,1.029679,0.216433,0.062964,0.000295,1.0,18.446543
0.496032,0.694439,-0.694444,-0.836203,-0.836205,-0.099205,1.264884,1.9213,1.093756,0.873021,-0.000177,-1.0,18.292292
-0.594359,0.594344,-0.594359,0.148814,0.148811,-0.237742,0.866767,1.674098,0.980687,0.71719,0.000424,0.0,18.319513
0.45,0.550005,-1.3,-0.941065,-0.941057,0.829996,1.409998,2.379999,1.995,1.620001,-0.000484,-1.0,18.147116
0.300898,1.253761,-1.253761,-0.299995,-0.299993,0.92276,1.308918,2.320285,2.364586,1.909723,-0.000142,0.0,18.092676
-0.34982,0.29985,-0.849575,0.351048,0.351043,0.249877,0.579712,1.672499,2.04648,1.505252,-1.1e-05,0.0,18.156189
-2.110947,0.049082,-2.552778,1.799105,1.799117,-1.31567,-1.222399,-0.291291,0.323993,-0.221906,0.001335,1.0,18.48284
0.744796,0.943401,-1.092349,-1.129121,-1.129128,-0.238325,-0.114197,0.665347,1.385307,0.937443,0.001042,-1.0,18.274145
-2.375182,0.290848,-2.666016,2.432969,2.432973,-1.997088,-2.123121,-1.790273,-1.059137,-1.2952,0.001746,1.0,18.71875
0.744043,0.744043,-0.446429,-2.278231,-2.27824,0.505957,0.163695,0.304237,1.02927,1.099212,0.00034,-1.0,18.292292
0.3996,0.3996,-1.048956,-0.694444,-0.694446,1.218787,0.709296,0.759246,1.520984,1.840166,-0.000917,-1.0,18.165262
1.163379,1.163379,-0.252914,-1.248751,-1.248741,1.891748,1.785529,1.814191,2.524021,3.073338,-0.002097,-1.0,17.938425
-0.101266,0.253159,-0.708856,-0.101163,-0.101168,1.599999,1.665824,1.772151,2.389873,3.029873,-0.002685,0.0,17.920277
1.181315,1.181315,-0.564962,-1.417727,-1.417729,1.869548,2.855683,3.095367,3.513104,4.242432,-0.002971,-1.0,17.666216
-0.769231,1.487185,-1.641026,0.154088,0.154091,1.035896,2.471794,2.71453,3.033333,3.766153,-0.002904,0.0,17.693438
1.455301,1.455301,-0.467775,-1.333333,-1.333336,1.590439,3.456343,3.724881,4.030668,4.827445,-0.003088,-1.0,17.457525
-0.156001,0.572023,-0.520026,-0.051975,-0.051972,1.081641,2.917314,3.456404,3.77535,4.538741,-0.003404,0.0,17.448452
1.488575,2.020213,-0.106316,-2.184093,-2.184091,2.339182,4.508242,5.277338,5.728338,6.473155,-0.004187,-1.0,17.067362
-3.26508,2.988384,-3.26508,-3.934073,-3.934082,4.980636,7.371339,8.876598,9.557284,10.222475,-0.005918,-1.0,16.395918
2.05213,3.937876,-0.33279,-0.221356,-0.221354,3.582915,6.428173,8.411905,9.212423,9.86356,-0.005303,0.0,16.359625
-0.646541,0.053885,-2.370679,2.939534,2.939542,-0.107758,2.602372,4.795261,5.616921,6.252158,-0.003514,1.0,16.840523
-3.235742,0.0,-3.441192,4.903018,4.903013,-4.530043,-2.347196,-0.410884,0.503345,1.090915,-0.000735,1.0,17.666216
0.778412,0.985983,-1.297353,-1.027216,-1.027209,-3.061761,-1.582778,0.321737,1.307727,1.951213,-0.001773,-1.0,17.484747
-0.884041,1.248045,-2.548102,-0.207577,-0.207581,-1.653668,-1.502862,0.045066,1.318252,2.02808,-0.002251,0.0,17.448452
0.374142,1.282747,-0.427579,-2.704113,-2.70412,1.806529,0.812408,2.308935,3.805462,4.555863,-0.003063,-1.0,16.976625
-0.263153,0.105263,-1.315789,1.549979,1.549978,0.715792,-0.852629,0.389478,1.955268,2.680005,-0.002454,1.0,17.239759
1.32908,1.541739,-1.169585,-1.000005,-0.999997,1.031366,-0.074429,1.063264,2.570441,3.430092,-0.00248,-1.0,17.067362
0.704984,1.681122,-0.542305,-1.967028,-1.967029,2.158342,1.729925,2.617488,4.167561,5.125805,-0.003205,-1.0,16.731642
0.638632,1.436924,-0.106445,1.898048,1.89805,-0.21289,0.218191,0.464775,1.737615,2.910048,-0.002532,1.0,17.049217
1.931336,2.253219,-0.214587,-0.798308,-0.798312,0.515028,1.351936,0.965669,2.148609,3.459232,-0.003661,-1.0,16.913111
-2.215179,0.210976,-3.006329,1.716738,1.716739,-1.223623,-0.147676,-0.836847,0.145045,1.491565,-0.002424,1.0,17.203465
-0.052882,0.317287,-0.423057,-0.263708,-0.263709,-0.856688,-0.1798,-0.687469,0.182442,1.451083,-0.003596,0.0,17.158098
-0.578643,0.052604,-1.683319,0.528821,0.528829,-0.778544,-0.841671,-1.13976,-0.539199,0.679633,-0.002376,0.0,17.248835
-0.469979,0.36553,-0.835509,0.736454,0.736438,-1.127931,-1.608348,-1.486503,-1.349863,-0.365529,-0.001754,1.0,17.375862
-1.633486,0.051046,-2.041853,2.29765,2.297653,-2.378761,-3.369061,-3.168279,-3.54262,-2.719751,-0.000212,1.0,17.775099
1.448531,1.758924,-0.620802,-1.327208,-1.327211,-0.682871,-1.898596,-1.60027,-2.221929,-1.554055,-0.000745,-1.0,17.539186
1.490937,1.650687,-0.212998,-2.845313,-2.845309,2.087323,0.958464,1.036561,0.521828,1.118208,-0.001366,-1.0,17.040142
-0.052804,1.003157,-0.580787,0.85197,0.851976,1.150993,0.36958,0.066869,-0.29304,0.092916,-0.001062,1.0,17.18532
0.269978,0.539962,-1.025918,-2.217534,-2.217532,2.764574,2.499994,2.080628,2.089627,2.157662,-0.001447,-1.0,16.80423
1.5427,2.534441,-0.22038,-1.99784,-1.997854,3.272736,4.319568,3.955932,4.203866,3.942708,-0.002293,-1.0,16.468506
-2.393896,0.108819,-3.645267,1.267212,1.267219,0.946689,2.698592,2.430186,2.850932,2.454849,-0.000792,1.0,16.677198
1.089314,1.089314,-0.326808,-0.108803,-0.108795,0.599119,2.510882,2.378348,2.660664,2.376895,0.000871,0.0,16.659054
2.237148,2.237148,-0.335565,-2.61439,-2.614398,2.114101,4.63088,4.91798,5.027973,4.917234,-0.000169,-1.0,16.22352
-0.721827,0.444198,-1.332593,0.727075,0.72708,0.810656,3.24264,3.87192,3.931147,4.146583,-0.001131,1.0,16.341478
0.109775,0.493963,-0.823266,1.166013,1.166014,-0.274423,1.30077,2.521041,2.598795,2.987927,-0.002756,1.0,16.532022
0.938708,1.711756,-0.938708,-0.603721,-0.603719,0.033123,1.242398,2.830838,2.976246,3.514069,-0.002572,-1.0,16.432215
-4.394427,0.0,-5.466243,3.03699,3.036986,-2.593783,-1.806002,-0.289389,-0.099142,0.289389,-0.001161,1.0,16.931259
-2.079002,0.155925,-2.858623,3.108253,3.108251,-4.116421,-4.610186,-3.215522,-2.902805,-2.740123,0.001366,1.0,17.457525
-2.085453,0.661246,-2.49237,2.182952,2.182955,-4.486266,-6.068161,-5.110208,-4.755851,-4.730419,0.001641,1.0,17.838615
-1.644245,1.096168,-2.192332,2.085453,2.085448,-4.593917,-7.03039,-6.889218,-6.345289,-6.405577,0.002983,1.0,18.21063
-1.334656,0.0,-2.619867,0.79721,0.797216,-3.252598,-6.851212,-7.329051,-6.772123,-6.902622,0.004184,1.0,18.355808
1.5992,1.799105,-0.549725,-1.087494,-1.087498,-0.839579,-5.002497,-5.900381,-5.472263,-5.639179,0.002886,-1.0,18.156189
-0.398799,0.299113,-1.296112,0.24987,0.249876,-0.269192,-4.152541,-5.762712,-5.446162,-5.551346,0.003342,0.0,18.201557
1.017299,1.068164,-0.457782,-1.994013,-1.994016,1.759917,-1.363175,-3.458801,-3.392677,-3.452698,0.001729,-1.0,17.838615
1.132848,2.008234,-0.102987,-1.220753,-1.220751,2.348092,0.473736,-1.829732,-2.242537,-2.098871,0.001313,-1.0,17.62085
-0.102512,0.563819,-2.050226,0.46344,0.463434,1.13788,0.727834,-1.896461,-2.647358,-2.437722,0.001284,0.0,17.702511
0.051203,0.358418,-1.075274,0.102517,0.102517,0.542753,1.070146,-1.597545,-2.555046,-2.410653,0.001008,0.0,17.720659
0.676032,0.780026,-0.676027,-1.536103,-1.5361,1.24805,2.641705,0.405616,-0.95944,-0.842435,-0.000658,-1.0,17.448452
0.156408,0.834202,-0.625657,-0.26001,-0.26,1.011462,2.659009,1.074025,-0.529208,-0.577696,-0.000194,0.0,17.403086
0.735675,0.788224,-0.052554,-0.782059,-0.782074,1.397794,2.921702,2.154492,0.486073,0.08828,0.000703,-1.0,17.266981
-2.435307,0.253683,-2.942669,3.573295,3.5733,-1.897508,-0.892943,-0.828679,-2.643324,-3.287667,0.001886,1.0,17.883982
0.404654,0.809307,-0.404648,0.304419,0.304423,-1.952456,-1.315128,-0.755358,-2.5822,-3.380885,0.002982,0.0,17.938425
0.972359,1.330594,-0.153536,-1.163374,-1.163374,-0.48107,-0.419659,0.515174,-1.010756,-2.120787,0.003345,-1.0,17.729734
0.569658,0.569658,-0.621429,-1.177083,-1.177085,0.838948,0.585194,1.591579,0.504923,-0.791298,0.002282,-1.0,17.52104
-0.821355,0.770015,-1.64271,0.880378,0.880376,0.420946,-0.261806,0.503081,-0.048768,-1.383984,0.002713,1.0,17.675291
0.415584,1.090904,-0.259735,-1.180698,-1.180699,1.14286,0.794808,1.364504,1.441559,-0.024934,0.003336,-1.0,17.466599
1.369142,2.422333,-0.579258,-1.350649,-1.350652,1.706165,1.890474,2.394247,2.917329,1.47657,0.002433,-1.0,17.230686
-0.678851,0.36553,-1.671018,0.842549,0.842543,0.449092,0.997399,1.221941,2.033951,0.894004,0.002292,1.0,17.375862
-0.8822,0.674624,-1.556829,0.626632,0.626645,-0.217961,0.415149,0.456665,1.297349,0.52724,0.002827,1.0,17.484747
1.588988,2.59535,-0.317791,-2.023876,-2.023878,1.207628,2.40996,2.341105,3.074685,2.743647,0.000626,-1.0,17.130877
0.533333,1.066672,-0.266661,-0.688554,-0.688564,1.376004,2.608007,2.780452,3.394674,3.59254,-0.001024,-1.0,17.01292
-0.481799,0.910064,-0.856531,-0.373333,-0.373316,1.423972,2.408983,2.862232,3.426114,3.985,-0.002136,0.0,16.949408
0.704231,1.733489,-0.650049,-1.177736,-1.177752,1.885168,3.044431,3.810052,4.225365,5.055267,-0.003555,-1.0,16.749786
-0.541701,0.758402,-1.300108,0.0,0.0,1.007591,2.583975,3.550029,3.900337,4.795245,-0.003901,0.0,16.749786
0.596858,0.922409,-0.37981,-0.162508,-0.162492,0.683656,2.181214,3.501526,3.800858,4.609865,-0.003499,0.0,16.722569
1.559026,2.282862,-0.167032,-2.550195,-2.550212,2.438763,4.136981,5.560517,6.085759,6.841884,-0.004716,-1.0,16.296108
-0.11124,0.444933,-1.223582,0.111364,0.11137,1.546158,3.459398,4.779384,5.536708,6.271414,-0.003801,0.0,16.314257
-0.055668,0.668157,-1.057901,-0.11124,-0.111246,1.102457,2.912036,4.309587,5.30068,5.922062,-0.003319,0.0,16.296108
1.006154,2.124097,-0.391274,-0.389755,-0.38975,0.860819,2.543323,4.188564,5.352158,5.940755,-0.00369,0.0,16.232594
-2.702703,0.108108,-4.648654,3.409732,3.409738,-2.389199,-1.043252,0.399992,1.735128,2.248643,-0.002252,1.0,16.786083
-0.37715,0.592678,-0.538793,0.324319,0.324316,-2.05819,-1.465517,-0.172414,1.096445,1.713364,-0.001443,0.0,16.840523
0.918422,0.972453,-1.134527,-0.269391,-0.269392,-1.220966,-1.2912,-0.075639,1.02917,1.767691,-0.001447,0.0,16.795156
-0.432432,0.432432,-0.432432,-0.054025,-0.054022,-0.583788,-1.216224,-0.255863,0.802696,1.664859,-0.00113,0.0,16.786083
0.108289,1.082843,-0.378988,-0.162168,-0.162164,0.205738,-1.050356,-0.382608,0.739031,1.676228,-0.002754,0.0,16.758862
-0.37981,0.162773,-0.813885,-0.216562,-0.21656,0.347253,-0.835605,-0.329185,0.672804,1.766674,-0.002981,0.0,16.722569
2.048732,2.4917,-0.33222,-2.007602,-2.00761,1.849398,1.251388,1.458105,2.405872,3.486161,-0.003348,-1.0,16.386845
-0.387168,0.387168,-1.659287,0.110748,0.110747,1.261064,1.194689,1.124628,2.040926,2.997785,-0.002788,0.0,16.404993
-2.27027,0.0,-2.702703,2.323009,2.323012,-1.03784,-0.810814,-1.156762,-0.451357,0.434589,-0.002161,1.0,16.786083
-0.43196,1.187905,-1.943844,0.108108,0.108107,-1.090713,-0.577755,-1.241904,-0.761344,0.155503,-0.0016,0.0,16.80423
0.594916,1.622504,-0.48675,-0.161987,-0.161995,-0.865328,-0.421844,-1.060029,-0.705784,0.103843,-0.001084,0.0,16.777008
-0.537924,0.430339,-1.291017,0.540833,0.540835,-0.8284,-0.941363,-1.366325,-1.282947,-0.576654,-0.001215,0.0,16.867744
2.663707,3.718097,-0.332969,-3.066165,-3.06616,2.241951,1.920087,1.768402,1.656488,2.352937,-0.00282,-1.0,16.350552
2.117922,2.117922,-0.400681,-3.05217,-3.052178,4.281635,4.539222,4.785358,4.573565,5.190623,-0.003268,-1.0,15.851504
-1.344532,0.56023,-1.624655,2.175163,2.175175,1.310917,1.966381,2.539677,2.176464,2.633045,-0.002022,1.0,16.196302
-0.390843,0.893356,-1.395868,0.336134,0.336138,0.323833,1.33444,1.97654,1.68899,2.072574,-0.001714,0.0,16.250744
1.365959,1.42288,-0.17074,-1.898381,-1.898387,1.104153,3.016503,3.574272,3.545813,3.779165,-0.002027,-1.0,15.942242
0.745835,1.549059,-1.376931,-0.796813,-0.796814,1.239242,3.471026,3.993115,4.219734,4.325871,-0.002374,-1.0,15.815212
0.45584,1.424502,0.0,0.688462,0.688457,0.638188,2.222231,2.921187,3.390322,3.405136,-0.002004,1.0,15.924093
-1.502493,0.556489,-2.504168,2.393163,2.393166,-1.580407,-0.473007,0.330185,0.99611,0.879247,0.000146,1.0,16.305183
1.010674,1.291421,-0.729921,-0.890373,-0.890373,-0.808532,0.039308,0.999443,1.709719,1.64627,-0.00029,-1.0,16.160006
1.545512,2.747579,-0.057241,-1.90904,-1.909046,1.007448,1.345173,2.739946,3.37723,3.512318,-0.001072,-1.0,15.851504
1.380909,1.495972,-0.287681,-0.515169,-0.515169,1.472961,1.501735,3.003462,3.587468,3.910252,-0.001126,-1.0,15.769842
-1.858108,0.563069,-2.421171,2.186427,2.186433,-0.461718,-0.506758,0.52177,1.162724,1.641891,-0.001658,1.0,16.114639
-1.430143,0.110017,-1.485149,2.364865,2.364868,-2.530261,-2.623768,-1.925198,-1.254129,-0.642468,-0.000771,1.0,16.495729
-0.603076,0.383766,-0.603076,0.330033,0.330025,-2.379386,-2.763157,-2.339179,-1.631027,-1.026312,-0.00051,0.0,16.550169
0.942873,0.998325,-0.499168,-1.15131,-1.151312,-0.621189,-1.375489,-1.408765,-0.493623,0.008874,-0.000987,-1.0,16.359625
0.110077,0.990644,-0.38525,0.776478,0.776491,-0.517342,-1.728133,-2.113382,-1.235561,-0.836551,-0.000579,1.0,16.486656
2.142057,2.311161,-0.112745,-2.366538,-2.366538,1.871472,0.760983,0.360759,0.944186,1.395709,-0.001514,-1.0,16.096493
0.0,0.736967,-0.850335,-0.563703,-0.563719,1.836748,1.145136,0.850353,1.26702,1.782327,-0.000886,-1.0,16.005754
