-0.25542,0.197383,-0.452803,0.384608,0.384597,0.085928,0.813895,1.039525,1.685834,1.03008,0.002353,0.0,74.789688
0.034915,0.640134,-0.558655,-0.243816,-0.243817,0.2677,0.779804,1.119655,1.837184,1.329152,0.001326,0.0,74.607338
1.243785,1.551771,-0.225059,-1.74581,-1.745824,1.558892,2.134586,2.669218,3.328619,3.117768,0.000184,-1.0,73.304825
0.357146,0.369045,-0.83333,-0.49751,-0.497491,1.492852,2.20476,2.944446,3.469644,3.677145,0.000145,0.0,72.94014
0.0,0.850562,-1.193152,0.773812,0.773806,0.441815,1.14826,1.986221,2.362084,2.899473,0.000113,1.0,73.504555
1.085914,1.157511,-0.202871,-1.004133,-1.004112,0.904513,1.886616,2.712789,3.112751,3.79139,-0.000289,-1.0,72.766487
-0.586683,0.538798,-1.065613,-0.334136,-0.33417,0.66812,1.908546,2.673234,3.186086,3.944468,-0.000448,0.0,72.523323
1.153706,1.406079,-0.240352,-0.371166,-0.371132,0.7523,1.893988,2.663927,3.309685,4.015369,-0.00052,0.0,72.254166
-2.137654,0.164435,-2.290342,2.319433,2.319423,-1.263804,-0.564959,0.13624,0.858582,1.414607,0.000879,1.0,73.930046
1.359245,1.514243,-0.560392,-1.491656,-1.491637,0.045288,0.710594,1.407707,2.212324,2.66028,-9.2e-05,-1.0,72.827278
-0.44089,0.607724,-0.595806,0.05961,0.059599,0.014295,0.387264,1.165387,1.928017,2.37511,-0.001148,0.0,72.870682
-0.544065,0.378474,-0.697817,0.750721,0.750713,-0.487282,-0.522774,0.282272,0.944995,1.445764,-0.001131,1.0,73.417732
0.296736,1.234423,0.0,-0.354823,-0.354837,0.113963,-0.188712,0.462126,1.075973,1.650337,-0.002087,0.0,73.157219
-0.012013,0.576927,-1.021633,-1.246294,-1.24631,0.911088,0.97479,1.472784,2.081157,2.75051,-0.002695,-1.0,72.245453
1.082765,1.082765,-1.431669,-0.096147,-0.096121,0.827712,0.887871,1.355463,1.948984,2.673238,-0.002595,0.0,72.17601
0.662415,0.895489,-0.809612,-1.924935,-1.924917,2.217843,2.588308,2.967762,3.662275,4.386637,-0.002743,-1.0,70.786682
0.012139,0.425116,-0.437266,0.993627,0.993613,0.672892,1.434468,1.664028,2.407984,3.068132,-0.002205,1.0,71.490028
0.998782,1.619978,-0.487212,-0.279368,-0.27937,0.43118,1.583438,1.760456,2.427527,3.064554,-0.002102,0.0,71.290306
-0.494209,0.253133,-0.494209,1.047504,1.047499,-0.667783,0.267605,0.621992,1.15779,1.767602,-0.001543,1.0,72.037071
0.327317,0.848593,-0.218208,-0.566539,-0.56654,-0.254568,0.671602,1.020738,1.533524,2.131173,-0.001648,-1.0,71.628952
0.386847,0.640714,-0.544009,0.278825,0.278819,-0.241773,0.246622,0.652814,1.045099,1.678441,-0.001897,0.0,71.828667
0.351593,1.345772,-0.533465,-0.290133,-0.290121,0.084861,0.287334,0.861619,1.130571,1.794368,-0.002244,0.0,71.620277
0.366529,0.794138,-0.354307,-0.763828,-0.763831,0.794136,0.766037,1.527189,1.75199,2.351134,-0.002412,-1.0,71.073219
0.474799,0.59654,-0.900897,0.354308,0.354294,0.238628,0.281243,0.925266,1.27954,1.781851,-0.002143,0.0,71.325027
-0.961532,0.0,-1.141823,1.290477,1.290467,-0.86777,-0.986754,-0.414238,-0.097929,0.360122,-0.001427,1.0,72.245453
-1.476622,1.078165,-1.886794,2.560102,2.56011,-2.730572,-3.011828,-2.789943,-2.502038,-2.182573,-0.00029,1.0,74.095016
0.54143,0.953387,-0.200092,-0.433614,-0.433607,-1.723167,-2.279894,-2.334427,-1.992693,-1.801781,-0.000427,0.0,73.773735
-0.276814,0.219149,-0.69204,2.04802,2.048022,-2.576706,-3.710494,-4.106108,-3.758353,-3.667349,0.00014,1.0,75.284637
-0.61948,0.114717,-0.722722,0.5421,0.542092,-1.947916,-3.746694,-4.319516,-4.16082,-4.041283,0.000351,0.0,75.692749
-0.183071,0.72082,-0.240275,0.263857,0.263869,-1.244861,-3.438224,-4.244855,-4.211101,-4.167964,0.000674,0.0,75.892479
-0.510374,0.408303,-0.850629,0.881002,0.881006,-1.463089,-3.663384,-4.578281,-4.806626,-4.806624,0.00084,1.0,76.561096
2.053766,2.688361,-0.911505,-1.701259,-1.701253,0.636889,-1.512647,-2.592987,-3.036815,-3.013735,0.000354,-1.0,75.258598
0.18665,1.026595,-0.34998,-1.096108,-0.406638,0.95918,-0.592951,-1.869536,-2.52115,-2.473736,0.0008,0.0,74.952568
-0.233514,0.280207,-0.583771,-0.08166,-0.081656,0.827674,-0.035512,-1.535258,-2.264838,-2.342691,0.000939,0.0,74.891365
-0.720934,0.639538,-0.720934,0.408637,0.408623,0.232475,-0.049769,-1.619608,-2.461684,-2.614042,0.000817,0.0,75.197388
-0.035078,1.005613,-0.46772,-0.558143,-0.558132,0.318055,0.60251,-0.804519,-1.647378,-1.96544,0.000966,-1.0,74.777687
1.366251,2.205174,-0.958776,-2.432174,-2.432187,2.188406,2.99867,1.790565,0.905041,0.453229,0.000267,-1.0,72.958954
-0.109564,0.535674,-0.961774,-1.558009,-1.557994,2.93401,4.146704,3.471082,2.539048,1.968706,-0.000129,-1.0,71.822258
-0.219353,0.024377,-0.767729,-0.097396,-0.097378,2.159376,3.699047,3.611639,2.619153,2.040607,-0.000935,0.0,71.752319
-0.722716,0.397496,-1.228616,1.169875,1.169828,0.260202,2.045268,2.445374,1.498879,0.883615,-4.7e-05,1.0,72.591698
0.336578,0.673155,-0.637093,0.204776,0.204809,-0.50488,1.311443,2.111833,1.354094,0.784853,1e-06,0.0,72.740372
0.808103,1.194063,-0.084439,-0.336577,-0.336598,-0.296699,1.272471,2.339157,1.756768,1.180718,-0.000361,0.0,72.495529
-0.971103,0.438176,-1.575084,1.845372,1.845376,-1.558499,-0.714112,0.353792,0.099914,-0.514843,0.000372,1.0,73.833344
-0.011865,0.450767,-0.948995,-0.165797,-0.165787,-0.863592,-0.709378,0.3412,0.427984,-0.258801,0.000732,0.0,73.710938
0.658213,0.873627,-0.071802,-0.877823,-0.87783,0.143617,-0.122062,0.971732,1.373387,0.703069,0.000472,-1.0,73.063881
0.94511,0.957229,-0.460435,-1.232646,-1.232625,1.233476,0.762133,1.825584,2.50469,1.978399,0.000702,-1.0,72.163277
-0.060661,0.412468,-0.764281,-0.121167,-0.121192,1.239849,0.761868,1.654747,2.511282,2.12742,0.000331,0.0,72.075821
-1.202956,0.750354,-1.238686,1.856119,1.856131,-0.719391,-0.857553,-0.337464,0.515783,0.393865,0.001043,1.0,73.413643
-0.840136,0.331321,-1.195127,0.655077,0.655081,-1.315828,-1.212884,-1.076016,-0.260064,-0.120425,0.000912,1.0,73.894562
-2.46756,0.150599,-2.618167,2.141756,2.141756,-2.7456,-2.901997,-3.125585,-2.378967,-2.043476,0.001814,1.0,75.477203
0.05776,0.993416,-0.13862,0.28962,0.289611,-2.0931,-2.791957,-3.324474,-2.718028,-2.241759,0.001818,0.0,75.695793
1.21184,1.374971,-0.128176,-0.866351,-0.866363,-0.447434,-1.603342,-2.294711,-1.882414,-1.319919,0.001626,-1.0,75.039993
-1.04822,0.780338,-1.141398,0.04661,0.046636,-0.051257,-1.483822,-2.051413,-1.919998,-1.377088,0.001896,0.0,75.074989
0.810232,1.45608,-0.023491,-0.815277,-0.815285,0.922962,-0.573046,-1.003609,-1.142563,-0.632486,0.001506,-1.0,74.462914
1.128272,1.543947,-0.296912,-1.127298,-1.127306,1.570079,0.636589,0.218537,-0.122319,0.377187,0.0007,-1.0,73.623489
-0.071545,0.715476,-0.703558,-0.403796,-0.403794,1.33556,1.203197,0.678116,0.183641,0.607681,-0.000288,0.0,73.326202
0.699295,1.097174,-0.132626,-1.097065,-1.097064,1.765132,2.387267,1.797282,1.264769,1.572702,-0.000509,-1.0,72.521767
-1.021742,0.380183,-1.31876,1.482995,1.482993,-0.123556,0.916009,0.288311,-0.094447,0.014737,-0.000697,1.0,73.59726
0.584096,0.607943,-0.584095,-0.332659,-0.332669,-0.092971,1.178936,0.590468,0.348087,0.264645,-0.000989,0.0,73.352425
0.502639,1.46003,-0.047871,-0.393373,-0.393367,0.148399,1.248209,0.987721,0.776695,0.543808,-0.001208,0.0,73.063881
0.217654,1.015724,-0.266015,-1.029202,-1.029183,0.909298,1.83312,2.051581,1.795031,1.452952,-0.001844,-1.0,72.31192
-0.776227,0.254708,-1.200725,-0.302297,-0.302319,1.096429,1.733182,2.362655,2.075815,1.712565,-0.001378,0.0,72.093307
-0.036349,0.64219,-0.61796,0.097031,0.097055,0.600977,1.231052,2.147891,1.861127,1.632846,-0.00121,0.0,72.163277
0.060571,0.266539,-0.399809,0.012119,0.012073,0.261716,0.901406,1.976443,1.742214,1.643837,-0.001179,0.0,72.171989
0.775664,1.248332,-0.957461,-0.036345,-0.036333,0.043641,0.733255,1.705664,1.715564,1.656057,-0.001327,0.0,72.145767
-0.945656,0.239403,-1.484316,1.248332,1.248355,-0.98876,-0.547053,0.209871,0.521899,0.419433,-0.000725,1.0,73.046402
0.506336,0.687161,-0.289329,-0.706253,-0.706252,-0.16396,0.161537,0.69198,1.268231,1.135622,-0.00015,-1.0,72.53051
-0.203859,0.995326,-1.187189,0.530442,0.530446,-0.484484,-0.460497,-0.036784,0.699716,0.551617,0.000546,0.0,72.915245
-1.810953,0.514082,-1.834325,2.638202,2.638182,-2.329699,-2.820411,-2.572719,-1.82555,-1.972646,0.001458,1.0,74.838882
0.230917,0.323286,-0.49648,1.191734,1.191739,-2.533191,-3.612745,-3.534617,-2.965013,-2.986256,0.001465,1.0,75.730766
-0.723054,0.0,-0.998502,0.600388,0.600382,-2.29082,-3.67955,-3.860122,-3.511982,-3.354056,0.001597,1.0,76.18544
0.115161,0.437592,-0.253331,-0.332837,-0.332833,-1.068628,-2.852366,-3.239668,-3.131037,-2.82818,0.001599,0.0,75.93187
0.103432,0.21836,-0.72406,0.195769,0.195758,-0.429833,-2.527289,-3.211116,-3.254213,-2.877818,0.001049,0.0,76.080513
0.894699,1.192935,-0.172059,0.195378,0.195397,-0.259244,-2.185142,-3.148282,-3.32703,-2.944716,0.001169,0.0,76.229172
0.333066,0.436427,-0.459403,-0.126176,-0.126177,-0.027572,-1.537847,-2.757173,-3.040087,-2.787645,0.00142,0.0,76.132988
-1.741801,0.193541,-1.86703,0.884341,0.884346,-0.742264,-1.911435,-3.219495,-3.663483,-3.58197,0.002125,1.0,76.806267
0.330485,0.569801,-0.501427,-0.102454,-0.102472,-0.433041,-1.263811,-2.717561,-3.29059,-3.39509,0.002132,0.0,76.727562
3.374632,3.421831,0.0,-3.418803,-3.418799,2.558117,2.391741,0.90069,0.166965,-0.027842,0.000373,-1.0,74.104401
-0.03528,0.42338,-0.764438,0.330382,0.330401,1.714677,1.988694,0.763638,-0.095862,-0.363179,0.000265,0.0,74.349243
0.023494,0.387735,-0.681473,0.094087,0.094048,1.15852,1.716621,0.872618,-0.098674,-0.414031,-0.000418,0.0,74.419167
0.757395,1.242607,-0.08284,-0.716721,-0.716692,1.098216,2.139637,1.676521,0.728987,0.335142,-0.000753,-1.0,73.885811
0.463182,0.771973,-0.356289,-0.355033,-0.355037,0.615202,2.190024,2.137767,1.191806,0.752495,-0.000583,0.0,73.623489
-0.214797,0.143192,-0.5012,-0.475052,-0.475068,0.868743,2.294759,2.657923,1.750605,1.215762,-0.000756,0.0,73.273727
-0.539574,0.515588,-0.683453,-0.477328,-0.477283,0.961598,2.332102,2.975185,2.290134,1.677664,-0.000644,0.0,72.924004
-0.238782,0.6447,-0.811843,0.431655,0.431614,0.20536,1.497142,2.305801,1.925151,1.250246,-0.000124,0.0,73.238754
-0.65422,0.214107,-0.880216,0.370103,0.370111,-0.266441,0.674439,1.685897,1.580826,0.942073,0.000134,0.0,73.509819
-0.095275,0.357266,-0.654999,-0.118947,-0.118961,-0.20244,0.344183,1.579148,1.762547,1.134704,0.00046,0.0,73.422371
-0.273154,0.178148,-0.783843,0.273903,0.273919,-0.380044,0.004752,1.079178,1.53266,0.937767,5.7e-05,0.0,73.623489
-0.083802,0.754226,-0.275345,-0.795722,-0.795742,0.450148,0.627335,1.598645,2.223769,1.794822,-9.8e-05,-1.0,73.037636
0.832834,1.255282,-0.265541,-0.81408,-0.814065,1.054916,1.18045,2.092942,2.835851,2.646715,-0.000238,-1.0,72.443062
-0.562732,0.44301,-1.28113,0.808689,0.808708,0.11253,0.251423,0.929105,1.794766,1.822304,0.000375,1.0,73.028915
-0.342265,0.259641,-0.778948,1.448762,1.44876,-1.137748,-1.117685,-0.74985,0.216552,0.452242,0.000959,1.0,74.086929
-1.133048,0.280338,-1.471794,1.038591,1.038584,-1.824559,-1.922679,-1.70308,-0.895347,-0.476589,0.001272,1.0,74.856384
-1.368275,0.20872,-1.600182,0.735892,0.735886,-1.913259,-2.309834,-2.327613,-1.673817,-1.17347,0.001514,1.0,75.407242
0.571426,1.166181,-0.069969,-0.56818,-0.568193,-0.676368,-1.519523,-1.719716,-1.18891,-0.648852,0.001336,-1.0,74.978783
-0.243421,0.255014,-0.77663,0.60641,0.606424,-0.637529,-1.858119,-2.175339,-1.875506,-1.287584,0.001122,1.0,75.433472
-0.605703,0.163075,-1.048341,-0.486842,0.210119,-0.447668,-1.776887,-2.20685,-2.156365,-1.512548,0.001428,0.0,75.591972
-1.179297,0.480886,-1.225096,1.735583,1.735589,-1.613515,-3.025989,-3.560485,-3.643542,-3.149896,0.00183,1.0,76.903938
0.02281,0.114032,-0.581522,0.412183,0.412175,-1.547638,-2.882322,-3.585391,-3.853131,-3.496078,0.001088,0.0,77.220917
-1.446676,0.0,-1.827966,1.67617,1.676174,-2.269825,-3.709968,-4.726801,-5.177304,-4.965618,0.001249,1.0,78.515274
0.465616,1.06256,-0.847659,-6.067059,-6.067055,3.586429,2.607333,1.448686,0.938128,1.006911,-0.000973,-1.0,73.751709
-1.431443,0.556017,-1.656219,0.91929,0.919293,2.330528,1.718718,0.614798,0.072823,-0.036672,-0.000556,1.0,74.429703
-0.530845,0.011799,-1.368404,0.283921,0.283907,1.434479,1.401895,0.420836,-0.118895,-0.290914,-0.000527,0.0,74.641014
0.261036,0.533939,-0.154244,-0.578032,-0.578023,1.212623,1.830038,1.109947,0.548414,0.28125,-0.000785,-1.0,74.209572
-0.190313,0.035682,-0.927797,-0.249168,-0.249198,0.252193,1.955536,1.504978,0.852688,0.510455,-0.000826,0.0,74.024643
0.814469,1.030064,-0.335368,-0.689904,-0.689891,0.883945,2.402694,2.254102,1.553576,1.18845,-0.00135,-1.0,73.513954
0.09597,1.091646,0.0,-0.155704,-0.155704,0.760557,2.263682,2.351126,1.710386,1.334043,-0.001368,0.0,73.39949
0.227304,0.251235,-0.945081,0.275906,0.275919,0.200975,1.533675,1.95588,1.429062,1.073054,-0.000136,0.0,73.602013
-0.095364,0.119203,-0.524499,0.358898,0.358903,-0.250342,0.716406,1.452179,1.122415,0.762617,-0.000127,0.0,73.866173
-0.5235,0.166566,-0.820942,0.190731,0.190698,-0.444959,-0.084456,1.171543,1.035608,0.612356,-9.5e-05,0.0,74.007034
0.094992,0.166231,-0.439329,0.202258,0.202283,-0.472578,-0.231543,0.852525,0.907685,0.444139,0.000212,0.0,74.156738
0.358631,0.932454,-0.179321,-0.676798,-0.676788,0.274942,0.343079,1.364401,1.565939,1.141191,0.000104,-1.0,73.654854
-0.854702,0.094969,-0.87844,0.705315,0.705307,-0.273029,-0.422606,0.409147,0.808629,0.462537,0.000498,1.0,74.174347
0.047534,0.380272,-0.392159,-0.106833,-0.106848,-0.104568,-0.331546,0.235303,0.827911,0.627081,0.000621,0.0,74.095093
0.155045,0.512822,-0.369704,-0.356511,-0.356505,0.205137,-0.001187,0.170947,1.11092,1.062297,0.000359,0.0,73.83094
-0.878858,0.059386,-1.425175,0.417411,0.417427,-0.216157,-0.332549,-0.210618,0.603319,0.702089,0.000374,0.0,74.13913
0.286531,0.525304,-0.238782,-0.522559,-0.522559,0.334277,0.238766,0.252294,1.007032,1.212901,0.00024,-1.0,73.751709
0.310487,0.441847,-0.286599,-0.023883,-0.023876,0.238824,0.280619,0.194238,0.816204,1.176189,0.000141,0.0,73.7341
0.011901,1.106616,-0.356976,0.358255,0.35824,-0.145166,-0.059496,-0.182456,0.238576,0.738866,0.000525,0.0,73.998245
0.525879,0.991995,-0.227077,-0.44027,-0.440278,0.253391,0.33705,0.227092,0.353183,1.113432,0.00065,0.0,73.672447
0.604741,1.245766,-0.266087,-1.183217,-1.183205,1.086114,1.352198,1.361872,1.489472,2.179482,-1.4e-05,-1.0,72.800751
1.132489,1.18119,-0.304433,-0.677306,-0.677312,1.376034,1.857036,1.952425,2.034822,2.69459,-0.000723,-1.0,72.307663
-0.796327,0.084459,-1.061772,0.925468,0.925444,0.238921,0.758954,0.960451,0.985184,1.537671,-0.000761,1.0,72.97683
0.0,0.63981,-0.627961,1.833983,1.833999,-1.481044,-1.026062,-0.817531,-0.826419,-0.447389,-0.000395,1.0,74.315224
0.521577,0.557137,-0.414887,-0.047395,-0.04739,-1.270747,-0.91868,-0.746007,-0.762209,-0.628259,-0.000221,0.0,74.280006
-0.283451,0.307077,-0.401554,0.367469,0.367481,-1.16217,-1.225942,-1.07398,-1.055871,-0.949104,-0.000301,0.0,74.552971
0.047283,0.685582,-0.082741,-0.082674,-0.082697,-0.494082,-1.044904,-0.917243,-0.900694,-0.863816,-0.000398,0.0,74.491318
0.534121,0.997028,-0.261129,-0.413709,-0.413695,0.244507,-0.573298,-0.504848,-0.449853,-0.476679,-0.001115,0.0,74.183151
-0.083462,0.095379,-0.7154,-0.451035,-0.451038,0.572311,-0.143084,-0.07631,-2e-06,-0.045311,-0.001402,0.0,73.848557
-0.262,0.488265,-1.024175,0.11923,0.11923,0.359651,-0.226274,-0.18578,-0.123853,-0.169109,-0.001921,0.0,73.936607
-0.580507,0.201396,-0.841141,0.524,0.524002,-0.225098,-0.541413,-0.689497,-0.633223,-0.6459,0.000276,0.0,74.324036
-0.514622,0.09357,-0.666667,1.291311,1.291281,-1.286525,-1.414012,-1.819856,-1.791785,-1.812369,0.0004,1.0,75.283768
-0.453013,0.511097,-0.615633,0.690054,0.690077,-1.535598,-1.716801,-2.310753,-2.357408,-2.369139,0.000535,1.0,75.803284
-0.520709,0.520719,-0.57857,0.383322,0.383345,-1.321471,-1.858382,-2.50021,-2.59895,-2.62487,0.000856,0.0,76.093872
0.879456,1.102254,-0.187613,-1.319138,-1.31915,0.304871,-0.438561,-1.070988,-1.213066,-1.265482,0.000499,-1.0,75.09008
-0.233723,0.151919,-0.853107,0.340057,0.340056,0.236057,-0.670801,-1.181105,-1.467807,-1.53699,0.000842,0.0,75.345428
-0.44161,0.209181,-0.557819,0.560948,0.560944,-0.195236,-1.056366,-1.427858,-1.884373,-1.974669,0.001081,1.0,75.768074
-1.007092,0.537882,-1.075755,1.545606,1.545614,-1.419088,-2.20417,-2.584883,-3.169495,-3.322961,0.001504,1.0,76.939156
0.345148,0.839857,-0.621262,-0.526435,-0.526459,-0.782311,-1.335695,-1.876038,-2.491356,-2.68383,0.001209,-1.0,76.534103
-1.315636,0.328911,-1.723938,1.438104,1.438113,-1.533396,-2.258132,-2.979086,-3.618571,-3.86752,0.001625,1.0,77.63475
-0.045695,0.342695,-0.319853,-0.714525,-0.714513,-0.374695,-1.197177,-2.062304,-2.64737,-3.023082,0.001319,-1.0,77.08004
-1.214441,0.202408,-1.25942,1.587844,1.58783,-1.284153,-2.355778,-3.268482,-3.786119,-4.306302,0.002074,1.0,78.30394
-0.722544,0.122278,-0.76701,1.158213,1.158216,-1.840819,-3.043569,-3.952864,-4.494216,-5.125385,0.002225,1.0,79.210869
-1.000994,0.076998,-1.011996,1.05603,1.056044,-1.988794,-3.562878,-4.440303,-5.134212,-5.814556,0.002613,1.0,80.047371
-0.175539,0.570484,-0.493697,0.263995,0.263992,-1.592984,-3.1728,-4.166767,-5.011528,-5.734293,0.00282,0.0,80.25869
0.297123,0.616262,-0.341152,-0.307185,-0.307177,-0.556852,-2.291201,-3.397545,-4.377699,-5.083323,0.002578,0.0,80.012154
-0.022015,0.176071,-0.649284,0.0,0.0,-0.129863,-1.760772,-3.003572,-4.0327,-4.698157,0.002752,0.0,80.012154
0.20923,0.407446,-0.385419,-0.066034,-0.066042,0.123343,-1.318138,-2.592959,-3.608085,-4.285874,0.002738,0.0,79.959312
0.600869,0.64537,-0.600869,-1.035123,-1.035129,0.939142,0.042285,-1.3182,-2.266052,-3.041283,0.002274,-1.0,79.13163
0.200401,0.478735,-0.256072,-0.055639,-0.055631,0.699179,0.281673,-0.926301,-1.886,-2.744161,0.002402,0.0,79.087608
1.74865,1.872748,-0.293324,-1.31374,-1.313744,1.536557,1.740753,0.623497,-0.341268,-1.270307,0.002359,-1.0,78.048599
-0.17992,0.337347,-0.202406,0.327167,0.327156,0.769154,1.408987,0.511274,-0.473395,-1.397494,0.002693,0.0,78.30394
-0.403859,0.762846,-0.527262,0.23614,0.236148,0.157058,1.078087,0.406106,-0.536792,-1.410363,0.002464,0.0,78.488853
-0.501613,0.100328,-1.136994,0.639444,0.639445,-0.514993,0.302089,-0.024521,-0.985395,-1.77639,0.002065,1.0,78.990746
-1.215333,0.099432,-1.347918,0.891766,0.891778,-1.241866,-0.655186,-0.735841,-1.571662,-2.355554,0.002378,1.0,79.695168
0.411618,1.524088,-0.077872,-0.68501,-0.685021,-0.282567,-0.078983,0.123117,-0.652463,-1.438202,0.002028,-1.0,79.149239
-0.772965,0.165637,-0.772965,0.745354,0.745355,-0.660333,-0.852472,-0.49764,-1.13847,-1.943903,0.002304,1.0,79.739182
-1.655672,0.854878,-1.655672,2.042851,2.04285,-1.94135,-2.664218,-2.312882,-2.845475,-3.633376,0.003123,1.0,81.368134
-0.130424,0.923812,-0.336925,-0.432856,0.217841,-1.527941,-2.579792,-2.402753,-2.749388,-3.575436,0.003345,0.0,81.545387
0.776465,0.896763,-0.470254,-0.619498,-0.619498,-0.58216,-1.731571,-1.73008,-1.933057,-2.680676,0.003099,-1.0,81.040215
1.103753,1.379691,-1.059602,-0.91864,-0.918641,0.625172,-0.540608,-0.795416,-0.823579,-1.531767,0.002618,-1.0,80.295746
1.059791,1.316378,-0.323517,-1.059602,-1.059592,1.628732,0.668163,0.219407,0.310351,-0.292104,0.001835,-1.0,79.444939
0.248637,0.678118,-0.485986,-1.294061,-1.294065,2.208404,1.978774,1.402182,1.574823,1.090474,0.001173,-1.0,78.41687
2.100505,2.112104,-0.336545,-2.610765,-2.610783,3.592914,4.36937,3.87943,4.057023,3.791861,0.000175,-1.0,76.369576
0.525793,1.117315,-2.431812,5.941747,5.94175,-2.249966,-1.334379,-1.796717,-1.73894,-1.867521,0.002596,1.0,80.907265
-1.157131,0.216283,-1.211207,1.292584,1.2926,-3.092901,-2.251329,-2.732275,-2.874438,-2.881949,0.002913,1.0,81.953072
0.761416,1.478698,-0.36416,-2.000647,-2.000651,-0.898261,-0.184289,-0.579752,-0.872866,-0.799205,0.002059,-1.0,80.313477
-1.791843,0.697426,-2.650208,2.847047,2.847024,-2.628739,-2.798261,-3.000102,-3.457066,-3.38117,0.002493,1.0,82.600021
-1.863486,0.83058,-2.023216,0.76181,0.761832,-1.716545,-3.330854,-3.393983,-3.940833,-3.958754,0.002922,1.0,83.229294
1.428262,1.64467,-0.508549,-1.586632,-1.586649,0.112544,-1.66629,-1.656307,-2.219927,-2.329769,0.001914,-1.0,81.908737
-0.021618,0.162164,-1.091894,0.086564,0.086578,0.032428,-1.545947,-1.511205,-2.064752,-2.318257,0.002181,0.0,81.979652
0.304479,0.598089,-0.978687,-0.583785,-0.583784,0.91126,-0.71553,-0.788748,-1.293524,-1.671584,0.001457,-1.0,81.501068
-2.014281,0.426304,-2.174146,2.033496,2.033502,-0.965585,-2.124065,-2.622481,-2.979958,-3.477366,0.001749,1.0,83.158394
-0.737857,0.390002,-1.04354,1.108389,1.108385,-1.848852,-2.279969,-3.48899,-3.740875,-4.300063,0.001767,1.0,84.080109
0.497356,0.50794,-0.920638,-0.390011,-0.390017,-1.024333,-1.557669,-2.895234,-3.121774,-3.702575,0.001549,0.0,83.752182
-0.358041,0.400165,-0.716091,0.486771,0.486784,-0.985682,-1.772333,-3.05954,-3.293392,-3.878604,0.001813,0.0,84.159874
-0.89425,0.488719,-1.039825,1.27422,1.274208,-1.355925,-2.431108,-3.826553,-4.18789,-4.762831,0.002238,1.0,85.232246
-0.853189,0.312145,-1.040474,-0.062386,-0.062381,-0.819895,-2.067425,-3.237267,-3.904382,-4.389212,0.002239,0.0,85.179077
-0.714658,0.134642,-0.735378,0.457811,0.457805,-0.923873,-2.240289,-2.961505,-4.107197,-4.51742,0.002737,0.0,85.569031
-0.735294,0.393542,-0.735294,0.010352,0.01036,-0.507457,-1.821666,-2.607707,-3.852011,-4.252347,0.002759,0.0,85.577896
-0.020785,1.517513,-0.103937,-0.362468,-0.36248,0.114341,-1.07888,-1.994241,-3.210676,-3.616994,0.003076,0.0,85.267693
-0.423025,0.619066,-1.671477,0.737968,0.737969,-0.464294,-1.291778,-2.278848,-3.544152,-4.036309,0.003213,1.0,85.896942
-0.399999,0.461535,-0.594874,0.598434,0.598436,-0.771281,-1.50256,-2.56615,-3.655381,-4.373738,0.003334,1.0,86.41098
0.236337,0.945333,-0.143855,-0.184615,-0.18461,-0.429516,-1.068642,-2.152351,-2.904338,-3.978628,0.003059,0.0,86.251457
0.446004,0.591224,-0.611974,-0.935055,-0.935051,0.479191,0.063262,-0.952884,-1.722341,-2.866102,0.00245,-1.0,85.444962
-0.555548,0.73046,-0.884775,0.81941,0.819388,-0.13373,-0.519531,-1.43551,-2.277761,-3.383933,0.002951,1.0,86.145088
0.527406,0.972081,-0.186143,-0.514403,-0.514391,0.337128,0.049642,-0.599098,-1.458113,-2.592342,0.002532,-1.0,85.701965
-0.350628,0.567182,-0.690933,0.279218,0.279219,-0.051564,-0.140251,-0.659997,-1.538104,-2.513354,0.001944,0.0,85.941261
0.010385,0.373793,-0.737203,-0.680626,-0.680616,0.423625,0.519149,0.120438,-0.738766,-1.424157,0.001644,-1.0,85.356331
0.185529,0.453517,-0.474128,0.737202,0.737185,-0.185523,-0.169029,-0.439074,-1.228086,-1.909286,0.002096,1.0,85.985565
0.176401,0.549963,-0.508463,-0.669959,-0.669946,0.315443,0.5209,0.32997,-0.361115,-1.085822,0.002179,-1.0,85.409508
-0.665985,0.563529,-0.963109,1.276326,1.276308,-0.764332,-0.676217,-0.836735,-1.327854,-2.046297,0.002958,1.0,86.499596
0.752185,0.844925,-0.566721,-0.563519,-0.563502,-0.18548,-0.15972,-0.21021,-0.60279,-1.332516,0.003201,-1.0,86.012169
-0.113696,0.051683,-0.919896,-0.309122,-0.309116,0.214976,0.090945,0.112994,-0.197427,-0.909158,0.003969,0.0,85.746292
0.258158,1.104924,-0.227172,0.093019,0.093016,0.084675,0.042333,0.039235,-0.169355,-0.818673,0.002019,0.0,85.82605
-0.537076,0.433793,-0.537076,-0.020648,-0.020669,0.198317,0.023767,0.101918,-0.052664,-0.619694,0.001581,0.0,85.808311
1.663002,2.217343,-0.575257,-1.249741,-1.24972,1.050094,1.1756,1.277402,1.182921,0.790703,0.001832,-1.0,84.735947
0.062898,0.901563,-0.199184,-0.230104,-0.230109,0.935109,1.243316,1.363523,1.378549,1.088582,0.000806,0.0,84.540962
0.334483,0.815302,-0.125426,0.293531,0.293549,0.413908,0.880092,0.951865,1.035834,0.826155,0.00065,0.0,84.789131
-0.3008,0.248935,-0.736445,0.773499,0.773485,-0.446017,0.04252,0.177011,0.252556,0.131511,0.001437,1.0,85.444962
0.052056,0.708038,-0.822575,-0.383781,-0.383778,-0.224907,0.39358,0.48243,0.629936,0.562256,0.00128,0.0,85.117043
-0.519697,0.031181,-1.153727,0.177007,0.176992,-0.276464,0.071731,0.270945,0.415246,0.386247,0.001533,0.0,85.267693
-0.328575,0.24643,-0.739297,1.226484,1.226489,-1.074024,-1.105857,-0.915216,-0.807061,-0.77749,0.001264,1.0,86.313492
0.774393,0.774393,-0.443986,-0.554473,-0.554464,-0.278784,-0.544143,-0.325593,-0.27827,-0.211879,0.00071,-1.0,85.834915
-1.247586,0.760726,-1.460588,1.796591,1.796587,-1.59651,-2.121916,-1.978562,-1.92768,-1.890658,0.001439,1.0,87.377014
1.513288,1.840486,0.0,-0.801291,-0.801297,-0.44172,-1.231081,-1.089297,-1.104806,-1.03313,0.00101,-1.0,86.676865
-0.639916,0.446929,-1.178259,0.664616,0.664603,-0.643967,-1.5947,-1.684762,-1.66885,-1.624361,0.000806,1.0,87.252922
-0.482941,0.231416,-0.613744,0.954801,0.954809,-1.181202,-2.122942,-2.45765,-2.477103,-2.478714,0.001145,1.0,88.086021
0.633991,1.267982,-0.322029,-0.020119,-0.020111,-0.654129,-1.73091,-2.262256,-2.303516,-2.376577,0.000986,0.0,88.068306
-0.871652,0.270518,-0.871652,0.442785,0.442786,-0.847615,-1.823467,-2.49474,-2.594429,-2.670676,0.00113,0.0,88.45826
-2.523625,0.126673,-2.679528,2.825367,2.82538,-2.630823,-3.878996,-4.796528,-4.965907,-5.133403,0.002193,1.0,90.957542
-0.614339,0.633831,-0.916628,-0.077944,-0.077956,-1.755244,-3.185769,-4.271091,-4.650418,-4.831209,0.001921,0.0,90.886635
0.704709,1.1843,-0.254472,-0.370556,-0.370555,-0.845646,-2.357836,-3.472643,-4.045219,-4.273662,0.001598,0.0,90.54985
0.494511,0.94946,-0.692312,-1.037484,-1.037489,0.538033,-0.912866,-2.101999,-2.823655,-3.080208,0.001314,-1.0,89.610405
-1.377084,0.839927,-1.396621,1.265946,1.265941,-0.214855,-1.78044,-2.936477,-3.767449,-4.082031,0.002047,1.0,90.74482
-0.330125,0.203902,-1.106904,0.585994,0.585987,-0.726272,-1.848711,-3.052063,-4.028531,-4.383712,0.00197,1.0,91.276573
0.635637,1.427732,-0.264037,-0.708803,-0.708771,-0.074341,-0.775493,-1.965598,-3.018305,-3.518892,0.001905,-1.0,90.629631
-0.344997,0.640711,-0.473136,-0.792103,-0.79212,0.581567,0.219815,-0.91605,-1.945291,-2.57506,0.001548,-1.0,89.911736
-0.58377,0.048651,-1.780504,1.310993,1.310998,-0.395024,-0.745285,-1.813589,-2.868268,-3.601095,0.002212,1.0,91.090477
0.126826,0.575606,-1.209754,-0.272426,-0.272434,-0.101461,-0.211705,-1.291056,-2.305853,-3.116877,0.001875,0.0,90.842316
-0.301173,0.213739,-0.699505,0.419512,1.010801,-0.995644,-1.122761,-1.909479,-2.921462,-3.826904,0.002435,1.0,91.760551
0.213946,0.593212,-0.223674,-0.097151,-0.097154,-0.67208,-0.940998,-1.49276,-2.47778,-3.430755,0.001977,0.0,91.671402
0.253315,0.331259,-1.06196,-0.184774,-0.184777,-0.140611,-0.653561,-1.061521,-2.013728,-2.947685,0.002104,0.0,91.502014
-0.877619,0.433983,-0.896904,1.022996,1.022984,-0.860247,-1.35367,-1.748248,-2.648795,-3.599475,0.002548,1.0,92.438065
0.174116,1.199464,-0.193458,-0.298973,-0.298968,-0.276642,-0.904126,-1.185731,-2.097292,-3.018884,0.002417,0.0,92.161705
0.702886,2.013681,-0.465424,1.837882,1.837884,-1.629938,-2.417745,-2.7632,-3.481726,-4.396694,0.003037,1.0,93.85553
0.324765,0.563566,-1.337282,-0.560407,-0.560412,-0.720221,-1.578511,-2.040701,-2.61223,-3.512379,0.003266,-1.0,93.329552
0.700169,1.112599,-0.968734,-0.410736,-0.410729,-6e-06,-0.84612,-1.464811,-1.949128,-2.828998,0.003206,0.0,92.94622
-0.484332,0.189931,-1.396012,0.997507,0.997509,-0.681868,-1.528969,-2.135256,-2.608338,-3.446191,0.003441,1.0,93.873367
-0.161289,0.79696,-0.388998,0.094966,0.094968,-0.392795,-1.290328,-1.999812,-2.407845,-3.257454,0.003215,0.0,93.962517
0.123724,0.685258,-0.418771,-0.313095,-0.313084,-0.11993,-0.776638,-1.521795,-1.956638,-2.655054,0.003238,0.0,93.668335
-0.076185,0.542805,-0.26664,-0.057103,-0.057113,-0.001904,-0.512337,-1.252931,-1.754896,-2.327592,0.00316,0.0,93.614838
0.133952,0.267897,-0.679295,-0.466627,-0.466624,0.51665,0.133942,-0.5563,-1.153283,-1.651101,0.002596,0.0,93.178009
0.327328,0.577643,-0.259945,-0.621885,-0.621885,0.870317,0.777888,0.17457,-0.373374,-0.839962,0.002573,-1.0,92.598549
-0.497042,0.038235,-1.137453,0.722056,0.72206,-0.001916,0.173954,-0.370239,-0.952359,-1.344582,0.002215,1.0,93.267166
-0.37164,0.076229,-0.752811,0.305868,0.305856,-0.331612,-0.163898,-0.546342,-1.132743,-1.534456,0.002584,0.0,93.552429
-0.095183,0.228446,-0.723391,0.114347,0.114344,-0.435931,-0.242707,-0.518426,-1.083919,-1.528499,0.002401,0.0,93.659401
-0.461392,0.282489,-0.517886,1.085093,1.085106,-1.188325,-1.130885,-1.362841,-1.894148,-2.411234,0.002444,1.0,94.675705
-0.606628,0.989265,-1.241252,0.894543,0.894528,-1.452164,-1.834802,-2.022081,-2.531958,-3.02888,0.002749,1.0,95.522606
0.300384,0.47874,-0.215898,-0.578631,-0.578619,-0.520046,-1.15742,-1.254734,-1.747397,-2.286567,0.002409,-1.0,94.969894
1.428708,1.666825,-0.904845,-1.445603,-1.44561,0.948664,0.284795,0.175261,-0.20811,-0.754126,0.000985,-1.0,93.597
-0.924263,0.018866,-1.754221,0.990572,0.990573,0.14147,-0.602657,-0.723062,-1.036026,-1.562781,0.001341,1.0,94.524147
0.028465,0.13284,-0.635732,-0.603603,-0.603601,0.59588,0.0835,-0.048706,-0.304583,-0.792926,0.001263,-1.0,93.953598
3.180389,3.200079,-0.827094,-3.634122,-3.634125,3.288699,3.63037,3.475128,3.350241,2.923991,0.000398,-1.0,90.539207
-1.360803,0.116644,-1.360803,1.299723,1.299731,1.253884,2.131606,1.984188,1.999902,1.641522,0.000409,1.0,91.715973
-0.174622,0.776091,-0.552969,0.194406,0.194411,0.686835,1.752995,1.657602,1.695275,1.450124,0.000279,0.0,91.894279
-0.845907,0.115354,-0.845907,0.921611,0.921604,-0.617129,0.72479,0.666474,0.734885,0.569835,0.000822,1.0,92.74118
0.50154,0.771608,-0.212192,-0.33644,-0.336449,-0.61149,0.821765,0.952296,1.04698,0.949467,0.000974,0.0,92.429153
0.602463,0.923134,-0.058309,-0.742666,-0.742674,0.39453,1.164134,1.645461,1.686923,1.674484,0.000289,-1.0,91.742706
-0.308879,0.067568,-1.003861,0.670483,0.6705,-0.135137,0.207527,0.902829,0.92278,1.005791,0.000604,1.0,92.357841
0.655384,0.73364,-0.665167,-1.322389,-1.322404,1.036883,1.280454,2.078328,2.136369,2.240057,-0.000174,-1.0,91.136497
-1.291446,0.173477,-1.686584,1.496624,1.496646,-0.505025,-0.431777,0.48958,0.570055,0.696598,0.000357,1.0,92.500488
-1.024021,0.076564,-1.378118,0.703543,0.703534,-1.045076,-1.213512,-0.321561,-0.133982,0.001917,0.000653,1.0,93.15126
0.105455,0.757358,-0.230081,-0.172265,-0.172259,-0.60589,-0.779412,-0.33107,0.059433,0.136513,0.000255,0.0,92.990799
-2.019443,0.149592,-2.047496,2.540505,2.540503,-2.440166,-2.856211,-2.773626,-2.310213,-2.286091,0.001201,1.0,95.353233
-1.016822,0.16639,-1.10926,1.140614,1.140618,-2.44038,-3.480318,-3.673514,-3.262164,-3.27307,0.000969,1.0,96.440849
-0.928737,0.50575,-1.002295,0.5269,0.526894,-2.034022,-3.552186,-4.011649,-3.599542,-3.642484,0.001331,0.0,96.94899
-0.74101,0.173819,-0.832491,0.514941,0.51494,-1.654008,-3.53124,-4.264324,-3.951148,-3.960844,0.00164,0.0,97.448219
0.22081,0.266815,-0.331217,-0.567191,-0.5672,-0.287048,-2.44916,-3.280884,-3.332408,-3.235618,0.001118,-1.0,96.895493
1.706516,1.734644,-0.196906,-1.876898,-1.876895,1.562123,-0.29723,-1.195183,-1.477728,-1.308576,0.000461,-1.0,95.076866
-0.206045,0.430838,-0.655612,0.112513,0.112511,1.18386,0.015933,-1.075824,-1.505095,-1.350932,0.000603,0.0,95.183838
-0.290233,0.065536,-1.011137,0.037465,0.037472,0.782696,0.264022,-0.939362,-1.505475,-1.322347,0.000634,0.0,95.219505
-0.149992,0.309367,-0.628104,-0.131074,-0.131067,0.419978,0.599976,-0.622486,-1.316214,-1.175219,0.000746,0.0,95.094704
-0.79085,0.111644,-1.33048,0.759356,0.759339,-0.561961,0.136776,-1.087948,-1.784511,-1.907697,0.001207,1.0,95.816795
-0.242426,0.158506,-0.522143,-0.213996,-0.213968,-0.236847,0.378537,-0.648969,-1.370181,-1.670508,0.000895,0.0,95.611778
-1.215939,0.137138,-1.590783,1.986011,1.986,-1.702323,-1.466452,-2.147867,-3.002839,-3.424762,0.001455,1.0,97.510628
0.432066,0.983636,-0.450449,-0.548545,-0.548568,-0.797923,-0.920191,-1.300468,-2.249479,-2.790938,0.001234,-1.0,96.975716
0.695668,1.419162,-0.75132,-0.891709,-0.891691,0.306094,-0.16789,-0.207155,-1.178463,-1.826547,0.000575,-1.0,96.110992
-0.885281,0.40575,-1.005168,0.584365,0.584357,-0.099589,-0.77093,-0.53301,-1.497598,-2.143116,0.000472,1.0,96.672623
0.02765,0.258022,-0.617397,0.073769,0.073774,0.060818,-0.671763,-0.510502,-1.343527,-2.007368,0.000689,0.0,96.743942
-0.404489,0.091927,-0.965247,0.239589,0.239575,-0.288648,-0.724384,-0.711514,-1.278252,-2.031976,0.001251,0.0,96.975716
0.009204,0.331279,-0.644149,-0.101122,-0.101111,-0.207969,-0.452743,-0.615929,-0.95242,-1.762028,0.000887,0.0,96.877663
-0.082437,0.531283,-0.146557,0.460109,0.460113,-0.41587,-0.679676,-1.079664,-1.191719,-2.010809,0.001241,0.0,97.32341
-0.219056,0.355968,-0.237308,0.357241,0.357234,-0.565899,-0.843368,-1.378844,-1.303845,-2.116824,0.002572,0.0,97.671082
-1.062297,0.072022,-1.25135,1.387371,1.387383,-1.465622,-1.85543,-2.462499,-2.46895,-3.1869,0.002601,1.0,99.026154
0.018152,0.263247,-0.535588,-0.82823,-0.828226,-0.392169,-0.964977,-1.442764,-1.564557,-2.090427,0.00226,-1.0,98.205994
0.685182,0.840488,-0.054812,-0.635444,-0.635454,0.389187,-0.269505,-0.651074,-0.902613,-1.255983,0.001741,-1.0,97.58194
-0.317776,0.136192,-0.653714,0.621232,0.621238,-0.054478,-0.673694,-1.054421,-1.476763,-1.660437,0.00206,1.0,98.188156
-1.115583,0.192025,-1.42648,-0.708188,-0.708189,0.6218,0.118868,-0.234094,-0.743422,-0.774329,0.002072,-1.0,97.492798
-0.418333,0.027282,-1.19134,0.548645,0.548636,-0.130948,-0.296467,-0.614159,-1.134499,-1.206616,0.002031,0.0,98.027679
0.308842,0.862935,0.0,0.118222,0.118238,-0.26161,-0.295219,-0.688537,-1.100471,-1.253892,0.002511,0.0,98.143585
0.364135,0.518889,-0.409646,-0.218002,-0.218013,0.027314,0.030045,-0.406614,-0.746016,-0.998087,0.00194,0.0,97.929619
-1.095154,0.053857,-1.328549,1.411019,1.411035,-1.138253,-1.161594,-1.577515,-1.914739,-2.300556,0.002176,1.0,99.31144
1.219402,1.466946,-0.128358,-2.091564,-1.472473,0.412042,0.333719,-0.026456,-0.345026,-0.801476,0.001742,-1.0,97.849106
-0.671687,0.0,-1.016606,1.008525,1.008524,-0.426971,-0.687313,-0.883538,-1.176929,-1.639794,0.001232,1.0,98.835938
-0.208657,0.290302,-0.707617,0.054466,0.054482,-0.330275,-0.672245,-0.808472,-1.161009,-1.543452,0.00087,0.0,98.889786
0.708703,1.108487,-0.23623,-0.154228,-0.154239,-0.012714,-0.401796,-0.529684,-0.919121,-1.248849,0.000643,0.0,98.737259
1.300982,1.476293,-0.156854,-1.526441,-1.526431,1.109055,1.043533,1.005799,0.674273,0.369734,-3.8e-05,-1.0,97.230103
0.533127,1.132904,-0.904422,-3.081746,-3.081753,3.55674,3.910609,3.974346,3.746051,3.494038,-0.000876,-1.0,94.233711
-0.677157,0.476872,-0.715308,-0.180886,-0.180886,2.729618,3.677446,3.81102,3.79156,3.615734,-0.000311,0.0,94.063255
0.604894,0.720115,-0.940954,-0.667617,-0.667609,2.252513,3.870347,4.168337,4.29968,4.137664,-0.000571,-1.0,93.43528
0.29611,1.671602,0.0,0.518483,0.518481,0.699204,2.907628,3.371076,3.604224,3.470362,-0.00041,0.0,93.919724
1.644424,1.876575,-0.338555,-1.251318,-1.251315,1.007931,3.503576,4.289663,4.670211,4.636314,-0.000784,-1.0,92.744492
1.478906,1.92556,-0.009928,-2.54401,-2.544017,2.793056,5.379655,6.487812,6.999495,7.089512,-0.001885,-1.0,90.385056
0.0,0.328294,-1.402702,-0.228291,-0.228287,2.166736,4.660766,6.151214,6.75377,7.043333,-0.00189,0.0,90.178719
-1.424219,0.235738,-1.679599,1.283328,1.283326,0.412535,2.507614,4.309319,5.025046,5.440037,-0.002124,1.0,91.336006
-0.384235,0.955666,-0.551722,-0.304487,-0.304479,0.090634,1.977333,4.124787,4.987567,5.506409,-0.002043,0.0,91.057907
-0.719279,0.354715,-0.867078,-0.009854,-0.009862,-0.271946,1.308506,3.53007,4.605867,5.241162,-0.001749,0.0,91.048927
0.7063,1.500882,-0.058863,0.443397,0.443415,-0.478728,0.557173,2.606743,3.813843,4.504582,-0.001796,0.0,91.452652
-1.229664,0.154922,-1.452363,1.314496,1.314479,-1.235472,-0.899494,0.830753,2.176994,2.873655,-0.001382,1.0,92.654778
0.105264,0.334926,-0.545455,1.181256,1.181247,-1.873674,-2.022958,-0.711954,0.749756,1.482494,-0.001068,1.0,93.74926
0.249203,0.795554,-0.191704,-0.162678,-0.162681,-1.171275,-1.897815,-0.916314,0.682459,1.477542,-0.001089,0.0,93.596748
-0.789275,0.323313,-0.789275,0.795554,0.795564,-1.25333,-2.502855,-1.9025,-0.375621,0.513495,-0.000977,1.0,94.34137
-0.141967,0.321783,-0.634115,0.475466,0.475459,-1.016468,-2.499523,-2.327587,-1.00842,-0.076202,-0.000937,0.0,94.789925
0.255347,0.643087,-0.576888,0.075709,0.075706,-0.626058,-2.079618,-2.345364,-1.292782,-0.285293,-0.001375,0.0,94.861687
-0.27108,0.112166,-0.654332,1.172692,1.172699,-1.314268,-2.731351,-3.300928,-2.588801,-1.531511,-0.000708,1.0,95.974129
-0.03728,0.372781,-0.400746,0.299121,0.299113,-1.054981,-2.480888,-3.427144,-3.007913,-1.894493,-0.000396,0.0,96.2612
-0.287835,0.417832,-0.464253,0.372781,0.372794,-0.950793,-2.266481,-3.518415,-3.399721,-2.370287,-0.000479,0.0,96.620056
0.185234,0.555709,-0.398259,0.2507,0.250691,-0.770584,-1.952392,-3.313879,-3.505598,-2.655176,-0.000159,0.0,96.862274
0.251611,0.47526,-0.717545,-0.611284,-0.611282,0.13233,-0.973811,-2.297388,-2.797496,-2.163072,-0.000546,-1.0,96.270172
-0.009264,0.333427,-0.222282,0.615043,0.615042,-0.296378,-1.257755,-2.514274,-3.214777,-2.844859,-0.00038,1.0,96.862274
-0.009249,0.53674,-0.074028,0.083354,0.083349,-0.23875,-0.99481,-2.190748,-3.139449,-2.999803,-0.00028,0.0,96.943008
-0.386924,0.340852,-0.432981,0.453456,0.453468,-0.532483,-1.129442,-2.198686,-3.338559,-3.431419,-0.000599,0.0,97.382614
-0.579848,0.156464,-0.782328,0.092123,0.092125,-0.498858,-0.945247,-1.876984,-3.063974,-3.387397,-7.8e-05,0.0,97.472328
-0.155861,0.027503,-0.751811,0.386561,0.386549,-0.559269,-1.021358,-1.900916,-3.045286,-3.604651,-0.000285,0.0,97.849106
0.100992,0.74367,-0.082626,-0.137528,-0.137518,-0.247891,-0.706945,-1.495291,-2.585386,-3.296733,-0.000349,0.0,97.714546
0.912777,1.106403,-0.378016,-0.422327,-0.422326,0.248938,-0.178873,-0.823658,-1.851378,-2.74756,-0.000438,0.0,97.301872
-0.477851,0.615694,-0.606502,0.331921,0.331916,-0.033081,-0.406177,-0.927527,-1.839276,-2.869325,0.000181,0.0,97.624832
0.423806,0.589643,-0.322461,-0.257305,-0.25731,0.204536,-0.096736,-0.495054,-1.282014,-2.331671,0.001123,0.0,97.373634
0.296542,0.509679,-0.361419,-0.580428,-0.580414,0.574542,0.542105,0.219922,-0.491165,-1.487549,0.000989,-1.0,96.808464
0.39106,0.744874,-0.195531,-0.472618,-0.472634,0.769094,0.966486,0.721916,0.116391,-0.811541,0.001054,0.0,96.350914
-0.302085,0.179367,-0.519214,-1.368717,-1.368717,1.689801,2.166533,2.033424,1.581238,0.732188,0.000425,-1.0,95.032143
0.066302,0.066302,-0.947059,-0.32097,-0.320961,1.405436,2.215173,2.228746,1.928685,1.211857,0.000735,0.0,94.727127
-0.047606,0.066653,-0.590359,-0.539823,-0.539816,1.285464,2.424293,2.596323,2.451429,1.878491,0.001404,-1.0,94.215775
-0.514973,0.038147,-1.56399,-0.152348,-0.152361,0.858288,2.179098,2.597115,2.565803,2.094221,0.001429,0.0,94.072227
-0.619876,0.925044,-1.039485,0.0,0.0,0.373833,1.791915,2.399391,2.464715,2.107954,0.001001,0.0,94.072227
1.144343,1.365522,-0.10578,-0.829681,-0.829675,0.840465,2.213674,2.99516,3.162803,2.949128,0.000826,-1.0,93.291733
-0.03833,0.201272,-0.900895,0.336569,0.336566,0.262607,1.441446,2.380683,2.655744,2.572363,0.000941,0.0,93.605721
2.2827,2.429029,-0.419471,-1.753876,-1.75388,1.562775,2.664133,3.809062,4.222029,4.280559,0.000209,-1.0,91.963989
1.189292,1.347869,-0.079288,-1.570578,-1.57057,2.398408,3.607525,4.925663,5.567387,5.752619,-0.000753,-1.0,90.51963
0.87009,1.100108,-0.110012,-0.901887,-0.901885,2.356232,3.809377,5.285192,6.129109,6.435439,-0.001447,-1.0,89.703247
-1.146241,0.286562,-1.294464,1.21012,1.210121,0.581025,2.100788,3.548086,4.521242,4.921735,-0.000989,1.0,90.788765
1.497335,1.698317,-0.321576,-1.669956,-1.669969,1.318466,3.223802,4.682951,5.842132,6.374439,-0.001811,-1.0,89.272621
-0.936437,0.259018,-1.135683,0.874279,0.874283,0.015946,1.866911,3.233718,4.512857,5.150035,-0.001678,1.0,90.053116
-0.480821,0.270456,-1.572674,-0.547913,-0.547908,0.352595,1.924267,3.262875,4.62586,5.429626,-0.001886,-1.0,89.559708
1.009795,1.08048,-0.232249,-0.801365,-0.801379,0.969413,2.158954,3.533622,4.971739,5.920239,-0.002544,-1.0,88.841995
1.055218,1.424033,-0.348329,-1.433907,-1.433905,1.702698,2.991504,4.471545,5.943047,7.032895,-0.003122,-1.0,87.568085
0.246379,0.585154,-1.293504,-0.204894,-0.204884,1.480333,2.491525,4.126197,5.574885,6.795191,-0.003314,0.0,87.388672
0.667422,0.975456,-0.369648,-0.020537,-0.020552,0.887165,1.986871,3.625301,5.024145,6.354672,-0.003405,0.0,87.370712
-0.19388,0.13265,-1.112241,0.626349,0.626362,-0.114291,1.056121,2.513605,3.864796,5.240817,-0.002992,1.0,87.917969
2.523758,2.96727,-0.010554,-3.36735,-3.367347,2.45195,4.019005,5.370643,6.813622,8.307498,-0.00432,-1.0,84.957466
-2.141749,0.217278,-3.114333,2.059139,2.059145,0.186229,1.449548,2.738393,4.178469,5.633513,-0.003661,1.0,86.706863
2.898395,3.229943,-0.278077,-3.259185,-3.259173,2.725116,4.224579,5.426718,7.041692,8.536878,-0.004899,-1.0,83.880936
0.118116,1.546229,-1.632123,-0.395725,-0.395745,2.218414,3.8602,5.174135,6.828632,8.306244,-0.005061,0.0,83.548981
1.756109,2.595984,-0.065442,-1.55696,-1.556963,2.456379,4.613878,6.167107,7.799416,9.311087,-0.005709,-1.0,82.248154
-0.312501,2.381464,-0.441815,1.221644,1.221648,0.810346,2.679954,4.369249,5.848596,7.362497,-0.005256,1.0,83.252937
-1.252831,0.172809,-2.743269,-0.226301,-0.226298,0.162009,2.37067,3.986033,5.473055,7.029704,-0.005191,0.0,83.064537
-3.185329,0.97598,-3.185329,0.702022,1.469143,-1.192358,0.520223,2.085933,3.393004,4.984481,-0.004812,1.0,84.284874
-0.894272,0.578638,-1.125723,1.941232,1.941237,-2.521773,-1.562675,-0.178669,1.072464,2.599137,-0.004079,1.0,85.921043
0.531745,1.350637,-0.808255,-1.073124,-1.073119,-0.817102,-0.838278,0.546447,1.844111,3.285111,-0.004243,-1.0,84.999008
-0.88643,0.448432,-0.88643,1.978092,1.978083,-1.950147,-2.562968,-1.57012,-0.305743,0.940566,-0.003426,1.0,86.680359
1.01512,1.490962,-0.549854,-1.376576,-1.376577,-0.014801,-1.34563,-0.358526,0.775698,1.984303,-0.003429,-1.0,85.487137
-1.68228,0.674932,-1.944194,4.96986,4.969839,-3.533776,-5.364014,-4.901725,-3.969765,-3.016691,-0.001665,1.0,89.73571
0.070394,0.24135,-1.076025,0.171255,0.171283,-2.815779,-4.820473,-4.877534,-4.143073,-3.27484,-0.001428,0.0,89.889412
0.142073,0.233404,-1.410594,-0.905069,-0.905077,-1.01279,-3.184655,-3.922081,-3.294731,-2.456242,-0.001679,-1.0,89.075844
-1.700279,0.0,-2.10558,2.658822,2.658832,-2.534612,-4.796374,-5.937558,-5.657082,-4.90644,-0.000793,1.0,91.444221
1.337456,1.646865,-0.349342,-0.958879,-0.958894,-0.469106,-3.046208,-4.742694,-4.578092,-3.995544,-0.000836,-1.0,90.567368
-0.52916,0.419327,-1.098249,-0.029941,-0.029931,-0.261584,-2.326284,-4.223834,-4.375479,-3.910797,-0.000958,0.0,90.54026
-0.059172,0.946651,-0.562083,1.248003,1.248011,-1.102464,-2.903079,-4.813785,-5.319664,-5.024657,4.3e-05,1.0,91.670212
1.386949,1.53662,-0.449016,-1.173457,-1.17347,0.407111,-1.132507,-3.069351,-4.047707,-3.851228,0.000175,-1.0,90.59449
1.156068,1.409592,-0.578035,-1.606466,-1.606455,1.529252,0.757522,-1.046555,-2.246551,-2.268089,-6e-05,-1.0,89.13913
0.04023,0.23136,-0.965705,0.81128,0.811279,0.555273,0.433549,-1.338573,-2.857652,-2.952466,-0.000193,1.0,89.862297
-1.387377,0.079273,-1.654946,1.508902,1.508911,-0.790813,-0.896851,-2.298433,-3.899471,-4.227129,0.000867,1.0,91.218239
-0.491352,0.068789,-0.845126,0.842333,0.842311,-1.550697,-1.496649,-2.674914,-4.243542,-4.826377,0.000856,1.0,91.98658
-0.34243,0.332652,-0.34243,0.442214,0.44223,-1.594756,-1.571276,-2.569878,-4.116118,-5.051655,0.001186,0.0,92.393372
-0.214572,0.263341,-0.907053,0.313081,0.313067,-1.137217,-1.744845,-2.442204,-3.906654,-5.014577,0.001558,0.0,92.682625
-0.796194,0.223326,-1.427324,0.448648,0.448671,-0.88359,-1.911845,-2.332924,-3.796983,-5.164228,0.002185,0.0,93.098465
1.92859,2.047274,-0.42528,-1.825417,-1.825431,0.998911,0.005936,-0.395608,-1.61903,-3.071856,0.001645,-1.0,91.399017
-0.3355,0.355241,-0.68087,0.22747,0.227458,0.686812,-0.227929,-0.496661,-1.531957,-2.939978,0.001728,0.0,91.606911
-0.442475,0.373653,-1.229105,0.355241,0.355256,0.230086,-0.435594,-0.641755,-1.503443,-2.862207,0.001637,0.0,91.93235
-0.333207,0.401799,-0.715409,0.334321,0.334314,-0.19992,-0.431201,-0.915324,-1.530281,-2.796157,0.002871,0.0,92.239693
0.552811,0.987167,-0.404742,-0.725204,-0.725208,0.19546,0.482729,-0.118454,-0.478772,-1.714508,0.001943,-1.0,91.570763
-1.723963,0.048979,-1.978642,0.779855,0.779855,-0.387888,-0.179245,-0.765326,-1.110773,-2.128308,0.003289,1.0,92.284882
-2.019722,0.629409,-2.113668,4.270743,4.270746,-3.507748,-3.827145,-4.514164,-4.831839,-5.70859,0.004845,1.0,96.226135
0.415254,0.481316,-0.811628,-0.460308,-0.460303,-2.25746,-3.028504,-3.711464,-4.041619,-4.822198,0.00521,0.0,95.783203
-0.131777,0.367092,-0.856547,0.26425,0.264248,-1.7244,-2.934864,-3.486444,-4.055438,-4.683357,0.004891,0.0,96.036308
0.472634,0.614426,-0.321395,-0.423566,-0.423573,-0.457509,-2.2573,-2.673846,-3.382639,-3.853667,0.004826,0.0,95.629524
3.767397,3.986087,-0.477132,-4.905949,-4.905941,4.381708,2.734589,2.326705,1.623759,1.159445,0.002701,-1.0,90.937996
1.252523,1.484849,-1.222221,-1.590455,-1.590446,4.563626,4.158573,3.794601,3.144434,2.776556,0.001523,-1.0,89.491676
-0.030147,0.452213,-0.793891,0.515154,0.515138,2.731386,3.404684,3.081768,2.580146,2.288819,0.002053,0.0,89.952682
-0.139747,1.277699,-0.219606,0.673297,0.67331,0.834492,2.527441,2.235967,1.972442,1.565575,0.001618,1.0,90.558342
0.02007,1.203978,-0.160526,-0.509086,-0.509087,0.122404,2.888528,2.537033,2.50727,2.06441,0.001907,-1.0,90.097321
1.04272,1.194574,-0.070865,-0.892946,-0.892954,0.65601,3.480466,3.30364,3.323044,2.928128,-4.7e-05,-1.0,89.292793
3.580057,3.685041,-0.052497,-3.573597,-3.573604,3.59896,6.139643,6.705871,6.810509,6.484001,-0.001296,-1.0,86.101822
-1.341015,0.754323,-1.728648,0.209971,0.209968,2.531181,4.816149,6.045763,6.232598,6.060991,-0.000924,0.0,86.282608
2.031829,2.150075,-0.290257,-2.545836,-2.545822,3.670176,6.133091,8.16957,8.496561,8.591273,-0.002659,-1.0,84.086006
1.068074,1.726183,-0.172622,-0.354757,-0.354758,2.533167,5.097635,7.935408,8.327216,8.687882,-0.002457,0.0,83.787704
1.657459,1.657459,-0.596686,-2.362717,-2.362718,3.184526,6.524863,9.693555,10.36243,10.857901,-0.003235,-1.0,81.808037
1.671309,1.715879,-0.401115,-0.828729,-0.828734,2.821171,6.384405,9.369736,10.639002,11.249031,-0.003927,-1.0,81.130066
-0.123117,3.257224,-0.212664,-0.456829,-0.456823,1.925232,5.734276,8.631449,10.455007,11.183348,-0.003688,0.0,80.759445
-0.38997,0.434539,-1.916436,0.458925,0.45892,0.730922,4.089139,6.910311,9.265742,10.105855,-0.003,0.0,81.130066
0.218123,0.218123,-1.243319,2.161562,2.161554,-1.618491,1.016475,3.623088,6.429828,7.283247,-0.00255,1.0,82.883736
-0.141748,0.294411,-0.905029,0.021809,0.021815,-1.376075,0.223534,2.954247,5.840701,6.84986,-0.003046,0.0,82.901817
0.151645,0.53076,-0.509101,0.665141,0.66516,-1.470985,-0.756081,1.791581,4.376071,5.75302,-0.003105,1.0,83.453247
-0.545457,0.47059,-0.909089,1.278163,1.27815,-1.824601,-2.217113,0.07843,2.392513,4.067593,-0.002826,1.0,84.519905
-0.085363,0.277424,-0.480158,0.235295,0.235282,-1.207845,-2.371949,-0.61601,1.48422,3.468215,-0.002852,0.0,84.718765
-0.297152,0.456331,-0.541231,0.544176,0.544197,-1.203448,-2.736932,-1.538801,0.321543,2.608075,-0.00282,0.0,85.179802
0.522888,0.60826,-0.128058,-0.551845,-0.551856,-0.228358,-1.854656,-1.353109,0.510622,2.819768,-0.002395,-1.0,84.709732
1.090833,1.123233,-0.086396,-1.19518,-1.195183,1.036836,-0.360722,-0.351362,1.380288,3.464747,-0.00287,-1.0,83.697296
1.485852,2.228779,-0.087405,-1.144829,-1.144811,1.776455,1.032436,0.517123,2.118419,4.032328,-0.00337,-1.0,82.73912
-0.119721,0.533311,-1.327811,0.382386,0.382378,0.988247,0.879407,0.051515,1.277752,3.010883,-0.003354,0.0,83.055496
3.814775,3.895207,-0.494084,-5.278622,-5.278631,4.961512,5.965765,5.193617,6.19557,7.889241,-0.004872,-1.0,78.671303
0.936739,1.399328,-1.503415,-0.643454,-0.64344,3.966685,6.046019,5.564154,6.171493,7.934302,-0.005346,-1.0,78.1651
-0.501076,0.375813,-1.582963,1.549667,1.549663,1.291425,3.91413,3.805941,4.127658,5.777471,-0.006253,1.0,79.376396
0.529817,0.642543,-0.980727,1.024941,1.02495,-0.372007,2.319908,2.705433,2.691342,4.217325,-0.005758,1.0,80.189964
1.2664,1.414714,-0.718774,-1.194901,-1.194901,-0.132353,2.864792,3.787778,3.626911,4.90586,-0.006244,-1.0,79.231773
0.966744,1.012772,-0.943721,-0.867088,-0.86709,0.708942,2.919777,4.327303,4.199554,5.235115,-0.006392,-1.0,78.544762
1.516727,1.771447,-1.354644,-0.598453,-0.598445,1.292105,2.689574,4.543225,4.587798,5.293945,-0.004956,-1.0,78.074715
-1.370978,0.174278,-2.091325,-0.347346,-0.347372,1.240868,2.29001,4.423542,4.738594,5.234352,-0.004542,0.0,77.803505
2.027987,2.19402,-0.023716,-2.033229,-1.229934,1.631423,2.796983,5.058192,5.788262,6.053621,-0.005124,-1.0,76.846573
0.453133,0.548532,-0.965893,-0.54554,-0.545539,1.455022,2.493608,4.911218,6.060884,6.234525,-0.00553,-1.0,76.427345
0.535902,0.631177,-0.928902,0.131171,0.131181,0.794936,2.079211,4.020043,5.506651,5.715872,-0.005316,0.0,76.527603
-2.08505,0.03514,-2.08505,1.667264,1.667255,-0.927728,0.358727,1.722439,3.448794,3.776345,-0.004463,1.0,77.803513
-0.886889,0.621978,-1.601014,1.698485,1.698482,-2.248325,-1.349153,-0.361683,1.447572,1.941797,-0.002706,1.0,79.124992
1.378344,1.623641,-0.478921,-1.393687,-1.393684,-0.565353,-0.232675,0.64355,2.465015,3.242294,-0.00324,-1.0,78.02224
-0.778796,0.267352,-1.313492,0.490595,0.490606,-0.546327,-0.825196,-0.243226,1.562133,2.59923,-0.002228,0.0,78.405022
-0.137758,1.878522,-0.939261,-7.183542,-7.18355,6.118975,6.057306,6.93711,8.570106,9.984164,-0.004504,-1.0,72.772758
0.487439,1.487308,-0.062496,0.200381,0.20039,4.566919,5.138096,6.243579,7.544463,9.216571,-0.00365,0.0,72.918587
-0.112495,0.225,-1.487503,-0.012501,-0.012493,2.874989,4.479986,5.665535,6.818092,8.65176,-0.003378,0.0,72.909477
-0.575214,1.062897,-0.687762,-0.037499,-0.037514,1.503068,3.975241,5.036727,6.18195,8.053816,-0.003238,0.0,72.882126
-0.940121,0.049482,-1.669963,1.087902,1.0879,-0.873321,2.48269,3.403512,4.402615,6.291356,-0.003028,1.0,73.675011
-3.217346,0.22641,-3.300758,3.809998,3.809985,-3.541452,-1.284542,-0.571357,0.427755,1.935408,-0.002479,1.0,76.482018
1.012815,1.671755,-0.353866,-2.347475,-2.347484,-0.749218,0.671164,1.516395,2.609082,3.84904,-0.003269,-1.0,74.686615
-1.400022,0.071793,-2.034219,1.976819,1.976837,-1.818841,-1.669258,-0.595109,0.409036,1.440219,-0.002832,1.0,76.163048
0.468692,1.117654,-0.492724,-0.430778,-0.43075,-0.615339,-1.532291,-0.254,0.556283,1.514896,-0.003401,0.0,75.834976
-1.913305,0.236217,-2.031417,1.754596,1.754565,-1.424351,-3.390805,-1.910154,-1.311503,-0.540852,-0.002895,1.0,77.16555
1.311082,1.311082,-0.524437,-0.909408,-0.90941,-0.524433,-2.021451,-1.015492,-0.541858,0.256461,-0.003379,-1.0,76.463799
0.179827,0.311706,-1.402717,-0.584026,-0.58402,0.410021,-1.038251,-0.590662,-0.09292,0.732399,-0.00339,-1.0,76.017235
0.65845,0.861967,-0.26338,0.143862,0.143862,0.2562,-0.757814,-0.996049,-0.346582,0.416933,-0.002944,0.0,76.126595
-1.198163,0.422884,-1.292139,1.915477,1.915461,-1.17701,-2.016901,-2.894379,-2.171955,-1.604678,-0.001924,1.0,77.58477
-0.609037,0.234253,-1.382057,0.293669,0.293671,-1.300061,-1.772067,-3.22947,-2.369393,-1.965743,-0.001953,0.0,77.812614
0.141504,1.191032,-0.259435,-0.679309,-0.679297,-0.412744,-0.996469,-2.178464,-1.652716,-1.360496,-0.00042,-1.0,77.284035
0.612239,0.840333,-1.308528,-1.768868,-1.768875,1.354139,0.948382,-0.15366,-0.006,0.302044,-0.000795,-1.0,75.916977
-1.35007,0.21317,-2.415917,1.368546,1.368562,0.201311,-0.311474,-1.151126,-1.496932,-1.096174,-0.000856,1.0,76.955948
0.491082,0.586903,-0.419211,-1.125064,-1.125077,0.948622,0.856394,0.254726,-0.503047,-0.010533,-0.001572,-1.0,76.090134
-0.863909,0.224854,-1.065091,1.209728,1.209742,-0.466278,-0.369241,-0.654843,-1.782849,-1.175393,-0.000771,1.0,77.010628
-0.739877,0.246622,-1.150915,0.769233,0.769234,-1.143871,-0.982983,-1.316904,-2.221385,-1.87435,-0.000225,1.0,77.60302
1.551307,1.551307,-0.286402,-1.585436,-1.585437,0.568014,0.658699,0.420037,-0.420059,-0.368508,-0.000554,-1.0,76.372673
1.544027,1.544027,-0.012066,-1.073987,-1.073991,1.288299,1.675507,1.456369,0.835941,0.524,-0.000796,-1.0,75.552437
-0.12048,0.084337,-0.915665,0.120625,0.120622,1.0482,1.296387,1.317269,0.896987,0.277109,-0.000346,0.0,75.64357
-0.156925,1.146795,-0.229351,-0.192776,-0.192783,0.842603,1.185432,1.365696,1.212589,0.316767,-0.000229,0.0,75.497742
1.027771,1.076714,-1.101188,-1.339924,-1.339914,1.375256,2.184017,2.565351,2.453192,1.771191,-0.000719,-1.0,74.486137
0.269907,0.269907,-1.778928,-0.26918,-0.269178,1.086977,2.240212,2.686779,2.702729,2.119486,-0.001365,0.0,74.285637
0.387216,1.436424,-0.637016,-1.778928,-1.778937,2.20835,3.544851,4.257647,4.343625,3.972027,-0.002524,-1.0,72.964142
-0.791981,0.655857,-0.878604,0.936797,0.936796,0.717739,2.252208,2.93364,3.226713,3.04864,-0.001747,1.0,73.647667
0.137646,1.063694,-0.212747,-1.113716,-1.113709,1.118754,2.829429,3.636587,4.091472,4.162676,-0.002282,-1.0,72.827446
0.564624,0.564624,-0.552064,-0.262804,-0.262801,0.875783,2.416562,3.483063,4.102258,4.225344,2.5e-05,0.0,72.636055
0.099757,0.361642,-0.486344,0.614812,0.614817,-0.069846,1.340555,2.592167,3.265357,3.500674,0.000163,1.0,73.082634
0.845638,0.858262,-1.312635,-1.197155,-1.19716,0.93146,2.105255,3.396855,4.245227,4.535648,-0.000231,-1.0,72.207718
-0.500189,0.037513,-1.13793,0.933987,0.933983,-0.212576,0.781542,2.146639,2.957983,3.406275,9.2e-05,1.0,72.882126
1.147229,1.147229,-0.254936,-1.900718,-1.900729,1.348646,2.17465,3.611659,4.51117,5.092686,-0.000904,-1.0,71.496834
-3.787043,0.135251,-3.787043,3.671135,3.67116,-1.83943,-1.492698,-0.370521,0.596937,1.244789,-0.00095,1.0,74.121597
0.511929,0.511929,-0.661753,-1.52466,-1.524662,-0.344615,-0.144841,0.863191,1.954048,2.646517,-0.000676,-1.0,72.991493
-0.702056,0.073898,-1.231679,1.373462,1.373461,-1.21198,-1.35855,-0.643768,0.372573,1.140523,-0.000877,1.0,73.994003
0.123327,1.023557,-0.086323,-0.123175,-0.123172,-0.813913,-1.20237,-0.678264,0.348374,1.06597,-0.000774,0.0,73.902863
0.832504,0.894625,-0.34792,-0.752242,-0.752247,0.442345,-0.382709,-0.120949,0.859211,1.58846,-0.00161,-1.0,73.346931
1.465061,1.477586,-0.037564,-0.77038,-0.770398,0.854009,0.410732,0.498384,1.311055,2.129738,-0.001564,-1.0,72.781868
-0.300448,1.151735,-0.463189,0.025039,0.025043,0.776176,0.346782,0.337183,1.040321,1.932911,-0.001361,0.0,72.800095
-0.263586,0.263586,-1.142207,-0.262893,-0.26289,0.660227,0.666506,0.56902,1.103934,1.9621,-0.001496,0.0,72.608711
-1.671379,0.184336,-1.683671,2.133808,2.13381,-1.373976,-1.264595,-1.486216,-1.108519,-0.272338,-0.001423,1.0,74.158043
0.599779,0.774713,-0.274898,-1.646803,-1.646814,0.164944,0.586045,0.173282,0.371749,1.174073,-0.00207,-1.0,72.936798
0.489704,1.10497,-0.313913,-0.487317,-0.487303,0.600194,0.866397,0.658797,0.732043,1.392766,-0.002006,0.0,72.581375
-0.797607,0.32403,-1.046854,0.753389,0.753392,-0.062318,0.130854,-0.089733,-0.100327,0.457126,-0.001166,1.0,73.128197
-1.398945,0.625846,-1.852982,1.557827,1.55782,-1.148606,-1.368265,-1.437392,-1.544971,-1.153022,-0.001102,1.0,74.267403
0.844301,1.10504,-0.049666,-1.165784,-1.165797,-0.188718,-0.273147,-0.227618,-0.400409,-0.10925,-0.001116,-1.0,73.401596
0.497258,0.994525,-0.64645,-0.124161,-0.124146,0.03729,-0.15416,0.061326,-0.243663,-0.104429,-0.001561,0.0,73.310471
-0.223104,0.656915,-0.495787,0.298357,0.298346,-0.002473,-0.349524,-0.290027,-0.479664,-0.453635,-0.001718,0.0,73.52919
-1.815981,0.242137,-2.251816,2.379769,2.37979,-1.755458,-2.336572,-2.405174,-2.647102,-2.714778,-0.000396,1.0,75.27903
0.560018,0.572196,-0.657415,-0.5569,-0.556908,-1.046995,-1.488924,-1.781513,-1.924764,-2.068664,-0.000224,-1.0,74.859795
-0.542165,0.289154,-1.759035,1.046994,1.046991,-1.479516,-2.313253,-2.645784,-2.758433,-2.977829,8.5e-05,1.0,75.64357
-2.19587,0.669327,-2.536407,2.602414,2.602425,-2.869902,-4.188598,-4.748723,-4.830918,-5.192121,0.001017,1.0,77.612137
0.071148,0.663986,-0.403125,-0.962903,-0.142076,-1.706525,-3.417393,-4.207189,-4.477437,-4.806097,0.001416,0.0,77.501869
0.26417,0.372235,-0.74447,-1.256814,-1.256841,-0.129052,-1.743822,-2.663166,-3.030542,-3.414359,0.001087,-1.0,76.527794
-0.7565,0.177307,-0.851065,1.585013,1.585041,-0.946168,-2.830132,-3.74182,-4.302586,-4.636701,0.002208,1.0,77.740791
0.881799,1.251195,-0.369396,-0.803783,-0.803797,0.238327,-1.561101,-2.706122,-3.318815,-3.644356,0.001628,-1.0,77.115913
-0.871929,0.082478,-2.097333,1.132036,1.132035,-0.787087,-2.063106,-3.36333,-4.103424,-4.389952,0.002377,1.0,77.988892
2.429528,3.19613,-1.108625,-0.094264,-0.094257,-0.587339,-1.407764,-2.815764,-3.683521,-4.104984,0.002433,0.0,77.915382
0.118202,0.673759,-0.68558,-0.224087,-0.224078,-0.052015,-0.869682,-2.201953,-3.149445,-3.645256,0.002153,0.0,77.740791
-0.656281,0.714872,-1.089886,0.862889,0.862867,-0.735959,-1.264759,-2.686257,-3.607961,-4.244203,0.00284,1.0,78.411591
-0.904871,0.023206,-1.972154,1.019565,1.01958,-1.208817,-1.810906,-3.179491,-4.261877,-4.942603,0.002869,1.0,79.21106
-2.068569,0.479998,-2.33143,1.508124,1.508106,-2.075417,-2.922275,-4.029672,-5.21981,-6.003716,0.004005,1.0,80.405647
-0.034529,0.483432,-0.748151,-0.708575,-0.708563,-0.895486,-1.937153,-2.818167,-4.089099,-4.979512,0.002545,-1.0,79.835922
0.366257,1.041543,-0.698181,0.564003,0.563997,-0.817215,-2.018997,-2.947419,-4.18122,-5.139448,0.003241,1.0,80.286194
0.492554,0.756009,-0.148918,-0.080119,-0.080127,-0.286363,-1.631148,-2.423988,-3.733257,-4.683774,0.002757,0.0,80.221863
0.655172,1.4023,-0.344831,-0.343646,-0.343628,0.241371,-0.937936,-1.72874,-2.992003,-4.065508,0.002683,0.0,79.946198
0.873666,1.092084,-0.655248,-0.011497,-0.01149,0.135639,-0.682845,-1.523555,-2.566371,-3.704197,0.00293,0.0,79.937012
0.254544,0.520649,-0.624784,-0.64375,-0.643771,0.680328,0.15042,-0.724276,-1.564053,-2.735718,0.002972,-1.0,79.422401
0.538313,0.60703,-0.698661,1.018163,1.01817,-0.348182,-0.548617,-1.417168,-2.247586,-3.361932,0.003303,1.0,80.231056
-0.416802,0.754765,-0.766026,1.672201,1.672188,-1.65595,-1.796763,-2.725378,-3.44384,-4.593103,0.003948,1.0,81.57267
0.034027,0.204165,-1.020873,-0.687161,-0.687137,-0.712357,-0.89498,-1.731714,-2.444432,-3.557217,0.003008,-1.0,81.012154
0.1696,0.712345,-0.260067,0.317602,0.317589,-0.698781,-1.102443,-1.773706,-2.528266,-3.470807,0.003663,0.0,81.26944
0.045077,0.957852,-0.101415,0.339208,0.339199,-0.513851,-1.227168,-1.809017,-2.609858,-3.403925,0.003938,0.0,81.545105
0.079159,0.147007,-0.938598,-0.349333,-0.349317,0.088199,-0.761059,-1.176077,-1.977273,-2.770892,0.003571,0.0,81.260254
0.113261,0.237851,-0.724883,-0.158316,-0.158325,0.138185,-0.49156,-0.79586,-1.612863,-2.307494,0.002999,0.0,81.131599
0.745072,0.768003,-0.836768,-1.189266,-1.18927,1.132514,0.733617,0.477618,-0.238412,-0.905995,0.002991,-1.0,80.166725
-0.341184,0.22745,-0.909818,0.790924,0.790922,0.222908,0.050046,-0.278243,-0.847255,-1.525749,0.003296,1.0,80.800781
-1.231388,0.32464,-1.556028,1.592178,1.592186,-1.215721,-1.193332,-1.658273,-2.147096,-2.845629,0.003727,1.0,82.08728
0.620561,0.981612,0.0,-0.783617,-0.783626,-0.39038,-0.264009,-0.78678,-1.146891,-1.836836,0.002673,-1.0,81.444023
0.330147,0.352921,-0.626133,-0.891347,-0.891341,0.403006,0.5271,0.146484,-0.114975,-0.806458,0.002561,-1.0,80.718079
0.079618,1.02366,-0.307093,0.091077,0.091069,0.466338,0.408334,0.125124,-0.108042,-0.714728,0.002243,0.0,80.791588
1.534705,1.674218,-0.325542,-2.172425,-2.172413,2.250892,2.355531,2.272597,2.023597,1.543073,0.000651,-1.0,79.036461
0.492262,1.183781,-0.246131,-0.802235,-0.802242,2.137833,2.782468,3.012974,2.757272,2.389129,0.000431,-1.0,78.402397
0.619664,0.982116,-0.970422,0.246131,0.246138,1.162161,2.19104,2.6213,2.397403,2.181222,0.000932,0.0,78.595375
-1.114076,0.591856,-1.276544,0.748274,0.748268,0.023213,1.18603,1.657968,1.571319,1.461304,0.000653,1.0,79.183479
0.429079,0.962536,-0.487075,0.069636,0.069643,-0.438369,0.998482,1.438005,1.455982,1.392084,0.000944,0.0,79.238625
0.035099,1.088102,-0.175501,-0.881366,-0.881373,0.320582,1.608752,2.108342,2.269218,2.198669,0.000273,-1.0,78.540237
-1.208601,0.522948,-1.32481,0.678603,0.67861,-0.185944,0.542699,1.21169,1.557807,1.471231,0.000531,1.0,79.073219
-0.406267,0.383054,-0.429487,0.11621,0.116207,-0.157866,0.138128,0.917774,1.372602,1.296805,0.000644,0.0,79.165108
-0.311316,1.026173,-0.357437,0.673245,0.673244,-0.696413,-0.65952,0.122983,0.577076,0.593103,0.000581,1.0,79.698082
-1.164112,0.259941,-1.265825,2.017756,2.01776,-2.151901,-2.561035,-1.76387,-1.394107,-1.329572,0.000914,1.0,81.306198
0.510383,0.669166,-0.283543,-0.350367,-0.350372,-1.195411,-1.973455,-1.400321,-1.062717,-0.92911,0.000294,0.0,81.021324
0.113829,0.637457,-0.318723,-0.362935,-0.362941,-0.425716,-1.32839,-1.153472,-0.752979,-0.503576,0.000409,0.0,80.727264
0.011479,0.298407,-0.895213,-0.81958,-0.819566,0.622056,-0.329395,-0.451436,-0.007464,0.310337,-5.2e-05,-1.0,80.065651
0.230979,0.496594,-0.404201,-0.619765,-0.619771,1.217234,0.340692,0.073146,0.517962,0.835205,-0.000232,-1.0,79.569427
-0.412609,0.343843,-1.065903,0.762217,0.762226,0.169617,-0.30144,-0.73506,-0.241843,0.030707,0.000137,1.0,80.175926
-0.697621,0.343088,-0.697621,0.217767,0.217751,-0.215001,-0.292766,-0.841714,-0.486615,-0.232383,0.000213,0.0,80.35051
-0.285649,0.502745,-0.422755,0.091486,0.091494,-0.381625,-0.215948,-0.764775,-0.680986,-0.37934,0.000458,0.0,80.424026
-0.339862,0.056648,-0.634415,0.856947,0.85696,-0.969761,-0.82362,-1.401014,-1.545269,-1.233046,0.000405,1.0,81.113228
-0.033916,0.192206,-0.497451,0.20392,0.2039,-0.750697,-0.83097,-1.4298,-1.711128,-1.426787,-8.5e-05,0.0,81.278618
0.70319,0.72587,-0.113415,-0.316562,-0.316558,-0.226833,-0.551206,-0.970092,-1.384821,-1.071563,3.9e-05,0.0,81.021324
1.729705,1.856551,-0.069185,-1.644547,-1.64454,1.275363,0.944411,0.78182,0.304998,0.526746,-0.000615,-1.0,79.688896
-0.368579,0.149732,-1.163329,0.115312,0.115318,0.997458,0.709504,0.724861,0.275848,0.295312,-0.00069,0.0,79.780792
1.078544,1.688154,-0.234472,-1.750745,-1.750746,2.10081,2.289554,2.453289,2.049225,1.926364,-0.001157,-1.0,78.384033
1.497284,1.685923,-0.023576,-0.562723,-0.562733,1.822688,2.659753,2.882969,2.54716,2.360764,-0.001292,-1.0,77.94294
1.715309,1.786778,-0.488381,-1.025705,-1.025711,1.872557,3.330564,3.589447,3.474102,3.23241,-0.001237,-1.0,77.143471
0.17777,0.474048,-0.62811,0.51221,0.512216,0.798773,2.441341,2.762111,2.882203,2.629062,-0.00133,0.0,77.538612
0.601323,1.202646,-0.50511,-1.457686,-1.457689,1.407097,3.431151,3.905393,4.229706,4.042815,-0.002347,-1.0,76.40834
-1.190618,0.154786,-2.547922,1.010218,1.010216,0.080966,1.887137,2.616986,3.058705,2.928928,-0.001749,1.0,77.180229
0.948105,1.166897,-0.619904,-2.047864,-2.04786,1.553421,3.26608,4.412306,4.942268,4.891217,-0.002134,-1.0,75.599686
2.130001,2.460515,-0.281556,-0.70499,-0.704986,1.721133,3.206018,4.699876,5.271753,5.413631,-0.0024,-1.0,75.066719
0.596466,0.925139,-0.340839,0.563104,0.563098,0.608642,2.071822,3.684319,4.315886,4.661718,-0.001488,1.0,75.489418
-0.920607,0.466284,-1.147775,1.813752,1.813746,-1.066468,-0.126725,1.527988,2.205893,2.681981,-0.000616,1.0,76.858604
-1.101113,0.26048,-1.112955,0.980392,0.980415,-1.915711,-1.195846,0.241523,1.055518,1.605008,-0.000371,1.0,77.612137
0.463402,0.831745,-0.487172,-0.355192,-0.355223,-1.116908,-0.922043,0.259044,1.271401,1.84507,-0.000739,0.0,77.336441
1.181946,1.349089,-0.417858,-0.475288,0.443707,-0.880991,-1.2907,-0.470644,0.663357,1.208426,-0.000614,0.0,77.679588
0.468974,0.589223,-0.481003,-0.71633,-0.71634,0.257826,-0.632376,0.02568,1.180416,1.736473,-0.000559,-1.0,77.123138
0.9848,1.264439,-0.13374,-1.094281,-1.094257,1.215128,0.450063,0.826295,2.028152,2.628797,-0.00115,-1.0,76.279213
-0.510822,0.814884,-1.179763,-0.036473,-0.036477,0.895151,0.364904,0.676629,1.746579,2.466157,-0.001201,0.0,76.251389
1.554661,1.705117,-0.764794,-2.991972,-2.991969,3.096782,3.240086,3.423677,4.390668,5.323672,-0.002423,-1.0,73.969971
1.066597,2.809579,-0.299161,-3.610839,-3.61084,5.169095,6.579134,6.751565,7.619456,8.771199,-0.004299,-1.0,71.299034
1.064397,1.300917,-0.328515,-1.014567,-1.014562,4.391588,6.975289,7.187998,8.076878,9.332055,-0.004521,-1.0,70.575661
-0.185874,0.531069,-0.730222,-1.024965,-1.024972,3.632504,7.080091,7.672315,8.485428,9.858906,-0.004741,-1.0,69.85228
-2.391362,0.475705,-2.558496,3.266063,3.266071,-0.786837,2.933909,3.80048,4.621035,5.886381,-0.003379,1.0,72.133705
-0.038793,0.168107,-1.060391,-0.578551,-0.578548,-0.837975,2.749245,4.043523,4.79573,5.969212,-0.003366,-1.0,71.716377
-1.748558,0.025533,-2.131459,1.319017,1.319021,-1.753674,0.721115,2.468434,3.123094,4.129498,-0.00318,1.0,72.662331
-0.038152,0.521435,-0.610448,0.35737,0.35736,-1.459997,-0.213655,1.868838,2.439341,3.38752,-0.003133,0.0,72.921997
1.501419,1.514364,-0.660111,-1.742331,-1.742336,0.789546,0.909917,3.190719,3.923881,4.766993,-0.003745,-1.0,71.651451
0.953008,1.644913,-0.365533,-0.854264,-0.854273,1.349885,1.045708,3.463024,4.387107,5.256145,-0.004315,-1.0,71.039352
0.806456,1.352759,-0.208111,0.365534,0.365547,0.863685,0.303073,2.521681,3.705321,4.500051,-0.004261,0.0,71.299034
-0.61967,0.245292,-1.652465,0.754425,0.754421,-0.121353,-0.373091,1.211812,2.704004,3.422107,-0.003904,1.0,71.836929
0.297575,1.112694,-0.452839,-0.219466,-0.21946,-0.248423,-4e-06,0.928103,2.664116,3.322601,-0.003429,0.0,71.679276
-2.644714,0.187118,-2.819364,3.713291,3.713278,-3.096307,-2.976542,-2.859277,-1.180932,-0.48793,-0.00223,1.0,74.340927
0.884165,1.14044,-1.037927,-2.644714,-2.64471,-0.094821,-0.307531,-0.577478,1.141724,1.949786,-0.002528,-1.0,72.374825
-2.040041,0.253428,-2.534212,1.127623,1.127613,-0.691827,-1.217675,-1.757038,-0.269244,0.681363,-0.001965,1.0,73.190933
1.015948,1.054527,-0.077167,-1.469838,-1.46982,0.866761,0.180032,-0.216056,0.832684,2.01956,-0.002113,-1.0,72.115158
-1.057452,0.305778,-1.133902,0.938781,0.938779,0.234422,-0.769527,-0.941096,-0.402598,0.922512,-0.00197,1.0,72.79216
-0.522032,0.127321,-1.693407,0.063706,0.063703,-0.241918,-0.669726,-0.730838,-0.70219,0.637496,-0.001463,0.0,72.838531
-0.393299,0.228368,-0.811977,0.356505,0.356497,-0.398371,-0.740922,-0.995509,-1.270608,0.032994,-0.001681,0.0,73.098198
1.085126,1.459756,-0.465057,-1.788881,-1.788872,1.025702,1.135505,0.814702,0.375915,1.546047,-0.001595,-1.0,71.790565
1.138588,1.858393,0.0,-1.291823,-1.291822,1.994497,2.321678,1.96483,1.658808,2.490243,-0.00179,-1.0,70.863159
1.253336,1.733337,-0.053335,-1.845313,-1.845335,2.981351,3.940018,3.55913,3.496687,3.981888,-0.002593,-1.0,69.555496
-1.373249,2.828889,-3.556711,-2.906667,-2.90664,4.493262,6.04366,6.252851,6.423365,6.576758,-0.004167,-1.0,67.533768
4.385239,4.759922,-0.041631,-1.043672,-1.043676,3.719123,6.332222,6.953464,7.148904,7.136831,-0.004841,-1.0,66.828934
-0.067691,0.284282,-1.814003,2.511803,2.511792,0.219306,3.043187,4.061191,4.289295,4.192775,-0.003886,1.0,68.507538
-0.819459,0.740149,-1.890036,2.423177,2.423186,-2.349995,0.327775,1.440648,1.64419,1.663224,-0.003226,1.0,70.167603
-1.000652,0.092166,-1.737986,0.383284,0.383287,-2.472677,-0.38973,0.935703,1.079657,1.26715,-0.002859,0.0,70.436546
-1.465204,0.431705,-2.014652,0.645168,0.645141,-2.15069,-1.302965,-0.035739,0.378093,0.67663,-0.00228,1.0,70.890961
-0.534048,1.388518,-0.587454,-2.014652,-2.014622,0.619481,0.202927,1.740087,2.328427,2.59278,-0.002939,-1.0,69.462776
-0.262807,0.078852,-1.511171,1.602131,1.602131,-0.381083,-1.549283,-0.111262,0.663594,0.910375,-0.001408,1.0,70.575661
2.014775,2.095373,-0.89993,-2.168201,-2.168198,1.501672,0.369367,1.806127,2.692403,2.937265,-0.000927,-1.0,69.045441
-0.136796,0.766082,-1.025992,-1.813296,-1.813297,2.596437,1.963059,3.194703,4.302317,4.535696,-0.001193,-1.0,67.793442
0.376849,0.430686,-0.995969,1.641594,1.64157,0.363405,0.515487,1.147609,2.223427,2.68803,-0.000304,1.0,68.906319
2.796054,3.070173,-0.246711,-1.803505,-1.803495,1.674896,2.484928,2.469851,3.752745,4.374456,-0.001994,-1.0,67.663597
0.648993,1.228942,-0.538524,-0.740133,-0.740122,1.416731,3.048877,2.77455,4.077598,4.906373,-0.002048,-1.0,67.162804
-0.550728,0.399285,-1.032631,0.289974,0.289952,0.622346,2.333762,2.130449,3.423534,4.337068,-0.002391,0.0,67.357544
-0.57716,0.164906,-1.04438,0.192758,0.192792,0.338033,1.699859,1.729634,2.831507,3.887848,-0.002446,0.0,67.487404
-2.09172,0.214529,-2.587825,2.487296,2.487285,-2.022,-1.017709,-0.581937,0.070382,1.067297,-0.001036,1.0,69.166008
-1.044422,0.304077,-1.401371,1.421289,1.421276,-2.686403,-2.306975,-1.659612,-1.54217,-0.475936,-0.000277,1.0,70.149048
1.809349,2.187418,-0.20253,-2.088843,-2.088841,-0.167428,-0.498241,0.45549,0.332166,1.384826,-0.001095,-1.0,68.683746
2.045646,2.282214,-0.347899,-2.97056,-2.970557,2.674646,2.187583,3.178398,3.087248,4.160307,-0.002337,-1.0,66.643456
0.194012,0.942339,-0.346452,0.417483,0.417477,2.078714,1.63248,2.399295,2.461888,3.376383,-0.002125,0.0,66.921677
-0.781246,0.167415,-1.450894,-0.665194,-0.665196,1.953129,1.94755,2.642305,3.068503,3.68583,-0.003584,-1.0,66.476517
2.094019,2.293449,-0.05697,-2.064736,-2.064728,2.552706,3.703704,4.359925,5.108974,5.380626,-0.003391,-1.0,65.103958
0.607894,1.367772,-1.747722,-6.267798,-6.267805,6.899695,9.632218,10.294831,11.524314,11.721578,-0.005856,-1.0,61.023369
0.030774,1.215749,-0.369352,-1.246201,-1.246198,6.131113,9.83841,10.715087,12.109875,12.427818,-0.005782,-1.0,60.262897
0.705435,0.83085,-1.254113,-1.831336,-1.831332,5.48675,10.479696,11.807488,13.248153,13.822224,-0.006705,-1.0,59.159283
-1.026273,1.679367,-1.104027,0.81517,0.815165,2.341788,7.989431,9.867834,11.389371,12.372576,-0.006454,1.0,59.641529
-0.627301,0.428394,-1.851284,1.632721,1.632718,-0.78335,4.681766,7.327626,8.870108,10.157286,-0.006029,1.0,60.615307
1.925762,2.65569,-1.211365,-1.484091,-1.48409,0.273339,4.756956,8.113067,9.600876,11.227837,-0.005927,-1.0,59.715721
-2.907148,0.045671,-3.957381,2.034474,2.034474,-1.506844,1.730601,5.254196,6.749628,8.403662,-0.004819,1.0,60.930622
-3.599303,0.433656,-3.845046,5.296808,5.296816,-4.903158,-3.817582,-0.386435,1.096411,2.559117,-0.002438,1.0,64.158005
-1.807398,0.465973,-2.45693,2.370627,2.370608,-5.266865,-6.166325,-3.047149,-1.490384,-0.13328,-0.000679,1.0,65.67894
1.392447,3.310603,-1.747649,-0.621298,-0.621281,-3.248084,-5.554134,-2.939281,-1.057827,0.23416,-0.000538,-1.0,65.270889
-2.115807,0.47328,-2.770042,2.074452,2.074461,-3.14032,-6.632802,-5.11786,-3.108997,-2.040094,-0.000684,1.0,66.624908
0.757353,1.668997,-0.617114,-0.751661,-0.751683,-0.8359,-5.039266,-4.451607,-2.468436,-1.474888,-0.001742,-1.0,66.1241
1.432627,1.460991,-0.255319,-1.122024,-1.122024,0.663835,-3.009922,-3.524341,-1.522685,-0.504387,-0.002244,-1.0,65.382172
-0.299272,1.225596,-1.296845,-0.468088,-0.468076,0.951972,-1.718686,-3.2141,-1.373806,-0.27191,-0.002615,0.0,65.076134
-0.848533,0.494978,-1.612218,0.769561,0.769562,0.274357,-1.712633,-3.905155,-2.475606,-1.160799,-0.001687,1.0,65.576935
-0.508261,0.127059,-1.510659,0.169712,0.169709,-0.18072,-0.969933,-3.594526,-2.868844,-1.418046,-0.002164,0.0,65.688225
1.349028,1.650405,-0.818024,-1.623609,-1.623598,1.001712,1.235637,-1.553781,-1.422226,0.0396,-0.001983,-1.0,64.621712
-0.028868,0.288731,-0.678496,-0.588408,-0.588423,1.244416,1.847848,-0.443668,-1.047343,0.429632,-0.001575,-1.0,64.241463
-2.006541,1.309243,-2.504618,1.443626,1.443613,-0.167905,0.320213,-1.294987,-2.555836,-1.244892,-0.001641,1.0,65.168861
1.320508,3.20081,-0.129175,-0.853848,-0.853834,0.393284,1.082248,-0.032532,-1.754697,-0.737185,-0.001324,-1.0,64.612427
-4.176071,2.751136,-4.331263,1.736758,2.873732,-2.176164,-1.764863,-2.147723,-4.089484,-3.643314,-0.000119,1.0,66.469215
-0.055751,0.947735,-1.519158,1.227431,1.227433,-2.57066,-2.783466,-2.704625,-4.730623,-4.773543,0.000193,1.0,67.28508
0.377522,1.090612,-0.13982,-0.320562,-0.320573,-1.414042,-2.219252,-2.102329,-3.834538,-4.458481,2.2e-05,0.0,67.069382
-0.298336,0.980257,-2.91235,-1.579975,-1.579961,0.423349,-0.508123,-0.497348,-1.808403,-2.953017,-0.001334,-1.0,66.009712
-1.695152,0.194525,-2.070304,2.24464,2.24463,-0.928164,-2.408662,-2.462445,-3.454651,-4.942046,-0.001059,1.0,67.491386
-0.666949,0.833679,-0.958736,0.0,0.0,-0.62526,-2.141493,-2.376856,-2.878602,-4.558707,-0.000363,0.0,67.491386
-0.986438,0.397316,-1.86327,1.417253,1.417259,-1.674204,-2.950026,-3.514761,-3.686704,-5.414134,0.0011,1.0,68.447914
-1.802524,0.403555,-2.0312,1.849566,1.849568,-2.701103,-3.927449,-4.852675,-5.037256,-6.526198,0.001577,1.0,69.713905
-0.414713,0.762542,-0.73579,0.551525,0.551517,-2.068226,-3.75117,-4.896912,-5.242887,-6.442199,0.001983,1.0,70.098389
1.059682,1.851103,-0.295105,-0.267555,-0.267558,-1.113346,-2.735076,-4.228494,-4.656829,-5.659355,0.002582,0.0,69.910835
0.57936,1.805439,-1.360822,-0.442659,-0.442632,-0.067385,-1.85262,-3.427877,-4.01911,-4.671786,0.004523,0.0,69.601387
-0.568795,0.013546,-2.044954,-0.511998,-0.512026,0.677154,-1.064451,-2.485743,-3.299781,-3.700881,0.004768,-1.0,69.24501
2.142163,2.392547,-0.57031,-2.640841,-2.64082,2.726378,1.670597,0.473243,-0.525966,-0.895486,0.004498,-1.0,67.416374
-0.88361,0.207099,-1.104519,0.751149,0.751132,1.319901,1.19426,-0.00552,-1.058028,-1.502203,0.004477,1.0,67.92276
0.876091,1.307181,-0.125162,-0.717929,-0.717933,1.318319,1.917677,0.996618,-0.204779,-0.661567,0.003693,-1.0,67.43512
3.14593,3.393524,-0.364113,-4.519538,-4.51951,4.494586,6.259805,5.561677,4.417949,3.901553,0.002682,-1.0,64.387383
-1.335631,0.718081,-1.622859,1.412748,1.412733,1.829676,4.296999,3.888169,3.015061,2.403482,0.002474,1.0,65.297005
-1.292792,0.326757,-1.647956,1.091486,1.091485,0.304022,2.609746,2.659467,2.036746,1.335859,0.001073,1.0,66.009712
1.066433,1.397899,-0.489978,-1.420656,-1.420638,0.873313,3.316023,4.04283,3.499762,2.795964,-0.000191,-1.0,65.071953
-0.597267,0.184865,-1.336751,1.340252,1.340221,-0.912953,1.348136,2.510439,2.231948,1.45876,0.000463,1.0,65.944061
-0.742641,0.12854,-2.027991,-0.426625,-0.426613,-0.099968,1.182522,2.763974,2.608541,1.891898,-0.000371,0.0,65.662735
-0.927742,0.098398,-1.377558,1.599546,1.599539,-1.248237,-0.789984,0.972736,0.950243,0.413148,0.000413,1.0,66.713036
-0.056314,1.239095,-0.183044,-0.168684,-0.168672,-0.903974,-0.744863,0.831687,1.085605,0.724486,0.00073,0.0,66.60051
-0.868352,0.434169,-1.344538,0.535068,0.535072,-0.868363,-1.417379,-0.017754,0.618332,0.295221,0.001065,0.0,66.956871
0.349699,0.55952,-1.07707,0.126045,0.126023,-0.665816,-1.600209,-0.428951,0.458118,0.313901,0.00085,0.0,67.041252
-0.056165,0.435268,-0.730138,-0.377671,-0.377662,0.047738,-0.867735,-0.332305,0.786294,0.71328,0.000668,0.0,66.788063
-1.81693,0.192703,-2.064694,2.007864,2.00786,-1.505848,-2.403302,-2.403301,-1.220921,-1.219546,0.001878,1.0,68.129074
1.076026,1.509224,-0.992174,-1.50035,-1.500345,0.145335,-0.753212,-0.947454,0.089437,0.287312,0.001574,-1.0,67.106903
0.239333,1.548639,-0.577215,-0.740636,-0.740645,0.788404,0.218225,-0.339752,0.574415,1.071669,0.000846,-1.0,66.609879
2.168298,2.268814,-0.387702,-1.95692,-1.956914,2.268812,2.12091,1.432132,2.229326,2.955201,0.000479,-1.0,65.306381
-0.88597,0.071443,-1.686196,0.488231,0.488222,1.41755,1.619039,1.065072,1.429701,2.341247,-0.000317,0.0,65.625221
0.468109,0.541255,-0.93622,-2.31495,-2.314933,2.565817,3.62053,3.336251,3.432556,4.495603,-0.001497,-1.0,64.106041
0.67628,0.931775,-0.541029,-2.662376,-2.662378,3.862331,5.781479,5.776971,5.859628,6.884876,-0.002278,-1.0,62.399296
0.591714,1.684104,-1.137915,-0.946794,-0.946796,3.301465,5.959632,6.43604,6.37687,7.370042,-0.002067,-1.0,61.808502
-0.602582,1.069598,-0.708034,0.713083,0.713085,1.587831,4.439591,5.286733,5.207143,6.117507,-0.002577,1.0,62.249249
-0.076422,1.023992,-1.451929,-1.43115,-1.431145,1.672013,5.07106,6.347742,6.487841,7.120884,-0.003055,-1.0,61.358372
-0.741086,0.09074,-2.102238,1.054567,1.054552,-0.06654,2.986995,4.731803,5.111164,5.535998,-0.003175,1.0,62.005428
-1.932586,0.314605,-2.262175,0.952808,0.952817,-0.946815,1.294381,3.316853,3.846441,4.231909,-0.003474,1.0,62.596226
-2.215003,0.236261,-2.333139,1.453185,1.453182,-1.831068,-0.645303,1.474699,2.235676,2.460722,-0.003174,1.0,63.505863
3.513094,4.021572,-0.030824,-4.164204,-4.164208,1.978432,2.941452,5.206987,6.260403,6.480743,-0.004473,-1.0,60.861347
-0.783294,1.167258,-1.551226,0.323573,0.323572,1.551225,1.861473,4.242057,5.540629,5.919219,-0.004217,0.0,61.058277
0.536478,0.889028,-1.318211,0.199657,0.199668,1.079091,1.180258,3.277129,4.878142,5.438994,-0.00398,0.0,61.180191
-3.157439,0.55547,-3.362086,4.858992,4.858991,-3.119435,-3.234914,-1.815533,-0.172498,0.437354,-0.00148,1.0,64.152931
-0.42925,0.85849,-1.287739,2.163419,2.163402,-4.549996,-4.714538,-4.00342,-2.394464,-1.660883,-0.001009,1.0,65.540817
0.533299,0.749503,-0.461227,-0.729721,-0.729695,-2.556942,-3.581732,-3.322771,-1.829066,-0.992226,-0.001013,-1.0,65.062569
0.787403,0.874888,-0.801987,-1.153063,-1.153065,-0.408292,-1.997679,-2.331108,-0.876362,0.078727,0.000109,-1.0,64.312355
0.043357,0.549209,-0.823817,0.889472,0.889454,-0.144523,-2.417975,-3.112198,-2.000285,-0.916313,-6.6e-05,1.0,64.884384
-0.043672,1.36846,-0.174701,-0.722648,-0.722639,0.663849,-1.425247,-2.198285,-1.495855,-0.330765,-0.00067,-1.0,64.415504
0.721009,1.677456,-0.029425,-1.06275,-1.062758,1.177174,-0.331069,-0.946627,-0.663617,0.537383,-0.000551,-1.0,63.730923
