-0.461627,0.519331,-1.269469,0.463768,0.463759,-0.17311,0.755914,1.334868,1.087705,0.170799,0.001114,0.0,12.195801
0.346632,1.039867,-0.751005,-0.115413,-0.115409,-0.173307,0.641251,1.190062,1.311378,0.390525,0.002041,0.0,12.181726
3.864747,4.106286,-3.381637,-4.332756,-4.332769,3.514505,4.510885,5.261686,5.739745,4.85267,5.2e-05,-1.0,11.65392
-1.376415,0.119695,-1.376415,0.905797,0.905798,1.927,3.052076,3.953732,4.560153,3.954529,-2.7e-05,1.0,11.759481
-1.349777,0.352107,-1.584513,1.974877,1.974875,-0.293429,0.751175,1.71753,2.367958,2.051644,0.000339,1.0,11.991716
0.233514,0.350274,-0.758897,0.528157,0.528165,-1.050788,-0.029184,0.937932,1.625807,1.604208,0.000183,0.0,12.055052
1.244082,1.481043,-0.118472,-1.459428,-1.45943,-0.094787,1.137447,2.105064,2.802139,3.094792,-0.001443,-1.0,11.879117
0.296554,0.593108,-0.355884,-0.118472,-0.118477,0.379592,1.026096,1.894031,2.636417,3.162513,-0.001818,0.0,11.865043
-1.806527,0.4662,-1.864802,1.779353,1.779361,-0.85082,-0.798371,-0.050507,0.708041,1.28438,-0.001588,1.0,12.076165
0.058485,1.111117,-0.584795,-0.34965,-0.349647,-0.432754,-0.538018,0.120853,0.912277,1.520462,-0.00213,0.0,12.033941
0.23161,1.215981,-0.347429,0.994152,0.994138,-1.250717,-1.551818,-0.976637,-0.22292,0.391438,-0.001311,1.0,12.153575
1.104015,1.51075,-0.52294,-0.347429,-0.347412,-0.522954,-1.266711,-0.708893,-0.020338,0.560137,-0.00095,0.0,12.111352
0.292398,0.877193,-0.233924,-0.639158,-0.639161,0.397657,-0.315796,-0.128661,0.447365,1.036252,-0.001203,-1.0,12.033941
2.402396,2.462456,-0.240234,-2.631579,-2.63159,2.498505,2.342348,2.326332,2.88289,3.533941,-0.002718,-1.0,11.717257
-0.533814,0.296554,-1.720053,1.261267,1.261268,0.937128,0.960853,0.897586,1.393831,2.06643,-0.002047,1.0,11.865043
0.418404,1.016139,-1.135678,-0.771062,-0.771072,1.075925,1.50629,1.442532,1.933667,2.613286,-0.002358,-1.0,11.773555
-2.153673,0.407451,-2.561118,2.689779,2.689799,-1.606526,-0.977886,-1.265044,-0.803264,-0.197908,-0.000893,1.0,12.09024
0.4662,1.981352,-0.233094,-0.116414,-0.116416,-1.421917,-0.687649,-0.916865,-0.713873,-0.207461,-0.000895,0.0,12.076165
0.524476,2.272721,-0.058275,0.0,0.0,-0.827509,-0.687649,-0.742039,-0.74301,-0.305363,-0.000895,0.0,12.076165
-1.711358,0.513406,-2.167718,2.156183,2.156189,-2.156316,-2.538519,-2.650708,-2.758143,-2.416443,0.000414,1.0,12.33655
1.785708,1.900922,-0.23042,-0.969766,-0.969777,-0.472348,-1.53226,-1.609066,-1.797239,-1.506916,0.000392,-1.0,12.216913
0.577034,0.577034,-0.923254,-0.172817,-0.17281,-0.126947,-1.29256,-1.265632,-1.621471,-1.35488,0.000292,0.0,12.195801
-0.057971,0.811588,-0.57971,-0.461627,-0.461618,0.440573,-0.747838,-0.657017,-0.965231,-0.897405,0.000116,0.0,12.139503
-0.690852,0.287847,-1.727121,0.695658,0.695638,-0.011507,-1.018995,-1.262712,-1.459412,-1.556706,0.000217,1.0,12.22395
-1.642123,0.226506,-1.642123,1.669539,1.669542,-1.506222,-2.191388,-2.672703,-2.902035,-3.080405,0.000993,1.0,12.428034
-2.005576,0.222836,-2.952652,1.642135,1.64215,-2.440122,-3.091934,-3.992586,-4.242355,-4.508095,0.003591,1.0,12.632121
-0.222464,0.111235,-0.945501,0.167125,0.167114,-1.879861,-2.808672,-3.867258,-4.096217,-4.518354,0.00327,0.0,12.653231
-2.702703,0.270265,-2.702703,2.892102,2.892091,-3.286476,-4.816203,-6.064854,-6.348638,-6.782693,0.003669,1.0,13.019174
-0.694074,0.213561,-1.227977,1.243243,1.243259,-3.021893,-5.146824,-6.478023,-7.079555,-7.496,0.00398,1.0,13.181036
0.698169,0.698169,-0.429646,-0.587288,-0.587298,-1.417828,-4.001071,-5.295379,-6.122448,-6.610096,0.004359,-1.0,13.103624
1.028139,1.136369,-0.216445,-0.751885,-0.751884,-0.0974,-2.667743,-3.946602,-5.083869,-5.610385,0.004083,-1.0,13.0051
-0.484131,0.10759,-0.91447,0.595238,0.595236,-0.032272,-2.565888,-4.009315,-5.274334,-5.800961,0.003569,1.0,13.082511
-0.428036,1.337614,-0.428036,0.537929,0.537924,-0.363827,-2.316742,-3.977164,-5.355799,-5.913317,0.003954,0.0,13.152885
0.77092,1.872247,-0.275325,-2.835746,-0.927424,0.338445,-0.783063,-2.589841,-3.96578,-4.739497,0.003119,-1.0,13.030902
0.220745,0.607058,-0.386324,-0.220259,-0.220269,0.403935,-0.122446,-2.033503,-3.316486,-4.23133,0.003174,0.0,13.002199
0.277156,0.554313,-0.831497,-0.441501,-0.441487,0.756,0.562,-1.22421,-2.435349,-3.562158,0.00326,0.0,12.944796
1.803828,2.480271,-0.338219,-1.662977,-1.662993,1.905306,2.322555,0.725723,-0.534315,-1.737034,0.003681,-1.0,12.729525
-0.056454,0.338797,-0.959898,-0.169115,-0.169111,1.377762,2.25102,1.194584,-0.117226,-1.358411,0.003059,0.0,12.707998
-0.631827,0.344624,-1.493395,-1.693953,-1.693941,2.26306,3.461975,3.081732,1.770608,0.589608,0.002658,-1.0,12.492732
0.34782,1.043478,-0.173919,-0.919012,-0.919046,2.202921,3.835367,4.010896,2.731313,1.688387,0.001089,-1.0,12.377918
-1.74943,0.169306,-2.370203,2.724632,2.724659,-0.869077,0.853233,1.295667,0.202409,-0.712567,0.002324,1.0,12.715174
0.34034,1.247879,-0.680652,-0.507901,-0.507905,-0.487803,1.026665,1.811389,0.893692,-0.028528,0.002104,-1.0,12.650593
-2.047587,0.387377,-2.268954,2.495752,2.495749,-2.512452,-1.577196,-0.694871,-1.244215,-2.188206,0.002251,1.0,12.96632
0.610427,1.220866,-0.166482,-0.276702,-0.276701,-1.564932,-1.381796,-0.54853,-0.697008,-1.65254,0.002553,0.0,12.930442
-0.276249,0.276243,-0.441989,0.443951,0.443945,-1.060769,-1.828722,-1.047517,-0.920396,-1.886632,0.002821,0.0,12.987846
0.891856,1.337787,0.0,-0.883972,-0.883957,0.066876,-1.008933,-0.23341,0.056811,-0.807741,0.002637,-1.0,12.873039
-1.381215,0.276243,-1.381215,0.891856,0.891841,-0.298336,-1.685077,-1.163896,-0.69883,-1.440624,0.002722,1.0,12.987846
0.276866,1.052054,-0.775188,-0.221,-0.220984,-0.088597,-1.273537,-1.044668,-0.502066,-0.969349,0.0019,0.0,12.959145
-0.495873,1.267212,-0.826446,0.498344,0.498335,-0.440771,-1.355374,-1.539026,-1.055835,-1.21477,0.001403,0.0,13.023725
0.443951,0.721421,-0.388452,-0.716253,-0.716254,0.188682,-0.216426,-0.865703,-0.408997,-0.346694,0.001019,-1.0,12.930442
1.642135,1.925255,-0.28312,-1.99778,-1.997766,1.913918,1.783679,1.011689,1.489774,1.697356,-0.001107,-1.0,12.672122
-0.732802,0.620068,-1.014662,0.453001,0.452986,1.048482,1.386699,0.556183,0.893464,1.262732,-0.001451,0.0,12.729525
0.569806,1.025647,-0.227915,-1.071032,-1.07103,1.56126,2.18804,1.584051,1.76354,2.223721,-0.001661,-1.0,12.593188
0.516944,0.746703,-0.631827,-0.797715,-0.797701,1.527847,2.659378,2.400904,2.366443,2.825332,-0.001681,-1.0,12.492732
1.998824,2.175185,-0.529101,-2.29753,-2.297536,2.727804,4.432681,4.714866,4.447377,4.949074,-0.002939,-1.0,12.205707
-1.849705,0.520231,-2.02311,1.704874,1.704866,0.589602,2.312145,2.797693,2.482664,2.999295,-0.002431,1.0,12.413798
0.289681,0.811124,-0.869056,-0.231208,-0.231202,0.266509,2.062568,2.893003,2.581106,3.012741,-0.002128,0.0,12.385097
-0.97589,0.459242,-0.97589,0.926999,0.926985,-0.803664,0.757759,1.699204,1.55569,1.857643,-0.00163,1.0,12.499905
0.230409,0.230409,-0.748854,-0.344426,-0.344403,-0.51845,0.650903,1.797215,1.892259,2.025325,-0.001587,0.0,12.456855
-0.402299,0.517241,-0.402299,0.230409,0.230379,-0.298837,0.063235,1.295035,1.701164,1.625302,-0.000764,0.0,12.485553
0.695658,1.101455,0.0,-0.862069,-0.862076,0.510163,0.695673,1.9092,2.449296,2.325818,-0.001066,-1.0,12.377918
-0.404619,0.693647,-0.404619,0.289849,0.289871,0.265896,0.150293,1.306364,2.057808,1.928328,-0.000203,0.0,12.413798
-0.573723,0.458979,-0.97533,0.751451,0.751438,-0.470447,-0.665509,0.309822,1.113035,1.103855,0.000523,1.0,12.50708
0.578692,1.562488,-0.057876,-0.860579,-0.860577,0.300918,0.121528,0.84491,1.776623,1.95139,-0.001036,-1.0,12.399447
-0.399766,0.342661,-1.027984,1.331013,1.331027,-0.890932,-0.908061,-0.673906,0.271268,0.67161,-0.000236,1.0,12.564487
-0.511364,0.284091,-0.568182,0.513992,0.51398,-0.999998,-1.244315,-1.204541,-0.338063,0.129551,-0.001098,0.0,12.629066
-0.283286,0.339938,-0.509921,0.284091,0.284107,-0.883863,-1.303128,-1.518424,-0.747885,-0.149585,-0.000854,0.0,12.664946
-0.452233,0.678338,-0.621826,0.226635,0.226602,-0.814004,-1.373644,-1.68832,-1.076863,-0.461261,-0.000948,0.0,12.693645
-0.393917,0.225093,-0.675295,0.452227,0.45225,-0.709061,-1.58695,-1.995875,-1.629151,-0.965673,-0.000367,0.0,12.751052
0.224966,0.506187,-0.449944,0.05628,0.056286,-0.461204,-1.428585,-1.762292,-1.751979,-1.093374,-0.000731,0.0,12.758229
0.510494,0.964266,-0.22688,-0.843656,-0.843659,0.419743,-0.37436,-0.801661,-0.924557,-0.322174,-0.001001,-1.0,12.650593
0.28312,0.792746,-0.396376,0.17017,0.170182,0.260463,-0.339764,-0.819191,-1.115528,-0.591179,-0.001144,0.0,12.672122
-1.175817,0.223959,-1.175817,1.132508,1.132494,-0.671892,-1.215008,-1.765589,-2.136062,-1.749164,-0.00034,1.0,12.815633
1.125487,1.125487,-0.281379,-0.503925,-0.503924,-0.168819,-0.43894,-1.11424,-1.539111,-1.337084,0.000309,-1.0,12.751052
-0.22397,0.559899,-0.671898,0.506477,0.506476,-0.582308,-0.744683,-1.440841,-1.797317,-1.870104,0.000333,0.0,12.815633
-0.502799,0.502793,-0.837989,0.223959,0.223969,-0.502796,-0.798888,-1.419002,-1.84917,-2.035762,0.000896,0.0,12.844336
0.840336,0.840336,-0.560224,-0.27933,-0.279322,-0.011214,-0.408977,-0.937456,-1.408979,-1.73671,0.001121,0.0,12.808459
0.506757,0.957207,0.0,-0.504202,-0.504214,0.382885,0.135136,-0.311563,-0.81363,-1.191444,0.001901,-1.0,12.743877
-0.55896,0.223594,-0.782555,0.731976,0.731959,-0.212388,-0.525412,-0.808626,-1.386233,-1.802106,0.001478,1.0,12.837157
0.0,0.504207,-0.504202,-0.223583,-0.223554,-1.1e-05,-0.263317,-0.459397,-1.039232,-1.393853,0.001481,0.0,12.808459
-0.723422,0.111302,-0.723422,0.672263,0.672251,-0.589867,-0.740117,-0.986826,-1.499719,-1.90317,0.00137,1.0,12.894564
0.560544,0.67264,-0.44843,-0.723422,-0.723421,0.123314,0.084079,-0.194323,-0.630609,-1.058301,0.001205,-1.0,12.801282
-0.391729,0.111908,-0.839407,0.168167,0.168147,0.078351,-0.078332,-0.294709,-0.674304,-1.123662,0.001178,0.0,12.822807
-0.673395,0.392811,-1.234568,-0.279804,-0.279806,0.280599,0.230096,0.00376,-0.24409,-0.74297,0.001432,0.0,12.786928
0.280752,0.393038,-0.617619,-0.056122,-0.056104,0.29197,0.258286,0.071126,-0.10387,-0.595168,0.001281,0.0,12.779754
0.967008,1.308299,-0.170654,-1.291404,-1.291402,1.160402,1.387937,1.361394,1.197381,0.780429,0.000393,-1.0,12.614716
0.228577,0.571429,-0.285709,-0.455063,-0.45508,1.234292,1.651439,1.763823,1.617157,1.286871,0.000569,0.0,12.557309
-0.114155,0.456621,-0.228311,0.114286,0.114292,0.719178,1.398405,1.518271,1.452633,1.191788,4e-05,0.0,12.571661
-0.455575,0.398633,-0.455575,0.228305,0.228315,0.19362,0.979499,1.207291,1.161734,1.02506,-8.4e-05,0.0,12.600364
0.515169,1.030344,0.0,-0.512529,-0.512533,0.320551,1.2822,1.579857,1.594168,1.536355,-0.00043,-1.0,12.535783
0.172222,1.148111,-2.583243,-0.286199,-0.286205,0.424798,1.257177,1.687719,1.825494,1.786459,-0.000653,0.0,12.499905
-1.176476,0.392157,-2.128857,2.468427,2.468451,-1.602258,-1.176491,-0.761924,-0.574246,-0.620745,0.000223,1.0,12.808459
-0.22322,0.669648,-0.669648,0.392157,0.392131,-1.540171,-1.534594,-1.090024,-0.945863,-0.95758,0.000369,0.0,12.858685
-0.940265,0.05531,-2.488944,0.892857,0.892852,-1.836273,-2.262159,-1.895269,-1.736713,-1.765473,0.001124,1.0,12.973494
-0.275628,0.496147,-0.606384,0.331853,0.331892,-1.422289,-2.403549,-2.113216,-1.984584,-2.011044,0.001195,0.0,13.016552
-0.708066,0.163388,-0.87146,1.212801,1.212787,-1.579531,-3.148165,-3.144535,-3.033786,-3.026159,0.00123,1.0,13.174415
-0.917927,1.241901,-0.917927,0.871454,0.871447,-1.706264,-3.434128,-3.736506,-3.690609,-3.678189,0.001828,1.0,13.289223
-1.530348,0.263847,-2.216359,2.32182,2.321821,-2.849607,-4.87072,-5.540907,-5.562016,-5.633782,0.002617,1.0,13.597775
-0.054025,1.080492,-1.350621,-2.321905,-0.430357,-1.593971,-3.766095,-4.762196,-4.894556,-4.99305,0.002332,0.0,13.539256
-2.671556,0.261912,-4.976433,3.133441,3.133451,-3.22747,-5.667456,-7.090595,-7.370503,-7.550779,0.003816,1.0,13.963502
-1.406988,0.05211,-2.240755,0.52384,0.523816,-2.503196,-5.064204,-6.899392,-7.446361,-7.692748,0.004263,0.0,14.036645
0.471209,0.575911,-0.942408,-0.468999,-0.468972,-1.068069,-3.784894,-5.786213,-6.591701,-6.925017,0.003741,0.0,13.970817
0.313311,1.618794,-0.574407,0.26178,0.261767,-0.741512,-3.216026,-5.348871,-6.412733,-6.807208,0.003952,0.0,14.007388
0.473435,0.894266,-0.420831,-0.73107,-0.731057,0.51551,-1.833372,-4.026328,-5.321484,-5.813719,0.003342,-1.0,13.904986
-0.260563,0.364768,-0.990104,0.946875,0.946847,-0.323074,-2.027406,-4.213698,-5.761818,-6.347161,0.004068,1.0,14.036645
0.312495,0.416667,-0.78126,0.05211,0.052128,-0.364587,-1.45929,-3.53064,-5.30207,-6.068583,0.004018,0.0,14.043962
0.364964,1.355584,-0.417101,-0.104172,-0.104159,-0.177279,-0.828999,-2.849901,-4.678707,-5.620505,0.004094,0.0,14.029334
0.894737,0.894737,-1.052637,-0.938478,-0.938469,0.610512,0.326298,-1.43114,-3.298609,-4.417025,0.00371,-1.0,13.897673
0.052659,0.895208,-1.053181,-0.052632,-0.052635,0.642434,0.631899,-0.939183,-2.783335,-4.048935,0.004249,0.0,13.890358
1.498117,1.498117,0.0,-1.579774,-1.579794,1.722856,2.033175,0.969997,-0.807695,-2.248027,0.00376,-1.0,13.670919
0.537046,1.450043,-0.590768,-0.374532,-0.374532,1.482286,2.110638,1.567553,-0.023692,-1.585377,0.003547,0.0,13.619717
0.813444,1.681122,-2.277663,-0.966702,-0.966694,1.670282,2.749453,2.657261,1.204133,-0.348701,0.003028,-1.0,13.488056
-2.064579,0.052943,-2.488084,2.440336,2.440337,-0.868178,0.164114,0.317632,-0.859896,-2.362019,0.004312,1.0,13.81721
0.212987,0.745469,-0.745485,-0.582308,-0.582296,-0.511198,0.628312,1.001047,-0.00141,-1.459242,0.004183,-1.0,13.736753
1.298696,1.677495,-0.4329,-1.597449,-1.597466,0.87663,1.877714,2.420639,1.807196,0.430919,0.002415,-1.0,13.517313
-0.596211,0.487805,-1.029816,-0.162332,-0.162318,0.856359,1.636846,2.31977,2.09163,0.889256,0.002174,0.0,13.495372
-0.378788,1.136369,-1.406932,0.162596,0.162582,0.735939,1.093083,1.930021,2.010286,0.935256,0.001857,0.0,13.517313
0.379004,0.541424,-0.378988,-0.054118,-0.054108,0.335685,0.860859,1.739761,2.033027,1.182739,0.001689,0.0,13.509999
0.433604,0.433604,-0.433604,-0.108273,-0.108268,0.08671,0.677494,1.647684,2.127357,1.44709,0.001114,0.0,13.495372
0.326275,0.326275,-0.59814,-0.325214,-0.325237,0.315409,0.84287,1.689346,2.270275,1.907443,0.000594,0.0,13.45148
0.270997,1.300813,-2.330629,0.326275,0.326299,-0.010854,0.422752,1.087613,1.737114,1.671133,-0.000274,0.0,13.495372
-0.322575,0.215048,-1.075269,0.813003,0.813005,-0.688179,-0.301083,0.064509,0.782248,0.944075,0.000267,1.0,13.60509
-1.744186,0.0,-1.744186,1.72043,1.720422,-1.892176,-1.971458,-1.656096,-0.983088,-0.693449,-0.000347,1.0,13.839155
0.529101,0.529101,-0.529106,-0.105708,-0.105722,-1.312159,-1.804221,-1.583763,-0.907396,-0.50581,-0.000621,0.0,13.824524
-0.158479,0.052831,-0.42261,0.15873,0.158747,-0.898047,-1.722138,-1.655225,-1.133126,-0.697312,-0.000348,0.0,13.84647
-0.263153,0.0,-0.631584,0.369783,0.369791,-0.68422,-1.794748,-1.884221,-1.55001,-1.10317,-0.000301,0.0,13.897673
-0.471451,0.052383,-0.628607,0.473684,0.473669,-0.639075,-1.938184,-2.11978,-2.037712,-1.571501,0.000223,0.0,13.963502
-0.314131,0.366492,-0.52356,0.052383,0.052387,-0.502618,-1.659685,-2.09773,-2.062827,-1.633508,-0.000166,0.0,13.970817
-0.524389,0.262197,-0.524389,-0.157068,-0.157063,-0.167804,-1.179868,-1.842339,-1.887786,-1.466182,-0.000257,0.0,13.948874
-0.57562,0.627938,-1.465207,0.209759,0.209745,-0.188377,-1.009936,-1.828008,-1.98325,-1.689163,-0.000121,0.0,13.978131
0.684205,1.052637,-0.526316,-0.57562,-0.575599,0.389464,-0.147378,-1.066677,-1.3158,-1.162115,3.7e-05,-1.0,13.897673
-0.313316,0.261102,-0.78329,0.789474,0.789449,-0.334191,-0.642285,-1.608342,-1.903381,-1.942545,0.000403,1.0,14.007388
2.178533,2.178533,-0.797024,-1.723238,-1.723226,1.115835,1.04676,0.240881,-0.20191,-0.261422,0.000341,-1.0,13.766009
-1.102946,0.105032,-2.258403,1.168974,1.168966,-0.084031,-0.047264,-0.71078,-1.28676,-1.403357,0.001012,1.0,13.926929
1.173328,1.44,-1.119995,-1.523114,-1.5231,1.077328,1.402662,0.952885,0.311995,0.134395,0.00077,-1.0,13.714808
0.106998,0.642044,-0.267533,-0.319995,-0.320012,1.070093,1.562338,1.362589,0.698241,0.470847,-0.00043,0.0,13.670919
-0.796601,0.743489,-1.168343,0.749058,0.749079,-0.021251,0.669136,0.690379,0.042477,-0.193317,0.000149,1.0,13.773325
0.4772,0.636262,-0.477206,0.159326,0.159286,-0.137837,0.381783,0.509037,-0.013231,-0.358406,0.000913,0.0,13.795264
0.958982,0.958982,-0.106553,-0.477206,-0.477164,0.053264,0.703236,0.944758,0.551399,0.117196,0.000776,0.0,13.729438
-0.477707,0.583869,-0.636948,0.372936,0.372921,-0.22293,0.185776,0.537865,0.297243,-0.178342,0.000867,0.0,13.780638
0.749058,0.802563,0.0,-0.796173,-0.796182,0.577853,0.823973,1.234176,1.166405,0.674163,0.000544,-1.0,13.670919
0.213898,1.229941,-0.588241,0.053505,0.053515,0.385019,0.529406,1.040993,1.139033,0.667375,0.000615,0.0,13.678235
0.160691,1.124794,-0.214253,-0.160433,-0.160445,0.342808,0.610615,1.049824,1.234612,0.871999,0.000686,0.0,13.656289
-0.587596,0.534193,-0.747858,0.267804,0.267818,0.021367,0.170942,0.655272,0.916136,0.660259,0.000661,0.0,13.692863
0.426667,0.693328,-0.266661,0.160262,0.160266,-0.234675,0.010659,0.366215,0.70666,0.575994,0.000377,0.0,13.714808
-2.53492,0.413864,-2.53492,3.093333,3.093328,-2.565961,-2.659081,-2.531474,-2.229697,-2.259701,0.000974,1.0,14.139052
2.370917,2.897792,0.0,-1.810657,-1.810666,-0.474179,-0.785032,-0.793812,-0.455736,-0.377232,0.000233,-1.0,13.883041
-2.598054,1.069796,-3.158426,3.424652,3.424675,-2.791653,-3.678052,-3.803711,-3.616922,-3.531338,0.001653,1.0,14.35849
1.612914,1.612914,-0.364199,-2.08864,-2.088632,-0.197722,-1.389194,-1.689229,-1.521869,-1.406884,0.000584,-1.0,14.058594
-0.672525,0.25866,-1.707191,0.572326,0.572305,-0.165543,-1.696844,-2.04863,-2.02535,-1.885153,0.000627,1.0,14.139052
0.0,0.723888,-0.517063,0.051733,0.051743,-0.20683,-1.411591,-1.875225,-1.988118,-1.865574,0.000627,0.0,14.146368
-0.205334,0.82135,-0.410678,0.723888,0.723868,-0.410663,-1.719702,-2.357965,-2.607794,-2.49075,0.00101,1.0,14.248769
1.564129,1.929088,0.0,-1.540041,-1.540028,0.67779,0.083419,-0.719502,-0.990619,-0.948909,0.000249,-1.0,14.029334
0.0,0.675319,-0.831169,0.364964,0.36495,0.342866,-0.005183,-0.914276,-1.296094,-1.271679,0.000658,0.0,14.080534
0.729161,1.770833,-0.260422,-0.259735,-0.259734,0.468752,0.489588,-0.531246,-0.921872,-0.99583,0.000202,0.0,14.043962
0.678856,0.887728,-0.261097,-0.260422,-0.260425,0.532643,0.657976,-0.111389,-0.543069,-0.705994,0.000838,0.0,14.007388
0.104063,1.040588,-0.364199,0.36553,0.365564,-0.104076,0.416219,-0.294848,-0.803867,-1.053086,0.000488,0.0,14.058594
-0.414508,0.207259,-0.569938,0.416233,0.416215,-0.393783,-0.170982,-0.490498,-1.101034,-1.363729,0.001331,0.0,14.117108
-0.97136,0.562377,-1.431483,1.34715,1.347139,-1.400808,-1.32412,-1.526913,-2.213689,-2.568495,0.002056,1.0,14.307285
-0.507877,0.304718,-0.812595,0.664632,0.664633,-1.554089,-1.792789,-1.85881,-2.643473,-3.020822,0.00202,1.0,14.402376
0.465357,0.775595,-0.723883,-1.777557,0.051735,-1.046432,-1.660737,-1.784284,-2.437424,-2.865856,0.001973,0.0,14.409827
0.469729,1.25261,-0.260955,-0.930714,-0.930719,0.187378,-0.718003,-0.678209,-1.311596,-1.81255,0.001776,-1.0,14.275712
1.159736,1.686885,-1.107006,-0.991654,-0.991649,1.214947,0.350543,0.210764,-0.154108,-0.733218,0.001182,-1.0,14.134147
1.020946,1.450822,-1.719506,-1.897723,-1.897716,2.536259,2.136973,2.056631,1.839741,1.226397,0.000703,-1.0,13.865921
2.603884,3.047097,-0.055391,-3.009145,-3.00914,4.299164,4.863136,4.880709,4.900375,4.26821,-0.000628,-1.0,13.448676
-0.054945,0.38461,-0.879121,0.831036,0.831019,2.186814,3.669287,3.728255,3.822471,3.376274,-0.000197,1.0,13.560437
3.949634,4.178604,-1.259296,-4.011,-4.011014,4.522062,7.200658,7.431546,7.827964,7.49263,-0.002058,-1.0,13.016526
-1.778766,0.166759,-2.33463,2.976537,2.976555,0.411341,3.56997,4.015185,4.35512,4.310241,-0.000833,1.0,13.40397
-0.445682,0.445682,-1.83844,-0.22234,-0.222352,-0.100275,3.103071,3.894875,4.331796,4.447376,-0.002275,0.0,13.374166
2.172676,2.858776,-1.372213,-2.56268,-2.562664,1.886784,4.762718,6.109382,6.650809,6.984647,-0.002602,-1.0,13.031431
0.974212,1.661885,-1.088831,-0.228696,-0.228701,1.260736,3.919766,5.836902,6.45505,6.879949,-0.00419,0.0,13.001628
0.459242,0.97589,-0.918485,-0.171925,-0.171932,1.377733,3.099893,5.464802,6.149349,6.785501,-0.003357,0.0,12.979274
-0.686101,1.200692,-0.686101,0.401837,0.401848,0.400225,1.841049,4.487275,5.341613,5.950762,-0.003431,0.0,13.031431
0.056722,1.361327,-0.623931,0.800452,0.800449,-0.760064,0.476463,3.062965,4.145476,4.828394,-0.003105,1.0,13.135741
0.0,1.923077,-0.678739,0.283613,0.283623,-0.825801,-0.016981,2.14931,3.520344,4.238573,-0.003297,0.0,13.172997
0.0,1.753394,-0.622172,0.0,0.0,-0.565619,-0.311098,1.523368,3.203638,3.943007,-0.002627,0.0,13.172997
-2.040811,0.99283,-2.426906,2.545243,2.545237,-2.250409,-2.421399,-1.375251,0.438365,1.143807,-0.001679,1.0,13.508281
-0.713888,0.054915,-1.098292,0.441258,0.441255,-1.889066,-2.729266,-2.086762,-0.205275,0.563425,-0.001374,0.0,13.567887
-1.246623,0.216797,-2.005425,1.317968,1.31798,-2.276434,-3.723592,-3.418265,-1.707334,-0.841875,-0.000688,1.0,13.746709
-0.809072,0.755119,-1.510253,0.487805,0.487782,-1.823077,-3.624589,-3.710892,-2.397514,-1.389861,-0.000635,0.0,13.813763
0.817439,1.19891,-0.054496,-1.024817,-1.024811,-0.076289,-2.136234,-2.659397,-1.656671,-0.466894,-0.001261,-1.0,13.672198
-0.753904,0.484653,-1.238557,1.19891,1.198907,-0.786208,-2.676352,-3.417692,-2.980607,-1.710385,-0.001326,1.0,13.836115
0.756751,1.081086,-0.810811,-0.376952,-0.376956,-0.097288,-1.762152,-2.868459,-2.740531,-1.435153,-0.001779,0.0,13.783959
0.379816,1.193706,-0.37981,-0.378378,-0.378367,0.260439,-0.954965,-2.325919,-2.419969,-1.228433,-0.001966,0.0,13.731805
0.490731,0.490731,-0.763353,-0.488334,-0.488341,0.534352,-0.109046,-1.537617,-1.862046,-0.959646,-0.001773,0.0,13.664747
-1.18534,0.161643,-1.885776,1.199558,1.199568,-0.431038,-0.818966,-2.306034,-2.928341,-2.301724,-0.000821,1.0,13.828665
-2.315795,0.0,-3.473684,2.370695,2.370684,-2.284209,-2.657891,-4.01403,-4.773679,-4.59789,0.001035,1.0,14.156499
1.280683,1.387407,-0.213442,-1.368421,-1.368424,-0.672353,-1.02454,-2.23763,-3.252393,-3.323364,0.001748,-1.0,13.962778
0.267374,1.069513,-0.534765,-0.213442,-0.213417,-0.171144,-0.679167,-1.647078,-2.844939,-3.097347,0.001294,0.0,13.932979
1.240555,1.510243,-0.755129,-0.855615,-0.855639,0.906153,0.177995,-0.489029,-1.723297,-2.155337,0.002666,-1.0,13.813763
0.813003,1.029799,-1.192417,-0.485437,-0.485414,1.279118,0.720848,0.274598,-0.972918,-1.623867,0.001161,0.0,13.746709
0.272326,1.198252,-0.326808,-0.487805,-0.487811,1.078427,1.100207,0.849662,-0.231492,-0.947724,0.001046,0.0,13.679651
-0.596853,0.651107,-0.813885,0.381258,0.381252,0.35812,0.678244,0.546211,-0.355398,-1.228432,0.002326,0.0,13.731805
0.328587,0.602415,-0.766698,-0.922409,-0.922428,0.810535,1.522473,1.412942,0.744816,-0.240945,0.002024,-1.0,13.605139
-0.382096,0.163755,-0.927948,0.328587,0.328589,0.24019,1.179055,1.000742,0.589535,-0.386447,0.002242,0.0,13.649844
1.796744,2.245929,-0.78607,-2.783848,-2.783834,2.391916,3.655256,3.690816,3.506463,2.54689,0.000856,-1.0,13.269855
-1.054384,0.055499,-2.663701,1.179119,1.179124,0.821299,1.903437,2.278944,2.269696,1.485013,0.001021,1.0,13.426323
1.120443,1.120443,-1.456583,-0.943396,-0.943415,1.131658,2.375366,3.010285,3.142872,2.532228,0.000488,-1.0,13.299657
0.56338,1.295775,0.0,-0.560224,-0.56021,1.126755,2.4169,3.335211,3.526759,3.136902,0.000244,-1.0,13.225151
-0.224851,0.618319,-0.505902,0.225358,0.225343,0.303545,1.765044,2.896767,3.0832,2.929745,-0.000765,0.0,13.254953
-0.333519,1.612012,-0.889383,1.124221,1.124236,-0.611455,0.377984,1.541596,1.83713,1.854363,-0.000468,1.0,13.40397
-0.442723,0.940786,-0.885445,0.444691,0.444689,-0.996129,-0.226899,0.748941,1.247926,1.390151,-0.000847,0.0,13.463576
1.501669,1.501669,0.0,-0.498063,-0.498062,-0.355952,0.022242,0.971451,1.610123,1.846497,-0.001276,0.0,13.396519
-0.709214,0.600115,-2.018554,1.946607,1.946603,-1.625748,-1.849426,-1.091104,-0.357333,-0.124382,1.6e-05,1.0,13.657296
0.0,0.488865,-0.760456,0.436443,0.436448,-1.379686,-2.227053,-1.56799,-0.77132,-0.586639,-0.000316,0.0,13.716903
-0.1606,0.321199,-0.856531,1.466594,1.466599,-2.066386,-3.174524,-2.908644,-2.173453,-1.952896,0.000486,1.0,13.918075
-0.851527,0.0,-1.117621,0.58887,0.588853,-1.873331,-3.331555,-3.32446,-2.802016,-2.480036,0.000907,1.0,14.000032
0.479744,0.959494,-0.26653,-0.159665,-0.159635,-0.884876,-2.691914,-3.052613,-2.641274,-2.268673,0.001049,0.0,13.977683
-0.793231,1.110529,-1.216288,0.799574,0.79956,-1.057642,-2.850347,-3.59246,-3.358015,-2.942362,0.000876,1.0,14.089443
0.6882,0.6882,-0.635251,-0.105769,-0.105767,-0.444677,-2.165166,-3.289219,-3.16305,-2.723134,-0.000201,0.0,14.074541
0.052966,1.218231,-0.476684,-0.052938,-0.052947,-0.180076,-1.641941,-2.860162,-2.997875,-2.603806,0.000371,0.0,14.067089
0.480256,1.334045,-0.853789,-0.74152,-0.741525,0.512282,-0.549619,-1.878329,-2.17182,-1.93169,0.000141,-1.0,13.962778
2.227051,2.661597,-0.217268,-1.760939,-1.760932,1.93373,1.466594,0.083288,-0.423685,-0.245518,-0.000252,-1.0,13.716903
1.432507,1.432507,-0.716253,-1.412276,-1.412287,2.55648,2.820947,1.663922,0.972461,1.062269,-0.000655,-1.0,13.523181
-0.928962,0.491803,-0.928962,0.826441,0.826462,1.071029,1.918028,1.016388,0.139338,0.181415,-8.4e-05,1.0,13.634945
-0.705377,0.325556,-0.705377,0.710388,0.710381,-0.130228,1.06348,0.46301,-0.39881,-0.529576,5.9e-05,1.0,13.731805
0.382927,0.547035,-0.765875,-0.813885,-0.81387,0.185976,1.613764,1.363945,0.489582,0.269122,0.000106,-1.0,13.620046
0.663722,1.714596,-0.165935,-1.094097,-1.094108,0.929202,2.36172,2.522118,1.664816,1.300876,-0.000512,-1.0,13.471028
-0.65825,0.603401,-1.151947,0.829646,0.829632,0.186518,1.146469,1.64199,0.959963,0.460784,0.001059,1.0,13.582788
-0.272771,0.163672,-1.036558,0.548546,0.548547,-0.327322,0.289149,1.058381,0.556471,-0.085101,0.000785,0.0,13.657296
-0.862064,0.161643,-1.293098,1.254768,1.25478,-1.422411,-1.126078,-0.237069,-0.536099,-1.161639,0.00174,1.0,13.828665
-0.375134,0.482315,-0.857449,0.538799,0.538779,-1.543399,-1.698808,-0.818136,-0.911027,-1.554115,0.002218,0.0,13.903171
0.0,0.054383,-1.196297,-1.446951,0.491816,-1.308768,-1.997642,-1.306468,-1.190191,-1.843558,0.002334,0.0,13.971549
0.60174,0.60174,-0.711165,-0.59814,-0.598144,-0.275396,-1.145248,-0.809295,-0.512558,-1.062001,0.001585,-1.0,13.887979
0.495595,0.936123,-0.220259,-0.656461,-0.65646,0.585822,-0.374697,-0.288046,0.173811,-0.251124,0.001106,-1.0,13.79681
-0.164558,0.274279,-0.877674,0.385463,0.385466,0.230384,-0.671911,-0.775425,-0.235421,-0.505331,0.001491,0.0,13.849992
-0.330028,0.385039,-0.825077,-0.274273,-0.274275,0.374037,-0.25975,-0.575302,-0.029106,-0.130786,0.000525,0.0,13.812005
0.441258,0.827369,-0.717038,-0.275033,-0.275029,0.364039,0.235293,-0.273458,0.17267,0.254267,0.000216,0.0,13.774018
0.220017,0.550061,-0.660072,0.275792,0.275787,-0.022003,0.125572,-0.408327,-0.203267,0.023343,-0.000302,0.0,13.812005
-1.297999,0.0,-1.730665,1.705171,1.705162,-1.341259,-1.275317,-1.882254,-1.88605,-1.559478,0.000183,1.0,14.047522
-0.430571,0.053821,-1.507002,0.48675,0.486748,-1.442405,-1.550047,-2.176127,-2.344015,-1.980257,0.000464,0.0,14.115898
-0.053879,0.969833,-0.431029,-0.107648,-0.10763,-0.92673,-1.303883,-1.843475,-2.189887,-1.846086,7e-05,0.0,14.100705
0.379209,0.379209,-0.70422,-0.538793,-0.53881,-0.032494,-0.731299,-1.04853,-1.550277,-1.30094,-0.000118,-1.0,14.024729
0.550061,1.485154,-0.660072,-1.516788,-1.516778,1.507144,0.742571,0.586096,0.07054,0.138815,-0.000755,-1.0,13.812005
-0.218454,0.0,-1.747673,0.715066,0.715081,0.589829,0.109218,-0.006592,-0.540823,-0.619266,-0.000122,1.0,13.910772
3.246371,6.086951,-0.637687,-5.789181,-5.789197,5.228986,5.692753,5.770047,5.331916,5.194112,-0.001873,-1.0,13.10545
2.585689,3.607944,-2.585677,-3.594209,-3.594207,6.831032,8.701146,9.043901,8.868849,8.695411,-0.002822,-1.0,12.634413
-2.890867,0.88495,-3.362843,1.924245,1.924229,3.032458,5.952809,6.418888,6.583072,6.382624,-0.002344,1.0,12.877528
1.013111,1.907026,-0.476758,-1.00295,-1.002941,2.407628,6.191892,6.901071,7.335605,7.217281,-0.003089,-1.0,12.748374
-0.820627,0.175856,-1.81711,1.668641,1.668644,-0.738565,3.610792,4.716694,5.305379,5.249609,-0.00201,1.0,12.961099
-1.044089,0.058005,-2.842227,1.055106,1.055111,-1.786549,1.751736,3.240521,3.92691,3.957099,-0.001076,1.0,13.097853
-2.099892,0.170255,-3.007951,2.204182,2.204209,-2.78096,-0.976196,0.802085,1.492588,1.645318,-0.000478,1.0,13.386557
1.437608,1.495118,-0.402524,-1.305346,-1.305377,-0.989062,-0.281761,1.851647,2.54745,2.911242,-0.001284,-1.0,13.211812
1.337203,1.74418,-0.639541,-1.092571,-1.092583,0.593035,0.25001,2.596908,3.366288,3.89031,-0.002305,-1.0,13.067462
0.290861,1.337981,-0.232699,-0.05814,-0.058144,0.802808,-0.34321,2.152427,3.144284,3.767769,-0.002564,0.0,13.059864
0.408652,0.934046,-0.233503,-0.349052,-0.349039,1.027448,-0.064205,1.945915,3.184483,3.880922,-0.00293,0.0,13.01428
-0.116285,0.697669,-1.104657,0.408652,0.408643,0.127905,-0.139529,1.003883,2.479658,3.202334,-0.002492,0.0,13.067462
-1.202743,0.0,-1.60366,1.511616,1.51161,-1.28292,-1.334457,-0.881992,0.761765,1.452488,-0.001549,1.0,13.264991
-1.415629,0.169881,-1.86863,1.145481,1.145496,-1.879962,-1.953567,-2.200828,-0.526611,0.163084,-0.001219,1.0,13.416941
1.787774,2.191459,0.0,-1.812005,-1.811985,0.103785,0.017284,-0.768952,0.977492,1.82236,-0.001887,-1.0,13.173828
-1.595436,0.284906,-1.652416,1.211067,1.211038,-0.615373,-1.002834,-1.842339,-0.524199,0.449021,-0.001241,1.0,13.333368
3.03207,3.03207,-0.174921,-2.279197,-2.279184,1.644309,1.032063,0.649172,1.384839,2.551603,-0.002352,-1.0,13.029476
-0.290017,0.058005,-1.740133,0.524781,0.524787,0.858463,0.417622,0.235878,0.501734,1.809738,-0.002865,0.0,13.097853
-1.428571,0.285709,-1.71428,1.508121,1.508102,-0.822847,-0.902851,-0.979038,-1.185703,0.141726,-0.002421,1.0,13.295382
0.39818,0.39818,-0.625717,0.457143,0.457151,-1.001139,-1.13197,-1.232459,-1.843001,-0.521044,-0.002176,0.0,13.356162
0.05685,0.511654,-0.284247,0.056883,0.056903,-1.011953,-0.926681,-1.155977,-1.802177,-0.802745,-0.001917,0.0,13.363762
-0.227785,0.569482,-0.227785,-0.170557,-0.170596,-0.37583,-0.552369,-1.009849,-1.369564,-0.861021,-0.001331,0.0,13.340964
0.114286,0.4,-0.114286,-0.34168,-0.341669,0.262861,-0.188563,-0.628566,-0.874276,-0.740561,-0.001791,0.0,13.295382
-0.286867,0.286862,-0.860579,-0.4,-0.399989,0.585193,0.080318,-0.141524,-0.289733,-0.514057,0.000552,0.0,13.242202
-0.799994,0.0,-1.542857,0.401606,0.401595,0.091433,-0.228566,-0.422851,-0.562848,-1.097134,0.00229,0.0,13.295382
0.229352,0.516055,-0.516061,-0.342851,-0.342841,0.263747,0.051597,0.038217,-0.163425,-0.71331,0.001304,0.0,13.2498
-0.343637,0.343648,-1.202743,0.114667,0.114651,0.034379,0.114565,0.022927,-0.32358,-0.636864,0.00179,0.0,13.264991
-0.6826,0.39818,-1.308305,0.687291,0.687305,-0.557455,-0.37543,-0.614336,-0.949946,-1.171786,0.001363,1.0,13.356162
-1.124233,0.0562,-1.854986,1.194545,1.194542,-1.326594,-1.388426,-1.738809,-1.95335,-2.111301,0.001424,1.0,13.515707
0.225867,0.451734,-1.072835,-0.449702,-0.449699,-0.643702,-0.869563,-1.155653,-1.363634,-1.522299,0.00027,0.0,13.454927
2.430555,2.430555,-0.057876,-2.427996,-2.427988,1.643502,1.417806,1.199831,1.134244,0.937486,-0.000218,-1.0,13.128243
-0.230288,0.805982,-1.036269,0.520833,0.520824,1.01324,0.782954,0.759926,0.659177,0.356931,0.000483,0.0,13.196618
-2.20214,0.169401,-2.20214,1.957386,1.957388,-0.779213,-1.03331,-0.99755,-1.202706,-1.497456,0.00136,1.0,13.454927
-0.617966,0.112365,-1.516843,0.508187,0.508208,-1.269673,-1.325857,-1.385783,-1.662936,-1.86069,0.001732,0.0,13.523306
-0.445931,0.0,-1.337793,0.786528,0.786509,-1.783724,-1.850618,-2.02156,-2.263106,-2.459316,0.001897,1.0,13.629668
-0.611456,0.0,-1.000561,0.278701,0.278701,-1.267367,-1.817676,-2.145639,-2.412452,-2.53919,0.001361,0.0,13.667654
-1.046837,0.0,-1.101923,0.889383,0.88937,-1.278224,-2.303017,-2.791541,-2.997234,-3.18897,0.001249,1.0,13.78921
-0.493697,0.274279,-0.603396,0.440771,0.440794,-1.140983,-2.375213,-2.951189,-3.151409,-3.444881,0.002229,0.0,13.849992
0.0,0.880572,-0.165113,-0.329128,-0.329141,-0.407261,-1.843693,-2.359197,-2.647218,-3.013756,0.001559,0.0,13.804406
0.329495,0.768814,-0.604058,0.220138,0.220133,-0.329479,-1.784719,-2.313734,-2.688071,-3.035683,0.002646,0.0,13.834794
0.275325,0.385463,-0.715854,-0.274569,-0.274554,0.132149,-1.029742,-1.780477,-2.263224,-2.634368,0.002298,0.0,13.79681
-0.656814,0.05474,-1.423098,0.605727,0.605734,-0.339365,-1.133017,-2.076275,-2.657375,-2.975383,0.001906,1.0,13.880382
-0.921914,0.216914,-1.301518,0.930493,0.930486,-1.030378,-1.648599,-2.668122,-3.299903,-3.609557,0.002112,1.0,14.009537
-1.030928,0.108524,-1.030928,-0.054235,-0.054249,-0.694511,-1.253384,-2.383786,-2.976119,-3.355393,0.002063,0.0,14.001937
-0.377964,0.107997,-0.647948,0.488334,0.48834,-0.842327,-1.420085,-2.566591,-3.172244,-3.622029,0.00235,0.0,14.070314
-0.960518,0.320165,-0.960518,1.187905,1.187898,-1.387397,-2.177154,-3.191027,-3.962106,-4.507998,0.003015,1.0,14.237455
0.806885,0.860678,-0.484131,-0.800427,-0.800396,-0.247464,-1.151176,-1.972407,-2.883291,-3.515891,0.002841,-1.0,14.123499
-0.107244,0.214483,-0.536198,0.322754,0.322746,-0.343174,-1.243979,-1.951754,-2.908859,-3.579638,0.002806,0.0,14.169082
0.865795,1.190482,-0.270563,-0.911528,-0.911541,0.62771,-0.167747,-0.804472,-1.829003,-2.465368,0.002559,-1.0,14.039925
-0.216105,0.432199,-0.594273,0.162338,0.162323,0.453826,-0.16746,-0.759935,-1.772,-2.405173,0.00258,0.0,14.062715
-2.077643,0.984133,-2.405692,-1.188541,0.771359,-0.408625,-0.667449,-1.282691,-2.155909,-2.892143,0.002616,1.0,14.171189
0.164198,0.437876,-0.383136,-0.109355,-0.109327,-0.254135,-0.364243,-1.00205,-1.710061,-2.534173,0.00205,0.0,14.155696
0.990644,0.990644,-0.110072,-0.547345,-0.547349,0.165738,0.232897,-0.34913,-0.947746,-1.792604,0.002007,-1.0,14.078215
0.387168,0.553097,-0.387168,-0.495322,-0.49534,0.619475,0.736532,0.244057,-0.281487,-1.163015,0.002847,0.0,14.00848
0.220867,0.220867,-0.386527,0.165935,0.165942,0.408611,0.542144,0.17155,-0.30342,-1.162329,0.002693,0.0,14.031726
1.063223,2.126463,-1.175159,-1.325235,-1.325225,1.287066,1.60956,1.540454,1.099851,0.372377,0.001266,-1.0,13.845774
0.0,1.288515,-0.504202,-0.111925,-0.11194,0.929982,1.511414,1.630092,1.227995,0.668126,0.000996,0.0,13.830275
1.910112,2.528096,-0.337073,-0.280118,-0.280125,0.797769,1.522817,1.810202,1.491163,1.048542,0.000532,0.0,13.791533
0.737792,1.305329,-0.68105,-1.011225,-1.011222,1.305338,2.275826,2.679397,2.472156,2.118532,-2.8e-05,-1.0,13.65207
-0.228056,1.140245,-0.741169,-0.454029,-0.454026,1.117444,2.394528,2.912138,2.849496,2.572642,-0.000612,0.0,13.590086
-0.455063,0.511945,-0.455063,0.228044,0.228049,0.557448,1.757682,2.376304,2.550976,2.325581,-0.000705,0.0,13.621078
-0.565611,0.169678,-0.7353,0.568828,0.568824,-0.20362,0.848421,1.590451,1.904574,1.72035,-0.000315,1.0,13.698558
-0.960452,0.169486,-1.412429,0.113128,0.113121,-0.429376,0.468931,1.254462,1.681699,1.565763,-0.000361,0.0,13.714054
1.258587,1.258587,-0.686493,-1.242943,-1.242937,0.663617,1.390163,2.284519,2.792235,2.767021,-0.000782,-1.0,13.543597
-1.139596,0.284906,-1.139596,0.400452,0.400455,0.273507,0.666671,1.64863,2.208506,2.287422,-0.000871,0.0,13.597833
-1.235256,0.280752,-1.515991,1.481482,1.481486,-0.932063,-0.836611,-0.01497,0.557641,0.794887,-0.000632,1.0,13.799283
0.112475,1.349826,-0.393712,-0.168433,-0.168444,-0.652421,-0.708665,-0.029996,0.601199,0.934659,-0.000681,0.0,13.776039
0.619015,0.619015,-0.393917,-0.056249,-0.056243,-0.517729,-0.66967,-0.123805,0.512263,0.921372,-0.000918,0.0,13.768291
-0.056249,0.67491,-0.449944,0.05628,0.056274,-0.236222,-0.635547,-0.292464,0.359955,0.79902,-0.00141,0.0,13.776039
1.021555,1.305329,-0.68105,-0.899887,-0.899889,0.749149,0.312145,0.427544,1.120887,1.591791,-0.001453,-1.0,13.65207
-0.45045,0.394144,-0.788283,0.794546,0.794553,-0.101352,-0.377255,-0.405408,0.17455,0.652322,-0.001248,1.0,13.760543
1.193854,1.193854,-0.170557,-0.957207,-0.957208,0.648095,0.534393,0.458592,0.949403,1.479901,-0.001268,-1.0,13.628826
-1.623746,0.167962,-1.623746,1.534969,1.534982,-0.772691,-0.895874,-1.037719,-0.663512,-0.149943,-0.000671,1.0,13.838026
-1.712702,0.441989,-2.596691,1.343779,1.343761,-1.734799,-1.867398,-2.173107,-1.975133,-1.478447,-0.000423,1.0,14.023976
0.055132,0.330772,-0.77177,0.220989,0.220993,-1.378162,-1.758538,-2.168315,-2.183015,-1.697898,-0.000279,0.0,14.054968
-1.467397,0.054348,-1.630435,1.433302,1.433287,-2.076073,-2.826072,-3.253609,-3.421182,-3.063027,0.000582,1.0,14.256416
0.271745,0.380429,-0.489136,0.0,0.0,-1.195641,-2.489117,-2.99274,-3.271726,-3.034768,0.000798,0.0,14.256416
0.60077,0.76462,-0.327684,-0.489136,-0.489113,-0.21847,-1.714914,-2.293832,-2.657021,-2.527583,0.000513,0.0,14.186686
-0.328762,0.219184,-0.602745,-0.327684,-0.327688,0.273962,-1.134252,-1.691329,-2.164389,-2.169867,0.000947,0.0,14.140198
-0.653244,0.435493,-1.143174,0.65754,0.657523,-0.130647,-1.371797,-2.035922,-2.577567,-2.752307,0.001281,1.0,14.233173
-0.486486,0.108108,-0.972973,0.70767,0.707692,-0.724335,-1.664875,-2.475685,-3.013523,-3.299469,0.001711,1.0,14.3339
0.054083,0.324494,-0.703077,-0.054054,-0.054075,-0.573272,-1.124923,-2.166927,-2.742013,-3.108698,0.002127,0.0,14.326149
0.815672,0.815672,-0.217504,-0.540838,-0.540815,0.054371,-0.299085,-1.410194,-2.025564,-2.453514,0.002089,-1.0,14.248671
-0.271161,0.325374,-0.75923,0.271898,0.271878,-0.010845,-0.385033,-1.438899,-2.030909,-2.540128,0.002108,0.0,14.28741
0.0,0.054289,-0.705749,-0.108465,-0.108445,0.151999,-0.124878,-1.042358,-1.688394,-2.243226,0.001814,0.0,14.271916
0.108637,0.488865,-0.597507,-0.054289,-0.054302,0.108639,-0.065181,-0.753213,-1.472025,-2.009776,0.001741,0.0,14.264166
1.265127,1.430149,0.0,-1.249321,-1.249312,1.0341,1.078102,0.718731,-0.115519,-0.660073,0.001738,-1.0,14.085962
0.334443,0.891856,-0.78039,-1.320127,-1.320137,1.884059,2.22408,2.095872,1.268114,0.722406,0.00099,-1.0,13.900008
-1.106801,0.276707,-1.328168,0.724632,0.724625,0.741573,1.389053,1.350313,0.619822,0.128399,0.000661,1.0,14.000731
-1.315789,0.164474,-1.315789,0.940786,0.940801,-0.394741,0.372804,0.442246,-0.148031,-0.653514,0.001143,1.0,14.13245
-0.054795,0.767118,-0.328762,0.054825,0.054824,-0.62466,0.180819,0.332416,-0.068498,-0.611511,0.001191,0.0,14.140198
-0.218704,0.546736,-0.492072,0.219184,0.219169,-0.721702,-0.147616,0.072905,-0.095677,-0.717328,0.001262,0.0,14.171189
-1.669359,0.161551,-1.669359,1.530886,1.530895,-1.540119,-1.556272,-1.342666,-1.410878,-2.042003,0.002319,1.0,14.388135
0.163482,1.144409,-0.32697,-1.184707,-1.184698,-0.054501,-0.425074,-0.123531,-0.160771,-0.743332,0.001459,-1.0,14.217679
1.723174,1.945525,0.0,-1.961853,-1.961881,1.667612,1.328536,1.734319,1.795462,1.325202,0.001022,-1.0,13.938745
1.007839,2.183645,-0.335957,-0.722618,-0.722583,1.970865,1.7581,2.23589,2.385199,2.085086,4e-05,-1.0,13.838026
0.223345,0.837515,-0.223333,0.27995,0.279917,1.261881,1.3233,1.734618,1.96261,1.871598,-0.000422,0.0,13.876761
1.470594,1.809955,-0.282811,-1.284199,-1.284183,1.572398,2.494344,2.790349,3.110862,3.156109,-0.001077,-1.0,13.698558
-1.117313,0.33519,-1.117313,1.244344,1.244357,-0.178784,1.139654,1.325874,1.745799,1.843563,-0.001159,1.0,13.869017
0.0,0.729523,-0.392817,-0.446927,-0.446931,0.07856,1.358018,1.556297,2.048254,2.228949,-0.001353,0.0,13.807032
1.998864,1.998864,0.0,-1.739618,-1.739621,1.450596,2.729864,3.011609,3.572241,3.835518,-0.001897,-1.0,13.566842
-0.171141,1.197941,-0.171141,0.114226,0.114212,0.901319,2.179126,2.646895,3.180268,3.518544,-0.001705,0.0,13.582337
-0.510783,0.454029,-1.589109,0.513406,0.513409,0.317824,1.118048,2.001513,2.434734,2.833145,-0.001767,0.0,13.65207
-1.174491,0.279648,-1.510056,1.475584,1.475593,-1.163307,-0.61521,0.44743,0.788594,1.255037,-0.001434,1.0,13.853519
2.083328,2.083328,-0.225231,-0.671135,-0.671136,-0.563065,-0.073198,0.945944,1.283782,1.801801,-0.001702,-1.0,13.760543
-0.11332,0.793207,-0.566578,-0.619369,-0.61938,0.215303,0.430602,1.34845,1.699725,2.243635,-0.001736,-1.0,13.675313
-0.729512,0.336695,-1.683502,0.963173,0.963188,-0.415271,-0.578008,0.205755,0.6285,1.117839,-0.001435,1.0,13.807032
-0.282492,0.847452,-0.282492,-0.673395,-0.67341,0.350284,0.107349,0.557442,1.242941,1.647461,-0.001681,-1.0,13.714054
-0.558665,0.391056,-1.22905,1.129938,1.129958,-0.748613,-1.011183,-0.733717,0.064236,0.391052,-0.001166,1.0,13.869017
1.756368,1.926346,-0.679881,-1.396648,-1.396667,0.532586,0.294626,0.543919,1.314456,1.638536,-0.00123,-1.0,13.675313
-0.455575,1.138958,-1.195894,-0.509921,-0.509926,0.945347,0.837147,0.945348,1.637263,1.965851,-0.000878,-1.0,13.605579
1.156075,2.138734,-1.445087,-1.480638,-1.480621,1.861269,2.219653,2.227362,2.878614,3.294799,-0.001837,-1.0,13.404132
-3.475342,0.392377,-3.811659,3.121393,3.121388,-1.065025,-0.751122,-0.807174,-0.440022,0.14574,-0.000889,1.0,13.822527
0.614874,1.565126,-0.27948,0.280263,0.280282,-1.352726,-1.02293,-1.088143,-0.846854,-0.174411,-0.000791,0.0,13.861269
-2.237991,0.218346,-2.347167,2.403583,2.403546,-2.936669,-3.040378,-3.227786,-3.084043,-2.499982,0.000159,1.0,14.194431
-1.155757,0.220138,-1.816181,-0.818777,1.169283,-3.007237,-3.683937,-3.977845,-4.022286,-3.56552,2e-06,1.0,14.360404
1.112347,1.16797,-0.389321,-1.04568,-1.045695,-0.847728,-2.382378,-2.668559,-2.890709,-2.535461,6.2e-05,-1.0,14.210238
0.840336,1.232493,-0.112045,-0.723026,-0.723007,0.278368,-1.392567,-1.744504,-2.038552,-1.905225,0.000601,-1.0,14.107497
0.901408,0.957746,-0.338023,-0.560224,-0.560227,1.081684,-0.72337,-1.107811,-1.429824,-1.406528,0.000671,-1.0,14.028463
0.338213,0.845541,-0.620073,-0.056338,-0.056328,0.890632,-0.421174,-0.928439,-1.298122,-1.327619,0.000525,0.0,14.020561
0.0562,0.562102,-0.393491,0.281855,0.281843,0.179872,-0.377787,-1.024442,-1.400122,-1.541767,0.001206,0.0,14.060077
-1.770891,0.166021,-1.770891,1.573912,1.573903,-1.272816,-1.307195,-2.336659,-2.683206,-2.954067,0.001349,1.0,14.281369
-0.164841,0.769225,-1.263747,0.71943,0.719427,-1.5934,-1.621725,-2.723702,-3.123866,-3.456612,0.001857,1.0,14.384113
-0.975615,0.270997,-1.842818,1.373626,1.373627,-2.168017,-2.460701,-3.715976,-4.186862,-4.569289,0.00321,1.0,14.581697
0.655743,1.53006,-0.054634,-0.813019,-0.812999,-0.754104,-1.475414,-2.563626,-3.158623,-3.60562,0.002807,-1.0,14.463148
-0.542305,0.05423,-0.976144,0.765038,0.765034,-0.802615,-2.077016,-2.860485,-3.585615,-4.061097,0.002916,1.0,14.573796
0.76462,0.76462,-0.873834,-0.705,-0.705012,0.163855,-1.201516,-1.679259,-2.671626,-3.134262,0.001968,-1.0,14.471049
-2.076497,0.928962,-2.076497,-0.054615,-0.054599,0.327865,-0.901643,-1.330259,-2.35949,-2.85703,0.002236,0.0,14.463148
-0.164119,0.60174,-0.765875,-0.109279,-0.109298,0.251646,-0.503277,-0.951856,-2.052506,-2.586328,0.002458,0.0,14.44734
0.218585,0.437158,-0.983596,0.109398,0.109418,0.142073,-0.306016,-0.936252,-1.887201,-2.498484,0.002087,0.0,14.463148
-1.689971,0.0,-2.680647,-6.229503,-6.229501,5.303019,5.949871,5.252514,4.614769,3.945511,-0.000329,-1.0,13.562166
0.058241,0.232959,-1.281299,0.058275,0.058258,3.913811,5.364013,4.876731,4.614999,3.81514,-0.000795,0.0,13.570067
-0.058617,0.762028,-0.293077,-0.640658,-0.640653,3.130135,5.375153,5.244243,5.163679,4.416016,-0.000466,-1.0,13.48313
0.117647,0.294112,-1.294112,-0.351694,-0.351684,1.988228,4.894109,5.321559,5.37646,4.655525,-0.000397,0.0,13.435712
0.118835,1.010101,-0.118841,-1.0,-1.000007,1.271538,5.080212,6.024953,6.105167,5.600201,-0.000188,-1.0,13.301354
-2.29682,0.0,-5.300353,0.891266,0.89127,0.164894,3.292102,4.77031,4.817425,4.61199,-0.001158,1.0,13.419905
1.321327,2.342348,-0.060066,-1.943463,-1.943471,1.525529,4.342346,6.27828,6.495498,6.610905,-0.002125,-1.0,13.159093
-1.608106,0.476474,-1.608106,0.840847,0.840848,0.357354,2.572956,4.832236,5.291835,5.555313,-0.002804,1.0,13.269741
-1.176476,0.176476,-2.176476,1.250738,1.250748,-0.882357,0.552935,2.96862,3.77058,4.124697,-0.002769,1.0,13.435712
-0.932401,0.174831,-1.456876,0.941176,0.941178,-1.421916,-1.048958,1.565648,2.634023,2.967356,-0.001905,1.0,13.562166
-1.868068,0.642154,-1.868068,-0.174831,-0.174839,-1.074132,-0.893164,1.233708,2.621137,2.90485,-0.001667,0.0,13.538454
-0.983227,0.289179,-1.735113,0.934046,0.934036,-1.249271,-1.740886,-0.096391,1.445925,1.792947,-0.001017,1.0,13.664908
0.0,0.172905,-1.152738,0.347016,0.34705,-0.945263,-1.913564,-0.806939,0.85012,1.325624,-0.000841,0.0,13.712332
0.115407,0.115407,-2.192724,-0.115274,-0.11529,-0.450088,-1.609928,-1.057901,0.643387,1.345636,-0.001014,0.0,13.696523
-0.688869,0.401837,-1.033295,0.519331,0.519322,-0.665896,-1.779558,-1.905851,-0.129159,0.748566,-0.001473,0.0,13.767652
1.855072,1.855072,-0.521739,-0.97589,-0.975889,0.45218,-0.655068,-0.904345,0.510146,1.616232,-0.00221,-1.0,13.633295
-0.521739,0.115942,-0.869565,0.0,0.0,0.405804,-0.307242,-0.873427,0.202901,1.426088,-0.002807,0.0,13.633295
-0.172911,0.518738,-0.864548,0.57971,0.579735,-0.172929,-0.559096,-1.333353,-0.648436,0.64551,-0.002201,1.0,13.712332
0.349034,0.581734,-1.047126,-0.922184,-0.922206,0.593366,0.47702,-0.341287,-0.040726,1.289116,-0.002935,-1.0,13.585876
-0.350053,0.525093,-0.816797,-0.290878,-0.290876,0.5601,0.758466,0.070017,-0.08751,1.313889,-0.002755,0.0,13.546358
0.352526,1.292597,-0.646298,-0.700111,-0.700122,0.998836,1.404242,0.791236,0.575802,1.694485,-0.003036,-1.0,13.451517
-0.176476,1.176476,-0.294112,-0.117509,-0.117496,0.823529,1.352941,1.047057,0.644114,1.505878,-0.003039,0.0,13.435712
3.499079,5.279306,-0.184168,-4.176465,-4.176474,3.916512,5.119706,5.246574,4.794353,5.436463,-0.004903,-1.0,12.874573
-0.122555,0.612745,-0.428922,0.184156,0.184154,2.659319,4.307606,4.775336,4.393391,4.762263,-0.002114,0.0,12.898282
1.37242,1.559576,0.0,-1.776955,-1.77695,3.131623,5.327508,6.200871,6.032437,6.091076,-0.002912,-1.0,12.669086
-0.681524,0.123922,-4.894666,0.686201,0.686198,1.3383,3.921946,5.068167,5.049579,5.115254,-0.002335,1.0,12.756021
2.894902,3.650088,-0.94399,-1.548941,-1.548939,1.535557,4.701074,6.133842,6.46319,6.446826,-0.002856,-1.0,12.558438
-3.669725,0.0,-3.975535,2.894902,2.894898,-1.247704,1.143736,2.740069,3.333342,3.278296,-0.001162,1.0,12.921992
1.490683,2.360248,-0.993789,-1.529052,-1.529052,0.012425,2.037271,3.826094,4.658394,4.658394,-0.002215,-1.0,12.724408
0.248441,0.683224,-0.807453,0.0,0.0,0.099379,1.391308,3.27951,4.3292,4.477027,-0.00137,0.0,12.724408
-0.250156,1.000625,-1.125704,-0.68323,-0.683222,0.60037,1.44465,3.464664,4.690432,4.948093,-0.002032,-1.0,12.637472
-1.295491,0.185077,-1.295491,1.375854,1.375861,-0.370147,-0.419498,1.632736,2.936459,3.415176,-0.001978,1.0,12.811346
-0.307509,0.430504,-1.353007,0.308458,0.308461,-0.787219,-0.74417,0.873297,2.284737,2.96678,-0.002253,0.0,12.850864
-0.492005,0.553506,-1.291519,0.0,0.0,-0.590413,-0.781069,0.491993,1.955709,2.784739,-0.002177,0.0,12.850864
-0.676929,1.046154,-0.738468,-0.061501,-0.061513,-0.344609,-0.584614,0.188719,1.658464,2.624003,-0.00261,0.0,12.842959
0.246312,0.923639,-1.169957,-0.061538,-0.061543,0.02464,-0.461816,-0.06978,1.410106,2.467989,-0.002787,0.0,12.835055
-0.247672,0.928786,-0.309598,-0.554187,-0.554185,0.507747,0.253874,0.136227,1.634681,2.756663,-0.002978,-1.0,12.763925
-0.307131,0.614238,-1.535626,0.80496,0.804964,-0.270275,-0.589686,-0.667492,0.494466,1.673214,-0.002854,1.0,12.86667
-0.425273,0.972066,-0.425273,1.105639,1.10564,-1.117858,-1.458074,-1.697038,-0.826241,0.349945,-0.001949,1.0,13.008929
-0.896057,0.477897,-1.254474,1.7011,1.701109,-2.186389,-2.724021,-3.058552,-2.604549,-1.491047,-0.001209,1.0,13.230225
-1.004728,0.35461,-1.595745,1.075269,1.075258,-2.423165,-3.209216,-3.782504,-3.670211,-2.617018,-0.000994,1.0,13.372484
-0.529412,0.0,-2.0,0.472813,0.472822,-1.882357,-3.200004,-3.800006,-4.123535,-3.134123,-0.000387,0.0,13.435712
0.826934,1.004135,-0.472534,-0.411765,-0.411783,-0.70879,-2.404005,-3.173841,-3.538087,-2.832829,-0.00044,0.0,13.380386
-0.88862,0.414704,-1.066339,-0.29534,-0.295328,0.082944,-1.747626,-2.578983,-3.086488,-2.618478,-0.000264,0.0,13.34087
1.377239,1.616754,0.0,-1.066339,-1.066347,1.113772,-0.419161,-1.289418,-1.841316,-1.67425,-0.000677,-1.0,13.19861
0.0,1.141141,-0.900901,-0.299407,-0.299403,1.093094,0.126129,-0.728724,-1.39339,-1.467864,0.001009,0.0,13.159093
0.980392,0.980392,-1.838235,-1.981982,0.184169,0.52437,0.260198,-0.723108,-1.337659,-1.725573,0.001009,0.0,13.183328
-0.425791,0.243303,-1.82483,0.7353,0.735292,-0.360166,-0.160192,-1.232197,-1.922932,-2.32071,0.002101,1.0,13.280264
-2.032283,0.717274,-2.390915,1.763984,1.763986,-1.83034,-1.51671,-2.616865,-3.330687,-3.831497,0.00257,1.0,13.514526
1.400731,1.887942,-0.609013,-1.852959,-1.852954,0.121801,0.368137,-0.56666,-1.302187,-1.836458,0.002438,-1.0,13.264108
0.240668,0.421179,-1.203375,1.218033,1.218039,-0.685931,-0.800059,-1.469945,-2.196357,-2.818226,0.001709,1.0,13.42567
0.24243,0.666673,-0.24243,-0.722028,-0.722035,0.254548,-0.158855,-0.470849,-1.290958,-1.880269,0.00206,-1.0,13.328732
1.224746,1.530925,-0.796075,-1.030303,-1.030301,1.163503,0.737258,0.729391,-0.134293,-0.777123,0.001612,-1.0,13.191406
1.289128,2.332713,-0.429724,-0.244942,-0.244947,0.871701,0.84648,1.052807,0.228042,-0.40135,0.001802,0.0,13.159094
0.308636,0.740735,-0.24692,-0.552486,-0.5525,1.160506,1.320999,1.540951,0.877888,0.262634,0.000964,-1.0,13.08639
-1.935886,0.786443,-2.23836,2.037037,2.037063,-0.96795,-0.556576,-0.495951,-0.942101,-1.524671,0.001715,1.0,13.352968
-2.424601,0.0,-2.424601,2.298844,2.298822,-2.708445,-2.442328,-2.622542,-2.840127,-3.489085,0.002715,1.0,13.659929
1.444907,1.444907,-0.842878,-1.774092,-1.774079,-0.614094,-0.57797,-0.845301,-0.880003,-1.57703,0.00197,-1.0,13.417591
0.419407,0.419407,-0.958658,0.481638,0.481629,-0.611143,-1.078486,-1.250678,-1.179584,-1.861478,0.002206,0.0,13.482214
0.362094,0.784556,-0.3621,-0.718999,-0.718992,0.555222,-0.271573,-0.442565,-0.406008,-0.988696,0.002135,-1.0,13.385278
1.345566,1.345566,-0.305817,-1.327701,-1.327697,1.688069,0.905197,0.921507,0.871656,0.456379,0.001208,-1.0,13.207562
0.733939,0.733939,-1.16208,0.0,0.0,1.003057,0.813454,0.93374,0.785285,0.590738,0.000727,0.0,13.207562
-0.061237,0.857312,-1.714642,-0.122324,-0.122324,0.783832,0.936924,1.01245,0.837091,0.812404,-6.6e-05,0.0,13.191406
-2.533172,0.72377,-2.533172,1.530925,1.530936,-0.868526,-0.410145,-0.570981,-0.663788,-0.592886,0.000132,1.0,13.393358
-0.903082,0.240813,-2.046966,0.180947,0.180933,-0.999398,-0.34317,-0.674296,-0.761593,-0.716565,5e-06,0.0,13.417591
0.727279,1.090909,-0.969697,-0.662258,-0.662257,-0.157571,0.303032,-0.060604,-0.036362,-0.067799,-0.000104,-1.0,13.328732
0.0,0.916304,-0.61088,-0.787873,-0.787862,0.659734,0.769688,0.680092,0.772741,0.661656,-0.000318,-1.0,13.22372
0.303404,0.303404,-1.152907,0.671955,0.671929,0.169922,0.018221,0.068787,0.112274,-0.03058,0.000438,1.0,13.312574
0.121513,0.121513,-1.275814,-0.121365,-0.121351,0.145815,9e-06,0.259222,0.151892,0.07751,0.000515,0.0,13.296419
-1.320522,0.0,-2.040816,1.215073,1.215064,-0.996392,-1.146448,-0.760293,-0.978381,-1.046808,0.000964,1.0,13.457979
0.060024,0.180078,-0.90036,0.0,0.0,-0.804317,-0.960375,-0.708274,-0.966377,-0.957973,0.000644,0.0,13.457979
1.092233,1.274278,-1.092239,-1.080432,-1.080437,0.412625,0.200256,0.202279,0.109237,0.162636,-0.000593,-1.0,13.312574
0.611235,1.405862,-0.550128,-0.728149,-0.728131,1.002429,0.953535,0.835361,0.852679,0.877741,-0.000104,-1.0,13.215641
-0.545455,0.24243,-1.393939,0.85574,0.855736,0.193934,0.048482,-0.09697,0.060606,-0.033939,-0.000261,1.0,13.328732
-1.953819,0.118419,-3.13794,2.36363,2.363631,-1.847245,-2.095913,-2.277477,-2.045584,-2.2309,0.00108,1.0,13.643774
1.196894,1.376433,-1.017343,-1.065719,-1.065732,-0.73009,-0.915607,-1.081173,-0.936549,-1.156177,0.001065,-1.0,13.498368
-0.965018,1.930036,-1.206279,-0.777971,-0.777946,0.168864,-0.012082,-0.213123,-0.259363,-0.361896,0.000833,-1.0,13.393358
0.242125,0.90799,-1.029056,-0.361882,-0.361896,0.726391,0.375299,0.225988,0.075665,0.046004,0.000916,0.0,13.344888
0.18271,1.218033,-1.035323,-0.605327,-0.605325,1.242384,0.962237,0.771414,0.602921,0.686965,-0.000233,-1.0,13.264108
0.980993,1.28756,-0.367866,-0.669921,-0.669913,1.213976,1.428566,1.328423,1.201713,1.393007,-0.001524,-1.0,13.17525
-0.550796,0.612001,-0.550796,0.183942,0.183936,0.575277,1.046508,1.077107,1.012849,1.16034,-0.000672,0.0,13.199484
1.547988,1.547988,-0.866873,-1.162791,-1.162803,1.226016,2.03097,2.175445,2.139328,2.162239,-0.001387,-1.0,13.046
-3.971547,0.118542,-3.971547,4.458211,4.458225,-2.67932,-2.021349,-2.031231,-2.059879,-2.136346,0.000864,1.0,13.62762
0.238812,0.238812,-2.626872,-0.711328,-0.711335,-1.588056,-1.170146,-1.213929,-1.307461,-1.420892,0.001132,-1.0,13.530682
-1.063201,0.0,-1.594802,1.074627,1.074624,-1.901945,-2.197278,-2.157901,-2.262253,-2.383929,0.001599,1.0,13.676086
0.356083,0.41543,-1.008902,-0.472534,-0.472518,-0.83087,-1.649859,-1.61821,-1.694373,-1.80179,0.001447,0.0,13.611464
-0.769231,0.532544,-1.47929,0.296736,0.296728,-0.236686,-1.75148,-1.743591,-1.828406,-1.962132,0.00091,0.0,13.651853
1.019796,1.31973,-0.479904,-1.360947,-1.360951,0.899822,-0.305936,-0.263945,-0.416916,-0.527893,0.00024,-1.0,13.466058
-1.534835,0.059032,-1.88902,1.619682,1.61968,-0.484062,-1.587958,-1.680442,-1.862458,-2.028337,0.001232,1.0,13.684165
-1.525822,0.293421,-1.525822,0.590319,0.590332,-0.938976,-1.737101,-2.198761,-2.326892,-2.502362,0.001831,1.0,13.764947
-1.16685,0.0,-1.16685,0.586843,0.586846,-1.178531,-1.843644,-2.602103,-2.756714,-2.921826,0.001794,1.0,13.845726
-0.525088,0.058349,-1.16685,0.0,0.0,-0.898484,-1.266046,-2.38429,-2.564181,-2.74213,0.001847,0.0,13.845726
-0.932945,0.0,-1.57435,0.058349,0.05835,-0.396506,-1.160358,-2.196316,-2.390681,-2.642578,0.001344,0.0,13.853805
-0.349854,0.524781,-0.874636,0.0,0.0,-0.151606,-0.927121,-1.912545,-2.201176,-2.481644,0.001344,0.0,13.853805
0.0,0.408157,-0.874636,0.0,0.0,-0.023326,-0.798839,-1.586014,-2.125373,-2.367357,0.001814,0.0,13.853805
0.116965,0.292398,-0.76024,-0.291545,-0.291544,0.22222,-0.362579,-1.001957,-1.725154,-1.978958,0.002004,0.0,13.813415
1.065725,1.065725,-0.651261,-1.228076,-1.228089,1.172306,0.87035,0.521029,-0.411477,-0.663106,0.001098,-1.0,13.643774
-0.237254,0.415178,-0.355884,-0.177608,-0.177612,1.008309,1.16252,0.69593,-0.13345,-0.367734,-7e-06,0.0,13.619541
-0.589611,0.47171,-0.884434,0.593108,0.593104,0.188695,0.57785,0.184767,-0.563073,-0.846682,0.000714,1.0,13.700319
-0.412007,1.412596,-0.412007,0.176893,0.176908,-0.176581,0.370804,0.031389,-0.538556,-0.998239,0.001129,0.0,13.724556
0.0,0.2353,-0.352935,0.058858,0.058858,-0.352949,0.22941,0.03137,-0.402945,-0.988239,0.001312,0.0,13.732634
-0.467836,0.233912,-1.111111,0.588235,0.588241,-0.690068,-0.380124,-0.475641,-0.707611,-1.445623,0.001831,1.0,13.813415
0.11676,0.408652,-0.525382,0.175433,0.175431,-0.548746,-0.566258,-0.470908,-0.805605,-1.475775,0.002198,0.0,13.837648
1.410935,1.881246,0.0,-0.70052,-0.700531,0.211647,0.052914,0.258678,-0.02939,-0.641971,0.001814,-1.0,13.740711
-2.285714,0.0,-2.857143,2.880658,2.880666,-2.011429,-2.548575,-2.373335,-2.665716,-3.152003,0.003572,1.0,14.136535
0.171729,0.171729,-0.400681,-0.171434,-0.171442,-1.305084,-2.169425,-2.079745,-2.321111,-2.726951,0.001559,0.0,14.112299
-0.171434,0.057143,-0.514286,0.171729,0.171737,-1.017147,-1.988576,-2.110479,-2.317145,-2.585146,0.001943,0.0,14.136535
-0.114471,0.343457,-0.34344,-0.171434,-0.171442,-0.457921,-1.471085,-1.820253,-1.920424,-2.280471,0.001401,0.0,14.112299
-0.69445,0.231476,-0.983796,-1.087567,0.993587,-0.719031,-2.052985,-2.599659,-2.685956,-3.039263,0.002039,1.0,14.252517
0.291369,0.815845,-0.233094,-0.69445,-0.694453,-0.000721,-1.06494,-1.777347,-1.868153,-2.226272,0.001608,-1.0,14.15354
0.350461,0.642517,0.0,-0.233094,-0.233094,0.244601,-0.559073,-1.402855,-1.541566,-1.853624,0.002098,0.0,14.120549
-1.154074,0.115407,-1.904212,1.22663,1.226631,-0.750144,-1.428016,-2.294469,-2.577931,-2.863298,0.001927,1.0,14.293756
0.63327,0.748411,-0.518135,0.230819,0.230821,-0.679336,-1.313627,-2.190389,-2.637227,-2.84669,0.001771,0.0,14.326749
0.636562,0.694439,-0.69445,-0.518135,-0.518136,-0.16204,-0.440536,-1.42267,-1.990254,-2.181173,0.00129,-1.0,14.252517
-0.632178,0.0,-0.977011,0.694439,0.694439,-0.57471,-0.977367,-1.811279,-2.492786,-2.6923,0.001592,1.0,14.351492
0.925926,0.925926,-0.115747,-0.689649,-0.68965,0.300924,-0.191334,-0.886242,-1.661614,-1.902391,0.001267,-1.0,14.252517
0.754942,0.754942,-0.348426,-0.347234,-0.347237,0.522659,0.203262,-0.358005,-1.122079,-1.459947,0.001116,0.0,14.203027
2.630006,3.407047,-0.41841,-2.845523,-2.845513,2.701728,2.910934,2.541632,1.838893,1.410226,-0.000121,-1.0,13.798878
-1.523146,0.644405,-2.460457,2.032277,2.032274,0.410074,0.738136,0.659542,-0.054938,-0.545592,0.000889,1.0,14.079309
1.244807,1.541185,-0.41495,-1.17164,-1.171634,0.972129,1.76051,1.746432,1.198136,0.65087,0.000914,-1.0,13.914351
1.13705,1.13705,-0.598432,-0.948441,-0.94846,1.256748,2.489545,2.561111,2.185197,1.605636,0.000579,-1.0,13.782379
-2.350808,0.060277,-4.159132,-0.718127,-0.718127,1.229666,2.784821,3.082188,2.876818,2.352157,9e-06,-1.0,13.683404
2.339908,2.401472,-0.184735,-2.109705,-2.109702,2.807886,4.304194,4.946641,4.928653,4.490883,-0.000986,-1.0,13.394725
-0.306373,0.857837,-0.428922,0.492611,0.492619,1.384799,3.204654,4.040031,4.310281,3.907462,-0.000797,0.0,13.46071
1.623985,1.623985,-0.062461,-1.89951,-1.899499,2.273562,4.334777,5.575669,5.977307,5.762025,-0.001879,-1.0,13.205024
-3.843844,0.0,-4.024024,3.997502,3.997494,-1.729734,-0.054059,1.329325,1.765575,1.696781,-0.000217,1.0,13.732894
0.240813,0.240813,-0.662258,-0.240234,-0.240241,-1.468996,-0.180617,1.284363,1.85129,1.908544,-1.7e-05,0.0,13.699902
0.791229,1.156427,-0.608643,-1.08369,-1.083687,-0.158244,0.73037,2.012577,2.760193,2.940531,-0.00174,-1.0,13.551438
0.121877,1.157831,-0.243748,-0.121729,-0.121736,0.073135,0.45095,1.783471,2.620359,3.005188,-0.001719,0.0,13.534941
-0.546448,0.303588,-1.335756,0.365625,0.365624,0.267163,-0.157854,1.036239,2.037049,2.467378,-0.001634,0.0,13.584428
-1.783591,0.059453,-1.843044,2.125082,2.125095,-1.61713,-2.170043,-1.248521,-0.175393,0.266196,-0.000636,1.0,13.87311
0.717709,1.016746,-0.538278,-0.594536,-0.594553,-0.897118,-1.507162,-0.857242,0.23925,0.765566,-0.001326,-1.0,13.790627
1.457195,1.517911,0.0,-1.495215,-1.495211,0.655742,0.127515,0.54241,1.487564,2.139659,-0.001675,-1.0,13.584428
0.306179,1.041029,-0.244942,-0.850024,-0.850025,1.420696,0.992043,1.102269,2.066753,2.782614,-0.001943,-1.0,13.468957
-0.842878,0.421427,-2.167375,1.714642,1.714647,-0.120418,-0.349194,-0.706409,0.108362,0.917514,-0.001731,1.0,13.699902
1.348045,2.022059,-0.061281,-1.745942,-1.745939,1.04166,1.219358,0.89869,1.593134,2.514704,-0.00259,-1.0,13.46071
-0.611995,0.305991,-1.591187,0.122549,0.122549,0.452873,0.930228,0.673192,1.199508,2.146877,-0.002312,0.0,13.477206
-0.607521,0.243019,-0.850541,0.734388,0.734381,-0.291606,0.212644,0.028362,0.379718,1.181056,-0.002294,1.0,13.57618
-0.842365,0.240668,-1.504212,0.972066,0.97207,-0.902532,-0.625761,-0.814286,-0.722028,0.048129,-0.001572,1.0,13.70815
0.060156,0.240668,-0.661859,0.0,0.0,-0.890498,-0.535506,-0.569601,-0.797239,-0.139597,-0.001421,0.0,13.70815
0.302121,0.302121,-0.302109,-0.421191,-0.421187,-0.193351,-0.277945,-0.189324,-0.42598,0.106346,-0.000367,0.0,13.650413
-0.301211,0.361446,-0.783139,0.302121,0.302123,-0.180728,-0.650608,-0.493983,-0.722897,-0.344584,-0.001119,0.0,13.691654
1.653399,1.89834,-0.12248,-1.626506,-1.626516,1.310479,0.906313,1.110434,0.946117,1.205149,-0.001317,-1.0,13.468957
0.0,0.859417,-0.245556,-0.244942,-0.244941,1.154082,1.129527,1.309593,1.184774,1.262122,-0.001011,0.0,13.435966
0.0,1.041667,-0.306373,0.184156,0.184162,0.600488,0.76593,1.062089,1.093747,0.941173,-0.000618,0.0,13.46071
-0.243315,0.0,-0.729933,0.7353,0.735288,-0.267636,0.10341,0.170319,0.291974,0.138689,0.000618,1.0,13.559685
-1.619676,0.299934,-2.09958,1.399021,1.399022,-1.559683,-1.079777,-1.231746,-1.073779,-1.223748,0.001013,1.0,13.749388
-0.120706,0.18105,-0.8449,-0.59988,-0.599889,-0.675909,-0.4164,-0.595438,-0.434506,-0.547962,0.001578,-1.0,13.666907
0.912964,1.034693,-0.121729,-0.8449,-0.84488,0.340832,0.316489,0.292144,0.419958,0.326228,-0.000528,-1.0,13.551438
0.733939,1.712532,0.0,-0.486914,-0.486915,0.868494,0.642197,0.676857,0.874613,0.900302,-0.000635,0.0,13.485454
-0.364078,0.728155,-0.788835,0.795107,0.795086,0.12137,-0.19416,-0.052573,-0.024257,0.063123,0.000182,1.0,13.592675
-1.436266,0.179539,-1.855171,1.395625,1.395634,-1.208851,-1.502085,-1.280659,-1.403339,-1.290234,0.000842,1.0,13.782379
0.059844,0.418923,-0.658283,0.0,0.0,-1.041286,-1.274678,-1.180919,-1.331526,-1.223209,0.000683,0.0,13.782379
-1.819255,0.0,-2.582165,1.974877,1.974884,-2.241795,-2.746488,-2.930367,-3.034043,-2.98827,0.000617,1.0,14.054565
1.799634,2.219562,0.0,-2.171367,-2.171373,0.311935,-0.377924,-0.755846,-0.863822,-0.787038,-6.8e-05,-1.0,13.749388
-0.239372,0.299228,-1.256727,0.239946,0.239945,0.347103,-0.454811,-0.929574,-0.98443,-1.050857,0.000686,0.0,13.782379
1.63835,2.002421,-0.364078,-1.376415,-1.376424,1.468454,0.819183,0.404541,0.43994,0.271858,0.000457,-1.0,13.592675
0.923077,0.923077,-1.046154,-1.395631,-1.395619,2.338459,2.049228,1.792819,1.796924,1.636925,-0.000895,-1.0,13.402973
-0.548787,0.060976,-1.402439,0.923077,0.923079,0.621945,1.097556,0.9065,0.798779,0.72439,0.000265,1.0,13.526693
0.238955,0.358417,-1.433692,2.073171,2.07319,-1.338132,-0.722842,-0.975728,-1.212683,-1.290341,0.001114,1.0,13.807127
0.483092,1.086963,-0.120761,-1.075275,-1.075292,-0.446855,0.404592,0.148956,-0.135865,-0.159415,0.000327,-1.0,13.65866
0.304321,0.608649,-0.36518,-0.785018,-0.785011,0.279972,1.028597,0.843974,0.602547,0.652457,-0.000437,-1.0,13.551438
0.121439,0.182155,-1.396472,0.243451,0.243443,0.303592,0.637528,0.558596,0.400733,0.41045,-0.000331,0.0,13.584428
-0.606802,1.395625,-1.213586,0.060723,0.060709,0.33982,0.236661,0.51781,0.397463,0.315547,-0.000122,0.0,13.592675
0.78932,1.03218,-0.425009,-0.060686,-0.060672,0.072861,0.176081,0.627406,0.50395,0.340017,-0.00028,0.0,13.584428
-0.359706,0.359712,-0.899275,1.275052,1.275056,-1.043172,-1.103123,-0.559559,-0.689455,-0.892091,0.000982,1.0,13.757637
-0.416171,0.297271,-0.71343,0.839329,0.839337,-1.403106,-1.724149,-1.343652,-1.471477,-1.664698,0.001453,1.0,13.87311
0.357155,0.773816,-0.119036,-0.118912,-0.118921,-0.892856,-1.279759,-1.190475,-1.285714,-1.435713,0.001322,0.0,13.856612
0.419407,0.958652,0.0,-0.65475,-0.654763,0.011988,-0.455358,-0.679047,-0.557218,-0.690232,0.000717,-1.0,13.765884
-1.88457,0.530035,-1.88457,1.737561,1.737578,-1.09541,-2.014142,-2.253639,-2.070091,-2.230868,0.000864,1.0,14.005077
0.176574,0.882866,-0.529723,0.058893,0.058886,-0.788697,-1.818717,-2.201295,-1.977635,-2.158919,0.001151,0.0,14.013324
0.539245,1.07849,-0.838838,-1.765739,0.360792,-0.874062,-1.807305,-2.329511,-2.229941,-2.421205,0.001675,0.0,14.063883
0.300493,0.420673,-1.262013,-0.299593,-0.299583,-0.340659,-1.200364,-1.741829,-1.850801,-2.026771,0.001757,0.0,14.02175
-1.306407,0.118771,-1.95962,1.201929,1.201918,-0.926107,-1.952615,-2.59703,-2.968644,-3.010265,0.001933,1.0,14.19028
1.935868,2.177846,-0.24199,-1.840849,-1.840845,0.822742,0.133552,-0.712008,-1.084455,-1.063962,0.000526,-1.0,13.929059
1.526252,1.526252,-0.549438,-0.907453,-0.907448,1.440783,1.083153,0.266782,-0.171281,-0.097093,0.000132,-1.0,13.80266
0.540541,0.540541,-2.822823,1.648358,1.648363,-0.252261,-0.444095,-1.131696,-1.634222,-1.646505,-1e-05,1.0,14.030178
0.298501,0.298501,-1.731349,0.600601,0.600598,-0.716422,-0.855784,-1.471611,-1.969442,-2.139581,0.001195,1.0,14.114443
-1.28956,0.234472,-2.520516,1.85074,1.850743,-2.262601,-2.23317,-2.898873,-3.455486,-3.82847,0.001895,1.0,14.375665
0.294112,0.411765,-0.529412,-0.351694,-0.351699,-1.364706,-1.664708,-2.211466,-2.933948,-3.328284,0.002341,0.0,14.325106
0.713018,1.069519,-0.534759,-1.0,-0.999993,0.166365,-0.552593,-1.024291,-1.76903,-2.239137,0.002513,-1.0,14.181856
0.477897,0.657109,-0.29868,-0.534759,-0.534775,0.812434,0.011954,-0.382075,-1.044317,-1.567959,0.001879,-1.0,14.106015
0.475624,1.010702,-0.356718,0.477897,0.47791,0.416167,-0.356723,-0.706875,-1.307203,-1.818701,0.001185,0.0,14.173429
2.409639,2.409639,-0.301211,-1.307967,-1.307969,1.19277,0.819275,0.714941,0.1421,-0.385574,0.001084,-1.0,13.988045
0.473093,0.473093,-1.537552,1.86747,1.867466,-0.768774,-0.804256,-1.017149,-1.460447,-2.087621,0.002237,1.0,14.249267
-1.0551,0.234472,-1.113705,0.887043,0.887049,-1.371629,-1.277841,-1.719421,-2.1119,-2.74901,0.002517,1.0,14.375665
1.426867,1.486326,-0.71343,-1.406794,-1.406794,0.130794,0.231863,-0.265562,-0.609222,-1.18583,0.001879,-1.0,14.173429
0.777518,1.315802,-0.657883,-0.594536,-0.594542,0.610055,0.813405,0.362846,0.06776,-0.451527,0.001647,-1.0,14.089162
-1.195451,0.836826,-1.374776,0.059815,0.059812,0.705322,0.555892,0.25902,0.12559,-0.367771,0.001119,0.0,14.097589
0.480192,0.720294,-0.840336,-0.41841,-0.418412,0.828335,0.774315,0.732298,0.558228,0.180261,0.000572,0.0,14.038603
1.02719,1.02719,-0.302109,-0.66027,-0.660258,0.882172,1.274923,1.470292,1.202415,0.900107,0.000337,-1.0,13.945912
-0.84134,0.240391,-1.141815,0.543807,0.543801,0.120193,0.667072,0.917473,0.640028,0.396782,0.000858,0.0,14.02175
0.120561,0.663056,-0.120555,-0.300475,-0.300469,0.265212,0.831819,1.157317,0.928263,0.734548,-2.8e-05,0.0,13.979619
0.546117,1.274278,-0.182033,-0.66305,-0.663065,0.631074,1.432046,1.597905,1.492727,1.441807,-0.000342,-1.0,13.886925
0.980392,2.634804,-0.367647,-0.970874,-0.970856,1.200971,2.06494,2.316166,2.423397,2.362734,-0.000921,-1.0,13.752103
-0.245393,0.613503,-0.245393,-0.122555,-0.122556,1.018403,1.723923,2.224945,2.524537,2.407358,-0.000844,0.0,13.735249
0.819156,4.47385,-38.878387,-2.638031,-2.638037,2.785129,3.881534,4.629277,5.056709,4.975423,-0.002514,-1.0,13.372908
-1.165632,1.28835,-2.085884,2.709509,2.709515,-0.28221,0.883433,1.656439,2.147237,2.122696,-0.000535,1.0,13.735249
-4.112959,0.798029,-4.112959,-0.061337,-0.061353,-0.454262,0.675262,1.591979,1.973604,2.050339,-0.000168,0.0,13.726822
0.609385,2.92504,-0.426569,0.736642,0.736645,-1.072513,-0.213281,0.645951,1.048145,1.274836,-0.000564,1.0,13.82794
0.365625,2.620353,-0.670329,0.0,0.0,-0.938449,-0.298595,0.381884,0.920174,1.282149,-0.000825,0.0,13.82794
-1.556886,0.59879,-2.51497,1.767221,1.767212,-1.664666,-1.994005,-1.409176,-0.844305,-0.464664,-0.000861,1.0,14.072309
-0.7956,1.835979,-0.7956,-2.155694,-2.155687,0.550797,0.012244,0.607919,1.193395,1.627912,-0.001646,-1.0,13.768954
-1.148024,0.604236,-2.114792,1.285184,1.285196,-0.41088,-1.214502,-0.74119,-0.105742,0.215105,-0.000652,1.0,13.945912
-0.66027,1.320522,-0.840336,0.664659,0.664646,-0.768306,-1.662661,-1.396554,-0.840332,-0.528206,-0.000131,1.0,14.038603
0.790748,1.155706,-0.973236,-1.320522,-1.320523,0.596104,-0.261559,-0.121655,0.298053,0.708029,-0.000913,-1.0,13.85322
0.668681,2.188438,-0.911866,0.060827,0.060823,0.231004,0.030397,-0.259368,0.124623,0.576295,-0.000318,0.0,13.861646
0.303945,0.303945,-0.425544,0.0,0.0,0.364743,0.121582,-0.316107,0.042556,0.486325,-0.00113,0.0,13.861646
1.228495,1.351345,-0.4914,-1.033435,-1.03342,1.081069,1.160921,0.642905,0.949006,1.456991,-0.001964,-1.0,13.718397
0.24616,0.553846,-0.492308,-0.184281,-0.184293,0.763083,1.249235,0.800005,1.009237,1.481852,-0.001433,0.0,13.693115
0.619969,0.743962,-0.061984,-0.738468,-0.738459,1.128335,1.828892,1.479647,1.630505,2.006202,-0.001496,-1.0,13.591997
-0.61577,0.615764,-0.862069,0.681965,0.68196,0.184731,0.855912,0.944171,0.818967,1.172415,-0.001225,1.0,13.684689
-0.792194,0.24376,-1.279701,1.046798,1.046798,-0.901887,-0.146251,-0.056875,-0.280315,0.048753,-0.000588,1.0,13.82794
-1.378891,0.899281,-1.678657,1.645338,1.645343,-2.026383,-1.684655,-1.518789,-1.834534,-1.582736,0.000414,1.0,14.055457
-0.898216,0.179635,-1.497006,0.11991,0.119896,-1.604787,-1.778439,-1.520954,-1.838319,-1.691013,0.00023,0.0,14.072309
-0.475624,0.297271,-1.783591,0.718557,0.718574,-1.486332,-2.253276,-2.061045,-2.384073,-2.328187,0.000673,1.0,14.173429
1.349699,3.374239,-0.429442,-3.091564,-3.09156,1.730058,0.773002,0.899791,0.861959,0.704291,-0.000383,-1.0,13.735249
-0.792194,0.670323,-0.792194,0.674853,0.67484,1.048145,0.073129,0.251881,0.21938,-0.014623,0.000333,1.0,13.82794
-0.121803,1.522533,-0.730822,0.060938,0.060949,0.669908,0.097434,0.138035,0.19792,-0.090142,0.000413,0.0,13.836368
1.535626,1.904171,0.0,-0.852613,-0.852615,1.01965,0.976648,0.84356,1.019644,0.759202,0.001189,-1.0,13.718397
1.169237,1.169237,-0.799994,-0.184281,-0.184293,0.504624,1.23693,0.951801,1.156929,0.932929,-6.9e-05,0.0,13.693115
1.316614,2.068972,-0.31348,-1.846154,-1.846147,1.956114,2.959248,2.641588,2.82445,2.851409,-0.000845,-1.0,13.44032
-0.124076,0.5583,-1.550875,1.065837,1.06583,0.521094,1.69355,1.422664,1.671836,1.722083,-0.000702,1.0,13.583571
0.750006,0.750006,-1.25,-0.744423,-0.744421,0.750005,2.031255,2.066671,2.262504,2.412503,-0.001026,-1.0,13.482452
0.250627,0.877193,-0.814536,-0.25,-0.249999,0.601504,1.823313,2.20134,2.299502,2.556393,-0.001903,0.0,13.448746
-0.560741,0.809975,-0.560741,0.563904,0.563904,-0.211832,0.772595,1.595024,1.60437,1.891597,-0.00072,1.0,13.524584
-1.2939,0.308078,-1.355514,1.121502,1.121498,-0.973504,-0.388165,0.464166,0.40974,0.645723,-0.000792,1.0,13.676262
-1.156421,0.42605,-1.460736,1.232286,1.232281,-1.801579,-1.588549,-0.75065,-0.818615,-0.557508,-0.000545,1.0,13.844792
-2.144139,0.059547,-2.322817,2.19112,2.191127,-2.966059,-3.478266,-2.835024,-2.793333,-2.632523,0.000982,1.0,14.148149
-0.707124,0.294644,-1.2964,1.072055,1.072055,-2.804948,-4.095459,-3.759569,-3.61225,-3.592215,0.001422,1.0,14.299825
-0.757129,0.465929,-1.57251,1.178556,1.178546,-2.632493,-4.676754,-4.7447,-4.432139,-4.545126,0.001934,1.0,14.468355
0.648956,1.415929,-0.294991,-1.281299,-1.281286,-0.519185,-2.849568,-3.252712,-2.982308,-3.188208,0.001826,-1.0,14.282974
1.549464,1.549464,-0.35758,-1.00295,-1.002956,0.905838,-1.471994,-2.125548,-1.889155,-2.128725,0.00147,-1.0,14.139722
-1.34347,0.0,-1.985981,2.026222,2.026228,-0.712624,-2.774542,-3.796736,-3.709119,-3.876175,0.002672,1.0,14.426225
1.003542,1.180626,-0.413223,-1.051402,-1.051412,0.306969,-1.162927,-2.514757,-2.615109,-2.691851,0.001919,-1.0,14.274546
-0.294632,0.589281,-0.47142,0.177084,0.177091,-0.106061,-0.795517,-2.404238,-2.74307,-2.665874,0.001541,0.0,14.299825
1.086963,1.086963,-0.362313,-2.416028,-0.301025,0.158804,-0.088798,-1.727776,-2.266512,-2.21148,0.000694,0.0,14.256779
1.098237,1.708365,-0.183026,-1.02657,-1.026564,1.156137,1.135745,-0.459566,-1.152711,-1.117127,0.000196,-1.0,14.110424
-0.361658,0.30138,-1.145268,1.220262,1.220254,-0.264453,0.010651,-1.286082,-2.18814,-2.245587,0.000414,1.0,14.282607
0.606061,1.636364,-0.666673,-0.542495,-0.542485,0.181809,0.489487,-0.392673,-1.48331,-1.674992,0.001522,-1.0,14.205126
-0.898216,0.239515,-1.257491,1.212127,1.212119,-0.910184,-0.777303,-1.190169,-2.425206,-2.795812,0.001756,1.0,14.377309
-1.2041,1.74593,-1.2041,-0.538922,-0.538919,-0.31307,-0.227891,-0.36407,-1.595977,-2.111196,0.001495,-1.0,14.299827
-0.120253,0.0,-1.443175,0.120397,0.120393,-0.144308,-0.224012,-0.263979,-1.458153,-2.092257,0.001918,0.0,14.317043
0.540541,1.021021,-0.960961,0.120271,0.120276,-0.192193,-0.40803,-0.297234,-1.279409,-2.070936,0.002051,0.0,14.334263
1.458966,1.580535,-0.79028,-1.201195,-1.201199,0.960483,0.723399,0.850113,0.172685,-0.754996,0.002331,-1.0,14.16208
1.48058,1.789025,-0.555201,-1.458979,-1.458966,1.850706,1.967917,2.098252,1.810185,0.789588,0.001233,-1.0,13.95546
0.496278,0.5583,-0.372221,-0.555201,-0.555216,1.811414,2.264268,2.473731,2.451282,1.478457,0.001316,-1.0,13.877977
0.12423,1.36646,-0.559006,-0.124076,-0.124074,1.279509,2.211185,2.466858,2.584315,1.684514,0.00137,0.0,13.860758
-0.434256,0.806445,-0.744423,0.12423,0.124228,0.496278,1.792805,2.076357,2.359696,1.67235,0.001179,0.0,13.877977
-0.371051,0.371058,-1.05133,0.310167,0.31016,-0.160781,1.273976,1.591435,1.907144,1.493679,0.000826,0.0,13.921021
-0.367866,0.183942,-0.919675,0.865795,0.865813,-0.895159,0.165542,0.59677,0.880413,0.769745,0.000667,1.0,14.041551
0.621891,1.554726,-0.497512,-1.410172,-1.410186,0.472641,1.268663,1.836658,2.164648,2.259445,-0.000899,-1.0,13.843539
-0.554535,0.554529,-0.739365,0.932836,0.93284,-0.295749,0.086263,0.829743,1.160649,1.350955,-0.000959,1.0,13.972677
1.373283,1.373283,-0.124844,-1.2939,-1.293897,0.886388,1.004993,1.914274,2.256752,2.576196,-0.002034,-1.0,13.791885
0.18726,0.686635,-0.436954,0.0,0.0,0.699124,0.736578,1.714524,2.081772,2.42888,-0.001477,0.0,13.791885
0.125156,0.813523,-1.877347,-0.249688,-0.24969,0.538172,0.844806,1.668755,2.140177,2.478578,-0.00115,0.0,13.757448
0.376412,0.564624,-1.003764,-0.250313,-0.250315,0.614808,0.984946,1.643667,2.202012,2.572523,-0.002139,0.0,13.723011
0.816064,0.816064,-0.878845,-0.062735,-0.062727,0.301314,0.941614,1.414518,2.121779,2.512853,-0.00171,0.0,13.714403
0.631313,0.94697,-0.568182,-0.564972,-0.564975,0.643939,1.338381,1.649831,2.465278,2.863797,-0.002032,-1.0,13.63692
0.189633,0.505689,-1.074589,-0.126263,-0.126268,0.518334,1.245262,1.512857,2.379904,2.801521,-0.001956,0.0,13.619701
-1.3125,0.0,-1.5625,1.1378,1.137815,-0.587509,-0.087511,0.283322,1.009365,1.49249,-0.001015,1.0,13.774668
-0.493523,0.616903,-1.850703,1.312494,1.312496,-1.542261,-1.301671,-0.978826,-0.422585,0.091296,-0.000975,1.0,13.95546
0.123616,0.370828,-0.30903,-0.185065,-0.185075,-1.05068,-1.149569,-0.762261,-0.377011,0.224967,-0.00082,0.0,13.929632
-0.06162,0.061614,-0.554535,0.309023,0.309017,-0.874918,-1.324703,-1.022795,-0.813305,-0.172516,-0.001212,0.0,13.972677
1.123602,1.373283,-0.124844,-1.2939,-1.293897,0.67416,-0.03121,0.212234,0.352684,1.01623,-0.001541,-1.0,13.791885
1.315789,1.315789,-0.313283,-0.374532,-0.374525,1.002501,0.332074,0.442766,0.651622,1.210519,-0.001756,0.0,13.740231
0.886076,0.886076,-0.253165,-1.002506,-1.002509,1.506326,1.259491,1.341768,1.569615,2.030375,-0.002244,-1.0,13.602484
0.760938,0.951173,-1.141408,-0.189873,-0.189884,1.179461,1.350674,1.340104,1.658218,2.006348,-0.001804,0.0,13.576655
-1.501877,0.375476,-1.501877,1.331642,1.331646,-0.463076,0.106387,-0.008341,0.278475,0.498125,-0.000591,1.0,13.757448
-1.057872,0.808967,-1.057872,0.563204,0.563193,-0.958296,-0.29868,-0.547591,-0.314238,-0.15929,-0.000105,1.0,13.834929
0.628931,1.257862,-0.880503,-1.057872,-1.057859,0.025154,0.704402,0.48218,0.622641,0.830188,-0.000511,-1.0,13.688575
1.595405,2.042119,-0.255265,-1.446541,-1.446549,1.32738,1.837914,1.84217,1.968738,2.195285,-0.001194,-1.0,13.490563
0.769724,1.347017,-0.256575,-0.51053,-0.510512,1.616409,1.98203,2.219363,2.286713,2.588829,-0.00155,-1.0,13.421692
-0.51053,0.638162,-3.573708,0.513149,0.513132,0.701983,1.104027,1.625194,1.652848,1.950231,-0.001704,0.0,13.490563
2.90429,3.432343,-0.330033,-3.318443,-3.318431,2.943889,3.999994,4.818478,4.854781,5.180193,-0.002533,-1.0,13.042888
-1.436031,1.501305,-1.436031,1.122112,1.122098,1.044394,2.428206,3.359452,3.475858,3.754578,-0.002451,1.0,13.189242
-0.960307,0.960307,-0.960307,1.958225,1.95824,-0.960312,0.345702,1.122486,1.386038,1.64404,-0.001037,1.0,13.447519
0.640205,0.640205,-1.28041,0.0,0.0,-0.921901,0.249673,0.883476,1.286807,1.487831,-0.001037,0.0,13.447519
0.128949,0.838169,-1.41844,-0.704225,-0.704234,-0.425528,0.657642,1.289493,1.898778,2.076083,-0.001235,-1.0,13.352817
-0.322581,0.193548,-0.967742,-0.064475,-0.064458,0.090312,0.354827,1.13117,1.861278,2.007729,-0.001154,0.0,13.34421
-1.577287,0.946372,-1.892744,2.258065,2.258058,-1.451105,-1.892749,-1.148272,-0.435337,-0.277608,-0.000145,1.0,13.64553
-1.183057,0.186806,-1.30759,1.324915,1.324917,-2.191779,-2.932752,-2.332921,-1.783938,-1.551683,0.000677,1.0,13.826322
0.0,0.746275,-0.186573,0.124539,0.124523,-1.741285,-2.748749,-2.325864,-1.937182,-1.636809,0.000786,0.0,13.843539
0.631712,1.705622,-0.442198,-1.554726,-1.554718,0.214784,-1.111813,-0.846496,-0.514847,-0.085914,-0.000385,-1.0,13.628311
-1.622971,0.811486,-1.622971,1.200253,1.200251,-0.324594,-1.741572,-2.043279,-1.694757,-1.220973,-0.000434,1.0,13.791885
0.754249,1.319931,-0.439975,-0.686642,-0.686643,0.439975,-0.691386,-1.361825,-1.030798,-0.560652,-0.000652,-1.0,13.697184
-0.755192,0.943996,-0.755192,-0.125707,-0.125705,0.35242,-0.396475,-1.145375,-0.877913,-0.516049,-0.000841,0.0,13.679966
