1.761006,1.97065,-0.587006,-2.053388,-2.053388,0.771488,3.194967,5.937106,7.817609,9.643605,-0.002701,-1.0,23.85
1.573125,1.743197,-0.85034,-1.383648,-1.383648,1.692176,3.690475,6.488094,8.469387,10.593537,-0.003191,-1.0,23.52
1.965066,3.537114,-0.480345,-2.636054,-2.636054,4.078602,5.292575,8.157204,10.534934,12.737117,-0.004273,-1.0,22.9
0.087074,0.522425,-1.306047,0.305672,0.305672,2.385724,4.018288,6.774056,9.294736,11.616895,-0.004207,0.0,22.969999
-1.116359,0.472301,-1.846286,1.39313,1.39313,0.068695,1.829106,4.494055,6.987972,9.107766,-0.004663,1.0,23.290001
-1.109745,1.109741,-1.397452,4.465431,4.465431,-3.814221,-2.515413,-0.498699,1.931771,3.78956,-0.00329,1.0,24.33
0.0,1.331665,-0.124848,-1.233042,-1.233042,-2.188934,-1.327511,0.263555,2.623799,4.496042,-0.004725,-1.0,24.030001
1.640724,2.061422,-0.799327,-1.081985,-1.081985,-0.387042,-0.058898,0.830178,3.052166,5.114009,-0.004676,-1.0,23.77
-0.042145,0.421408,-1.938475,-0.168279,-0.168279,0.421409,-0.235988,0.598398,2.621154,4.719764,-0.00667,0.0,23.73
-0.296234,1.100296,-1.565802,-0.421412,-0.421412,1.134156,-0.118489,0.620684,2.526453,4.5857,-0.00603,0.0,23.629999
-0.457952,0.957535,-1.124063,1.650449,1.650449,-0.766028,-1.669442,-1.093533,0.397585,2.444629,-0.004559,1.0,24.02
-0.495659,1.98266,-0.536964,0.791003,0.791003,-1.396115,-2.15613,-1.839457,-0.710447,1.209421,-0.003436,1.0,24.209999
-0.45248,3.619918,-0.863838,0.413052,0.413052,-1.357464,-1.978606,-1.971751,-1.396542,0.338958,-0.003589,0.0,24.309999
1.589962,3.556485,-1.046025,-1.686545,-1.686545,0.476985,0.09205,-0.471409,0.03138,1.608367,-0.004068,-1.0,23.9
0.244594,0.693029,-1.956796,2.635987,2.635987,-1.369756,-1.973099,-2.97867,-2.645744,-1.262133,-0.0027,1.0,24.530001
0.041771,0.710109,-2.33919,-2.405218,-2.405218,0.994148,0.279862,-0.562522,-0.32373,0.785292,-0.003711,-1.0,23.940001
-0.453612,0.742268,-0.865975,1.2949,1.2949,-0.263917,-0.911341,-1.63299,-1.567011,-0.752165,-0.003586,1.0,24.25
1.448675,2.028146,-0.703642,-0.371134,-0.371134,-0.016555,-0.380795,-0.918874,-1.02649,-0.630795,-0.003115,0.0,24.16
-1.703163,0.729927,-1.824822,2.069536,2.069536,-1.427411,-2.02352,-2.470938,-3.010949,-2.726683,-0.001792,1.0,24.66
-0.803855,0.401933,-1.848871,0.892129,0.892129,-2.017681,-2.387456,-2.907285,-3.762054,-3.615752,-0.001643,1.0,24.879999
0.644901,1.007658,-0.765812,-0.28135,-0.28135,-1.039901,-1.793628,-2.504363,-3.297054,-3.263197,-0.001096,0.0,24.809999
1.188042,1.474805,-0.450639,-1.612249,-1.612249,0.712821,-0.102417,-0.80295,-1.530111,-1.627202,-0.001518,-1.0,24.41
-1.223495,0.774874,-1.508972,0.450635,0.450635,0.554648,-0.464927,-1.044046,-1.641518,-1.872757,-0.000691,0.0,24.52
1.148949,1.189984,-0.697579,-0.611741,-0.611741,0.935572,0.340579,-0.259887,-0.748876,-1.298322,-0.000765,-1.0,24.370001
-0.971267,1.3355,-1.17361,1.39515,1.39515,-0.590851,-0.967216,-1.340884,-1.827192,-2.598135,0.000748,1.0,24.709999
-1.609105,0.039246,-1.766087,3.116151,3.116151,-3.069074,-3.355574,-3.940346,-4.568289,-5.285715,0.002121,1.0,25.48
-0.852709,0.116283,-1.27907,1.255883,1.255883,-3.193795,-3.953486,-4.720927,-5.408912,-6.106974,0.00367,1.0,25.799999
0.58117,0.736153,-1.394801,0.03876,0.03876,-2.231691,-3.351412,-4.370396,-5.050365,-5.692364,0.001865,0.0,25.809999
-0.656117,0.07719,-1.389429,0.387451,0.387451,-1.420303,-3.241993,-4.222309,-4.996141,-5.602471,0.002279,0.0,25.91
-1.331815,0.570772,-2.397264,1.428024,1.428024,-1.613399,-4.071542,-5.126843,-5.829532,-6.476412,0.00348,1.0,26.280001
0.265954,1.633739,-1.177812,0.152203,0.152203,-1.124621,-3.643617,-4.668187,-5.535715,-6.31611,0.004009,0.0,26.32
-1.050653,0.487809,-1.313325,1.253799,1.253799,-1.711069,-3.996248,-5.248281,-6.247655,-7.082927,0.00535,1.0,26.65
2.177235,2.253629,-0.229179,-1.763602,-1.763602,0.336135,-1.638656,-3.03285,-4.20741,-5.046601,0.004637,-1.0,26.18
-0.231835,0.888725,-1.081913,-1.145917,-1.145917,1.476047,0.08501,-1.594536,-2.714448,-3.613598,0.003761,-1.0,25.879999
-0.230322,0.307102,-1.266795,0.656878,0.656878,0.637238,-0.05374,-1.937297,-3.057579,-3.871014,0.002448,1.0,26.049999
-0.114807,0.650593,-0.612323,0.307102,0.307102,0.183698,-0.110981,-1.90075,-2.935321,-3.842324,0.002979,0.0,26.129999
-0.716711,0.075447,-1.735198,1.454271,1.454271,-1.35798,-1.274992,-2.778827,-3.900416,-4.873633,0.003854,1.0,26.51
-2.386496,1.513388,-4.685684,29.611471,29.611471,-19.132716,-21.341679,-23.081105,-24.371365,-25.436557,0.014123,1.0,34.360001
-0.705669,2.11703,-1.323132,-1.018635,-1.018635,-13.51955,-18.15054,-20.399879,-22.218462,-23.480149,0.013917,-1.0,34.009998
-3.838555,0.564496,-4.007909,4.175249,4.175249,-11.690659,-18.848435,-21.573056,-23.847023,-25.316399,0.014787,1.0,35.43
-5.261756,0.876955,-6.138722,6.20943,6.20943,-10.741432,-20.5873,-24.005672,-26.595804,-28.227481,0.016656,1.0,37.630001
3.152174,4.103266,-1.277166,-2.205692,-2.205692,-3.135867,-16.038042,-20.298912,-23.256792,-25.244564,0.015753,-1.0,36.799999
-0.50681,2.1339,-1.520416,1.875008,1.875008,-3.248872,-14.566556,-19.68881,-22.939455,-25.198191,0.016981,1.0,37.490002
-1.024965,1.156381,-1.445464,1.493724,1.493724,-2.549274,-12.625491,-18.743756,-22.275951,-24.891457,0.016587,1.0,38.049999
-1.939268,0.33172,-2.398569,2.996058,2.996058,-3.465167,-11.814237,-18.911286,-22.68946,-25.615717,0.018449,1.0,39.189999
1.452664,1.815826,-1.582361,-1.63307,-1.63307,-1.385212,-7.128403,-15.450064,-19.710764,-22.955122,0.01744,-1.0,38.549999
-0.668891,0.180087,-3.010028,0.830091,0.830091,-1.131977,-4.713145,-14.050252,-18.690505,-22.101362,0.017854,1.0,38.869999
1.530877,1.686554,-0.28542,-0.848979,-0.848979,0.259467,-2.812665,-11.17627,-16.342763,-19.979245,0.016848,-1.0,38.540001
0.233766,0.623382,-1.272732,-0.103791,-0.103791,0.597402,-1.545455,-8.898702,-14.62078,-18.428053,0.016504,0.0,38.5
-0.052329,0.732598,-0.31398,-0.72727,-0.72727,0.82679,-0.094194,-6.108497,-12.433284,-16.416539,0.01635,-1.0,38.220001
3.295521,3.511615,-0.675311,-3.13972,-3.13972,3.268504,2.97947,-1.103908,-8.149649,-12.460292,0.015824,-1.0,37.02
0.491132,2.455653,-0.081864,-0.999454,-0.999454,3.099587,3.978167,1.738967,-5.858123,-10.392365,0.015324,-1.0,36.650002
-0.547046,1.394964,-1.477027,-0.245569,-0.245569,2.27024,3.979757,2.390588,-4.206786,-8.995626,0.01545,0.0,36.560001
-0.296659,1.105717,-0.485437,1.422322,1.422322,0.070117,2.259974,1.506648,-4.039919,-9.066887,0.015459,1.0,37.080002
-1.005028,1.243052,-1.772023,1.968713,1.968713,-2.078815,-0.079345,-0.033502,-4.337479,-9.602753,0.015064,1.0,37.810001
-0.156215,0.442598,-1.874514,1.586879,1.586879,-2.884662,-1.676645,-1.459688,-4.233272,-9.755793,0.015178,1.0,38.41
0.156579,1.383085,-0.443627,-0.234314,-0.234314,-1.784967,-1.589246,-0.963812,-2.467379,-8.325678,0.015084,0.0,38.32
-0.466926,0.518809,-0.544745,0.600206,0.600206,-1.338518,-2.173796,-1.371376,-2.505834,-7.589103,0.015157,1.0,38.549999
-3.822439,0.197292,-3.995065,5.188068,5.188068,-4.493216,-6.493215,-5.824905,-6.508012,-10.699874,0.016454,1.0,40.549999
-1.06434,1.451376,-1.741657,1.948215,1.948215,-4.610548,-7.525398,-7.277858,-7.579825,-10.926947,0.017073,1.0,41.34
2.623615,3.935424,-0.554997,-4.112242,-4.112242,0.100909,-2.898584,-3.118059,-3.362762,-5.743691,0.015223,-1.0,39.639999
-1.454994,0.739825,-1.652276,2.295661,2.295661,-1.045622,-4.115904,-5.016027,-5.069048,-6.47398,0.016622,1.0,40.549999
-0.944767,1.21124,-1.162791,1.800247,1.800247,-1.472868,-4.668118,-6.253227,-6.288758,-7.457362,0.017638,1.0,41.279999
1.76798,2.34923,-0.557036,0.02423,0.02423,-1.138294,-3.671594,-5.825464,-5.919111,-6.774524,0.01742,0.0,41.290001
-0.071648,0.692622,-0.859807,1.404694,1.404694,-2.254597,-4.036302,-6.548839,-6.902314,-7.450678,0.017799,1.0,41.869999
0.5505,0.933459,-0.813787,-0.214951,-0.214951,-1.019626,-3.022977,-5.587998,-6.31522,-6.853995,0.017223,0.0,41.779999
-2.039379,0.257853,-2.086263,2.106273,2.106273,-2.0722,-4.006096,-6.596343,-7.803563,-8.225973,0.007738,1.0,42.66
-1.956771,1.501706,-3.526733,3.023912,3.023912,-3.731515,-5.594997,-8.216916,-9.8942,-10.331743,0.009132,1.0,43.950001
0.726612,1.702997,-0.772025,0.204778,0.204778,-2.679385,-4.995461,-7.350896,-9.449366,-9.970937,0.007763,0.0,44.040001
1.467899,1.513762,-0.848619,-0.999099,-0.999099,-0.903666,-3.518345,-5.530578,-7.918574,-8.657794,0.005278,-1.0,43.599998
-3.663415,0.11101,-4.28508,3.302759,3.302759,-2.624336,-5.404088,-7.569571,-9.972249,-11.001778,0.007177,1.0,45.040001
1.743015,1.944132,-0.223459,-0.643874,-0.643874,-1.059217,-3.852514,-6.012664,-8.483799,-9.899441,0.006308,-1.0,44.75
1.647484,1.737759,-0.857596,-0.983238,-0.983238,0.085758,-2.213949,-4.212746,-6.700521,-8.483865,0.005454,-1.0,44.310001
5.504587,5.716305,-0.188186,-4.062295,-4.062295,3.603862,2.213601,0.150557,-2.111264,-4.23147,0.00302,-1.0,42.509998
-5.702241,0.820943,-5.857555,6.022117,6.022117,-1.628578,-2.882183,-4.986318,-6.865987,-9.063235,0.00566,1.0,45.07
-0.86226,0.530623,-1.835061,0.355003,0.355003,-1.89255,-2.462967,-4.49849,-6.441522,-8.658855,0.005496,0.0,45.23
-1.022188,0.152238,-1.631144,1.658191,1.658191,-2.957808,-3.331883,-5.268958,-7.134624,-9.337103,0.006361,1.0,45.98
-2.463681,0.231619,-3.684986,3.284041,3.284041,-4.704152,-5.660143,-7.409283,-9.14614,-11.299225,0.007529,1.0,47.490002
0.190718,0.762874,-1.90718,-0.631718,-0.631718,-2.114852,-4.392878,-5.987142,-7.865012,-9.878362,0.007562,-1.0,47.189999
0.123833,2.497418,-0.598557,2.670062,2.670062,-3.265223,-5.878227,-7.526662,-9.52735,-11.343655,0.009565,1.0,48.450001
-0.46502,0.161751,-2.021836,2.084619,2.084619,-3.530123,-6.906589,-8.379834,-10.382125,-12.260411,0.010629,1.0,49.459999
-0.75412,0.416747,-1.766222,1.880307,1.880307,-3.560228,-7.505456,-9.04809,-11.059733,-12.92161,0.011362,1.0,50.389999
-1.854022,0.078058,-2.69321,1.686849,1.686849,-3.696335,-7.687357,-9.608382,-11.563235,-13.375492,0.011453,1.0,51.240002
-0.179178,2.72745,-0.856064,-1.97112,-1.97112,-0.549472,-4.294246,-6.969275,-8.895083,-10.862831,0.010095,-1.0,50.23
-0.892497,1.209839,-1.923834,0.378256,0.378256,-0.142797,-3.593808,-6.418084,-8.390516,-10.478378,0.009678,0.0,50.419998
-0.298325,1.630865,-0.656321,-0.277666,-0.277666,0.461417,-2.321001,-5.46274,-7.290173,-9.382656,0.009663,0.0,50.279999
2.62302,3.131356,-0.244,-2.187747,-2.187747,2.216348,0.514437,-2.74773,-4.55368,-6.653925,0.008701,-1.0,49.18
-2.488246,0.235108,-2.880096,3.782027,3.782027,-1.586993,-2.45298,-5.41275,-7.337384,-9.290754,0.008217,1.0,51.040001
0.415677,1.524151,-0.237526,-1.018811,-1.018811,-0.459225,-0.789786,-3.382159,-5.74228,-7.626287,0.007194,-1.0,50.52
7.339837,7.339837,-0.127274,-6.690422,-6.690422,5.286383,6.045823,3.838214,1.391602,-0.555789,0.006305,-1.0,47.139999
1.304257,2.287791,-3.22857,-0.784894,-0.784894,4.618345,6.3096,4.879196,2.378661,0.657686,0.005242,-1.0,46.77
-2.405709,1.284406,-2.487252,4.874918,4.874918,-0.297654,1.094803,0.421341,-1.941894,-3.5001,0.006302,1.0,49.049999
0.142535,1.547542,-0.651598,0.122328,0.122328,-1.20546,0.537566,0.518561,-1.573002,-3.197722,0.006336,0.0,49.110001
-2.423747,0.242381,-3.231666,0.814492,0.814492,-2.411631,-0.420114,0.018855,-1.661277,-3.537868,0.006133,1.0,49.509998
0.989903,3.030303,-0.646465,-0.020194,-0.020194,-1.438385,-0.585859,0.180471,-1.19394,-3.041616,0.0062,0.0,49.5
-2.150954,0.195548,-2.424711,3.313129,3.313129,-2.890105,-3.605787,-2.813191,-3.784707,-5.673835,0.006616,1.0,51.139999
-2.087723,0.019157,-2.413327,2.092296,2.092296,-3.669794,-5.000957,-4.572558,-5.15993,-7.035433,0.006295,1.0,52.209999
-0.073775,1.125048,-1.143495,3.849841,3.849841,-5.35596,-7.936188,-7.743762,-8.055148,-9.750648,0.007552,1.0,54.220001
1.541322,1.782735,-0.631383,-0.682411,-0.682411,-3.093777,-6.685234,-6.661712,-6.805011,-8.288205,0.007661,-1.0,53.849998
3.132122,3.948364,-0.91116,-2.172698,-2.172698,0.265754,-3.561125,-4.302709,-4.333714,-5.673501,0.005773,-1.0,52.68
-0.289021,0.67437,-1.483624,-1.480634,-1.480634,2.065507,-1.123318,-2.656395,-2.660891,-3.741815,0.005484,-1.0,51.900002
-0.13346,0.743563,-1.639659,1.059728,1.059728,1.086748,-1.511918,-3.261521,-3.485226,-4.257771,0.006189,1.0,52.450001
2.367659,2.483159,-0.134745,-0.953289,-0.953289,1.185754,-0.017326,-2.213669,-2.487971,-2.99288,0.007261,-1.0,51.950001
2.608005,2.92654,-1.23432,-3.310878,-3.310878,3.209239,3.549672,1.09629,0.851085,0.570973,0.004043,-1.0,50.23
2.692304,2.813763,-0.303648,-1.652395,-1.652395,3.615383,5.269227,3.099861,2.442304,2.337648,0.00335,-1.0,49.400002
2.02,2.448482,-0.5305,-0.789482,-0.789482,3.260564,5.672316,4.224992,3.127937,3.115287,0.002506,-1.0,49.009998
-6.074485,3.565029,-7.388964,2.448482,2.448482,-0.09958,2.748459,1.888072,0.765786,0.636528,0.002218,1.0,50.209999
2.211051,4.703518,-0.060299,-0.91615,-0.91615,-0.060302,2.8,2.915913,1.567839,1.447236,0.00212,-1.0,49.75
2.384898,3.172955,-0.414768,-3.075375,-3.075375,2.277061,4.894233,6.00304,4.552051,4.499375,0.000139,-1.0,48.220001
-4.629814,0.139691,-5.188591,3.919535,3.919535,-1.297149,0.425064,2.086076,0.905007,0.533225,0.000772,1.0,50.110001
2.320845,2.707659,-0.834691,-1.975658,-1.975658,0.736973,1.883146,3.869438,3.177934,2.464986,-0.000558,-1.0,49.119999
3.532382,4.857018,-0.546682,-3.175892,-3.175892,2.926828,4.196802,6.624613,6.405591,5.689653,-0.002235,-1.0,47.560001
0.589106,2.356413,-0.5891,-0.063082,-0.063082,2.05765,3.332634,5.753562,6.306545,5.460974,-0.001577,0.0,47.529999
1.818182,2.878783,-1.017318,-2.798229,-2.798229,4.12121,5.435063,7.694082,9.008656,8.122941,-0.002672,-1.0,46.200001
-1.308734,1.630547,-1.673458,0.887446,0.887446,1.703495,3.90903,5.878565,7.739753,7.126366,-0.00227,1.0,46.610001
-5.091355,0.061595,-5.440357,4.505467,4.505467,-2.849515,-0.632311,0.877304,2.845414,2.667216,3.8e-05,1.0,48.709999
-0.59196,1.183911,-1.95959,0.574837,0.574837,-2.820987,-1.449279,-0.170106,1.928962,2.075522,-0.001068,1.0,48.990002
0.204046,0.958992,-0.612118,0.040816,0.040816,-2.256678,-1.640477,-0.610756,1.35585,2.025713,-0.000703,0.0,49.009998
5.760417,6.567746,-0.065466,-6.488464,-6.488464,4.36395,4.662881,5.645497,7.513633,8.783762,-0.000633,-1.0,45.830002
-0.21571,1.380498,-1.3805,1.156446,1.156446,3.062984,2.657462,4.000573,5.602889,7.269196,3.6e-05,1.0,46.360001
0.387683,2.412231,-0.258451,0.15099,0.15099,1.925481,1.923326,3.47333,4.854621,6.701702,-0.001593,0.0,46.43
0.620987,1.627405,-0.021418,0.581523,0.581523,0.355459,1.149892,2.374017,3.632761,5.612846,-0.001434,1.0,46.700001
1.752111,2.249621,-0.584039,-1.006426,-1.006426,0.17305,1.897038,2.907204,4.067705,5.995242,-0.002062,-1.0,46.23
3.435968,4.083003,-1.740292,-3.049968,-3.049968,2.873718,4.794735,5.638852,6.738064,8.523874,-0.003107,-1.0,44.82
-2.68032,0.610153,-5.09915,2.387325,2.387325,0.270214,2.194381,2.562652,3.866858,5.401616,-0.003426,1.0,45.889999
-1.118522,0.387171,-2.064967,1.307481,1.307481,-0.998067,0.397932,0.861831,2.25532,3.575819,-0.003697,1.0,46.490002
-0.55307,0.425444,-1.084871,1.118511,1.118511,-1.961281,-1.133797,-0.33184,0.783881,1.967246,-0.004639,1.0,47.009998
-0.339989,1.019974,-1.699964,0.106367,0.106367,-1.712709,-1.65321,-0.504322,0.390989,1.443262,-0.004367,0.0,47.060001
0.042799,1.00578,-0.941577,-0.701235,-0.701235,-0.201156,-0.766103,0.273915,0.94051,1.860048,-0.003859,-1.0,46.73
-4.442616,0.308517,-4.853972,4.044509,4.044509,-2.957629,-4.15878,-3.348414,-3.136567,-2.163716,-0.001954,1.0,48.619999
-0.393045,0.744727,-0.972282,-0.575893,-0.575893,-1.630121,-3.208523,-2.839608,-2.656185,-1.652461,-0.002518,-1.0,48.34
2.169381,3.024614,-0.479766,-0.827474,-0.827474,-0.421358,-2.14226,-2.174939,-1.804336,-1.021274,-0.002475,-1.0,47.939999
-1.535627,0.266177,-2.252248,1.877349,1.877349,-1.527437,-3.411139,-4.000819,-3.479729,-2.919738,-0.000686,1.0,48.84
-3.203982,1.034826,-3.402983,2.886978,2.886978,-2.889553,-5.040796,-6.108126,-5.785074,-5.482189,0.00088,1.0,50.25
2.369376,2.814903,-0.749297,-1.731341,-1.731341,-0.8708,-2.660998,-4.046174,-3.844676,-3.876065,0.000555,-1.0,49.380001
-1.504926,0.463048,-2.257384,4.961525,4.961525,-4.20992,-6.231916,-7.887327,-8.088948,-8.210692,0.001421,1.0,51.830002
-3.113278,0.337584,-3.713428,2.874779,2.874779,-4.868716,-7.668792,-9.633658,-10.251313,-10.343586,0.002729,1.0,53.32
-1.040701,1.282288,-1.672553,0.918982,0.918982,-3.887754,-7.255158,-9.517439,-10.622562,-10.693181,0.004106,1.0,53.810001
-0.182288,0.583301,-1.130148,1.95131,1.95131,-4.046664,-7.548306,-10.029166,-11.510209,-11.771055,0.003427,1.0,54.860001
-1.277666,0.575848,-3.275148,1.294202,1.294202,-3.044807,-7.478855,-10.017395,-11.812128,-12.253374,0.004555,1.0,55.57
-1.307896,0.254314,-1.99818,-0.935759,-0.935759,-0.959126,-5.38601,-8.130788,-10.196183,-10.963849,0.005327,-1.0,55.049999
-0.344701,0.054432,-1.614657,0.127157,0.127157,-0.431783,-4.203554,-7.266568,-9.546442,-10.632074,0.005393,0.0,55.119999
-3.929375,0.952051,-4.015923,4.807694,4.807694,-3.628181,-7.052103,-10.284461,-12.696901,-14.124978,0.008016,1.0,57.77
0.534853,1.069708,-1.811593,0.328889,0.328889,-2.874395,-6.026568,-9.286863,-11.84955,-13.569357,0.007823,0.0,57.959999
1.021999,1.125933,-0.623594,-0.396824,-0.396824,-1.739131,-4.205785,-7.873434,-10.472891,-12.437208,0.006133,0.0,57.73
3.679656,4.040406,-0.342711,-3.966743,-3.966743,2.460318,0.402238,-3.214284,-5.967711,-8.170273,0.004566,-1.0,55.439999
2.27146,2.736922,-0.521316,-3.120491,-3.120491,5.235525,3.708808,0.619378,-2.31521,-4.690373,0.003476,-1.0,53.709999
-0.969813,0.384262,-1.354075,1.750145,1.750145,2.283619,2.078678,-0.402565,-3.30101,-5.713453,0.006317,1.0,54.650002
0.219344,0.932192,-0.950466,0.109784,0.109784,0.983368,1.939318,0.031684,-2.677754,-5.093765,0.005956,0.0,54.709999
0.843107,1.997802,-0.054989,-0.274169,-0.274169,0.098972,2.034455,0.939637,-1.865837,-4.197216,0.00581,0.0,54.560001
-4.860145,0.10489,-5.506996,4.83871,4.83871,-3.905595,-2.298953,-3.093242,-5.620631,-7.869932,0.007278,1.0,57.200001
-0.379829,1.087709,-1.208558,1.258736,1.258736,-3.646405,-3.030038,-3.768413,-5.932317,-8.261737,0.008059,1.0,57.919998
-1.08192,0.309119,-1.717328,0.535224,0.535224,-2.929762,-3.467285,-3.774687,-5.626825,-7.982827,0.009295,0.0,58.23
2.499128,3.040891,-0.996153,-1.734499,-1.734499,-0.339044,-1.892697,-1.801237,-3.351976,-5.625307,0.007874,-1.0,57.220001
-1.397995,0.621332,-1.518809,1.258298,1.258298,-0.410768,-3.075594,-2.748819,-3.814289,-6.154641,0.007857,1.0,57.939999
3.577178,4.185298,-0.94795,-3.503623,-3.503623,2.743695,0.527634,0.884755,0.042926,-2.205688,0.006263,-1.0,55.91
-2.216839,0.069271,-2.840325,3.273121,3.273121,-0.574994,-1.960516,-2.010164,-2.745067,-4.626259,0.007355,1.0,57.740002
0.659726,1.684031,-0.572913,-0.242473,-0.242473,-0.55208,-1.210066,-1.791663,-2.179684,-3.786108,0.007513,0.0,57.599998
0.122397,1.451304,-0.629475,-0.711804,-0.711804,0.150377,-0.068192,-1.177361,-1.274697,-2.610944,0.005873,-1.0,57.189999
1.776199,2.699824,-0.408524,-1.556216,-1.556216,1.150978,1.820605,0.215514,0.350801,-0.57975,0.005535,-1.0,56.299999
-3.264399,0.119645,-3.435307,3.925398,3.925398,-1.78089,-1.801399,-3.21996,-3.143904,-3.878309,0.007174,1.0,58.509998
2.33003,3.129896,-0.71292,-1.70911,-1.70911,-0.153016,-0.165186,-1.096618,-1.251953,-1.91549,0.005937,-1.0,57.509998
-0.459124,0.088291,-1.659901,-1.530164,-1.530164,1.055974,1.103653,0.673374,0.18188,-0.192127,0.004414,-1.0,56.630001
3.122132,3.617993,-0.091826,-3.84955,-3.84955,4.095497,4.642789,4.672174,3.870521,3.773735,0.003684,-1.0,54.450001
2.20355,2.595705,-3.174605,-1.652896,-1.652896,4.817928,5.5817,6.305635,5.225958,5.366948,0.001403,-1.0,53.549999
-2.031192,0.253899,-2.067463,2.969188,2.969188,0.573088,2.397534,2.991175,2.164492,2.335148,0.001435,1.0,55.139999
2.017564,2.652722,-0.635158,-2.91984,-2.91984,2.110967,4.690828,5.542065,5.220439,5.294229,0.000112,-1.0,53.529999
1.70268,2.324817,-1.015067,14.104246,14.104246,-9.053703,-7.680096,-7.192756,-7.259336,-7.50426,0.004302,1.0,61.080002
-3.356239,1.278566,-3.835707,2.43942,2.43942,-8.623942,-9.0187,-8.832775,-8.8397,-9.412179,0.004697,1.0,62.57
2.521143,3.724789,-1.268704,-1.742049,-1.742049,-4.424203,-6.56311,-6.832575,-6.660703,-7.562134,0.004419,-1.0,61.48
-1.115539,0.621512,-1.482072,2.065712,2.065712,-3.933067,-7.778486,-7.991501,-8.10757,-8.967012,0.005088,1.0,62.75
0.884391,1.559738,-1.479336,-0.892432,-0.892432,-0.283002,-6.195528,-6.685962,-6.936806,-7.601864,0.003122,-1.0,62.189999
-1.126128,0.997424,-1.126128,-0.048238,-0.048238,0.112612,-5.260618,-6.151867,-6.575773,-7.074003,0.002992,0.0,62.16
-3.187189,0.388682,-3.264924,3.474903,3.474903,-2.705224,-6.90765,-8.56447,-9.161226,-9.597015,0.004327,1.0,64.32
1.180179,1.479149,-0.125882,-1.197141,-1.197141,-0.874901,-4.206136,-6.696039,-7.619197,-7.935798,0.005282,-1.0,63.549999
-1.696219,0.231306,-2.31303,2.045632,2.045632,-2.214339,-4.629142,-7.914673,-8.781802,-9.309481,0.007064,1.0,64.849998
0.729249,0.946472,-0.620627,-0.61681,-0.61681,-0.906126,-2.342898,-6.625287,-7.695109,-8.341346,0.006247,-1.0,64.449997
-4.678452,0.0,-4.871527,4.468588,4.468588,-3.609094,-5.591865,-9.559882,-10.920841,-11.721376,0.00775,1.0,67.330002
0.611125,0.730371,-0.551491,-0.356462,-0.356462,-2.438512,-4.58041,-7.98032,-9.864357,-10.817107,0.007722,0.0,67.089996
-0.53492,0.356609,-1.827642,0.313023,0.313023,-1.628535,-4.013378,-6.905403,-9.328385,-10.539083,0.006161,0.0,67.300003
-1.483977,1.498684,-1.557446,1.129264,1.129264,-1.783719,-4.305023,-6.679398,-9.639287,-10.823977,0.006117,1.0,68.059998
-2.7287,0.689364,-5.601026,2.306787,2.306787,-2.510409,-5.394224,-7.242086,-10.806402,-12.151656,0.006728,1.0,69.629997
1.603741,1.99738,-0.20411,-1.493611,-1.493611,-0.664817,-3.022303,-5.105696,-8.582151,-10.178739,0.006811,-1.0,68.589996
-2.882172,0.932471,-3.164733,3.19289,3.19289,-2.695677,-5.110201,-7.268532,-10.257135,-12.189884,0.007478,1.0,70.779999
1.574802,1.646388,-0.572657,-1.313932,-1.313932,-0.670008,-2.944881,-5.235026,-7.895489,-10.244809,0.008233,-1.0,69.849998
1.342766,2.829915,-0.591978,-0.844661,-0.844661,0.522663,-1.481379,-3.80114,-6.091543,-8.859374,0.006813,-1.0,69.260002
0.580206,1.552074,-0.101536,-0.462027,-0.462027,0.789088,-0.372792,-2.70187,-4.538008,-7.773139,0.006737,0.0,68.940002
1.475317,2.074201,-1.577566,-0.696262,-0.696262,1.457787,0.490798,-1.406174,-3.329681,-6.43529,0.006743,-1.0,68.459999
-0.667564,0.949412,-1.335116,-1.533735,-1.533735,2.038269,2.103539,0.435141,-1.464923,-4.208877,0.00675,-1.0,67.410004
-0.203487,0.145347,-1.715116,2.062007,2.062007,-0.32849,0.258716,-1.085276,-2.923697,-5.257563,0.006108,1.0,68.800003
-2.626796,0.558895,-2.724601,4.026158,4.026158,-3.540587,-3.1312,-4.287644,-6.064692,-8.006148,0.008086,1.0,71.57
1.468099,1.482218,-0.832857,-1.019986,-1.019986,-2.010158,-1.962163,-2.699976,-4.486161,-6.080741,0.008261,-1.0,70.839996
1.833809,1.977073,-0.472782,-1.468087,-1.468087,-0.166192,-0.328084,-1.014331,-2.515764,-4.181667,0.009083,-1.0,69.800003
-1.749274,0.166601,-2.110228,3.194837,3.194837,-1.974176,-3.240314,-3.621638,-4.998611,-6.622795,0.010754,1.0,72.029999
3.423683,3.552066,-0.199713,-2.679441,-2.679441,1.095579,-0.540653,-0.701852,-1.915832,-3.560055,0.008806,-1.0,70.099998
-1.439046,0.663094,-2.652366,1.112695,1.112695,-0.211623,-1.406598,-1.529342,-2.569833,-4.162525,0.010197,1.0,70.879997
3.574021,3.661188,-0.987941,-2.892205,-2.892205,2.176373,1.513872,1.325969,0.650149,-0.922276,0.004336,-1.0,68.830002
1.13703,2.525102,-0.383937,-1.61267,-1.61267,3.236855,3.068516,2.90116,2.328704,1.030122,0.002939,-1.0,67.720001
-0.814661,0.305498,-3.084078,1.506198,1.506198,0.747747,1.732618,1.176417,0.93032,-0.21181,0.004059,1.0,68.739998
-0.621477,0.592565,-1.286312,0.654647,0.654647,-0.170548,1.127327,0.454784,0.410461,-0.534763,0.003572,1.0,69.190002
1.362837,1.538691,-1.128366,-1.373037,-1.373037,0.44549,2.047189,1.753618,1.821515,1.048654,0.003407,-1.0,68.239998
1.552936,1.881442,-0.223982,-1.861074,-1.861074,1.794832,3.404508,3.487132,3.553828,3.115423,0.002782,-1.0,66.970001
0.431292,1.011303,-1.57644,0.403161,0.403161,1.24331,2.608568,2.950628,3.037629,2.696017,0.001722,0.0,67.239998
4.820599,5.085808,-1.154442,-4.66984,-4.66984,4.755073,6.397818,7.649509,7.563966,7.540096,0.000525,-1.0,64.099998
0.0,2.003395,-1.710587,1.232451,1.232451,2.154415,4.299585,5.937228,5.872247,6.082294,0.000244,1.0,64.889999
7.203178,7.550916,-0.033118,-6.934813,-6.934813,7.16675,10.334494,12.597009,13.026993,13.479054,-0.001934,-1.0,60.389999
-0.754474,1.525342,-4.904053,0.960427,0.960427,4.179101,7.995733,10.446665,11.298177,11.83139,-0.003144,1.0,60.970001
2.216301,3.2328,-1.116477,-1.57455,-1.57455,3.436096,8.438596,11.125926,12.374608,13.048495,-0.003564,-1.0,60.009998
0.896409,2.124831,-0.614215,0.383276,0.383276,1.759624,6.613542,9.396852,11.350427,11.916995,-0.00354,0.0,60.240002
-3.449377,0.063879,-3.800698,3.950858,3.950858,-2.832959,1.512297,4.442671,6.624881,7.201535,-0.002567,1.0,62.619999
0.781247,1.89732,-0.813141,0.159697,0.159697,-2.244899,0.470342,3.408799,5.74936,6.613519,-0.003307,0.0,62.720001
5.143716,6.185907,-0.605145,-5.149871,-5.149871,2.565134,4.668007,7.976687,10.537061,11.76668,-0.004568,-1.0,59.490002
5.621144,6.079297,-0.757709,-4.605819,-4.605819,6.368283,7.873128,11.901321,14.724228,16.337621,-0.007257,-1.0,56.75
-1.843721,1.843721,-2.651452,0.352425,0.352425,4.839332,6.238804,10.128181,12.997364,15.194379,-0.006682,0.0,56.950001
-0.876438,0.893624,-1.75288,2.177345,2.177345,1.082663,2.823511,6.521168,9.566078,12.010312,-0.00564,1.0,58.189999
-4.454413,0.080114,-5.159431,7.252107,7.252107,-5.851626,-3.805479,-1.304278,1.47893,3.849383,-0.00298,1.0,62.41
6.626102,6.795132,-0.811359,-5.207499,-5.207499,-0.791075,1.17309,3.237548,6.236477,8.764706,-0.004536,-1.0,59.16
-1.58893,3.041179,-2.084398,-1.06491,-1.06491,0.885018,2.009228,3.356685,6.59491,9.165216,-0.004374,-1.0,58.529999
2.037699,2.64901,-1.88487,0.615069,0.615069,0.927153,1.156395,2.135056,5.106981,7.605367,-0.004873,1.0,58.889999
0.338468,0.998477,-5.43239,0.339618,0.339618,0.890167,0.216619,1.134992,3.896598,6.495853,-0.006144,0.0,59.09
0.117214,0.787003,-3.31547,1.066172,1.066172,-1.075019,-1.342935,-0.006699,2.087238,4.624914,-0.005425,1.0,59.720001
0.610791,2.782496,-0.373258,-1.306098,-1.306098,0.159485,-0.13064,1.086983,2.757042,5.338312,-0.005369,-1.0,58.939999
-2.906602,0.0,-3.412802,3.902279,3.902279,-2.717181,-3.148272,-2.575661,-1.5921,0.958847,-0.005125,1.0,61.240002
-0.602883,0.650484,-1.285099,2.922921,2.922921,-4.166268,-4.934157,-5.04733,-4.471679,-2.270663,-0.003193,1.0,63.029999
3.406128,3.455018,-0.162978,-2.649529,-2.649529,-0.818124,-1.830184,-2.599958,-2.159389,-0.121254,-0.004491,-1.0,61.360001
4.484966,4.567115,-1.807128,-0.798569,-0.798569,0.358142,-1.292918,-2.018508,-1.332346,0.198457,-0.003769,-1.0,60.869999
3.916136,3.985443,-0.242591,-5.191392,-5.191392,5.427138,3.860684,3.140994,3.787907,5.043148,-0.005003,-1.0,57.709999
3.402209,3.86534,-2.636265,-2.720499,-2.720499,6.558604,6.33951,5.952976,6.345745,7.189884,-0.00646,-1.0,56.139999
-3.542566,0.223555,-3.972488,3.58034,3.58034,1.196901,2.53654,2.428199,2.490108,3.075491,-0.005452,1.0,58.150002
-3.680156,0.117094,-4.382735,2.80309,2.80309,-2.090999,-0.143859,-0.187352,-0.541986,-0.076947,-0.004011,1.0,59.779999
-1.177436,1.84791,-1.537208,2.291741,2.291741,-4.192971,-2.147182,-2.560919,-2.898613,-2.265907,-0.002579,1.0,61.150002
1.389348,2.3652,-0.463114,-1.128378,-1.128378,-2.189876,-0.779026,-1.305545,-1.71022,-1.184252,-0.003108,-1.0,60.459999
-2.531857,0.212344,-3.332246,1.257033,1.257033,-1.744529,-2.014049,-2.237832,-2.56534,-2.331919,-0.001064,1.0,61.220001
4.185889,4.476342,-0.068336,-4.393992,-4.393992,2.901078,1.720487,2.214251,2.047669,2.039981,-0.003004,-1.0,58.529999
2.404602,3.328106,-1.968986,-1.947719,-1.947719,4.112216,3.049313,4.047165,4.005055,3.702389,-0.001284,-1.0,57.389999
0.828051,3.62932,-0.458066,-1.097754,-1.097754,3.720932,3.468995,4.854361,4.661737,4.433407,-0.001994,-1.0,56.759998
-0.681349,0.716282,-1.502448,0.845673,0.845673,1.726062,2.519214,3.777075,3.616348,3.400416,-0.001159,1.0,57.240002
-3.092098,0.116998,-3.092098,4.524808,4.524808,-3.14224,-1.302025,-0.872475,-0.760491,-0.869801,0.000269,1.0,59.830002
-0.284142,1.771681,-0.534855,0.0,0.0,-2.707674,-1.02123,-1.229041,-0.681935,-0.677255,-0.001094,0.0,59.830002
0.506498,2.059769,-0.472732,-1.002845,-1.002845,-1.100792,-0.111429,-0.468231,0.335979,0.399122,-0.001495,-1.0,59.23
2.313536,2.520723,-0.690604,-2.21172,-2.21172,1.536607,1.590128,1.443374,2.449935,2.35981,-0.000481,-1.0,57.919998
0.499829,0.741125,-1.223714,0.172655,0.172655,1.630473,0.994485,1.304148,2.194071,2.104791,0.001166,0.0,58.02
-2.229353,0.59112,-2.769801,2.051015,2.051015,-0.621515,-1.374766,-0.386194,-0.031243,0.098634,0.001752,1.0,59.209999
1.60519,2.783466,-0.648909,-1.097784,-1.097784,0.047812,-0.274933,0.766164,0.69672,1.187157,0.000623,-1.0,58.560001
-3.190612,0.016528,-3.703095,3.295767,3.295767,-2.727727,-2.944291,-2.370643,-2.588034,-1.948755,-0.000742,1.0,60.490002
0.693984,1.586252,-0.198278,0.049592,0.049592,-1.916721,-2.371116,-2.488433,-2.665234,-1.944481,0.001071,0.0,60.52
-1.532189,0.163004,-1.955984,1.371444,1.371444,-2.158106,-3.022001,-3.710945,-3.685408,-3.113933,0.001911,1.0,61.349998
-2.930058,0.047256,-3.008822,3.471886,3.471886,-4.095778,-5.701008,-6.704474,-6.339004,-6.223693,0.002896,1.0,63.48
-0.188945,0.991971,-1.401353,0.047256,0.047256,-2.582268,-5.166113,-6.225788,-5.961263,-6.237755,0.002796,0.0,63.509998
0.015663,0.736332,-0.501338,0.503864,0.503864,-2.02413,-4.920887,-6.023294,-6.115466,-6.553034,0.002602,0.0,63.830002
1.026859,1.374406,-1.169033,-0.830335,-0.830335,-0.325434,-3.27488,-4.547655,-5.159556,-5.61706,0.002766,-1.0,63.299999
0.23779,0.808494,-1.632852,-0.347547,-0.347547,0.570701,-2.135387,-3.597551,-4.621119,-4.947371,0.0013,0.0,63.080002
-0.397646,0.874819,-0.874819,-0.332915,-0.332915,0.712583,-1.226338,-2.953182,-4.171304,-4.201684,0.000178,0.0,62.869999
-1.405114,0.394695,-2.005052,0.747576,0.747576,-0.088411,-1.20461,-3.303863,-4.502684,-4.58478,0.001349,1.0,63.34
0.74379,1.851562,-0.585534,-0.236819,-0.236819,-0.053805,-0.542806,-2.656537,-3.817058,-4.142426,0.001543,0.0,63.189999
1.391998,1.568,-0.559997,-1.091943,-1.091943,0.7936,0.872,-1.093333,-2.296,-2.99776,0.002956,-1.0,62.5
-0.763357,0.731551,-1.733461,0.608002,0.608002,0.120863,0.505724,-1.175786,-2.437978,-3.430027,0.004104,1.0,62.880001
-3.405805,0.076027,-3.451417,4.59605,4.59605,-3.396682,-3.562411,-4.853272,-6.273373,-7.396681,0.004454,1.0,65.769997
-0.699299,0.03041,-1.337788,0.015208,0.015208,-2.669504,-3.231984,-4.136008,-5.835359,-6.969898,0.003493,0.0,65.779999
2.4265,3.390885,-0.357759,-2.265123,-2.265123,-0.071553,-0.917719,-1.520197,-3.259451,-4.384509,0.001922,-1.0,64.290001
0.310073,0.728684,-1.038757,0.326643,0.326643,0.223255,-1.054264,-1.429458,-3.064341,-4.215814,0.002423,0.0,64.5
-0.046733,1.074926,-0.685468,-0.480617,-0.480617,1.115435,-0.403493,-0.658465,-2.115597,-3.320146,0.001824,0.0,64.190002
-0.465845,0.745334,-0.729817,0.327154,0.327154,0.360247,-0.490686,-0.887167,-2.031835,-3.351556,0.003452,0.0,64.400002
-1.692073,0.228662,-2.362797,1.863348,1.863348,-1.530484,-1.966461,-2.487802,-3.287345,-4.76768,0.004766,1.0,65.599998
1.740757,1.927271,-0.202047,-1.920735,-1.920735,0.413434,0.132116,-0.525328,-1.094182,-2.585011,0.004483,-1.0,64.339996
-0.062017,0.480617,-1.782949,0.248685,0.248685,0.16434,0.193798,-0.648062,-1.031008,-2.418605,0.004277,0.0,64.5
-1.606246,0.44363,-1.75922,1.348842,1.348842,-0.807715,-0.758763,-1.736785,-2.040696,-3.267558,0.003182,1.0,65.370003
-0.547778,2.206325,-0.684729,0.535411,0.535411,-0.934269,-1.294889,-1.97099,-2.391967,-3.38649,0.003366,0.0,65.720001
-2.758007,0.059313,-2.772838,2.617165,2.617165,-2.915186,-3.566135,-4.065839,-4.590009,-5.323846,0.004614,1.0,67.440002
1.295997,1.295997,-0.342611,-0.459675,-0.459675,-1.635627,-2.697746,-3.231537,-3.903616,-4.490984,0.005219,0.0,67.129997
-0.428994,0.147928,-1.124263,0.700136,0.700136,-1.402364,-2.915678,-3.401378,-4.253696,-4.736092,0.005401,1.0,67.599998
0.252635,0.936242,-0.237783,-0.458575,-0.458575,-0.377472,-2.007729,-2.519445,-3.499779,-3.944124,0.004535,0.0,67.290001
-0.705254,0.558337,-0.984424,1.144296,1.144296,-0.816925,-2.578605,-3.39798,-4.210253,-4.761678,0.005308,1.0,68.059998
2.392783,2.784057,-0.993222,-2.365561,-2.365561,1.288188,-0.09029,-0.990214,-1.655376,-2.277197,0.003356,-1.0,66.449997
0.859858,1.07105,-0.799516,-0.240777,-0.240777,1.279225,0.445013,-0.55011,-1.184193,-1.892897,0.003256,0.0,66.290001
1.546947,1.960482,-0.260374,-1.508523,-1.508523,2.122834,2.104455,1.053758,0.54296,-0.268343,0.002263,-1.0,65.290001
3.664755,4.461441,-0.876353,-3.875024,-3.875024,4.79605,5.804655,4.975571,4.586523,3.731679,-0.000271,-1.0,62.759998
-2.40111,0.230879,-2.801291,3.521356,3.521356,0.280127,2.090193,1.463237,0.967368,0.332459,0.000927,1.0,64.970001
-2.404813,0.724515,-2.805617,-0.153914,-0.153914,-0.052416,1.85139,1.544623,1.05287,0.581466,0.000701,0.0,64.870003
-1.597825,0.376847,-2.336441,2.26606,2.26606,-2.252029,-0.524565,-0.504466,-1.0318,-1.457335,0.001768,1.0,66.339996
-1.134028,0.397638,-1.472754,2.351532,2.351532,-3.729016,-2.765835,-2.456557,-3.055231,-3.403243,0.002699,1.0,67.900002
1.176122,1.369656,-1.354766,-1.075116,-1.075116,-1.369656,-1.726959,-1.217803,-1.77981,-2.097958,0.002443,-1.0,67.169998
-0.177362,0.413831,-0.872013,0.729501,0.729501,-1.288802,-2.497789,-1.74205,-2.250228,-2.695247,0.002437,1.0,67.660004
0.933587,2.168339,-0.557149,-1.847473,-1.847473,1.032972,-0.668579,0.004009,-0.349351,-0.825785,0.001881,-1.0,66.410004
-2.367721,0.058464,-3.303119,3.026643,3.026643,-1.327093,-3.275355,-2.808143,-2.978658,-3.497805,0.003302,1.0,68.419998
-0.85015,0.806912,-1.296833,1.432336,1.432336,-2.288186,-4.048993,-4.007687,-3.99568,-4.578101,0.003586,1.0,69.400002
0.707384,0.721813,-0.952788,-0.187327,-0.187327,-1.498478,-2.929113,-3.636972,-3.533993,-4.105669,0.001937,0.0,69.269997
-2.174222,0.05611,-2.356572,2.916131,2.916131,-3.271147,-4.793099,-6.065368,-5.876702,-6.436248,0.002937,1.0,71.290001
1.30701,2.347286,-0.626835,5.176044,5.176044,-5.745536,-8.130171,-9.929762,-10.006005,-10.540414,0.005503,1.0,74.980003
-0.265998,0.638377,-0.704878,0.280073,0.280073,-4.208008,-7.209736,-9.392208,-9.721375,-10.213062,0.005487,0.0,75.190002
0.333689,0.774162,-1.42819,-0.359096,-0.359096,-2.389212,-5.938331,-8.208753,-8.907499,-9.333153,0.005529,0.0,74.919998
1.370237,1.641567,-0.393435,-1.615055,-1.615055,0.417856,-3.506984,-5.71157,-6.976664,-7.392211,0.004859,-1.0,73.709999
-0.629353,0.682916,-0.73648,1.315969,1.315969,0.021425,-3.820299,-6.069451,-7.741698,-8.115158,0.00467,1.0,74.68
1.858222,2.092217,-0.289057,-2.718262,-2.718262,2.174808,-0.273919,-2.730904,-4.737098,-5.260842,0.004395,-1.0,72.650002
-0.193477,1.188502,-1.1194,-0.399175,-0.399175,1.802099,0.670259,-1.786439,-3.935877,-4.592041,0.004172,0.0,72.360001
-1.564414,0.503326,-1.564414,1.589277,1.589277,-0.174128,-0.345533,-2.814131,-4.87961,-5.763028,0.004255,1.0,73.510002
0.701603,1.238126,-0.701612,-1.115494,-1.115494,0.671343,1.249139,-1.211539,-3.12354,-4.402809,0.003685,-1.0,72.690002
-0.620952,1.724852,-0.938319,-0.302656,-0.302656,0.367049,1.719332,-0.46916,-2.311991,-3.869188,0.002679,0.0,72.470001
-0.232333,1.134347,-0.642341,0.965913,0.965913,-0.451001,0.498842,-0.805427,-2.679373,-4.421481,0.00317,1.0,73.169998
0.465376,0.506436,-0.684369,-0.150335,-0.150335,-0.109496,0.358612,-0.232682,-2.07295,-3.906923,0.002877,0.0,73.059998
0.027229,0.639981,-0.517435,0.520126,0.520126,-0.645427,-0.362202,-0.382174,-2.20248,-3.960242,0.003214,0.0,73.440002
0.356987,0.68653,-0.837568,-0.83061,-0.83061,0.225179,0.351502,0.778066,-0.994784,-2.602775,0.002533,-1.0,72.830002
-0.881109,0.650675,-0.975998,1.29067,1.29067,-0.699468,-1.050558,-0.281953,-1.842208,-3.366676,0.003794,1.0,73.769997
-0.444148,0.107664,-0.820997,0.718457,0.718457,-1.103637,-1.534323,-1.054288,-2.011444,-3.548321,0.004125,1.0,74.300003
0.937122,1.385312,-0.855625,-0.901758,-0.901758,-0.048889,-0.465838,-0.295165,-0.765988,-2.274612,0.004334,-1.0,73.629997
-0.790985,0.174293,-0.844613,1.303815,1.303815,-1.026943,-1.602087,-1.607896,-1.695262,-3.17361,0.00612,1.0,74.589996
-0.637539,0.385179,-1.035993,0.93847,0.93847,-1.293667,-2.171605,-2.382788,-2.209458,-3.64245,0.005229,1.0,75.290001
0.213879,0.494589,-0.25397,-0.637539,-0.637539,-0.382301,-1.231117,-1.744862,-1.346742,-2.64189,0.005062,-1.0,74.809998
0.469355,0.831436,-0.214558,-0.32081,-0.32081,0.010726,-0.725494,-1.256985,-1.056725,-1.890841,0.00417,0.0,74.57
-0.30844,0.214568,-1.341022,0.0,0.0,0.262839,-0.522999,-1.059408,-1.098297,-1.560949,0.00336,0.0,74.57
-0.106632,0.346577,-0.30658,0.603456,0.603456,-0.223937,-0.909088,-1.518703,-1.68488,-1.851769,0.003938,1.0,75.019997
-1.263822,0.039493,-1.619268,1.253002,1.253002,-1.282254,-1.723276,-2.450412,-2.753422,-2.714059,0.004119,1.0,75.959999
0.857564,1.152353,-0.227788,-1.750924,-1.750924,0.428784,0.143376,-0.519002,-1.023713,-0.801283,0.004152,-1.0,74.629997
0.189546,0.771729,-0.176006,-1.031751,-1.031751,1.283506,1.127806,0.580375,0.090033,0.172216,0.002753,-1.0,73.860001
-0.694997,0.0,-1.082596,1.299755,1.299755,0.050787,-0.010694,-0.553329,-1.029805,-1.132853,0.002707,1.0,74.82
-2.177879,0.026079,-2.425665,2.485966,2.485966,-1.943141,-2.163538,-2.683882,-3.223788,-3.439228,0.003629,1.0,76.68
1.727544,2.175921,-0.303315,-1.1085,-1.1085,-0.878283,-0.995652,-1.329293,-1.931956,-2.245025,0.002241,-1.0,75.830002
-0.078997,1.290327,-0.552993,0.158242,0.158242,-0.68729,-1.001972,-1.293831,-1.857798,-2.332584,0.000511,0.0,75.949997
-1.501429,0.155313,-2.148594,1.724826,1.724826,-1.491071,-2.332387,-2.712058,-3.257187,-3.749938,0.001009,1.0,77.260002
-0.808829,0.35948,-1.129795,0.815425,0.815425,-1.499549,-2.696109,-3.134334,-3.729618,-4.244447,0.001414,1.0,77.889999
1.199945,1.956437,-0.613018,-1.566313,-1.566313,0.065217,-0.932566,-1.412111,-1.987086,-2.555887,0.001431,-1.0,76.669998
-1.175259,0.67157,-1.188167,0.991264,0.991264,-0.503682,-1.715098,-2.195532,-2.652074,-3.267468,0.001319,1.0,77.43
-1.013862,0.564686,-1.116523,0.632827,0.632827,-0.623715,-1.910932,-2.544488,-2.997945,-3.595994,0.002474,1.0,77.919998
0.696946,1.058338,-0.490456,-0.564675,-0.564675,-0.002586,-0.886684,-1.740669,-2.241874,-2.826024,0.002417,-1.0,77.480003
3.445964,3.580045,-1.541971,-3.742903,-3.742903,2.99812,2.935101,2.080984,1.623086,1.034054,0.000579,-1.0,74.580002
-3.364886,0.197162,-3.956364,2.011263,2.011263,0.812302,0.826759,0.161231,-0.2826,-0.819141,0.001657,1.0,76.080002
-0.614943,1.072877,-1.125213,0.460039,0.460039,0.088972,0.443543,-0.256444,-0.664661,-1.084915,0.00192,0.0,76.43
-0.298705,0.428574,-0.623381,0.74578,0.74578,-0.890907,-0.163636,-0.78961,-1.257792,-1.649351,0.001844,1.0,77.0
-0.654604,0.500576,-1.886795,1.181823,1.181823,-1.938137,-1.246314,-1.601853,-2.19677,-2.612764,0.002303,1.0,77.910004
0.260413,0.950516,-1.106779,-1.424722,-1.424722,0.05729,0.03906,-0.007816,-0.638024,-1.040108,0.001633,-1.0,76.800003
-2.503511,0.434278,-2.87393,1.940101,1.940101,-1.282411,-1.657938,-1.773747,-2.32022,-2.73445,0.002588,1.0,78.290001
-0.560228,0.101861,-1.311432,0.319326,0.319326,-1.059332,-1.82964,-1.856379,-2.466896,-2.878534,0.002253,0.0,78.540001
1.787098,2.227403,-0.116555,-1.680672,-1.680672,0.688942,-0.242164,-0.069067,-0.631961,-1.0935,0.001426,-1.0,77.220001
-1.523042,0.063453,-1.853026,2.033152,2.033152,-1.094047,-2.063713,-1.930871,-2.29915,-2.850109,0.002438,1.0,78.790001
-1.11392,0.253161,-1.379742,0.26653,0.26653,-0.799999,-1.764555,-2.097889,-2.294303,-2.88405,0.00208,0.0,79.0
0.392203,0.84767,-0.556684,0.050634,0.050634,-0.660425,-1.439777,-1.947537,-2.194459,-2.729758,0.001774,0.0,79.040001
2.913123,2.965378,-0.849119,-3.150301,-3.150301,2.050945,1.78184,1.165249,1.033962,0.465052,0.000908,-1.0,76.550003
-0.661653,0.518943,-1.868193,0.692357,0.692357,1.312921,1.092371,0.39699,0.412557,-0.0986,0.001257,1.0,77.080002
0.413223,0.800615,-0.232438,0.467047,0.467047,0.493285,0.561725,-0.073176,-0.042615,-0.378101,0.001418,0.0,77.440002
-0.477045,0.425478,-0.91542,0.154954,0.154954,-0.033518,0.50413,0.028369,-0.218537,-0.39092,0.001263,0.0,77.559998
0.996201,2.175902,-0.065543,-1.637438,-1.637438,0.909687,1.915061,1.711889,1.417617,1.246821,0.000267,-1.0,76.290001
-1.728582,0.245101,-3.121774,1.612264,1.612264,-0.441173,0.166413,0.191784,-0.185753,-0.272441,0.001426,1.0,77.519997
1.804762,2.437094,-0.079049,-2.076874,-2.076874,1.362135,2.118294,2.221048,1.798837,1.840597,0.001066,-1.0,75.910004
3.675753,4.923873,-0.205736,-3.952048,-3.952048,4.290216,5.513643,5.969913,5.674115,5.792342,-0.000745,-1.0,72.910004
0.328819,2.452392,-0.643925,0.109716,0.109716,2.923692,4.574603,5.505781,5.449381,5.407868,-0.001564,0.0,72.989998
0.557146,0.801745,-2.092666,0.822028,0.822028,1.350732,2.98139,4.219783,4.420444,4.381037,-0.000899,1.0,73.589996
-2.076215,0.805906,-3.947547,-0.51637,-0.51637,0.69936,3.059693,4.275374,4.742524,4.692258,-0.001131,-1.0,73.209999
-2.533383,0.991327,-2.822518,-0.792244,-0.792244,0.600305,3.270002,4.686773,5.278127,5.23696,-0.001999,-1.0,72.629997
-2.26464,0.065837,-2.896639,4.571114,4.571114,-2.996708,-1.440419,-0.138684,0.547075,0.55616,-0.000704,1.0,75.949997
-1.754385,0.181935,-2.040286,1.316656,1.316656,-3.22807,-2.800517,-1.614032,-0.749834,-0.627416,0.00029,1.0,76.949997
-1.43602,0.063535,-1.957047,2.261215,2.261215,-4.071678,-4.644812,-3.819209,-2.919052,-2.692085,0.000728,1.0,78.690002
0.574195,1.888471,-0.459361,-0.406658,-0.406658,-2.363154,-4.146999,-3.271664,-2.533498,-2.195741,0.000369,0.0,78.370003
-0.824593,0.737126,-1.286855,2.130915,2.130915,-2.548727,-5.630936,-5.043313,-4.390931,-4.084458,0.001299,1.0,80.040001
-0.582622,0.185945,-1.673482,0.787103,0.787103,-2.139578,-5.405974,-5.517952,-5.021071,-4.696663,0.002861,1.0,80.669998
0.572993,0.647738,-0.647729,-0.48345,-0.48345,-0.834577,-4.038366,-4.833084,-4.479944,-4.060288,0.002001,0.0,80.279999
-0.730466,0.482861,-1.485696,0.610361,0.610361,-0.921131,-3.731581,-5.040648,-4.952331,-4.519496,0.002053,1.0,80.769997
-0.540475,1.344577,-1.423678,-6.078985,-6.078985,4.829947,2.848666,0.959661,1.154098,1.519113,-0.000301,-1.0,75.860001
1.268388,1.673184,-1.632707,-2.306881,-2.306881,5.705031,5.476992,3.181755,3.342327,3.748481,-0.001504,-1.0,74.110001
-0.080008,0.946792,-0.720097,1.18742,1.18742,2.949728,4.111217,2.155844,1.966264,2.328313,-0.000603,1.0,74.989998
2.152144,2.219816,-0.243638,-1.480199,-1.480199,2.763944,5.259885,3.770983,3.249191,3.588526,-0.001783,-1.0,73.879997
-2.019534,0.013193,-2.785111,2.544674,2.544674,-1.108767,2.261085,1.386832,0.652056,0.84477,-0.001015,1.0,75.760002
2.245089,2.632635,-0.547914,-1.227561,-1.227561,-0.155021,3.05893,2.791212,1.723236,2.006144,-0.000859,-1.0,74.830002
-0.491633,0.451762,-1.262296,0.574636,0.574636,-0.41988,1.834969,2.436882,1.098854,1.326598,-0.001362,1.0,75.260002
-0.277776,0.343919,-0.767197,0.451762,0.451762,-0.706346,0.706351,1.945329,0.822092,0.773547,-0.001298,0.0,75.599998
0.480001,0.640004,-0.519999,-0.793648,-0.793648,0.386668,0.808,2.587556,1.762666,1.4432,-0.001589,-1.0,75.0
0.455698,0.495915,-0.777378,-0.519999,-0.519999,0.603136,0.509314,2.759236,2.362952,1.883392,-0.000682,-1.0,74.610001
-0.588868,0.562096,-1.579229,0.147433,0.147433,0.425588,0.208778,2.282297,2.313301,1.58351,-0.00087,0.0,74.720001
0.65993,1.333331,-0.82155,-0.629016,-0.629016,0.789226,0.861953,2.409876,3.070033,2.137104,-0.001248,-1.0,74.25
-0.814637,0.066778,-1.12179,0.848481,0.848481,-0.251065,-0.001331,1.032767,2.131414,1.383016,-0.001009,1.0,74.879997
0.862068,1.912724,-0.484915,-0.8547,-0.8547,0.404097,0.909216,1.361353,2.82934,2.324355,-0.000739,-1.0,74.239998
0.14797,0.618788,-0.591867,0.134696,0.134696,0.196398,0.582464,0.648377,2.398445,2.227069,-0.001248,0.0,74.339996
0.927315,1.650074,-0.300015,-1.358615,-1.358615,1.197322,1.763259,1.804624,3.465154,3.641617,-0.001001,-1.0,73.330002
-1.08695,0.529891,-1.480973,0.368193,0.368193,0.649457,1.164404,1.384966,2.6481,3.314133,0.000489,0.0,73.599998
1.016949,1.016949,-0.338983,0.203807,0.203807,0.138303,0.707796,1.066666,1.970169,2.984677,0.000521,0.0,73.75
-0.635051,0.459392,-0.891777,0.352545,0.352545,-0.275642,0.220237,0.723323,1.18835,2.463988,0.00036,0.0,74.010002
-1.877559,0.145446,-1.98334,2.188887,2.188887,-2.070603,-1.791614,-1.445631,-1.318918,0.107368,0.001292,1.0,75.629997
-2.69261,0.206127,-2.718373,2.631239,2.631239,-3.475912,-3.935846,-3.732719,-3.73551,-2.497814,0.002473,1.0,77.620003
-0.038609,0.733591,-0.604883,0.103058,0.103058,-2.519945,-3.590731,-3.622477,-3.6036,-2.718658,0.000932,0.0,77.699997
2.876171,2.942743,-0.399461,-3.346202,-3.346202,1.214383,-0.2237,-0.330225,-0.258986,0.352599,-0.000676,-1.0,75.099998
-0.172273,0.596349,-0.556584,0.479362,0.479362,1.115823,-0.538033,-0.765085,-0.630134,-0.381659,-0.00129,0.0,75.459999
0.667735,1.135158,-0.641019,-0.768622,-0.768622,1.69872,0.30449,0.027602,0.080799,0.075324,-0.001415,-1.0,74.879997
-0.544918,0.412022,-0.770859,0.480771,0.480771,0.579479,0.078417,-0.404925,-0.370812,-0.436468,-0.001984,0.0,75.239998
-0.733366,0.523836,-1.309586,1.488574,1.488574,-1.246729,-1.028027,-1.681511,-1.760086,-1.778944,-0.001742,1.0,76.360001
-0.444324,0.954003,-1.463663,0.209529,0.209529,-1.082068,-0.872972,-1.744204,-1.905382,-1.904336,-0.001503,0.0,76.519997
-2.134304,0.117132,-2.680892,0.41819,0.41819,-1.134823,-0.917488,-1.927812,-2.194166,-2.158767,-0.001569,0.0,76.839996
0.616962,1.798376,-0.144395,-0.858922,-0.858922,0.063007,0.013125,-0.917127,-1.243766,-1.289053,0.000231,-1.0,76.18
-1.556678,1.016331,-1.608131,2.034659,2.034659,-1.291655,-1.967071,-2.51555,-3.019431,-3.1082,0.001728,1.0,77.730003
-0.860848,1.349088,-1.040736,0.128649,0.128649,-1.040733,-2.076324,-2.278474,-2.914047,-3.100607,0.001363,0.0,77.830002
1.90934,2.065209,-0.558514,-1.07928,-1.07928,0.161062,-0.762435,-0.931721,-1.717754,-1.971164,0.001501,-1.0,76.989998
2.008301,3.614938,-0.133895,-2.987396,-2.987396,2.6697,2.190383,2.179672,1.338864,1.030924,-0.000407,-1.0,74.690002
-1.445275,0.39417,-1.589803,1.90119,1.90119,0.735777,0.445406,0.315331,-0.435556,-0.775196,0.000672,1.0,76.110001
-1.926024,0.0,-2.410714,3.008804,3.008804,-2.035716,-2.085461,-2.548473,-3.020411,-3.485718,0.001512,1.0,78.400002
-1.414618,0.150229,-1.940404,1.887749,1.887749,-3.337503,-3.458935,-4.172089,-4.424133,-4.991985,0.002007,1.0,79.879997
-1.682007,0.540211,-1.78023,1.965448,1.965448,-4.105583,-4.714546,-5.499486,-5.793736,-6.500673,0.002958,1.0,81.449997
1.749158,1.93524,-0.260512,-1.031303,-1.031303,-1.637516,-3.25394,-4.088825,-4.402682,-5.210274,0.002782,-1.0,80.610001
0.321904,0.817139,-0.024758,0.198482,0.198482,-0.678468,-2.877302,-3.792659,-4.273861,-5.079606,0.002799,0.0,80.769997
0.297101,0.618965,-0.334237,0.012383,0.012383,-0.101511,-2.51176,-3.347363,-4.090121,-4.722456,0.003021,0.0,80.779999
0.587354,1.174709,-0.387401,-0.940829,-0.940829,0.882281,-1.312169,-2.124466,-3.034239,-3.496623,0.002404,-1.0,80.019997
0.79525,1.729355,-0.151481,-0.999745,-0.999745,1.338043,-0.034084,-0.908863,-1.795003,-2.2459,0.002354,-1.0,79.220001
1.948224,2.281474,-0.205071,-1.514774,-1.514774,2.232762,1.930277,0.716059,-0.120479,-0.536783,0.001785,-1.0,78.019997
0.165717,0.611859,-0.956023,0.551141,0.551141,1.080945,1.669855,0.356918,-0.440405,-0.938175,0.002443,1.0,78.449997
1.02345,2.668737,-0.427518,-1.606112,-1.606112,1.800747,3.172686,1.948435,1.311047,0.656558,0.001763,-1.0,77.190002
1.418255,1.890997,-1.037427,-1.347325,-1.347325,2.174652,4.09192,3.193693,2.680889,1.949832,0.001228,-1.0,76.150002
0.801051,1.588968,-0.433358,0.0,0.0,1.368349,3.395926,3.120154,2.656596,2.004987,0.001106,0.0,76.150002
-1.841906,0.063959,-2.686106,2.665789,2.665789,-1.222818,0.400357,0.740172,0.076746,-0.504478,0.001271,1.0,78.18
0.591715,1.131985,-0.694624,-0.562806,-0.562806,-0.846408,0.578855,1.450135,0.743506,0.205816,0.000169,-1.0,77.739998
1.459847,1.668403,-0.664758,-1.312062,-1.312062,0.349322,1.38686,2.652935,2.017073,1.615222,-0.000319,-1.0,76.720001
1.020283,2.132119,-0.784825,-0.351934,-0.351934,0.782214,1.277963,2.716375,2.287119,1.978813,0.000714,0.0,76.449997
0.183533,1.20608,-0.32774,-0.222365,-0.222365,1.040902,1.118249,2.493446,2.468538,2.193498,0.000472,0.0,76.279999
3.17353,3.403102,-0.688727,-2.923435,-2.923435,2.96826,3.627275,4.989417,5.511136,5.12032,-0.000271,-1.0,74.050003
-1.516359,0.18622,-1.782394,1.525992,1.525992,0.739558,1.634744,2.915669,3.863394,3.487097,8.9e-05,1.0,75.18
-0.682053,0.091815,-1.862537,1.409947,1.409947,-0.786987,0.097065,1.087795,2.277677,1.970097,6.2e-05,1.0,76.239998
-0.755791,0.729743,-1.15976,0.655824,0.655824,-1.35783,-0.478236,0.144212,1.4067,1.248894,0.000216,1.0,76.739998
-0.618164,0.12878,-1.249198,1.185828,1.185828,-2.160981,-1.451387,-1.164201,-0.026404,0.096327,0.000481,1.0,77.650002
-0.231273,0.462547,-1.015034,0.231809,0.231809,-1.415909,-1.724274,-1.409056,-0.43621,0.026208,0.000857,0.0,77.830002
0.619359,1.251614,-0.270966,-0.424004,-0.424004,-0.397419,-1.336774,-1.070967,-0.223226,0.52387,9e-06,0.0,77.5
1.227237,1.451568,-0.197944,-2.219356,-2.219356,1.741886,0.778571,1.050411,1.711534,2.667195,-0.000801,-1.0,75.779999
0.865693,1.836308,-0.314793,0.607019,0.607019,0.996855,0.142972,0.448586,0.84995,1.85677,-0.000219,1.0,76.239998
-1.474362,0.025637,-4.858976,2.308502,2.308502,-1.192308,-1.896154,-1.659829,-1.503846,-0.618462,0.001607,1.0,78.0
2.753255,2.964036,-0.210781,-2.679482,-2.679482,1.022258,1.049922,0.848368,1.069024,1.870104,2.7e-05,-1.0,75.910004
1.493537,1.533539,-1.653551,-1.211969,-1.211969,1.592215,2.264305,1.841137,2.07828,2.811577,-0.001428,-1.0,74.989998
-0.278515,0.238727,-2.042442,0.546745,0.546745,0.93899,1.596815,1.170643,1.404507,1.967106,-0.001891,0.0,75.400002
-0.714004,0.952005,-0.819774,0.305033,0.305033,0.470717,1.141086,0.790696,1.061752,1.424835,-0.002463,0.0,75.629997
0.132255,0.489356,-0.529033,-0.026439,-0.026439,-0.134904,0.898028,0.758276,1.052769,1.260678,-0.002117,0.0,75.610001
1.624814,1.651666,-0.295422,-1.507737,-1.507737,1.007115,1.991405,2.3383,2.350609,2.620114,-0.002705,-1.0,74.470001
-0.523911,0.523912,-1.329937,-0.040283,-0.040283,0.900052,1.621438,2.31327,2.170202,2.445994,-0.002723,0.0,74.440002
-0.452193,0.199487,-0.917678,1.007523,1.007523,-0.162257,0.529324,1.199625,1.049339,1.317726,-0.002051,1.0,75.190002
-1.855974,0.313682,-1.934392,1.755553,1.755553,-1.654686,-1.169783,-0.566376,-0.690108,-0.411452,-0.001101,1.0,76.510002
0.826444,0.839564,-0.446024,-0.365964,-0.365964,-1.13079,-1.038963,-0.325334,-0.328614,-0.041457,-0.000705,0.0,76.230003
0.950622,0.977033,-0.316871,-0.642798,-0.642798,-0.155792,-0.421174,0.135555,0.427782,0.476369,-0.001117,-1.0,75.739998
-0.396819,1.732812,-0.687825,-0.184843,-0.184843,0.335982,-0.156081,0.153442,0.641537,0.549209,-0.000627,0.0,75.599998
-1.003777,0.24769,-1.642552,1.468255,1.468255,-0.719592,-1.43006,-1.214964,-0.78412,-0.906269,0.000344,1.0,76.709999
-3.059683,0.528832,-3.110049,3.532785,3.532785,-3.374463,-4.31629,-4.318809,-4.000879,-4.137998,0.001562,1.0,79.419998
-0.438046,0.550681,-0.876101,0.604387,0.604387,-3.036299,-4.354195,-4.735087,-4.436798,-4.532668,0.000852,1.0,79.900002
1.420603,1.712336,-0.583459,-1.326666,-1.326666,-0.946217,-2.513947,-3.206489,-3.087895,-3.006083,0.000588,-1.0,78.839996
0.063739,1.312946,-0.446143,-0.494672,-0.494672,0.272787,-1.518161,-2.431269,-2.545567,-2.357167,0.00087,0.0,78.449997
-1.332325,0.804423,-1.332325,1.414915,1.414915,-0.409753,-2.342885,-3.44394,-3.66767,-3.552537,0.001479,1.0,79.559998
-0.659131,1.19388,-0.858106,1.068384,1.068384,-1.216272,-2.890193,-4.068321,-4.426693,-4.389508,0.001924,1.0,80.410004
2.165378,2.861849,-0.443204,-1.790826,-1.790826,0.349498,-0.772448,-2.035373,-2.622516,-2.579208,0.002315,-1.0,78.970001
-0.940439,0.137932,-1.542324,0.987716,0.987716,-0.403762,-1.240126,-2.552142,-3.334169,-3.435737,0.002129,1.0,79.75
0.012567,0.125627,-1.356785,-0.18809,-0.18809,0.072867,-0.551506,-1.936346,-2.862435,-3.148239,0.001578,0.0,79.599998
-1.977749,0.309023,-2.533997,1.633171,1.633171,-1.203957,-1.631647,-3.041618,-4.083439,-4.451424,0.001915,1.0,80.900002
0.024632,0.960472,-0.197015,0.383185,0.383185,-1.384065,-1.786725,-3.025899,-4.10602,-4.571357,0.001639,0.0,81.209999
1.112361,1.649794,-0.224972,-1.477647,-1.477647,0.354953,-0.299965,-1.256513,-2.392828,-3.039622,0.001049,-1.0,80.010002
0.302112,0.591644,-1.019644,-0.712411,-0.712411,0.996977,0.490934,-0.237499,-1.37966,-2.166166,0.00095,-1.0,79.440002
1.225012,2.205028,0.0,-2.379153,-2.379153,2.929721,2.823982,2.361483,1.224368,0.350222,0.000895,-1.0,77.550003
0.29651,1.108676,-0.399636,0.025786,0.025786,2.044606,2.540932,2.409007,1.351682,0.436251,0.000694,0.0,77.57
-1.051567,0.152037,-1.292279,1.753255,1.753255,-0.291396,0.586597,0.603066,-0.241353,-1.127074,0.000503,1.0,78.93
0.70467,1.704028,-0.474059,-1.114908,-1.114908,0.330556,1.602816,1.579326,0.999996,0.112745,0.001042,-1.0,78.050003
-0.1409,0.064049,-0.909439,0.025621,0.025621,-0.046111,1.3616,1.487555,1.123351,0.271552,0.001469,0.0,78.07
-1.260081,0.529231,-1.285289,1.652365,1.652365,-1.214718,-0.31628,-0.085686,-0.283519,-1.110384,0.00185,1.0,79.360001
-2.051667,0.407853,-2.150545,1.953129,1.953129,-2.28155,-2.224697,-1.888521,-1.934252,-2.722041,0.002418,1.0,80.910004
-1.969785,0.302115,-2.114804,2.274127,2.274127,-3.531116,-4.212687,-3.88157,-3.913594,-4.583444,0.003212,1.0,82.75
-0.489265,0.954648,-0.871125,1.268886,1.268886,-3.367543,-4.960622,-4.701673,-4.884847,-5.417664,0.004169,1.0,83.800003
-0.604053,0.627738,-1.338383,0.751786,0.751786,-2.582019,-5.078762,-5.04323,-5.263531,-5.711713,0.004442,1.0,84.43
-0.703316,0.890871,-0.926036,1.042281,1.042281,-2.192002,-5.148279,-5.576521,-5.838703,-6.229044,0.004454,1.0,85.309998
3.111435,3.135551,0.0,-2.801547,-2.801547,1.111917,-1.769172,-2.692552,-2.92209,-3.226722,0.002883,-1.0,82.919998
-0.349357,0.915546,-1.04807,0.108543,0.108543,1.06493,-1.384172,-2.653497,-2.87074,-3.158657,0.003047,0.0,83.010002
0.096031,0.780305,-0.504209,0.349357,0.349357,0.593034,-1.097241,-2.729094,-2.948982,-3.332536,0.003389,0.0,83.300003
0.733174,1.370191,-0.949511,-0.120055,-0.120055,0.418272,-0.361775,-2.310893,-2.624996,-3.006727,0.003411,0.0,83.199997
0.827051,1.556798,-0.012165,-1.17788,-1.17788,0.863536,1.17368,-0.767859,-1.305035,-1.667235,0.002499,-1.0,82.220001
1.016288,1.285666,-0.979546,-0.668941,-0.668941,1.236687,1.948086,0.235096,-0.593238,-0.901674,0.00105,-1.0,81.669998
0.846005,1.226091,-0.147126,-0.134688,-0.134688,1.017657,1.939679,0.585257,-0.437711,-0.71162,0.000795,0.0,81.559998
-1.989324,0.448806,-1.989324,1.078965,1.078965,-0.26929,0.686557,-0.133432,-1.353107,-1.603107,0.001624,1.0,82.440002
0.400877,1.336246,-0.121476,-0.145563,-0.145563,-0.337707,0.577016,0.356333,-1.034377,-1.33479,0.001745,0.0,82.32
0.425374,0.996596,-0.534763,-0.048592,-0.048592,-0.274671,0.257658,0.641713,-0.698832,-1.156537,0.00124,0.0,82.279999
0.401609,0.766709,-0.559814,-0.133691,-0.133691,-0.01947,0.300599,0.878668,-0.28599,-0.962392,0.000826,0.0,82.169998
0.207214,0.694783,-0.158456,-0.158205,-0.158205,0.255971,0.341295,0.980821,0.061554,-0.764993,0.001389,0.0,82.040001
-1.30105,1.120347,-1.3131,1.182351,1.182351,-0.778222,-0.866164,-0.262622,-0.808941,-1.780028,0.001456,1.0,83.010002
-0.41906,0.20355,-1.293098,0.614378,0.614378,-1.09674,-1.433187,-0.944282,-1.088358,-2.184383,0.001732,1.0,83.519997
1.015602,1.148598,-0.531982,-0.969825,-0.969825,-0.02418,-0.408656,-0.183774,0.082821,-0.976906,0.000835,-1.0,82.709999
0.194391,0.923341,-0.194382,-0.483619,-0.483619,0.495689,0.153082,0.251895,0.654236,-0.265336,0.000536,0.0,82.309998
0.866556,1.64645,-0.507546,-1.858825,-1.858825,2.08715,1.953454,1.966659,2.438723,1.715277,0.000404,-1.0,80.779999
-1.865441,0.072218,-2.226499,2.859615,2.859615,-0.731735,-0.802741,-0.884981,-0.451916,-0.869896,0.001636,1.0,83.089996
0.454433,1.040415,-0.095673,0.637871,0.637871,-1.337005,-1.276015,-1.479714,-1.131313,-1.232723,0.002677,1.0,83.620003
-0.366297,0.129979,-1.157976,1.207838,1.207838,-2.060733,-2.176531,-2.465632,-2.351409,-2.162351,0.003084,1.0,84.629997
2.050715,3.858745,0.0,-2.623175,-2.623175,0.601864,0.4878,0.221651,0.248144,0.546045,0.001575,-1.0,82.410004
1.52091,1.729428,-0.061322,-1.067838,-1.067838,1.871705,1.509874,1.300953,1.239422,1.571447,0.001591,-1.0,81.529999
-0.048835,1.245264,-0.341847,0.466092,0.466092,1.110972,0.904646,0.787851,0.684893,1.00793,0.001743,0.0,81.910004
1.425387,1.512149,-0.557755,-1.501653,-1.501653,1.92365,2.090977,2.188894,2.063708,2.361923,0.000656,-1.0,80.68
-0.57164,1.143281,-1.180569,-0.260286,-0.260286,1.155711,2.079035,2.30562,2.221323,2.388466,-0.000108,0.0,80.470001
1.57421,2.780249,-0.57128,-2.112593,-2.112593,2.414629,3.832681,4.225809,4.24337,4.387461,-0.00162,-1.0,78.769997
0.316496,0.974812,-1.114061,0.279295,0.279295,1.486267,3.316878,3.678105,3.790355,3.893153,-0.001962,0.0,78.989998
0.65982,1.116615,-0.228399,-0.227877,-0.227877,0.931355,3.009773,3.559618,3.797109,3.902552,-0.002299,0.0,78.809998
1.276438,1.598769,-0.438366,-1.586093,-1.586093,1.753482,3.888605,4.716351,5.163101,5.286232,-0.003206,-1.0,77.559998
-0.166449,0.909091,-1.344424,0.696235,0.696235,0.443022,2.334189,3.598807,4.168376,4.347249,-0.002,1.0,78.099998
-0.54826,0.650264,-1.109272,0.422538,0.422538,-0.066303,1.396149,2.833099,3.491648,3.742955,-0.001891,0.0,78.43
0.751492,0.917082,-0.611391,0.102004,0.102004,-0.290412,0.908161,2.535555,3.161377,3.481846,-0.001977,0.0,78.510002
0.602488,1.307521,-0.102554,-0.636862,-0.636862,0.143569,1.05499,2.758618,3.502112,3.917956,-0.002155,-1.0,78.010002
0.529311,0.555125,-0.86496,-0.705042,-0.705042,0.828816,1.35683,2.958087,3.845857,4.404855,-0.001992,-1.0,77.459999
-0.9179,0.114734,-1.007139,1.265173,1.265173,-0.344213,-0.168285,1.145672,2.276259,2.904637,-0.001325,1.0,78.440002
-2.98636,0.589892,-3.318182,3.73534,3.73534,-3.21003,-3.443533,-2.581627,-1.464303,-0.840117,1e-05,1.0,81.370003
1.231045,1.367818,-0.298431,-1.167513,-1.167513,-1.59164,-2.125091,-1.522836,-0.322679,0.250686,-0.000765,-1.0,80.419998
-0.680014,0.6182,-0.803652,0.571996,0.571996,-1.441639,-2.425813,-2.167818,-1.026208,-0.424824,-0.000518,1.0,80.879997
0.768948,1.314653,-0.099211,-0.3091,-0.3091,-0.349743,-1.742524,-1.868615,-0.904747,-0.259454,-0.000607,0.0,80.629997
-0.09932,0.682799,-1.353202,-0.099211,-0.099211,0.273118,-1.340785,-1.76454,-1.059594,-0.267664,-0.000596,0.0,80.550003
-0.360339,0.546713,-0.497019,-0.086903,-0.086903,0.139161,-1.000251,-1.537446,-1.093443,-0.271873,-0.000571,0.0,80.480003
-0.235911,0.956043,-0.360071,0.07455,0.07455,0.094362,-0.821952,-1.482494,-1.228583,-0.358084,-0.000953,0.0,80.540001
1.38661,1.600903,-0.315139,-1.502358,-1.502358,1.230303,0.857177,0.063866,0.115338,0.972139,-0.001683,-1.0,79.330002
-1.179398,0.136562,-1.390444,1.537881,1.537881,-0.322782,-0.286781,-1.204224,-1.409066,-0.709625,-0.000818,1.0,80.550003
0.124764,1.147845,-0.187152,-0.496587,-0.496587,0.07486,0.424203,-0.540654,-0.936995,-0.437681,-0.000823,0.0,80.150002
0.959711,1.111249,-0.39147,-1.197754,-1.197754,0.962243,1.366333,0.729047,0.290439,0.60664,-0.000595,-1.0,79.190002
-1.233028,0.112089,-2.030137,1.389063,1.389063,-0.483247,-0.03861,-0.503176,-1.002616,-0.833479,-0.001102,1.0,80.290001
-0.845351,1.131273,-1.093988,0.186824,0.186824,-0.392839,-0.279712,-0.487321,-1.085904,-1.091499,-0.001257,0.0,80.440002
-1.322179,0.109167,-1.443476,2.486325,2.486325,-2.350801,-2.479379,-2.498788,-3.189594,-3.40563,-0.000816,1.0,82.440002
0.109684,1.096885,-0.658136,-0.47307,-0.47307,-1.423523,-1.83303,-1.742029,-2.488728,-2.869473,-7.5e-05,0.0,82.050003
-0.328702,0.389579,-0.76698,0.109684,0.109684,-0.813243,-1.738492,-1.78719,-2.369732,-2.811783,0.000331,0.0,82.139999
1.425563,1.648695,-0.669395,-1.789629,-1.789629,1.088388,0.068183,0.023143,-0.456796,-0.957478,-0.000447,-1.0,80.669998
-0.086773,0.644606,-1.673482,0.0,0.0,1.14541,0.234292,0.005789,-0.291927,-0.86525,7.1e-05,0.0,80.669998
-1.618795,0.535533,-1.643143,1.847039,1.847039,-0.757064,-1.38754,-1.68371,-1.814147,-2.439147,0.000798,1.0,82.160004
0.586577,1.307589,-0.574363,-0.401658,-0.401658,-0.41061,-0.784554,-1.182941,-1.211048,-1.863376,0.001388,0.0,81.830002
-0.196242,0.68686,-0.404761,-0.366617,-0.366617,-0.193792,-0.132464,-0.73347,-0.837726,-1.350175,0.001165,0.0,81.529999
-0.198236,0.272582,-0.792961,-1.005765,-1.005765,0.830134,0.934211,0.289103,0.187711,-0.238878,0.000897,-1.0,80.709999
-0.296075,0.555149,-0.75253,0.43365,0.43365,0.490997,0.574886,-0.001641,-0.233774,-0.519118,0.001593,0.0,81.059998
-0.036678,0.525737,-0.550196,0.900571,0.900571,-0.496395,-0.402251,-0.793088,-1.053307,-1.195256,0.001664,1.0,81.790001
-1.531787,0.337713,-1.616215,1.369364,1.369364,-1.580031,-1.643956,-1.911313,-2.247621,-2.31432,0.00199,1.0,82.910004
0.387832,0.569629,-0.472669,-0.482453,-0.482453,-0.865351,-1.12229,-1.167537,-1.65071,-1.785482,0.001789,0.0,82.510002
-1.5695,0.271422,-1.687515,2.702698,2.702698,-2.523009,-3.244038,-3.418296,-3.991028,-4.166152,0.00294,1.0,84.739998
-3.322711,0.102417,-3.55029,3.705451,3.705451,-4.453797,-5.880743,-6.304806,-6.935021,-7.27173,0.004461,1.0,87.879997
-1.350436,0.438892,-1.58677,1.115162,1.115162,-3.916273,-6.164754,-6.856479,-7.493811,-7.923925,0.004409,1.0,88.860001
1.454875,1.614002,-0.159135,-0.99032,-0.99032,-1.802686,-4.527168,-5.47549,-6.123553,-6.665153,0.00278,-1.0,87.980003
0.124987,0.374951,-1.340757,0.034098,0.034098,-0.586299,-3.823431,-5.063063,-5.654472,-6.354733,0.003194,0.0,88.010002
0.944054,1.981348,-0.081585,-2.511077,-2.511077,2.221443,-0.752916,-2.219117,-2.903266,-3.697438,0.002131,-1.0,85.800003
0.967706,1.084295,-0.233178,-0.034972,-0.034972,1.765191,-0.169052,-1.7885,-2.558583,-3.363409,0.002226,0.0,85.769997
-0.161094,1.196632,-0.483265,1.329144,1.329144,-0.018412,-0.889429,-2.712388,-3.579569,-4.338284,0.002718,1.0,86.910004
0.126018,0.171842,-1.088332,0.43723,0.43723,-0.611753,-0.819109,-2.718907,-3.699164,-4.427541,0.002899,0.0,87.290001
-1.210742,0.73101,-1.324962,0.29786,0.29786,-1.011995,-0.537981,-2.549403,-3.676188,-4.329414,0.002976,0.0,87.550003
0.664987,0.722308,-2.281584,-0.37693,-0.37693,-0.311855,0.122679,-1.6831,-2.936253,-3.649622,0.003364,0.0,87.220001
0.747226,1.284294,-0.233514,-1.800045,-1.800045,1.487449,1.697606,0.476356,-0.866317,-1.640165,0.002213,-1.0,85.650002
0.98976,2.002796,-0.26781,0.268529,0.268529,0.975785,1.078254,0.524768,-0.915226,-1.743359,0.002477,0.0,85.879997
-0.682205,0.306997,-1.341671,2.41034,2.41034,-1.250707,-1.304146,-1.459158,-2.899371,-3.787603,0.003721,1.0,87.949997
-1.598218,0.133189,-1.864595,2.444572,2.444572,-3.041064,-3.427301,-3.24898,-4.740841,-5.730075,0.004085,1.0,90.099998
0.869758,1.248888,-0.03345,-0.466147,-0.466147,-2.03836,-2.542373,-2.428635,-3.794603,-4.886708,0.00386,0.0,89.68
0.267377,1.370316,-0.378792,0.089208,0.089208,-1.209897,-2.184716,-2.375967,-3.395723,-4.566401,0.003033,0.0,89.760002
-0.627407,0.01101,-1.188774,1.214345,1.214345,-1.301045,-2.924599,-3.401208,-4.056134,-5.328781,0.003615,1.0,90.849998
-2.548171,0.442243,-2.558703,4.534951,4.534951,-4.104455,-6.327262,-7.10119,-7.583448,-8.882385,0.005141,1.0,94.970001
-2.103979,0.704723,-2.604436,3.095718,3.095718,-5.388625,-8.081916,-9.216631,-9.572059,-10.949242,0.006825,1.0,97.910004
0.569162,0.863908,-1.270454,0.490241,0.490241,-4.079681,-7.39506,-8.806449,-9.319543,-10.664904,0.006995,0.0,98.389999
-0.309154,0.556473,-1.154166,-1.372089,-1.372089,-1.244848,-4.933019,-6.763534,-7.586047,-8.763397,0.005885,-1.0,97.040001
1.59262,2.10603,-0.660105,-1.648804,-1.648804,1.372589,-2.337596,-4.60464,-5.692059,-6.661778,0.005454,-1.0,95.440002
0.412585,0.835487,-1.103662,1.582141,1.582141,0.20217,-2.930373,-5.426162,-6.698295,-7.536253,0.006126,1.0,96.949997
2.559206,2.591062,-0.361045,-2.867457,-2.867457,2.365935,0.367423,-2.165585,-3.616861,-4.31135,0.005484,-1.0,94.169998
-0.472248,0.283342,-2.077871,1.189342,1.189342,0.51212,-0.223529,-2.750902,-4.251759,-4.993179,0.005745,1.0,95.290001
-0.690791,0.299001,-2.319827,1.784025,1.784025,-1.259922,-1.226929,-3.675979,-5.35158,-6.282707,0.00605,1.0,96.989998
-0.315088,0.630185,-3.581552,-1.83524,-1.83524,0.537758,1.077619,-1.22186,-3.146202,-4.263836,0.004945,-1.0,95.209999
0.999888,2.467823,-0.063828,-1.260369,-1.260369,1.195615,2.265714,0.468742,-1.552497,-2.785237,0.004676,-1.0,94.010002
-0.647971,0.998516,-1.423408,0.13828,0.13828,1.049502,1.724029,0.616105,-1.338431,-2.659017,0.003792,0.0,94.139999
-0.287048,0.712317,-0.776096,-0.084981,-0.084981,0.873912,1.350204,1.012122,-0.890919,-2.224961,0.002485,0.0,94.059998
-1.23393,0.673988,-1.306514,2.530304,2.530304,-1.729575,-1.213192,-1.018943,-2.777377,-4.195356,0.002973,1.0,96.440002
2.165682,3.805714,-0.735918,-1.368726,-1.368726,-0.384779,0.12405,0.653908,-0.942497,-2.520608,0.002843,-1.0,95.120003
1.145275,1.166489,-0.731709,-0.862069,-0.862069,0.542946,0.713677,1.481793,0.255564,-1.375613,0.002534,-1.0,94.300003
1.625064,1.858736,-0.552315,-0.159068,-0.159068,0.705257,0.872011,1.377233,0.630375,-0.938079,0.003345,0.0,94.150002
0.117496,1.217687,-0.769067,-0.56293,-0.56293,1.181371,1.264685,1.611476,1.410487,-0.103827,0.003163,-1.0,93.620003
-1.581914,0.265421,-3.185051,0.608843,0.608843,0.091305,0.354602,0.794846,1.031955,-0.345686,0.002914,1.0,94.190002
0.663602,1.391419,-0.085628,-0.806882,-0.806882,0.543725,0.980415,1.471334,1.991866,0.788184,0.002485,-1.0,93.43
-0.932003,0.317732,-1.281507,1.059615,1.059615,-0.485064,-0.034947,0.228768,0.893352,0.00551,0.002748,1.0,94.419998
0.521663,0.564249,-0.574897,-0.518956,-0.518956,-0.012775,0.464177,0.73459,1.207815,0.690302,0.002699,-1.0,93.93
-1.145315,0.714511,-1.187346,1.32013,1.32013,-0.989806,-0.728167,-0.586317,-0.280023,-0.390877,0.003775,1.0,95.169998
-0.713462,0.828874,-1.206583,0.147105,0.147105,-0.90022,-0.992548,-0.849856,-0.517257,-0.304268,0.003733,0.0,95.309998
3.290639,4.648851,-0.110423,-4.983737,-4.983737,3.66387,3.696999,4.008395,4.431319,4.912105,0.001183,-1.0,90.559998
1.69649,3.62538,-0.522888,-4.969081,-4.969081,7.14153,8.16175,8.831051,9.25924,9.983735,-0.001373,-1.0,86.059998
-6.163963,0.0,-12.291383,-4.613063,-4.613063,9.438424,11.923503,13.115691,13.807412,14.531861,-0.002803,-1.0,82.089996
4.759033,5.626504,0.0,1.108544,1.108544,5.306022,9.416866,10.987149,11.819277,12.534458,-0.002452,1.0,83.0
-1.422187,0.309665,-4.507398,5.048195,5.048195,-1.617162,3.355886,4.946284,5.8837,6.674616,-0.00113,1.0,87.190002
-0.702112,0.367764,-2.830715,2.913179,2.913179,-4.587098,0.017827,1.575092,2.581073,3.40042,-0.001689,1.0,89.730003
-1.241627,0.516428,-1.340513,1.426501,1.426501,-4.841228,-1.763545,-0.094497,0.973517,1.685087,-0.002264,1.0,91.010002
1.308284,1.811476,-0.603825,-1.736075,-1.736075,-1.518505,-0.531142,1.318722,2.49413,3.269597,-0.003032,-1.0,89.43
-0.435636,2.476208,-0.836871,-2.460021,-2.460021,1.935113,1.06729,3.385682,4.687605,5.504525,-0.003407,-1.0,87.230003
-1.20147,0.0,-2.514186,3.049405,3.049405,-0.480585,-2.52642,0.007417,1.225388,2.066527,-0.001787,1.0,89.889999
1.826432,1.894496,-0.476459,-1.935696,-1.935696,1.125354,-0.875782,1.582149,2.828132,3.76086,-0.003,-1.0,88.150002
-1.201003,0.147289,-1.767511,0.124787,0.124787,0.37616,-0.750058,0.990254,2.357805,3.370948,-0.001968,0.0,88.260002
0.178714,0.793029,-0.781857,1.438927,1.438927,-1.025352,-1.326927,-0.769946,0.647829,1.69865,-0.001882,1.0,89.529999
0.375937,1.702787,-0.298545,1.016422,1.016422,-1.311368,-1.497126,-2.117059,-0.540692,0.515257,-0.002147,1.0,90.440002
-2.076542,0.08697,-2.55491,1.702787,1.702787,-2.509243,-2.625572,-3.997248,-2.326052,-1.361603,-0.000927,1.0,91.980003
-0.401959,0.03259,-0.999463,0.076103,0.076103,-1.736014,-2.447584,-3.962341,-2.475288,-1.570019,-0.000466,0.0,92.050003
0.0,0.33583,-0.769147,0.28245,0.28245,-1.135302,-2.581515,-3.781458,-2.864259,-1.933482,-0.000417,0.0,92.309998
-0.570505,0.376747,-1.194834,0.639155,0.639155,-1.037675,-2.826696,-3.616793,-3.5366,-2.61012,-0.000167,1.0,92.900002
-0.588545,0.160515,-0.877475,0.592029,0.592029,-0.975919,-2.733008,-3.438555,-4.196358,-3.19058,-0.000835,1.0,93.449997
-1.028189,1.240201,-1.526388,0.95238,0.95238,-1.409791,-3.178923,-3.844246,-5.151575,-4.097516,-3.5e-05,1.0,94.339996
-1.271192,0.836864,-1.430084,0.063606,0.063606,-0.974579,-2.578391,-3.575566,-5.008476,-4.117375,0.000284,0.0,94.400002
-0.973312,0.983773,-1.077976,1.218221,1.218221,-1.488229,-2.987967,-4.419329,-5.655157,-5.224074,0.000759,1.0,95.550003
0.87134,1.850259,-1.118762,-2.710627,-2.710627,1.269364,0.083909,-1.503154,-2.441909,-2.625214,1.9e-05,-1.0,92.959999
-0.606575,0.372458,-1.245076,1.086491,1.086491,0.291582,-0.616155,-2.083644,-2.906779,-3.722891,0.000183,1.0,93.970001
-1.42994,0.381308,-2.298492,0.468238,0.468238,-0.161002,-0.821951,-2.220813,-2.976912,-4.209727,0.000623,0.0,94.410004
3.255367,3.32004,-0.765333,-1.737111,-1.737111,1.252564,1.00895,-0.160249,-1.097873,-2.421038,-0.000341,-1.0,92.769997
3.217132,3.45253,-1.154578,-3.837445,-3.837445,3.871764,4.6923,3.894931,2.748012,1.614171,-0.001486,-1.0,89.209999
2.803738,3.911388,-1.096108,-2.847216,-2.847216,5.464407,7.041654,6.719744,5.59998,4.803511,-0.002923,-1.0,86.669998
-1.624027,0.133476,-2.102336,3.726784,3.726784,0.769742,2.800888,2.845382,1.954392,1.345049,-0.001688,1.0,89.900002
-0.989548,0.0,-2.847714,1.167959,1.167959,-1.154479,1.241345,1.582558,0.835628,0.340411,0.000433,1.0,90.949997
-3.44303,0.141194,-4.018678,1.231449,1.231449,-2.508961,-0.243293,0.348285,-0.178125,-0.778538,0.002571,1.0,92.07
-1.138177,0.276561,-1.436015,2.107095,2.107095,-3.49963,-2.465697,-1.601959,-1.932243,-2.698438,0.004888,1.0,94.010002
1.379309,1.476288,-0.495697,-1.287096,-1.287096,-0.920261,-1.21121,-0.326153,-0.477373,-1.284485,0.004062,-1.0,92.800003
0.768397,1.363638,-1.114718,-0.431036,-0.431036,0.049782,-0.953465,0.02958,0.059522,-0.633335,0.002173,0.0,92.400002
-0.627233,0.811074,-2.162864,0.075756,0.075756,0.302802,-1.23824,-0.18096,0.010273,-0.596951,0.001195,0.0,92.470001
-0.364646,0.536251,-1.072501,0.832699,0.832699,-0.274557,-2.00343,-1.088229,-0.751821,-1.199483,0.00099,1.0,93.239998
-0.997244,0.3607,-1.686828,1.093955,1.093955,-1.300659,-2.528115,-2.249807,-1.722365,-2.014005,0.001966,1.0,94.260002
-0.488737,1.328092,-0.60561,-0.148524,-0.148524,-0.873355,-1.591587,-2.022244,-1.511371,-1.673186,0.002763,0.0,94.120003
0.010633,1.20123,-0.488996,-0.053127,-0.053127,-0.46561,-1.095991,-1.963077,-1.426065,-1.466567,0.001693,0.0,94.07
-1.010839,0.354318,-1.104624,2.009141,2.009141,-1.698623,-2.521882,-3.786299,-3.283137,-3.241349,0.003053,1.0,95.959999
-1.394301,0.051256,-2.245236,1.646521,1.646521,-2.409268,-3.540086,-5.018796,-4.688846,-4.583556,0.003578,1.0,97.540001
-1.310045,0.101553,-1.574087,0.953455,0.953455,-2.475881,-3.998172,-5.288921,-5.440744,-5.234488,0.003411,1.0,98.470001
1.783508,2.670099,-0.45361,-1.492841,-1.492841,-0.404124,-2.110309,-3.143642,-3.799484,-3.629278,0.002545,-1.0,97.0
0.26774,1.101842,-0.659046,0.113403,0.113403,0.109154,-1.736176,-2.758384,-3.746782,-3.587685,0.001997,0.0,97.110001
-1.886222,0.060204,-2.127014,2.636183,2.636183,-1.717666,-3.537672,-4.672751,-5.95515,-5.850103,0.00288,1.0,99.669998
-0.273997,0.645852,-1.986494,2.528348,2.528348,-3.231237,-5.040612,-6.363311,-7.813388,-7.866916,0.003654,1.0,102.190002
-1.512961,0.038548,-2.139341,1.546135,1.546135,-3.683143,-5.570008,-7.16199,-8.515464,-8.952874,0.003967,1.0,103.769997
-0.732879,0.385729,-1.253611,-0.067457,-0.067457,-2.325938,-4.582447,-6.398583,-7.632591,-8.477143,0.00374,0.0,103.699997
-0.287903,0.26872,-1.228406,0.48216,0.48216,-1.43378,-4.068136,-6.092768,-7.389633,-8.523606,0.003578,0.0,104.199997
-0.877191,0.228839,-1.29672,0.652591,0.652591,-1.079328,-3.839624,-5.912787,-7.325989,-8.717389,0.003781,1.0,104.879997
2.49093,2.696872,-0.313817,-2.774596,-2.774596,1.700497,-0.660981,-2.656992,-4.195843,-5.751497,0.002404,-1.0,101.970001
-1.539054,0.154877,-2.061754,1.314109,1.314109,0.292324,-1.480979,-3.335591,-4.988383,-6.42803,0.003792,1.0,103.309998
0.623902,1.043088,-0.175473,-0.706607,-0.706607,0.787675,-0.235916,-2.097877,-3.835545,-5.141745,0.003173,-1.0,102.580002
-0.72157,0.192416,-1.404656,1.325794,1.325794,-0.581106,-0.884167,-2.745817,-4.538678,-5.842603,0.003469,1.0,103.940002
0.036779,1.737771,-0.744764,4.637291,4.637291,-4.273631,-4.440973,-6.271303,-8.020414,-9.360428,0.005667,1.0,108.760002
0.877687,1.531279,-1.111106,-1.5263,-1.5263,-1.831931,-2.5014,-4.223466,-5.947711,-7.394209,0.006464,-1.0,107.099998
0.47892,1.652739,-0.591602,-0.569561,-0.569561,-0.672361,-1.687481,-3.172754,-4.834725,-6.394965,0.00725,-1.0,106.489998
-1.807066,0.222406,-2.47429,1.333464,1.333464,-0.99157,-2.591052,-3.772901,-5.448062,-7.066633,0.006424,1.0,107.910004
-0.678841,0.788919,-1.74296,1.019366,1.019366,-1.060454,-3.132742,-4.016147,-5.716909,-7.39492,0.006373,1.0,109.010002
0.425853,1.268286,-0.018512,-0.908178,-0.908178,-0.290684,-1.954265,-2.621117,-4.294573,-5.970373,0.005635,-1.0,108.019997
3.617126,4.136607,-0.115435,-3.767821,-3.767821,3.007218,2.075039,1.304476,-0.239055,-1.876669,0.003609,-1.0,103.949997
-0.692042,0.124949,-3.431373,0.086584,0.086584,2.447135,2.0569,1.234139,-0.057672,-1.585545,0.004083,0.0,104.040001
-0.485108,1.017788,-0.941689,1.04767,1.04767,0.856085,1.241323,0.275217,-0.707217,-2.187004,0.004593,1.0,105.129997
-1.827961,0.102069,-2.208405,2.511177,2.511177,-1.844669,-0.883361,-1.960345,-2.644983,-4.074601,0.005433,1.0,107.769997
1.035196,1.3834,-0.291742,-1.401127,-1.401127,-0.781106,0.289853,-0.480584,-0.951442,-2.323736,0.004662,-1.0,106.260002
-0.447264,0.512489,-0.652252,0.997551,0.997551,-1.133061,-0.680209,-1.131197,-1.690739,-2.923966,0.004629,1.0,107.32
0.224409,0.486212,-0.81346,-0.344766,-0.344766,-0.246843,-0.293593,-0.562254,-1.201961,-2.270966,0.004562,0.0,106.949997
0.245888,0.709287,-1.276716,-1.131369,-1.131369,1.010025,0.642142,0.774858,0.025063,-0.822015,0.00419,-1.0,105.739998
0.872781,1.128919,-0.294095,-0.312081,-0.312081,0.878471,0.615686,1.183312,0.395594,-0.19657,0.003389,0.0,105.410004
0.312946,0.483643,-0.559503,0.03794,0.03794,0.686583,0.333809,0.935675,0.384545,-0.015171,0.002835,0.0,105.449997
1.534918,1.784344,-0.470067,-1.147462,-1.147462,1.264391,1.526287,1.924406,1.658674,1.224099,0.00211,-1.0,104.239998
-2.13779,0.028005,-2.445858,2.76286,2.76286,-1.42644,-0.915799,-0.776702,-0.896661,-1.372296,0.003578,1.0,107.120003
0.876779,1.744129,-0.263976,-0.980212,-0.980212,-0.388422,0.153672,0.089877,0.248892,-0.30659,0.003201,-1.0,106.07
1.810692,2.366355,-0.986778,-1.59329,-1.59329,1.027019,1.450472,1.414705,1.893085,1.314431,0.001742,-1.0,104.379997
-1.290264,1.459788,-1.949519,1.724471,1.724471,-0.548126,-0.276889,-0.420042,0.044264,-0.354116,0.001465,1.0,106.18
0.823788,1.155195,-0.899533,-0.536823,-0.536823,0.248082,0.099421,0.2222,0.513681,0.321559,0.000747,-1.0,105.610001
-2.338246,0.394409,-2.385201,0.833252,0.833252,-0.698656,-0.770963,-0.452623,-0.31693,-0.388016,0.001057,1.0,106.489998
1.510518,1.759086,-1.003819,-1.774815,-1.774815,0.814532,0.913003,1.312302,1.326005,1.489103,0.000279,-1.0,104.599998
-0.350972,0.929619,-0.958067,0.783939,0.783939,0.227662,0.129009,0.375642,0.367578,0.755835,0.000324,1.0,105.419998
1.987856,2.173906,-0.205639,-3.130331,-3.130331,2.671364,3.038579,3.348998,3.322068,3.751661,0.000202,-1.0,102.120003
-2.264478,0.076432,-3.057524,2.487271,2.487271,-0.001915,0.578059,0.671376,0.848457,1.140451,0.000606,1.0,104.660004
0.71736,1.1956,-0.258253,-0.105103,-0.105103,-0.267816,0.438065,0.62426,0.978954,1.172642,0.000814,0.0,104.550003
-1.329711,0.28092,-2.434684,2.142514,2.142514,-1.94962,-1.601274,-1.420858,-1.06143,-0.99148,0.001095,1.0,106.790001
1.195629,1.440406,-0.084734,-0.533758,-0.533758,-1.272829,-0.900019,-0.841023,-0.603465,-0.565243,-0.000688,-1.0,106.220001
1.960785,2.450976,-0.067282,-2.052344,-2.052344,1.164938,0.97078,1.146353,1.372548,1.365243,-0.000869,-1.0,104.040001
0.133633,0.362704,-1.116731,0.701649,0.701649,0.481057,0.18708,0.47533,0.544529,0.690277,-0.000431,1.0,104.769997
-0.274856,0.142169,-0.663448,0.706314,0.706314,-0.041704,-0.608474,-0.331092,-0.22889,0.039805,-0.000647,1.0,105.510002
1.204245,1.414512,-0.735923,-0.834049,-0.834049,0.386125,0.230339,0.415435,0.557205,0.862088,-0.001286,-1.0,104.629997
-0.266615,0.285663,-0.495141,0.372742,0.372742,-0.215195,-0.179962,0.083162,0.165209,0.382787,-0.000845,0.0,105.019997
-0.859061,0.047204,-1.321628,0.866505,0.866505,-0.715568,-0.677806,-0.792347,-0.672614,-0.492023,0.000753,1.0,105.93
-0.783147,0.447507,-0.941639,1.255548,1.255548,-1.482381,-1.666979,-1.919947,-1.763474,-1.728139,0.001157,1.0,107.260002
0.734324,0.969685,-0.150634,-0.969607,-0.969607,-0.38411,-0.546979,-0.97659,-0.844004,-0.793448,0.000461,-1.0,106.220001
1.280332,1.442761,-0.03822,-1.468647,-1.468647,1.106437,0.73189,0.503214,0.566593,0.643986,-0.000911,-1.0,104.660004
