-0.380477,0.431196,-1.052639,0.497076,0.497095,0.271397,0.712743,0.553298,-0.235053,-1.56099,0.002183,0.0,71.853813
1.234883,1.916643,-0.463083,-1.407737,-1.407758,1.180875,1.791891,2.013033,1.321329,0.066795,0.00181,-1.0,70.842285
1.029986,1.147326,-0.247712,-1.337798,-1.337772,2.005202,2.722292,3.217729,2.707846,1.608093,0.001627,-1.0,69.894577
-1.158902,0.0,-1.751231,1.251636,1.251635,0.285848,1.203958,1.785554,1.475401,0.635453,0.002141,1.0,70.769402
-0.87253,0.177038,-1.517443,1.828475,1.828471,-1.358116,-0.633534,-0.012642,-0.239297,-0.893921,0.002949,1.0,72.0634
0.71175,0.800714,-0.495677,-0.505817,-0.505817,-0.899847,-0.205895,0.320289,0.352963,-0.195559,0.00327,-1.0,71.698891
-0.307056,0.946775,-0.614124,-0.660904,-0.660894,-0.133065,0.25204,0.785563,1.065357,0.594862,0.00229,-1.0,71.225037
1.862397,2.095197,-0.077593,-1.074719,-1.074725,1.112262,1.149762,1.636489,2.070616,1.729871,0.001256,-1.0,70.459564
-1.238667,0.255391,-1.442988,1.280397,1.280395,-2e-06,-0.273278,0.242623,0.705528,0.5065,0.001317,1.0,71.361725
-0.025587,0.601173,-0.409314,-0.166006,-0.166002,-0.06396,-0.143266,0.318914,0.837803,0.714509,0.000856,0.0,71.243263
-1.104002,0.326181,-1.241997,1.95702,1.957026,-1.723754,-1.952086,-1.57154,-1.162975,-1.099788,0.001301,1.0,72.637512
-1.212124,0.29685,-1.410017,1.430183,1.430151,-2.444011,-2.949885,-2.870315,-2.536774,-2.32657,0.001688,1.0,73.676338
1.443274,1.568769,0.0,-1.447121,-1.447109,-0.419172,-1.150847,-1.370479,-1.135159,-0.845876,0.001171,-1.0,72.610161
1.725252,2.085754,-0.231751,-2.522595,-2.522601,1.99306,1.408539,1.030014,1.299747,1.626901,0.000179,-1.0,70.778496
0.07668,0.319485,-1.226836,0.74675,0.746765,1.254947,0.550799,0.263259,0.485623,0.849075,-0.000162,1.0,71.307045
1.09589,1.161123,-0.652309,-2.044731,-2.0447,2.570092,2.384839,2.16479,2.410931,2.740221,-0.001261,-1.0,69.84903
-0.244692,0.43786,-0.618157,1.304638,1.304605,0.424983,1.000643,0.841382,0.955569,1.26877,-0.000429,1.0,70.760284
-1.567402,0.137936,-1.642631,2.704439,2.704435,-2.201874,-1.354226,-1.559032,-1.643256,-1.417924,-0.000377,1.0,72.67395
-0.062345,0.997509,-0.062345,0.564265,0.564264,-2.119693,-1.672066,-1.900244,-2.147752,-1.940643,-6.7e-05,1.0,73.084023
0.831862,1.083946,-0.050416,-1.072323,-1.072316,-0.783962,-0.460045,-0.815055,-1.031634,-0.872698,-0.00029,-1.0,72.300331
-0.572703,0.95867,-0.572703,1.235192,1.235187,-1.080675,-1.598603,-1.889105,-2.147654,-2.030871,0.000427,1.0,73.193375
1.746275,2.516687,-0.321013,-3.037842,-3.037879,2.077582,1.103011,1.160794,0.927103,0.941484,-0.000536,-1.0,70.969849
-1.464783,0.585916,-1.515731,0.80893,0.808973,0.942546,0.142653,0.450047,0.232454,0.116671,-0.00026,1.0,71.543976
-1.274046,0.024986,-1.274046,1.974272,1.974265,-1.046719,-1.497624,-1.348986,-1.558203,-1.790654,0.000247,1.0,72.956444
-0.235521,0.458662,-0.768565,0.761927,0.761941,-1.465243,-1.94249,-1.889188,-2.204049,-2.423709,0.00098,1.0,73.512329
-0.086001,0.31945,-0.307159,0.892528,0.892531,-2.073981,-2.227562,-2.619502,-2.902703,-3.162072,0.00101,1.0,74.168449
0.049254,0.664945,-0.344789,-0.221157,-0.221161,-1.036822,-1.572477,-2.374101,-2.499701,-2.776513,0.001385,0.0,74.004417
-0.484439,0.121112,-0.71454,1.674669,1.674635,-1.683395,-2.852105,-3.748716,-3.787672,-4.093472,0.001821,1.0,75.243721
0.23066,0.461329,-0.60702,-0.242215,-0.242184,-0.883824,-2.35281,-3.134646,-3.307646,-3.631914,0.002253,0.0,75.061493
0.243018,0.46173,-0.716885,-0.084987,-0.084993,-0.4034,-1.910087,-2.724179,-2.975091,-3.393438,0.002717,0.0,74.997696
0.390104,0.743638,-0.20724,-0.328069,-0.328094,0.080479,-1.378742,-1.966737,-2.514301,-2.91208,0.002132,0.0,74.751633
-0.084907,0.618637,-0.254728,0.49982,0.499845,-0.118883,-1.316111,-2.066962,-2.90272,-3.187289,0.001639,0.0,75.125275
-0.638785,0.385684,-1.157042,0.642892,0.642887,-0.66048,-1.408941,-2.433812,-3.324694,-3.533323,0.002065,1.0,75.608246
0.969251,1.53165,-0.801716,0.723149,0.723149,-1.086514,-1.696776,-2.865458,-3.665783,-3.974148,0.002578,1.0,76.155006
0.012035,0.301056,-0.349235,-0.634189,-0.634184,-0.276988,-0.783969,-1.948469,-2.762532,-3.127176,0.002741,-1.0,75.672043
0.204154,0.384294,-0.408308,0.276968,0.276968,-0.254594,-0.832236,-1.98311,-2.633604,-3.223732,0.002369,0.0,75.88163
0.481871,0.698713,-0.204792,-0.312237,-0.312248,0.195165,-0.304777,-1.264095,-2.005775,-2.816519,0.002315,0.0,75.644691
-0.072422,0.181045,-0.350035,-0.192744,-0.19276,0.359703,-0.078437,-0.72418,-1.629432,-2.475779,0.001519,0.0,75.498878
-0.398161,0.084464,-0.699808,0.036208,0.036238,0.156845,-0.053099,-0.533308,-1.503386,-2.259658,0.001002,0.0,75.526237
-0.157081,0.434994,-0.338331,-0.144785,-0.144787,0.234403,0.147404,-0.220726,-1.153948,-1.899958,0.001485,0.0,75.416885
0.28916,0.891574,-0.313252,0.28999,0.289984,-0.120482,-0.025299,-0.379918,-1.278311,-1.877588,0.002526,0.0,75.635582
0.385638,0.988186,-0.060257,-0.024092,-0.024098,-0.103637,0.063875,-0.213703,-0.947211,-1.597007,0.002241,0.0,75.617355
-0.898772,0.177392,-1.099812,1.904072,1.904066,-1.565741,-1.617776,-1.921308,-2.440267,-3.208125,0.003703,1.0,77.057159
-0.330652,0.118094,-0.743971,0.141909,0.141931,-1.280122,-1.62613,-1.878454,-2.305746,-3.133688,0.003273,0.0,77.166527
-0.295759,0.212943,-0.615164,-0.177133,-0.177125,-0.686165,-1.275307,-1.528472,-1.904077,-2.716215,0.002206,0.0,77.029846
0.356463,0.641637,-0.29705,-0.437718,-0.437728,0.026137,-0.73551,-0.926812,-1.308229,-2.105995,0.001834,0.0,76.692665
0.406453,0.41841,-0.370592,-0.605985,-0.606003,0.796185,-0.053788,-0.226332,-0.560663,-1.233225,0.002007,-1.0,76.227905
0.706496,1.053766,-0.011977,-0.167365,-0.167355,0.713691,0.192792,-0.015967,-0.337685,-0.828165,0.001488,0.0,76.100334
0.252038,0.444075,-0.252038,-0.22752,-0.227538,0.616918,0.474094,0.192049,-0.053391,-0.445492,0.002529,0.0,75.927177
-0.563353,0.143831,-0.970876,0.132025,0.132066,0.22052,0.421886,0.091069,-0.11749,-0.44447,0.002278,0.0,76.027451
-0.250924,0.298718,-0.63329,0.311638,0.311618,-0.203135,0.192374,-0.186407,-0.328598,-0.64381,0.001662,0.0,76.264366
0.527904,0.683872,-0.155968,-0.406268,-0.406258,0.131969,0.645466,0.247943,0.132566,-0.135821,0.001229,0.0,75.954536
0.719418,0.841357,-0.280456,-1.607673,-1.607681,1.402268,1.979027,1.817662,1.710153,1.468597,0.000303,-1.0,74.733429
-0.378233,0.231823,-0.536847,-0.060969,0.441193,0.726639,1.250864,1.329294,1.190656,1.022979,0.000549,0.0,75.063148
0.28235,0.675183,-0.07365,-0.610057,-0.610081,0.963652,1.547371,1.878748,1.740292,1.62204,-0.000297,-1.0,74.605202
-0.281441,0.575142,-0.391574,0.319174,0.319184,0.262681,0.977185,1.484032,1.347221,1.303611,-9e-05,0.0,74.84333
1.265824,1.377514,-0.074455,-1.395005,-1.395034,1.097071,2.07669,2.755558,2.65602,2.664953,-0.000575,-1.0,73.79924
-0.247613,0.383806,-0.482851,0.235793,0.235832,0.653693,1.548984,2.235871,2.311376,2.334997,-0.000366,0.0,73.973282
-0.700244,0.221131,-1.21622,0.779995,0.779975,-0.262901,0.57836,1.210668,1.454091,1.456885,-0.000262,1.0,74.550255
0.567545,0.76496,-0.123383,-0.429974,-0.429977,0.066626,0.770505,1.396246,1.812238,1.817287,-0.00066,0.0,74.229706
1.160892,1.577291,-0.201889,-2.22086,-2.220839,1.716078,2.551828,3.321594,3.914266,3.947953,-0.00175,-1.0,72.581184
-0.264315,0.365006,-0.717431,0.252371,0.252382,1.175565,1.855233,2.744156,3.456622,3.52793,-0.001422,0.0,72.764366
-1.011745,0.537095,-1.211591,0.767777,0.767759,0.22733,0.886833,1.70882,2.413741,2.620441,-0.00124,1.0,73.323021
0.992837,0.992837,-0.389594,-0.612042,-0.612053,0.384579,1.207749,2.055878,2.749928,3.106835,-0.001351,-1.0,72.874245
-0.666834,0.061745,-0.827366,1.772025,1.772038,-1.380586,-0.613736,0.111539,0.767766,1.244071,-0.000623,1.0,74.165604
-0.691706,0.160573,-0.901685,-0.024692,-0.024689,-0.9338,-0.683064,-0.054086,0.621008,1.188785,-0.000646,0.0,74.147293
-0.60204,0.638898,-0.860055,0.531124,0.531104,-0.980454,-1.108231,-0.708511,-0.023717,0.596453,-0.000395,0.0,74.541092
-0.122461,0.698016,-1.72667,0.331737,0.331742,-0.91599,-1.326225,-1.031916,-0.441995,0.142492,-0.00038,0.0,74.788376
-0.715753,0.363952,-0.800678,0.942929,0.942938,-1.14764,-2.123011,-1.918395,-1.400713,-0.881609,-2.2e-05,1.0,75.493584
-1.366933,0.17829,-1.580889,2.062362,2.062365,-2.396298,-3.734701,-3.688743,-3.326709,-2.883411,3.7e-05,1.0,77.050537
0.202306,0.440321,-0.452217,-0.118866,-0.11888,-1.549441,-3.051281,-3.390844,-3.16652,-2.753981,-6e-05,0.0,76.958939
0.358079,0.763901,-0.011938,-0.29751,-0.297487,-0.685142,-2.245181,-2.847948,-2.827062,-2.437649,-0.000104,0.0,76.729996
-0.035699,0.04759,-0.868535,0.322274,0.322257,-0.435453,-2.084474,-2.89986,-2.993456,-2.705473,0.000177,0.0,76.977264
0.011752,0.270271,-0.775558,1.249255,1.249242,-1.036414,-2.64276,-3.808055,-4.005863,-3.802674,0.000864,1.0,77.938896
-0.362785,0.257461,-0.514921,0.41128,0.411302,-1.132833,-2.518438,-3.858792,-4.165601,-4.082632,0.001079,0.0,78.25946
-1.419503,0.265429,-2.019626,1.404332,1.404331,-1.897292,-3.211779,-4.620894,-5.208316,-5.255019,0.001683,1.0,79.358482
0.149796,0.875679,-0.138261,0.161561,0.161561,-1.361907,-2.745706,-4.210929,-5.003454,-5.230094,0.001694,0.0,79.486694
1.321951,1.438932,0.0,-1.509387,-1.509395,0.484328,-0.80837,-2.320226,-3.272104,-3.596157,0.00102,-1.0,78.286926
1.283723,1.604656,-0.1783,-1.579313,-1.579305,1.866155,0.985374,-0.391464,-1.557714,-1.946043,0.000585,-1.0,77.050537
-0.178045,0.842731,-0.605336,0.142633,0.142626,1.436206,0.85579,-0.274576,-1.508007,-1.953231,0.001233,0.0,77.160431
0.584448,0.989988,0.0,-0.486649,-0.486643,1.261927,1.326337,0.442111,-0.752623,-1.372615,0.00089,0.0,76.784935
-0.035699,0.452108,-0.392628,0.250484,0.250478,0.35693,1.105294,0.402141,-0.726949,-1.453896,0.001208,0.0,76.977264
-0.035891,0.275188,-0.514475,-0.559197,-0.559191,0.466619,1.617611,1.119885,0.041876,-0.765255,0.000883,-1.0,76.546814
-0.289022,0.469651,-0.806842,-0.64608,-0.646079,0.85741,2.03034,1.826421,0.901365,-0.040952,0.001161,-1.0,76.052261
-0.108148,0.360498,-0.432581,0.216755,0.216758,0.391732,1.541695,1.533283,0.81771,-0.15285,0.001153,0.0,76.21711
-0.229361,0.048285,-0.917434,-0.456617,-0.456621,0.610816,1.547559,1.903265,1.393647,0.478511,0.000695,0.0,75.869087
1.448739,1.657455,-0.503379,-1.67793,-1.677953,1.689397,2.62494,3.451623,3.127703,2.291484,0.000233,-1.0,74.596039
-0.693093,0.303985,-1.130838,0.96992,0.969935,0.386675,1.245139,2.311124,2.172303,1.414885,0.001415,1.0,75.319572
-1.760937,0.591004,-2.183081,0.81468,0.814675,-0.455906,0.279835,1.308261,1.375603,0.756498,0.001623,1.0,75.933182
1.197752,1.869955,-0.036663,-1.314675,-1.314677,0.527993,1.318759,2.362108,2.584955,2.139832,0.000852,-1.0,74.934906
0.122103,0.732607,-0.549443,0.097773,0.097782,0.20024,0.982909,1.875462,2.354707,2.085964,0.001115,0.0,75.008179
-2.632506,0.0,-2.691268,3.894998,3.894991,-2.70067,-2.680686,-2.07701,-1.405564,-1.567274,0.001901,1.0,77.929741
-1.677075,0.057831,-1.804306,1.61006,1.61007,-3.266259,-3.889664,-3.553091,-2.828478,-2.904928,0.002507,1.0,79.184464
-0.348916,0.186086,-0.755987,-0.555169,-0.555158,-2.012111,-3.011181,-2.871224,-2.234835,-2.197733,0.002104,-1.0,78.744865
0.728212,1.010096,-0.19967,-0.976971,-0.976965,-0.26546,-1.828773,-1.843257,-1.288484,-1.18536,0.00162,-1.0,77.975555
0.046646,0.489801,-0.862973,0.716466,0.71643,-0.076949,-2.187742,-2.392987,-2.043132,-1.808029,0.001536,1.0,78.534195
-1.556381,0.046114,-1.786951,1.154522,1.154539,-0.836983,-2.694263,-3.300287,-3.164056,-2.792255,0.001199,1.0,79.440903
1.33601,1.607944,-1.040435,-2.490201,-2.490196,1.250884,0.067383,-0.751959,-0.744273,-0.284708,0.000321,-1.0,77.462669
-0.08269,0.224456,-0.696991,0.082758,0.082773,0.852911,0.190179,-0.707244,-0.795646,-0.38844,0.000462,0.0,77.526787
-1.381151,0.371395,-1.462401,1.783818,1.783805,-0.677813,-1.061982,-2.219909,-2.423405,-2.101213,0.001003,1.0,78.909714
-0.645986,0.0,-1.326567,0.615135,0.61514,-1.068177,-1.114323,-2.521641,-2.855588,-2.6979,0.000769,1.0,79.395119
-0.492665,0.171864,-0.64161,0.68058,0.680586,-1.6132,-1.531857,-2.735268,-3.327233,-3.333191,0.000868,1.0,79.935471
-0.342855,0.045714,-0.971422,0.252062,0.25205,-1.193133,-1.660564,-2.579045,-3.346284,-3.483884,0.000441,0.0,80.136948
-0.217559,0.251918,-0.48093,-0.194285,-0.194304,-0.387017,-1.314532,-2.051967,-2.912498,-3.149415,0.00031,0.0,79.981239
-0.400183,0.068606,-0.605991,0.148861,0.148875,-0.237819,-1.19597,-1.767659,-2.814426,-3.146577,0.000924,0.0,80.100311
0.92251,1.406823,-0.172974,-0.846099,-0.846078,0.62037,-0.241019,-0.558902,-1.761434,-2.187287,0.001195,-1.0,79.4226
0.138358,1.060762,-0.265192,0.011533,0.011498,0.481966,-0.253643,-0.444273,-1.468336,-2.074931,0.001147,0.0,79.431732
-0.161087,0.989525,-0.425731,0.207542,0.207554,0.138071,-0.192149,-0.615959,-1.40375,-2.124496,0.001404,0.0,79.596596
0.79945,0.79945,-0.475025,-0.690375,-0.690375,0.59785,0.694017,0.100422,-0.521369,-1.292544,0.001056,-1.0,79.047081
-0.335887,0.405373,-1.065554,0.034765,0.034784,0.303435,0.679852,0.158271,-0.294203,-1.182321,0.001275,0.0,79.074577
0.115316,0.541971,-0.38053,0.440117,0.44012,-0.136086,0.242142,-0.206042,-0.453198,-1.436365,0.001678,0.0,79.4226
1.486073,1.790309,-0.152118,-1.452949,-1.452977,1.039094,1.507145,1.165468,1.036167,0.204548,0.001059,-1.0,78.268608
-2.195796,0.022868,-2.367336,2.316872,2.316874,-1.127621,-0.798256,-0.90728,-1.195668,-1.826617,0.002087,1.0,80.081993
-0.057196,0.285982,-0.388925,-0.022876,-0.022884,-0.851045,-0.765254,-0.67336,-1.090693,-1.597786,0.0027,0.0,80.063667
0.739111,0.935446,-0.150133,-0.949438,-0.949428,0.157064,0.085466,0.31182,-0.058892,-0.434224,0.001989,-1.0,79.30352
-1.314137,0.0,-1.576965,1.062477,1.062469,-0.715342,-0.87646,-0.68029,-1.009012,-1.22453,0.00208,1.0,80.146095
-1.037554,0.169162,-1.432275,1.325565,1.32558,-1.290187,-1.954442,-1.875122,-2.19522,-2.355251,0.003058,1.0,81.208496
-0.383657,0.169265,-0.462652,-0.05639,-0.056415,-0.968167,-1.706141,-1.73548,-1.912074,-2.202639,0.003001,0.0,81.162682
0.225527,0.947226,-0.157872,0.067708,0.067747,-0.751037,-1.505432,-1.700515,-1.751258,-2.147062,0.001584,0.0,81.217667
0.182112,0.682909,-0.182106,-0.924677,-0.419366,0.056052,-0.867772,-1.222517,-1.215876,-1.59147,0.000832,0.0,80.877068
1.06627,1.06627,-0.137589,-0.728428,-0.728413,0.825558,-0.032601,-0.425876,-0.435438,-0.782017,0.000768,-1.0,80.287949
-0.602684,0.12509,-0.659533,0.825493,0.825485,-0.063616,-0.519735,-1.11602,-1.187892,-1.519737,0.001436,1.0,80.950714
-1.047298,0.078825,-1.261265,0.977944,0.97793,-0.88963,-1.280039,-1.898669,-2.046647,-2.264054,0.001532,1.0,81.742355
0.462799,0.767575,-0.124172,-0.236484,-0.236472,-0.573432,-0.863893,-1.461599,-1.718338,-1.835095,0.001017,0.0,81.549057
0.135545,0.643848,-0.124256,-0.067731,-0.067735,-0.354678,-0.527929,-1.196901,-1.566224,-1.641721,0.001914,0.0,81.49382
0.135034,0.607631,-0.202544,0.384048,0.384045,-0.364573,-0.705483,-1.380603,-1.797087,-1.900096,0.002026,0.0,81.806793
0.361543,0.734386,-0.135576,-0.405087,-0.405089,0.169478,-0.268857,-0.717089,-1.272244,-1.425486,0.001215,0.0,81.475403
0.385748,0.964377,-0.158839,-0.418027,-0.41803,0.440213,0.146365,-0.213806,-0.763006,-0.962489,0.000833,0.0,81.134811
1.010681,1.010681,-0.447914,-1.21398,-1.213972,1.325367,1.243827,1.019626,0.525303,0.262989,0.000131,-1.0,80.149857
0.01151,0.529766,-0.737077,-0.275636,-0.27564,1.213862,1.405045,1.35101,0.856601,0.531541,-6.5e-05,0.0,79.928932
-0.184201,0.506562,-0.414461,0.034548,0.034544,0.716097,1.328579,1.300206,0.855163,0.523536,2e-05,0.0,79.956543
-0.271744,0.181156,-0.679354,1.680867,1.680868,-0.991847,-0.303441,-0.366824,-0.625593,-1.046256,0.000588,1.0,81.300507
0.580399,0.739727,-0.159327,-0.509513,-0.509506,-0.546264,0.101283,0.120631,-0.066965,-0.475721,0.000712,-1.0,80.886276
-0.204919,0.500911,-0.478147,-0.034138,-0.034154,-0.336969,0.050099,0.125238,0.016337,-0.352101,0.000695,0.0,80.85865
1.538463,1.561601,-0.208214,-1.582427,-1.582413,1.177557,1.418159,1.626374,1.641773,1.275455,3.2e-05,-1.0,79.579132
-0.081126,0.475145,-0.42879,-0.185076,-0.18509,1.233059,1.307229,1.742971,1.78529,1.463718,0.00022,0.0,79.431839
-0.057731,0.889038,-0.969865,0.370845,0.370858,0.464144,0.713538,1.264668,1.316258,1.161963,0.000344,0.0,79.726418
-0.492157,0.412042,-1.041545,0.877491,0.877482,-0.524202,-0.250649,0.274704,0.389161,0.299116,0.000506,1.0,80.426003
1.271979,1.734505,-0.046252,-1.018659,-1.018651,0.185014,0.70768,1.144005,1.32112,1.308369,0.000667,-1.0,79.606743
-1.888071,0.033915,-2.882982,2.277989,2.277987,-1.594124,-1.352178,-1.114755,-0.902203,-0.844035,0.000652,1.0,81.420174
-0.643058,0.09025,-0.755869,0.214814,0.214807,-1.274818,-1.362814,-1.34401,-1.034517,-0.985539,0.000741,0.0,81.59507
-0.815192,0.502515,-1.049695,1.026621,1.026637,-1.62145,-2.227815,-2.269132,-1.950315,-1.932322,0.001472,1.0,82.432755
0.312085,0.546145,-0.401249,0.189837,0.189835,-1.283998,-2.206872,-2.336904,-2.084823,-2.049044,0.001149,0.0,82.589241
-0.541729,0.176898,-0.81813,0.813639,0.813644,-1.202877,-2.707579,-2.875996,-2.772255,-2.741408,0.00096,1.0,83.261223
-0.570799,0.131721,-0.603735,0.718635,0.718624,-1.326013,-2.891329,-3.256495,-3.324918,-3.293083,0.001247,1.0,83.859558
0.208464,0.318187,-0.07681,0.043908,0.043897,-0.820704,-2.40179,-2.985873,-3.242804,-3.163474,0.001238,0.0,83.89637
0.351651,0.483516,-0.230767,-0.153612,-0.153613,-0.34944,-1.76922,-2.640281,-2.957131,-2.879987,0.001336,0.0,83.767494
-0.547228,0.20794,-0.700453,0.406597,0.4066,-0.391812,-1.729228,-2.779172,-3.173356,-3.160769,0.001757,0.0,84.108093
0.708596,0.907889,-0.298929,-1.14918,-1.149178,0.737381,-0.161639,-1.465891,-1.867794,-1.958361,0.001025,-1.0,83.141541
-0.03314,0.48608,-0.209901,0.221439,0.221444,0.386648,-0.153558,-1.383857,-1.8808,-2.087052,0.000745,0.0,83.325653
0.575028,0.917835,-0.033173,-0.099426,-0.099435,0.329539,0.143766,-0.980492,-1.585748,-1.920592,0.000796,0.0,83.242798
-0.253306,0.374447,-0.363441,0.40916,0.409173,-0.123358,-0.126661,-1.076366,-1.850228,-2.21939,0.000972,0.0,83.583405
-0.409114,0.398056,-0.574973,-0.396478,-0.396488,0.068555,0.350511,-0.456284,-1.317444,-1.728434,0.000683,0.0,83.252007
0.464238,1.072179,-0.243175,0.033169,0.033174,0.068531,0.319441,-0.195275,-1.204818,-1.610698,0.000846,0.0,83.279625
0.565657,0.720938,-0.443657,-0.342655,-0.342647,0.332735,0.560106,0.27432,-0.65939,-1.124673,0.000874,0.0,82.99427
1.125245,1.777877,-0.146281,-1.430792,-1.430794,1.438055,1.76437,1.747119,0.927758,0.401033,0.000793,-1.0,81.806793
-0.134241,0.111872,-1.420738,0.585122,0.585102,0.532515,0.992298,1.143323,0.49616,-0.135119,0.001112,1.0,82.285446
-0.088976,0.278054,-0.344789,0.581727,0.581754,-0.166847,0.245787,0.572409,0.056154,-0.621969,0.001315,1.0,82.764145
-0.210997,0.233202,-0.344254,0.155713,0.155687,-0.415316,0.059976,0.38646,0.098844,-0.67828,0.00075,0.0,82.892998
0.300168,0.555859,-0.322407,-0.111052,-0.111018,-0.351326,0.107817,0.4128,0.293476,-0.41225,0.000897,0.0,82.800972
0.022081,0.485705,-0.816865,0.711502,0.711478,-0.675565,-0.581734,-0.337044,-0.307422,-0.925923,0.001174,1.0,83.390083
-0.197608,0.175647,-0.955097,0.551941,0.551963,-0.847525,-1.095636,-0.877538,-0.770135,-1.273044,0.001964,1.0,83.850365
0.623605,1.013368,-0.634744,-1.416184,-1.416195,0.552339,0.253896,0.429841,0.659795,0.253449,0.001508,-1.0,82.66288
1.220757,2.758001,-0.045212,-1.481071,-1.481063,1.706792,1.534977,1.800225,2.06114,1.850561,0.000822,-1.0,81.438591
-1.173995,0.753133,-1.173995,2.057197,2.057189,-0.268025,-0.497288,-0.268767,-0.040984,-0.120948,0.001259,1.0,83.113937
-0.210055,0.818138,-0.342732,0.177205,0.17721,-0.4754,-0.498622,-0.443712,-0.25595,-0.217586,0.001702,0.0,83.261223
-0.167153,0.891457,-0.534885,-0.784957,-0.784957,0.011137,0.327605,0.265199,0.462991,0.58033,0.000568,-1.0,82.607658
-1.101417,0.185386,-1.363143,2.184083,2.184086,-1.712108,-1.621598,-1.786268,-1.666313,-1.483108,0.001297,1.0,84.41188
-0.690565,1.008439,-1.063247,-0.512538,-0.512543,-0.60068,-0.985423,-1.224749,-1.10984,-0.941366,0.000727,-1.0,83.979233
2.794368,3.616899,-0.101408,-2.718406,-2.718417,1.829871,1.646207,1.429491,1.553809,1.720793,-0.00035,-1.0,81.696327
-0.891267,0.256241,-1.65998,1.138027,1.138035,0.530307,0.409986,0.354279,0.373774,0.514703,-0.00023,1.0,82.62606
-0.435314,0.401833,-1.205495,-0.189393,-0.189391,0.687576,0.433084,0.559585,0.496704,0.642477,-0.000566,0.0,82.469574
-1.349572,0.054862,-1.503183,1.730106,1.730088,-1.147674,-1.127921,-1.060626,-1.174006,-1.079208,5.8e-05,1.0,83.89637
-1.577933,0.139545,-1.814085,2.216368,2.216366,-2.876762,-2.76834,-2.983381,-3.172484,-3.102176,0.000936,1.0,85.755821
0.269248,1.023151,-0.376952,-0.332761,-0.332752,-1.669359,-2.168007,-2.451259,-2.704356,-2.678293,0.000662,0.0,85.470467
-1.125745,0.414188,-1.295665,1.410876,1.410855,-2.102787,-3.135065,-3.555623,-3.777055,-3.873806,0.00161,1.0,86.676331
0.286352,0.615126,-0.403009,0.138062,0.138088,-1.240862,-2.786087,-3.462366,-3.649907,-3.858308,0.001579,0.0,86.796021
-1.110757,0.074047,-1.343488,0.254538,0.254523,-0.774357,-2.733517,-3.373874,-3.650152,-3.929323,0.001711,0.0,87.016937
-0.126834,0.221962,-0.761021,0.084627,0.084652,-0.551756,-2.45853,-3.022948,-3.490655,-3.835546,0.00159,0.0,87.090599
0.063596,0.39216,-0.508743,-0.274811,-0.274837,0.04028,-1.596177,-2.46881,-2.991508,-3.392886,0.001635,0.0,86.851242
1.108117,2.280797,-0.129108,-1.483835,-1.483833,1.286717,0.229157,-0.820507,-1.403434,-1.76223,0.001074,-1.0,85.562515
-0.352719,0.502348,-0.897821,0.656266,0.656282,0.470277,-1.3e-05,-1.194964,-1.914286,-2.22446,0.001444,1.0,86.124046
-0.095817,0.542953,-0.234217,0.395471,0.395458,-0.053228,-0.096883,-1.425884,-2.080801,-2.438407,0.00212,0.0,86.46463
0.639937,1.546501,-0.010659,-0.180993,-0.180975,-0.053337,0.14824,-1.067275,-1.621168,-2.103248,0.001836,0.0,86.308151
-0.255676,0.447423,-0.681798,0.117325,0.600155,-0.655377,-0.293084,-1.263607,-1.994299,-2.50184,0.001843,1.0,86.826134
-0.330279,0.724486,-0.383551,-0.010655,-0.010667,-0.355813,-0.266258,-0.931261,-1.779065,-2.333553,0.001781,0.0,86.816872
-0.794745,0.137755,-0.985484,0.543368,0.543366,-0.627489,-0.748817,-1.098603,-2.041749,-2.703813,0.002024,0.0,87.288605
-0.148243,0.815328,-0.645911,0.074172,0.074188,-0.497677,-0.783882,-0.90809,-1.946002,-2.56116,0.001788,0.0,87.353363
-0.94027,0.512874,-1.089861,-0.900044,-0.90005,0.465862,0.056754,0.054368,-0.905977,-1.439222,0.00125,-1.0,86.567139
0.063427,1.035942,-0.084566,1.079175,1.079175,-0.452432,-0.937208,-0.859135,-1.632248,-2.290945,0.002174,1.0,87.50135
0.76062,1.257131,-0.105643,0.063427,0.063415,-0.346495,-0.772214,-0.854922,-1.413012,-2.156625,0.002746,0.0,87.556839
0.316621,0.791557,-0.052772,0.095078,0.095074,-0.36094,-0.69348,-0.884887,-1.211668,-2.019874,0.002019,0.0,87.640083
0.04191,0.492461,-0.230511,0.728229,0.728248,-0.871759,-1.205998,-1.506214,-1.677702,-2.55306,0.002224,1.0,88.27832
-0.209978,0.178477,-0.587932,-0.199073,-0.199078,-0.325465,-0.805253,-1.233168,-1.34839,-2.171471,0.002441,0.0,88.102577
1.083839,1.232602,-0.191258,-1.196857,-1.196853,0.77781,0.421844,-0.021677,-0.062753,-0.740501,0.001188,-1.0,87.048119
-0.618009,0.010657,-1.321257,-0.276272,-0.27626,0.884378,0.698975,0.350911,0.221661,-0.272845,0.001276,0.0,86.80764
1.604737,1.766291,-0.236941,-1.065527,-1.065551,1.561669,1.619825,1.412981,1.247902,0.960209,0.001888,-1.0,85.88266
0.652101,1.16292,-0.141288,-0.904686,-0.90467,1.743285,2.283441,2.23236,2.059938,1.938744,0.001131,-1.0,85.105705
-0.952893,0.449674,-0.995718,1.510711,1.51069,-0.167014,0.740907,0.717353,0.500606,0.451111,0.001761,1.0,86.391388
-0.032005,0.117329,-0.416006,0.374731,0.374751,-0.616541,0.274123,0.33279,0.117538,0.133489,0.001259,0.0,86.715141
0.968891,1.216489,-0.732043,-0.917338,-0.917347,0.096892,1.011954,1.192095,1.06525,1.025339,9.9e-05,-1.0,85.919662
-0.064554,0.473373,-0.494893,0.064596,0.0646,0.05379,0.753092,1.024921,0.991346,0.921928,0.000246,0.0,85.975166
1.139909,1.924935,-0.032258,0.043033,0.043039,0.221522,0.446278,0.877506,0.921597,0.831784,-0.000261,0.0,86.012169
1.565726,1.837559,-0.500166,-1.096893,-1.096898,1.022074,1.203653,1.878872,1.968031,1.855002,-0.000718,-1.0,85.068703
0.162271,0.519255,-0.713977,0.511034,0.511043,0.225005,0.508432,1.205098,1.372233,1.274072,-0.000623,0.0,85.503441
2.223689,2.454862,-0.011011,-1.730847,-1.730857,1.53897,1.947377,2.707321,2.99152,2.98459,-0.001296,-1.0,84.023499
0.730897,0.985606,-0.276852,-0.594454,-0.594446,1.559243,2.274633,2.992978,3.38205,3.475922,-0.001414,-1.0,83.524025
-0.429088,0.715157,-0.451088,0.653372,0.653372,0.437893,1.48751,1.990682,2.515674,2.69028,-0.000623,1.0,84.069748
-1.185856,0.172485,-1.444591,2.057437,2.057429,-1.416555,-0.627423,-0.244357,0.404268,0.596377,-0.000104,1.0,85.799423
-0.117954,0.107222,-0.696982,0.539028,0.539032,-1.769249,-1.212742,-0.83995,-0.205882,0.030874,-5e-05,0.0,86.261909
-0.479337,0.330209,-0.788247,0.664809,0.664821,-1.770356,-1.759706,-1.492702,-0.906494,-0.628906,0.000263,1.0,86.835396
-0.190921,0.063635,-0.753077,0.426076,0.426061,-1.342806,-2.035425,-1.809505,-1.351826,-1.05431,0.000198,0.0,87.205368
1.307187,1.960789,-0.042858,-1.007641,-1.007648,0.184304,-1.00181,-0.715731,-0.460722,-0.094711,-0.000171,-1.0,86.326645
1.501627,1.697493,-0.359089,-1.532193,-1.532186,1.55604,0.531012,0.720347,0.905874,1.386285,-0.00094,-1.0,85.00396
1.598351,1.598351,-0.86985,0.076166,0.076165,1.198221,0.403397,0.514664,0.712735,1.194739,-0.000939,0.0,85.068703
-1.115764,0.064365,-1.437617,1.348267,1.348262,-0.291811,-0.678031,-0.799621,-0.661404,-0.213706,-0.000106,1.0,86.215652
2.036349,2.255316,0.0,-2.006226,-2.006219,1.105758,1.469239,1.113791,1.28969,1.67988,-0.001249,-1.0,84.485977
0.033184,1.150439,-0.210179,-1.029116,-1.029109,1.50884,2.470124,1.97418,2.253862,2.514149,-0.001654,-1.0,83.616524
0.285965,0.428946,-0.989886,0.57522,0.575212,0.712714,1.681699,1.313977,1.532667,1.737351,-0.001476,1.0,84.097496
-0.68695,0.065427,-1.908187,0.868895,0.868878,-0.211523,0.636806,0.388197,0.546849,0.756313,-0.001424,1.0,84.828201
-0.84673,0.021432,-1.307615,1.733726,1.733752,-1.892828,-1.140418,-1.146847,-1.144703,-0.984361,-0.000708,1.0,86.298912
0.547803,0.902257,-0.945219,-0.214367,-0.214369,-1.303976,-1.054784,-0.73398,-0.924277,-0.760905,-0.000344,0.0,86.113914
0.311221,0.311221,-0.761967,0.085937,0.08593,-0.792019,-1.155831,-0.655366,-0.999144,-0.795883,-0.00021,0.0,86.187912
-0.107137,0.696377,-0.374973,0.171707,0.171703,-0.443537,-1.170985,-0.784225,-1.095453,-0.968498,0.000249,0.0,86.335899
-1.286819,0.138254,-1.286819,0.73923,0.739241,-0.680634,-1.677128,-1.457694,-1.736682,-1.683296,0.000857,1.0,86.974129
0.971915,1.003954,-0.234967,-0.425396,-0.4254,-0.185836,-1.212217,-1.054506,-1.167894,-1.231655,0.00014,0.0,86.604141
1.068533,1.230436,-0.205075,-1.046668,-1.046683,0.77281,-0.025894,-0.125193,0.004328,-0.199881,-0.000386,-1.0,85.69767
0.432621,0.97339,-1.146442,-0.205075,-0.205073,0.824147,0.402345,0.017314,0.294732,-0.017726,-0.000122,0.0,85.521927
0.205467,0.47583,-0.529903,0.010818,0.01083,0.625061,0.559095,0.047578,0.268191,-0.006924,-0.000142,0.0,85.531189
-0.688917,0.365983,-1.076424,0.465013,0.465009,-0.083963,0.221746,-0.348761,-0.215283,-0.449943,1.4e-05,0.0,85.928917
0.63963,1.00824,-0.281872,-0.710441,-0.710441,0.329573,0.823938,0.294161,0.409801,0.323072,0.000157,-1.0,85.318443
-0.151567,0.50882,-0.32478,0.140937,0.140939,0.127744,0.603007,0.227345,0.165095,0.271516,2e-05,0.0,85.43869
-0.475111,0.302345,-0.85304,0.25982,0.259827,-0.099344,0.280742,0.126692,-0.133359,0.085949,0.000757,0.0,85.660683
0.884468,1.037341,-0.010921,-1.112187,-1.112203,0.829883,1.21643,1.300874,0.972382,1.160088,0.000566,-1.0,84.707962
-1.065428,0.053811,-1.495907,1.463197,1.46322,-0.619897,-0.362688,-0.07319,-0.43264,-0.313397,0.000866,1.0,85.947426
-0.301208,0.731492,-0.419543,0.043055,0.043044,-0.507748,-0.477631,-0.140567,-0.488925,-0.395875,0.000119,0.0,85.984421
-0.043102,0.204744,-0.538796,-0.172122,-0.17211,-0.243542,-0.289881,0.010046,-0.238696,-0.287943,-0.000144,0.0,85.836433
-1.260727,0.042377,-1.260727,1.713362,1.713353,-1.546773,-1.765018,-1.589154,-1.70781,-1.922664,0.000244,1.0,87.307114
0.29718,0.583736,-0.180427,-0.180103,-0.180111,-0.808736,-1.402032,-1.349319,-1.355334,-1.647204,2e-05,0.0,87.149864
1.638986,1.951685,-0.129401,-1.570787,-1.570782,0.735388,0.154191,0.132264,0.274419,-0.044431,-0.000189,-1.0,85.78093
1.415097,1.601581,-0.175512,-1.703695,-1.70369,2.086442,1.77161,1.68714,1.895017,1.598067,-0.000252,-1.0,84.319489
-0.164469,0.131584,-0.559207,0.043879,0.043874,1.690792,1.598689,1.536553,1.746165,1.547371,-0.000264,0.0,84.356483
-0.957667,0.054414,-1.03385,0.756584,0.756569,0.383077,0.75744,0.732773,0.911971,0.849723,-0.000483,1.0,84.994698
0.973891,1.228422,-0.320935,-1.665041,-1.181096,0.830634,1.876324,1.81448,1.978481,2.050012,-0.000178,-1.0,83.990829
-0.504049,0.164369,-0.602669,0.996019,0.996018,-0.388571,0.739587,0.72382,0.846239,1.043561,0.000572,1.0,84.827393
-0.098416,0.306173,-0.492074,0.2082,0.208211,-0.434485,0.414935,0.489877,0.542581,0.772681,0.000436,0.0,85.004013
-0.771992,0.130475,-0.771992,0.568615,0.568614,-0.732857,-0.193644,-0.074496,-0.038187,0.173596,0.000325,1.0,85.487358
0.097445,0.151582,-0.249028,0.42405,0.424043,-0.952792,-0.784823,-0.481743,-0.441179,-0.26514,-0.00016,0.0,85.849861
-0.248624,0.410763,-0.259435,0.162411,0.162427,-0.64859,-1.080679,-0.543784,-0.575988,-0.442996,-2e-05,0.0,85.989304
-0.290847,0.032324,-0.473984,0.345902,0.345894,-0.652802,-1.363036,-0.860396,-0.897971,-0.818037,7.6e-05,0.0,86.286736
-0.601178,0.064415,-0.697797,0.344718,0.344719,-0.629092,-1.440329,-1.154796,-1.165328,-1.159683,0.00014,0.0,86.584183
-0.117757,0.171292,-0.738677,0.27912,0.279096,-0.597348,-1.430237,-1.353933,-1.360523,-1.382801,-3e-05,0.0,86.825836
-0.064339,0.160836,-0.675533,-0.160578,-0.160573,-0.244469,-1.076552,-1.243014,-1.142716,-1.17046,6.8e-05,0.0,86.686417
-0.681935,0.149176,-1.012249,0.632635,0.632644,-0.586041,-1.32658,-1.857372,-1.619367,-1.713651,0.00069,1.0,87.234833
-1.000522,0.400216,-1.211165,1.172083,1.172079,-1.291204,-2.081086,-2.807298,-2.628247,-2.746772,0.0012,1.0,88.257294
-0.031518,0.378152,-0.199582,0.263302,0.263311,-1.11976,-1.944333,-2.748369,-2.742407,-2.858828,0.001293,0.0,88.489685
-0.407055,0.709734,-0.761929,0.640755,0.640746,-1.248303,-2.167829,-3.015687,-3.180816,-3.31479,0.001358,1.0,89.056679
0.220262,0.335635,-0.398579,-0.490551,-0.490549,-0.325155,-1.372982,-2.264877,-2.629465,-2.704598,0.00144,0.0,88.619812
0.0,0.200192,-0.431983,-0.451024,-0.451006,0.349795,-0.673282,-1.502486,-2.127669,-2.104556,0.001221,0.0,88.220131
1.270553,1.31326,-0.224222,-1.317032,-1.31705,1.413627,0.740977,-0.017081,-0.74808,-0.746979,0.000637,-1.0,87.058228
-0.074648,0.490565,-0.362587,0.117442,0.117466,0.989641,0.6889,0.030554,-0.701555,-0.809459,0.001092,0.0,87.160492
-0.213215,0.298511,-0.426431,0.03199,0.031966,0.528797,0.698303,0.128651,-0.570887,-0.779133,0.000562,0.0,87.188354
-0.742311,0.190881,-0.858964,0.533052,0.533053,-0.224807,0.27466,-0.265107,-0.946443,-1.289439,0.000743,0.0,87.653114
0.021229,0.138019,-0.902433,-0.116645,-0.116635,-0.261181,0.427851,-0.029737,-0.627464,-1.155852,0.000764,0.0,87.55088
-0.01059,0.052945,-0.561203,0.265418,0.265419,-0.36002,0.108,-0.180722,-0.722158,-1.32627,0.000228,0.0,87.783257
-0.084368,0.116014,-0.421852,0.402369,0.402366,-0.537862,-0.333262,-0.463336,-0.942313,-1.548478,0.000443,0.0,88.136467
0.350055,0.604646,-0.339452,-0.580042,-0.580044,0.142144,0.084862,0.178208,-0.242392,-0.824869,0.00081,-1.0,87.625237
1.214798,1.257798,-0.096754,-1.325981,-1.325992,1.212655,1.180404,1.507213,1.133637,0.5758,0.00095,-1.0,86.463333
-0.557878,0.300392,-0.665165,0.204259,0.204281,0.796041,0.791749,1.254503,0.965011,0.493067,0.00101,0.0,86.639961
0.376101,0.462065,-0.4943,-0.16093,-0.160936,0.661937,0.889747,1.282325,1.14012,0.732427,0.00067,0.0,86.500526
-0.729148,0.085781,-0.804203,0.214919,0.214902,0.111526,0.61871,0.926453,0.929131,0.594048,0.001187,0.0,86.686417
0.247447,0.29048,-0.376547,-0.332404,-0.332384,0.161368,0.862821,1.057908,1.24098,0.971695,0.000695,0.0,86.398285
-1.374356,0.243148,-1.596364,1.764391,1.764386,-1.243262,-0.855273,-0.747088,-0.444027,-0.684645,0.001271,1.0,87.922684
-0.042434,0.339409,-0.328808,-0.32773,-0.327737,-0.691555,-0.519726,-0.465279,-0.093868,-0.282987,0.000939,0.0,87.634529
-0.105398,0.326728,-0.210788,0.636399,0.636403,-0.935918,-1.102444,-1.008992,-0.729341,-0.827151,0.001018,1.0,88.192238
0.360251,0.402632,-0.32846,-0.526984,-0.526985,-0.17376,-0.625128,-0.441474,-0.24687,-0.249627,0.000763,-1.0,87.727478
0.106148,0.329052,-0.37151,-0.180122,-0.180126,0.273862,-0.452175,-0.232806,-0.151781,-0.035659,0.000568,0.0,87.569458
0.084619,0.349055,-0.624077,0.350284,0.350299,-0.086747,-0.638892,-0.564144,-0.542637,-0.330453,0.00057,0.0,87.876213
-0.837937,0.275773,-1.071284,-0.275015,-0.275028,0.1888,-0.251377,-0.283551,-0.301759,-0.037334,0.000365,0.0,87.634529
-0.706008,0.084297,-0.864073,0.657617,0.657602,-0.461527,-0.709154,-0.90269,-0.887761,-0.692503,0.000668,1.0,88.210815
-0.386458,0.125346,-0.67892,0.885134,0.885152,-1.050761,-1.321282,-1.708094,-1.654477,-1.541253,0.000761,1.0,88.991615
-0.416833,0.323052,-0.604411,0.229789,0.229778,-0.91287,-1.233835,-1.81602,-1.767388,-1.760718,0.000412,0.0,89.196098
0.062242,0.383852,-0.207495,0.44811,0.448127,-0.971068,-1.487717,-2.020965,-2.097217,-2.155418,0.000481,0.0,89.59581
0.231165,1.239893,-0.010501,-1.265697,-1.265704,0.485446,-0.131342,-0.627645,-0.790686,-0.890192,-0.000226,-1.0,88.461792
-0.537077,0.475113,-1.208424,1.733743,1.733751,-0.830415,-1.632935,-2.062253,-2.358507,-2.448673,0.000598,1.0,89.995499
-0.657486,0.164376,-1.078692,0.537078,0.537068,-1.031433,-1.854323,-2.306002,-2.750664,-2.82309,0.000964,0.0,90.478836
0.761394,0.926017,-0.432147,-0.154095,-0.15409,-0.625581,-1.396239,-1.864394,-2.450359,-2.533598,0.001395,0.0,90.339417
1.190477,1.242238,-0.010353,-0.607061,-0.607063,0.024845,-0.580747,-1.126295,-1.669254,-1.843063,0.001127,-1.0,89.791
0.604106,0.822831,-0.09374,-0.610769,-0.610777,0.814509,0.210403,-0.39856,-0.919165,-1.164034,0.000889,-1.0,89.242577
0.06266,0.490807,-0.114866,-0.260386,-0.260387,0.856312,0.561827,-0.07727,-0.519521,-0.850869,0.000595,0.0,89.010201
0.693496,0.87213,-0.851103,-0.616127,-0.616119,1.025534,1.125356,0.597529,0.197544,-0.221495,0.00041,-1.0,88.461792
1.407548,1.695457,-0.09597,-1.46054,-1.460551,1.795697,2.391777,2.058017,1.726924,1.236521,-0.00023,-1.0,87.169762
0.807911,0.807911,-0.776014,0.30923,0.309246,0.943971,1.829485,1.71007,1.385668,0.969065,-0.000264,0.0,87.439331
1.611678,1.753244,0.0,-2.381203,-2.38122,2.495924,3.949701,4.013224,3.725374,3.371896,-0.000931,-1.0,85.357208
0.196571,0.7972,-0.688002,-0.283131,-0.283125,1.871793,3.671511,4.06611,3.839144,3.600312,-0.000545,0.0,85.11554
1.641857,1.641857,-0.667686,-0.229332,-0.229315,1.271877,3.25524,3.985685,3.912531,3.755243,-0.000705,0.0,84.920357
-0.416489,1.139846,-0.712413,-0.131345,-0.13134,0.848295,2.738909,3.777563,3.886433,3.816727,-0.000695,0.0,84.808823
-0.220852,0.49691,-0.419608,-0.745292,-0.745309,0.830393,2.843419,4.127652,4.446777,4.418289,-0.00105,-1.0,84.176735
0.032978,0.483729,-0.406776,0.441697,0.441711,0.195685,1.83596,3.361172,3.804956,3.813092,-0.000763,0.0,84.548553
-1.725815,0.086288,-1.973894,1.92392,1.923913,-1.449677,-0.415276,1.114583,1.727426,1.759893,-0.000704,1.0,86.175194
-0.171744,0.72993,-0.21468,0.485386,0.485384,-1.539283,-1.112067,0.327033,1.097571,1.215969,-0.000403,0.0,86.593475
-0.096869,0.678069,-0.387474,-0.268352,-0.268353,-0.914865,-0.939622,0.289881,1.205463,1.432348,-0.000738,0.0,86.361099
-1.050178,0.084862,-1.262331,1.46378,1.463782,-1.557229,-2.347514,-1.32174,-0.367035,-0.042437,-1e-06,1.0,87.625237
0.084754,0.402582,-0.12713,0.127292,0.127293,-0.95561,-2.200444,-1.561609,-0.535018,-0.164852,0.000113,0.0,87.736778
0.27592,0.583674,-0.774704,-0.169506,-0.169524,-0.464808,-1.752081,-1.502695,-0.503545,-0.023761,-8e-05,0.0,87.588043
-0.671841,0.146968,-0.703332,1.093065,1.093104,-1.100164,-2.405013,-2.56143,-1.688558,-1.124943,0.000427,1.0,88.545471
0.36951,0.453967,-0.052788,-0.566863,-0.094952,-0.531317,-1.899356,-2.371482,-1.701269,-1.064191,0.000148,0.0,88.461395
-0.762248,0.219273,-1.232118,1.108529,1.108556,-1.215641,-2.38625,-3.292608,-2.798526,-2.155802,0.000231,1.0,89.442039
0.041692,0.406502,-0.416928,0.177508,0.177484,-0.974587,-1.995331,-3.148204,-2.950748,-2.278304,0.000212,0.0,89.600784
0.188356,0.34533,-0.324404,-0.396079,-0.39606,-0.209299,-1.261557,-2.454549,-2.55164,-1.923325,-0.000101,0.0,89.245911
0.240061,0.375745,-0.104375,0.261614,0.261608,-0.260934,-1.196668,-2.369399,-2.749045,-2.22391,0.000465,0.0,89.479385
0.397862,0.554917,-0.052352,-0.313119,-0.313116,0.217777,-0.56815,-1.734608,-2.329822,-1.967927,-0.000293,0.0,89.199211
0.188344,0.334835,-0.303439,0.062816,0.062807,0.113014,-0.447939,-1.416963,-2.289401,-2.053469,-0.000469,0.0,89.255234
-0.167889,0.104934,-0.629588,-0.282516,-0.282515,0.262337,-0.023617,-0.804002,-1.807756,-1.786736,-0.000517,0.0,89.003075
0.126009,0.357028,-0.420037,-0.073449,-0.073463,0.266735,0.201634,-0.524003,-1.52069,-1.717794,-0.000319,0.0,88.937691
-0.335081,0.303661,-0.460733,0.283525,0.283549,-0.081687,-0.009433,-0.611196,-1.559788,-1.963031,1.2e-05,0.0,89.189873
0.419025,0.513305,-0.209516,-0.041885,-0.041898,-0.050283,0.109999,-0.3608,-1.274916,-1.832978,9.3e-05,0.0,89.152504
0.515845,1.084328,-0.178965,-0.492358,-0.49235,0.322137,0.523213,0.213987,-0.530738,-1.289808,0.000139,0.0,88.713562
-0.648469,0.209187,-1.16096,0.652701,0.652716,-0.263585,-0.163176,-0.319725,-0.910133,-1.753635,0.000922,1.0,89.29261
0.314993,0.409491,-0.272993,-0.386985,-0.386986,0.125987,0.191081,0.169382,-0.369364,-1.199653,0.000664,0.0,88.94706
0.614018,0.868098,-0.137623,-0.818989,-0.818993,0.732584,0.875497,0.971834,0.545449,-0.234255,0.001242,-1.0,88.21859
-0.031798,0.26494,-0.593478,-0.105859,-0.105872,0.606196,0.860535,1.053415,0.752102,0.022011,0.001308,0.0,88.125191
-0.643866,0.052777,-0.844417,0.40271,0.402718,0.149888,0.368374,0.575607,0.39629,-0.184635,0.001542,0.0,88.480087
0.275131,0.507935,-0.243388,-0.253321,-0.253327,0.169316,0.538624,0.729453,0.680679,0.236896,0.001497,0.0,88.255943
-0.359216,0.190174,-0.929741,0.158726,0.158742,-0.114113,0.318005,0.505711,0.566814,0.178526,0.001832,0.0,88.396042
-0.411131,0.168675,-1.02256,0.221868,0.221849,-0.250887,0.028474,0.216468,0.346835,0.047014,0.00175,0.0,88.592148
-0.397736,0.46054,-0.669872,0.716849,0.716848,-0.713831,-0.675101,-0.494726,-0.324465,-0.53658,0.001303,1.0,89.227219
-0.404605,0.114116,-0.746968,0.889682,0.889698,-1.247027,-1.405755,-1.3155,-1.171295,-1.307244,0.001453,1.0,90.021072
0.227979,0.445594,-0.269429,0.114116,0.11411,-0.945078,-1.425906,-1.345079,-1.254924,-1.31379,0.001595,0.0,90.123795
1.182685,1.721224,-0.147837,-1.865283,-1.86528,0.948252,0.390703,0.49278,0.576551,0.600627,0.000362,-1.0,88.442734
1.027945,1.113606,-0.07496,-1.383314,-1.383334,2.049482,1.684346,1.751806,1.857812,1.950969,-0.000198,-1.0,87.219276
-0.554193,0.202487,-0.6288,0.471143,0.471142,1.206448,1.151029,1.158846,1.290642,1.434947,4e-05,0.0,87.630203
1.222949,1.341992,-0.075754,-1.524037,-1.52402,1.909087,2.463201,2.537518,2.686686,2.858872,-0.00093,-1.0,86.294701
-0.932473,0.053592,-1.1254,0.974029,0.974023,0.240084,1.346196,1.383354,1.588962,1.753485,-0.000534,1.0,87.135231
-1.176092,0.320752,-1.25094,0.246519,0.24652,-0.256608,0.977223,1.012151,1.248262,1.416441,-0.000853,0.0,87.350037
0.332904,0.644327,-0.48325,-0.438364,-0.438365,0.124569,1.234966,1.360969,1.56626,1.747423,-0.001081,0.0,86.967125
1.189175,1.298276,-0.392757,-1.56787,-1.567863,1.245904,2.424171,2.779105,2.976757,3.200081,-0.001515,-1.0,85.6036
0.515809,0.82309,-0.899909,-0.589136,-0.58916,1.564987,2.452827,3.123373,3.374692,3.61635,-0.00183,-1.0,85.099258
0.207177,0.436159,-0.610618,0.647501,0.647527,0.564814,1.271388,2.257105,2.496993,2.793143,-0.001475,1.0,85.650299
0.14138,0.85917,-0.315386,0.26169,0.261679,-0.041323,0.707996,1.794458,2.050577,2.382171,-0.001401,0.0,85.874428
1.536922,1.748529,-0.055679,-2.349103,-2.349106,1.621566,2.729709,3.866808,4.24547,4.590721,-0.002166,-1.0,83.857147
-1.716791,0.076541,-2.372884,1.848764,1.848768,-0.269005,0.6047,1.683249,2.194094,2.516785,-0.001454,1.0,85.407471
1.793468,2.016264,-0.30077,-1.83707,-1.837077,1.296652,2.194502,3.09458,3.829793,4.202748,-0.00224,-1.0,83.83847
1.877137,2.15017,-0.01137,-2.083105,-2.083106,2.584761,3.754275,4.635579,5.663264,6.068726,-0.002996,-1.0,82.092026
2.755083,3.315437,-0.116743,-2.548349,-2.548345,3.798739,5.548683,6.668225,7.901591,8.395055,-0.003757,-1.0,80.000038
-0.220446,0.89338,-0.556908,0.618725,0.618715,2.325104,4.095614,5.455402,6.735134,7.344719,-0.00377,1.0,80.49501
0.070491,0.716718,-2.608391,-1.253041,-1.253023,2.133696,4.646915,6.110513,7.476785,8.272109,-0.004091,-1.0,79.486389
-3.079063,0.474585,-3.368445,1.503937,1.50392,-0.162054,2.548911,4.074551,5.305597,6.28129,-0.00323,1.0,80.681801
-0.921607,0.799469,-1.299131,4.24817,4.248167,-3.750824,-1.813225,-0.406383,0.656798,1.753069,-0.001618,1.0,84.109299
-0.722229,0.022217,-1.144448,-0.066617,-0.066598,-2.722234,-1.964457,-0.601493,0.462767,1.614212,-0.001791,0.0,84.053284
-2.496768,0.032291,-2.496768,3.244438,3.244412,-4.330591,-4.708335,-3.7394,-2.719525,-1.662485,-0.000496,1.0,86.780319
2.632738,2.874072,-0.032906,-1.894103,-1.894084,-1.156213,-2.900398,-1.917509,-0.987823,0.043881,-0.001256,-1.0,85.136627
-0.833509,0.983123,-1.047227,2.654673,2.654667,-2.175678,-5.004272,-4.278687,-3.485247,-2.663383,-0.000355,1.0,87.396721
-1.224924,0.158398,-1.573389,1.19684,1.196856,-2.352705,-5.409729,-5.200295,-4.55281,-3.890613,-0.000177,1.0,88.442734
0.522947,0.757739,-0.480258,-1.055964,-1.055979,-0.520813,-3.542157,-4.064035,-3.52508,-2.907577,-0.000898,-1.0,87.508797
-0.809074,0.231165,-1.071759,1.568831,1.568838,-1.584532,-4.088474,-5.168997,-4.907535,-4.332458,-0.000359,1.0,88.881668
0.199897,0.725931,-0.715408,-0.126088,-0.126087,-0.641769,-2.921625,-4.796779,-4.609158,-4.16034,0.000285,0.0,88.7696
-1.2449,0.449836,-1.506431,0.568124,0.568137,-0.78252,-2.507602,-4.928706,-4.914234,-4.568277,0.001008,1.0,89.273933
0.842691,0.894711,-0.249691,0.554451,0.554443,-1.034128,-2.414697,-4.882794,-5.209123,-4.97712,0.001038,1.0,89.768906
0.616771,0.616771,-0.240437,-0.478572,-0.478567,-0.148446,-1.353762,-3.728493,-4.559387,-4.43112,0.001426,0.0,89.339302
0.430259,0.598173,-0.430269,-0.386781,-0.386793,0.26446,-0.722007,-2.718021,-3.900203,-3.968941,0.000922,0.0,88.993744
-0.403265,0.186125,-1.044358,1.49018,1.490194,-0.86444,-1.605836,-3.346784,-5.039302,-5.170105,0.001382,1.0,90.319923
0.186125,0.268852,-0.599724,0.0,0.0,-0.632821,-1.282187,-2.635378,-4.680496,-4.938898,0.001545,0.0,90.319923
-0.072333,0.217007,-0.661358,0.062044,0.062018,-0.560074,-1.129465,-2.23346,-4.281273,-4.788662,0.002148,0.0,90.375938
-0.411228,0.113083,-0.904698,0.516692,0.516701,-0.740204,-1.270684,-2.237754,-4.176517,-5.059318,0.002558,0.0,90.842911
0.226851,0.639308,-0.247469,-0.298144,-0.298137,-0.094865,-0.788819,-1.666321,-3.333677,-4.478862,0.002208,0.0,90.572075
-0.67004,0.175239,-0.700963,0.03094,0.03094,-0.063917,-0.617464,-1.294715,-2.750237,-4.279153,0.002122,0.0,90.600098
-0.02061,0.762413,-0.329695,0.051542,0.051544,-0.043281,-0.517211,-1.106537,-2.250677,-4.028033,0.003011,0.0,90.646797
0.361607,0.537243,-0.216971,-0.278179,-0.278194,0.239702,-0.170463,-0.686701,-1.630326,-3.392906,0.002224,0.0,90.394623
-0.362589,0.124312,-0.362589,-0.268623,-0.268623,0.356373,0.18855,-0.223755,-1.027134,-2.682268,0.002804,0.0,90.151802
-0.598989,0.423417,-0.764224,0.310783,0.85197,-0.414904,-0.445967,-0.917187,-1.635581,-3.045742,0.003892,1.0,90.919868
0.0,0.134616,-0.590245,-0.268511,-0.268514,-0.130101,-0.13869,-0.510276,-1.065313,-2.291107,0.004736,0.0,90.675735
-0.609948,0.155074,-0.909749,0.16568,0.165688,-0.255845,-0.248158,-0.560926,-1.040183,-2.005979,0.004568,0.0,90.825974
-0.49883,0.183244,-0.631172,1.550708,1.550726,-1.380041,-1.569917,-1.901198,-2.345798,-3.150024,0.005607,1.0,92.234436
0.274754,0.60039,-0.315457,0.04072,0.040714,-0.960625,-1.455099,-1.729234,-2.127434,-2.833157,0.005065,0.0,92.271988
-0.627023,0.333742,-0.738265,0.620738,0.620731,-1.156956,-1.818242,-2.058949,-2.517787,-3.171309,0.003721,1.0,92.844749
0.060552,0.141302,-0.211956,0.202269,0.20228,-0.849826,-1.75498,-2.062278,-2.485464,-3.027288,0.003821,0.0,93.032555
0.18169,0.28263,-0.13122,-0.010094,-0.010112,-0.367406,-1.489586,-1.858643,-2.274083,-2.775545,0.002615,0.0,93.023148
1.232035,1.55031,-0.082133,-1.685677,-1.685669,1.170432,0.315399,-0.097275,-0.506317,-0.97681,0.002693,-1.0,91.455086
-0.398527,0.0,-0.643771,0.472275,0.472261,0.611091,0.032714,-0.491108,-0.835346,-1.25167,0.001884,0.0,91.886993
-1.830553,0.090019,-1.830553,2.156149,2.15617,-1.2944,-1.764541,-2.357305,-2.668731,-3.12342,0.00224,1.0,93.868233
0.594393,0.594393,-0.503731,-0.710214,-0.710221,-0.55209,-0.790854,-1.472784,-1.817927,-2.240251,0.002368,-1.0,93.201561
-0.070223,0.471459,-0.310964,0.433204,0.433199,-0.856653,-0.921853,-1.687054,-2.065925,-2.476827,0.001947,0.0,93.605309
0.627848,1.04304,-0.18228,-0.942925,-0.942919,0.360505,0.073924,-0.583833,-1.007149,-1.421086,0.001644,-1.0,92.722687
-1.842525,0.090616,-1.882799,0.577214,0.577215,0.078536,-0.394684,-0.932341,-1.445792,-1.818756,0.001648,1.0,93.257896
1.733328,1.79487,-0.102566,-1.832456,-1.832454,1.439994,1.32307,0.962728,0.447234,0.125598,0.000764,-1.0,91.548988
-0.194097,0.623147,-0.3269,0.399999,0.399991,0.755953,0.797835,0.650392,0.118592,-0.203877,0.001089,0.0,91.915176
1.272429,1.679187,-0.041718,-2.053329,-2.053338,2.073438,2.578236,2.701308,2.183086,1.875255,0.000472,-1.0,90.027847
1.27335,1.586469,-0.459242,-0.073005,-0.073016,1.534303,2.487234,2.607961,2.233713,1.931295,-0.000107,0.0,89.962112
-0.48765,1.743101,-0.591408,0.594926,0.594945,0.323717,1.72754,1.870377,1.648167,1.313172,0.000113,1.0,90.497337
-1.290196,0.174072,-2.119599,1.328077,1.328077,-0.958432,0.157691,0.45191,0.358389,0.034458,0.000582,1.0,91.699211
-1.659551,0.0,-1.947732,3.041165,3.041177,-3.336992,-2.662239,-2.41016,-2.401877,-2.753392,0.001517,1.0,94.487946
-0.494269,0.583229,-0.711747,0.526683,0.526664,-2.799523,-3.026883,-2.783702,-2.694239,-3.080158,0.001823,0.0,94.98558
-0.237127,0.760798,-0.375454,0.04942,0.049446,-1.780467,-2.831749,-2.580785,-2.59511,-2.932844,0.00183,0.0,95.032547
-0.362819,0.392234,-0.431457,0.760798,0.760792,-1.423814,-3.304579,-3.047011,-3.148665,-3.431662,0.002092,1.0,95.755547
0.3727,0.42174,-0.009802,-0.019616,-0.019632,-0.560991,-2.848167,-2.897858,-2.978608,-3.211444,0.002188,0.0,95.736748
0.41326,0.551016,-0.009842,-0.323652,-0.323651,-0.041321,-2.164713,-2.4271,-2.538124,-2.698016,0.002168,0.0,95.426895
-0.245891,0.255729,-0.481952,0.039357,0.039367,0.01967,-1.633722,-2.335665,-2.448612,-2.541952,0.001867,0.0,95.464462
0.476568,0.704918,-0.148931,-0.934392,-0.934385,0.865755,-0.218439,-1.284101,-1.363695,-1.523841,0.00162,-1.0,94.572456
1.050839,1.43114,-0.050041,-0.794282,-0.794293,1.261007,0.934748,-0.453698,-0.470878,-0.669337,0.001264,-1.0,93.821274
-0.029936,0.618577,-1.127412,0.310248,0.310254,0.602611,0.878974,-0.580007,-0.765746,-0.922684,0.000805,0.0,94.112358
1.606997,1.606997,-0.32547,-1.90562,-1.905622,1.883649,2.603743,1.380524,1.114217,0.971113,8.4e-05,-1.0,92.318932
0.214087,1.427259,-0.570902,-0.233931,-0.233926,1.392599,2.531346,1.768439,1.269747,1.167902,-0.000232,0.0,92.102974
0.27328,1.062751,-0.313766,0.723826,0.723833,0.275296,1.550597,1.238855,0.544521,0.497558,-3.9e-05,1.0,92.769646
-0.954272,0.198811,-0.954272,1.82186,1.821834,-1.383681,-0.403563,-0.292893,-1.190841,-1.191635,0.000639,1.0,94.459755
1.779036,1.870009,-0.111186,-1.660039,-1.660016,0.018188,0.971387,1.475784,0.549368,0.434237,0.000649,-1.0,92.891708
0.761808,0.934483,-1.229053,-0.485191,-0.485211,0.532261,1.140693,1.822933,1.068064,0.89102,0.000294,0.0,92.440987
-0.010088,1.089263,-1.15986,0.71102,0.711027,0.036312,0.172472,0.968908,0.519419,0.156938,-0.000241,1.0,93.098267
-1.023414,0.273578,-1.023414,-0.463939,-0.463936,0.480285,0.433679,1.269292,1.133851,0.621336,-0.00015,0.0,92.666351
2.21399,2.347858,-0.010291,-1.600979,-1.600992,1.396368,1.778411,2.582654,2.816926,2.167454,-0.000903,-1.0,91.18277
-1.374462,0.101814,-1.751171,1.143035,1.143044,0.105884,0.423543,1.169489,1.683472,1.042155,-0.000131,1.0,92.225029
0.303091,0.777939,-1.050714,0.773775,0.773776,-0.55567,-0.280864,0.214188,0.81936,0.310367,-5.8e-05,1.0,92.938644
-0.775822,0.261964,-1.108311,0.272783,0.272787,-0.806051,-0.435269,-0.220992,0.448865,0.173297,0.000722,0.0,93.192169
0.362211,0.563435,-1.267737,0.141059,0.141066,-0.804922,-0.516161,-0.450759,0.215807,0.176266,0.000626,0.0,93.323631
-1.463415,1.385368,-1.951222,3.129084,3.129092,-2.762937,-3.349281,-3.303427,-2.799525,-2.624402,0.002545,1.0,96.243813
0.520169,0.588867,-0.618316,-0.595121,-0.595131,-1.460397,-2.48013,-2.615896,-2.221026,-1.875359,0.002352,-1.0,95.671036
-0.069373,0.891975,-0.921698,-0.971639,-0.971643,-0.112975,-1.280473,-1.489921,-1.297815,-0.901879,0.001772,-1.0,94.741455
1.713082,2.684831,-0.060111,-1.070363,-1.070361,1.08195,-0.145263,-0.308558,-0.322582,0.116609,0.000883,-1.0,93.727379
-0.618948,0.139763,-2.106418,0.35063,0.350621,0.884506,-0.346404,-0.565699,-0.698305,-0.274725,-0.000113,0.0,94.056007
1.53437,2.035598,-0.225041,-2.405907,-2.405908,2.401804,2.176766,1.691904,1.639224,2.011053,-0.001199,-1.0,91.793106
-1.202768,0.100233,-2.836526,2.056052,2.056068,-0.086206,0.273624,-0.300699,-0.431499,-0.13191,-0.000456,1.0,93.680435
-1.254072,0.039497,-1.29357,1.503458,1.503459,-1.493045,-0.985489,-1.591792,-1.760647,-1.625365,-0.000181,1.0,95.088882
0.13896,0.744417,-0.337466,-0.513478,-0.513475,-0.800009,-0.325566,-0.978008,-1.121599,-1.154154,-0.000364,-1.0,94.600624
-1.309364,0.156339,-1.475476,1.578165,1.578145,-1.917129,-1.585881,-2.278671,-2.484848,-2.626531,0.000341,1.0,96.093559
0.491402,1.09091,-0.304668,-0.576513,-0.576499,-0.564127,-1.088946,-1.408028,-1.862903,-1.989978,0.000112,-1.0,95.539581
-0.137811,0.383895,-0.452804,-0.157245,-0.157259,-0.049208,-0.962686,-1.031589,-1.577412,-1.782058,0.0004,0.0,95.389336
-0.42952,0.19524,-0.946896,0.836691,0.836704,-0.650136,-1.634127,-1.627617,-2.199336,-2.436157,0.001004,1.0,96.187462
-0.234309,0.370982,-0.54672,-0.009756,-0.009773,-0.312402,-1.369706,-1.411033,-2.029668,-2.257141,0.000886,0.0,96.178062
-0.811587,0.202903,-0.821251,1.044611,1.044618,-1.118836,-2.067625,-2.16553,-2.810137,-3.085983,0.001978,1.0,97.182755
-1.08258,0.067067,-1.08258,0.850241,0.850247,-1.448555,-2.25905,-2.870279,-3.281276,-3.758188,0.00238,1.0,98.009048
0.067313,0.40385,-0.326921,-0.364052,-0.364051,-0.625004,-1.495193,-2.380129,-2.649999,-3.211539,0.001977,0.0,97.652245
-0.372777,0.31543,-0.535269,0.596155,0.596157,-0.797178,-1.758751,-2.721599,-2.957372,-3.549229,0.001523,1.0,98.234406
-0.410695,0.276987,-0.64947,0.076465,0.076476,-0.439362,-1.456556,-2.485208,-2.771262,-3.410899,0.002166,0.0,98.309532
-0.730824,0.028479,-1.689441,0.630373,0.630361,-0.709945,-1.787207,-2.767654,-3.097001,-3.762719,0.002579,1.0,98.929237
0.881402,0.881402,-0.258664,-0.930146,-0.930149,0.222271,-0.613142,-1.431943,-2.097141,-2.580567,0.001972,-1.0,98.009048
-0.450621,0.230108,-0.690312,-0.076641,0.421711,-0.04211,-0.722343,-1.524674,-2.368503,-2.737803,0.0023,0.0,98.422363
-0.277802,0.411923,-0.306537,0.08629,0.086284,-0.072881,-0.572433,-1.378223,-2.261526,-2.595532,0.002925,0.0,98.507286
0.540337,0.694714,-0.202623,-0.71846,-0.718449,0.545951,0.312872,-0.446487,-1.346053,-1.702223,0.002235,-1.0,97.799561
0.554582,1.060516,-0.048649,-0.829792,-0.829798,0.986961,1.132153,0.448001,-0.369421,-0.728598,0.001641,-1.0,96.988022
-1.721168,0.047811,-1.960225,1.751311,1.751319,-0.61389,-0.539853,-1.068293,-1.734978,-2.338222,0.002189,1.0,98.686592
-0.153784,0.346023,-0.422913,-0.516353,-0.516364,-0.148014,0.02984,-0.365498,-0.995935,-1.729214,0.001945,-1.0,98.17701
1.271225,1.271225,-0.611357,-0.951552,-0.951552,0.55119,0.888848,0.664035,0.06594,-0.682242,0.000434,-1.0,97.242805
0.572089,0.688452,-0.116356,0.07763,0.077634,0.374285,0.70873,0.664057,0.127943,-0.611691,0.000683,0.0,97.318298
0.431923,0.883482,-0.265038,-1.221763,-1.221767,1.437132,1.663107,1.836091,1.368264,0.703893,0.000591,-1.0,96.129295
-0.959864,0.349034,-1.105301,1.246693,1.246689,-0.091136,0.341288,0.535477,0.21194,-0.308649,0.001449,1.0,97.327728
0.958782,1.215774,0.0,-1.91003,-1.910034,1.286952,1.985779,2.340654,2.167453,1.707495,0.000611,-1.0,95.468735
0.615997,0.814701,-0.069545,-0.513985,-0.513975,1.33333,2.141084,2.640807,2.631612,2.228279,0.001312,-1.0,94.97805
-1.434709,0.107362,-1.434709,1.798312,1.798319,-0.587556,0.221543,0.715665,0.844843,0.508641,0.001217,1.0,96.686058
1.186123,1.265197,-0.859937,-1.25903,-1.259047,0.541671,1.340329,1.758241,2.040948,1.764049,0.000194,-1.0,95.468735
-1.245379,0.068103,-1.352407,1.591385,1.591397,-1.103334,-0.422267,0.094048,0.389872,0.229684,0.000973,1.0,96.988022
-0.176108,0.293512,-0.362003,-0.554583,-0.554592,-0.348298,-0.04598,0.515936,0.887414,0.832643,0.000183,-1.0,96.450134
-1.791218,0.404465,-2.552004,1.594756,1.594775,-1.298163,-1.53892,-1.097214,-0.708816,-0.676656,0.000987,1.0,97.988297
0.242677,0.553291,-0.533873,-0.789681,-0.789683,-0.403811,-0.765878,-0.3501,0.02519,0.156572,0.000753,-1.0,97.2145
-1.603411,0.711575,-1.707778,2.310231,2.310224,-1.850091,-2.671727,-2.434535,-2.206736,-2.013423,0.001299,1.0,99.460373
1.045067,1.045067,-0.364331,-1.043642,-1.043642,-0.523488,-1.534038,-1.42346,-1.154363,-0.963211,0.000916,-1.0,98.422363
0.038438,0.739954,-0.32674,-0.230102,-0.230101,0.061503,-1.029218,-1.194829,-0.937925,-0.712655,0.000444,0.0,98.195892
2.433043,2.433043,-0.009813,-2.046898,-2.046907,1.777698,1.164532,0.796631,1.011485,1.276945,-0.000629,-1.0,96.185913
-0.77322,0.430655,-1.262603,0.235459,0.235467,1.372219,0.898498,0.497205,0.702256,0.960322,-0.000407,0.0,96.412399
-0.825565,0.087414,-0.922692,0.77322,0.773216,0.120436,0.298176,-0.203315,-0.061674,0.112743,-0.000342,1.0,97.157875
-1.143832,0.18111,-1.267747,1.893933,1.893931,-1.624242,-1.363064,-1.945787,-1.903529,-1.708122,0.000332,1.0,98.997978
-0.057523,0.488932,-0.498512,-0.571916,-0.571908,-1.010454,-0.594383,-1.181097,-1.326338,-1.142367,-0.000114,-1.0,98.431801
0.784583,0.833014,-0.600542,-1.02579,-1.025791,0.269275,0.377761,0.010333,-0.29446,-0.16234,-0.000149,-1.0,97.422096
-0.135254,0.483048,-0.676262,0.261528,0.261526,0.26664,0.16327,-0.182912,-0.53618,-0.427784,-0.000208,0.0,97.67688
-1.598238,0.545506,-1.674799,0.94677,0.946769,-0.380898,-0.86324,-0.907262,-1.343669,-1.2962,0.00011,1.0,98.601654
0.220879,0.691445,0.0,-0.344532,-0.344532,-0.186304,-0.536828,-0.478246,-0.955055,-0.972245,0.000249,0.0,98.26194
0.134803,0.856998,-0.346656,-0.26889,-0.268887,-0.005783,-0.288884,-0.104642,-0.558984,-0.712572,0.000456,0.0,97.997726
-0.507711,0.22991,-0.900465,0.519975,0.519971,-0.302707,-0.569016,-0.586259,-0.894238,-1.174822,0.0,0.0,98.507286
0.066862,0.191026,-0.697226,0.296963,0.296967,-0.370582,-0.621777,-0.773639,-1.080706,-1.40745,0.000302,0.0,98.79982
0.997291,1.326491,0.0,-1.356257,-1.356259,0.764913,0.775564,0.453785,0.381491,0.002714,0.000152,-1.0,97.459839
-0.271189,0.290556,-0.745759,-0.029045,-0.029051,0.623734,0.644074,0.415179,0.433421,0.036035,0.000112,0.0,97.431526
-0.038538,0.43357,-0.289044,0.523004,0.523017,0.088632,0.070327,-0.124619,-0.013014,-0.383474,0.000758,0.0,97.941109
-0.66397,0.240567,-0.837181,0.125253,0.125252,-0.127026,0.010579,-0.121895,-0.134244,-0.382223,0.000343,0.0,98.063782
1.288107,1.612587,-0.82596,-2.136262,-2.136258,1.463122,2.015726,2.027525,1.980819,1.762432,0.000259,-1.0,95.968887
-0.419184,0.25346,-0.477677,0.86529,0.865271,0.456241,0.954389,1.127586,0.968524,0.944446,0.00077,1.0,96.799278
1.342148,1.618468,-0.305931,-1.218557,-1.218552,1.316495,1.923421,2.139547,2.067505,2.132442,-0.000347,-1.0,95.619728
-0.939426,0.156576,-1.144923,0.848709,0.848715,0.150699,0.903219,1.141664,1.117036,1.272141,0.000433,1.0,96.431267
-0.999905,0.417433,-1.252308,0.802431,0.802417,-0.823215,-0.033969,0.32166,0.364537,0.433754,0.000141,1.0,97.205048
0.458534,0.536589,-0.136586,-0.495101,-0.495084,-0.173666,0.248776,0.755118,0.879995,0.913167,0.000163,0.0,96.723801
0.331584,0.711922,-0.136533,0.039023,0.03902,-0.220403,0.137507,0.589038,0.820167,0.762239,-0.000413,0.0,96.761543
0.019435,0.378905,-0.961815,0.380338,0.380329,-0.287567,-0.272991,0.130195,0.34199,0.327223,2e-05,0.0,97.129555
0.501282,1.081187,-0.196576,-1.156126,-1.156111,0.790243,0.691954,1.16309,1.38932,1.40947,-0.001263,-1.0,96.00663
0.634163,1.030516,-0.227904,-0.805973,-0.805975,1.195001,1.212835,1.75584,2.09819,2.193414,-0.001175,-1.0,95.232841
-0.917075,0.019515,-1.053655,1.565596,1.565594,-0.364881,-0.269274,0.044224,0.475118,0.63102,-0.00051,1.0,96.723801
-0.09748,0.740886,-0.24371,0.078048,0.078034,-0.434773,-0.347036,-0.079277,0.303676,0.537737,0.000277,0.0,96.799278
0.965138,1.31968,-0.256057,-1.01384,-1.013826,0.311203,0.694301,0.83185,1.20346,1.434699,-0.000186,-1.0,95.817902
1.148631,1.247652,-0.67333,-0.541662,-0.541666,0.708983,1.123874,1.196159,1.613032,1.85563,-0.000673,-1.0,95.298889
-0.356402,0.148503,-0.851405,0.019808,0.019806,0.70686,0.90585,0.984059,1.4256,1.747153,-0.001367,0.0,95.317764
0.097918,0.342733,-0.186058,1.098902,1.098893,-0.462196,-0.228156,-0.086167,0.196834,0.586768,-0.000748,1.0,96.365204
0.2824,0.681662,-0.126594,0.558166,0.558176,-0.993282,-0.76736,-0.633624,-0.388063,-0.04168,-0.000162,1.0,96.903091
-0.42029,0.13684,-0.84058,-0.37005,-0.370056,-0.475021,-0.459379,-0.200689,-0.064012,0.258439,-0.000396,0.0,96.544495
-1.283029,0.756414,-1.350057,2.08191,2.081928,-1.844132,-2.230956,-2.09244,-2.071056,-1.763703,2.5e-05,1.0,98.554482
-1.484403,0.13153,-1.822623,1.914978,1.914971,-2.668176,-3.549424,-3.71728,-3.792754,-3.532513,0.000862,1.0,100.441772
-0.168454,0.065517,-0.720633,0.385188,0.38517,-2.156279,-3.512387,-3.815303,-3.920903,-3.822166,0.001104,0.0,100.828644
-0.112389,0.309079,-0.168588,-0.074869,-0.074865,-1.318717,-3.047665,-3.479122,-3.652704,-3.61936,0.000884,0.0,100.753159
0.567051,0.77497,-0.170117,-0.899127,-0.415981,-0.15112,-2.192566,-2.863015,-3.015312,-3.101046,0.00062,0.0,100.334045
-0.291821,0.329473,-0.593056,0.396942,0.396929,-0.113485,-2.039866,-2.934301,-3.185262,-3.37331,0.001269,0.0,100.7323
-0.075222,0.413689,-0.26326,0.122375,0.122387,-0.153523,-1.610526,-2.681282,-3.122627,-3.380699,0.001325,0.0,100.855583
0.330438,0.547577,-0.075534,-0.413689,-0.413696,0.183535,-0.796265,-2.03045,-2.535267,-2.80133,0.000978,0.0,100.438347
0.63907,0.791681,-0.352922,-1.01964,-1.019631,0.946201,0.478263,-0.845873,-1.397832,-1.694837,0.000554,-1.0,99.414246
-0.218259,0.189786,-0.569372,0.515072,0.515063,0.347318,0.301817,-1.079867,-1.763153,-2.026186,0.001536,0.0,99.926292
-0.321701,0.075691,-0.82316,0.294174,0.294178,-0.0492,0.173828,-1.042645,-1.841079,-2.162332,0.001325,0.0,100.220253
1.20921,1.295582,-0.191942,-1.409782,-1.409775,0.965443,1.440835,0.607829,-0.256587,-0.698451,0.001254,-1.0,98.807373
0.163366,0.624638,-0.518933,-0.134358,-0.13437,0.743806,1.359027,0.899225,-0.023532,-0.48576,0.00089,0.0,98.674606
-0.564265,0.545141,-1.338942,0.480487,0.480489,0.208498,0.712516,0.567728,-0.38313,-0.865322,0.00077,0.0,99.148727
0.019047,0.390552,-0.647745,0.401687,0.401689,-0.268623,0.23052,0.366451,-0.594376,-1.164805,0.001102,0.0,99.546997
0.5592,1.09912,-0.279595,-1.200233,-1.200246,0.563069,1.206148,1.572018,0.768453,0.131266,0.000643,-1.0,98.352188
-0.05784,0.308465,-0.356664,0.019287,0.0193,0.454978,0.934064,1.412093,0.904207,0.239556,0.00051,0.0,98.37117
0.493895,0.639163,-0.009686,-0.462694,-0.462699,0.766994,1.145653,1.685198,1.45245,0.754223,0.000767,0.0,97.916008
-0.222094,0.415216,-0.318652,0.290527,0.29054,0.281952,0.729037,1.217321,1.224603,0.519415,0.001173,0.0,98.200493
-0.448606,0.229068,-1.059465,1.168409,1.168411,-0.916306,-0.492521,-0.01783,0.196632,-0.499374,0.001026,1.0,99.347878
0.314581,0.314581,-0.343185,0.12408,0.124069,-0.814106,-0.691135,-0.226248,0.11855,-0.454894,0.001043,0.0,99.471138
0.374819,0.720807,-0.345988,-0.810297,-0.8103,0.055749,0.105721,0.440817,0.846404,0.494016,0.001118,-1.0,98.665123
-0.251352,0.212684,-1.073087,-0.586256,-0.586241,0.680582,0.636106,0.87328,1.301322,1.15683,0.001102,-1.0,98.086708
-0.883765,0.220943,-0.97022,0.638051,0.638047,0.146012,-0.046116,0.186352,0.555709,0.588817,0.001331,1.0,98.712547
0.172738,0.479842,-0.940501,0.096063,0.096063,-0.059505,-0.216897,0.014708,0.38195,0.583889,0.000959,0.0,98.807373
-1.156067,0.369569,-1.156067,1.276386,1.276376,-1.199649,-1.302938,-1.255876,-0.91632,-0.62324,0.001225,1.0,100.068527
-0.113922,0.522115,-0.227837,-0.180039,-0.18003,-0.776535,-0.973043,-1.005639,-0.786033,-0.46617,0.001295,0.0,99.888374
0.502989,0.797191,-0.778207,0.028477,0.028459,-0.438441,-0.800971,-0.950922,-0.840359,-0.530993,0.000535,0.0,99.916801
0.496371,0.563187,-0.229098,-0.578911,-0.578904,0.26728,-0.108814,-0.361457,-0.266796,-0.008778,-0.000389,-1.0,99.338379
0.624398,1.114316,0.0,-0.630011,-0.63,0.883757,0.460129,0.21389,0.304028,0.559455,-0.000765,-1.0,98.712547
1.65441,1.65441,-0.135451,-0.710853,-0.710858,1.186142,1.030377,0.908151,0.909439,1.16834,-0.001,-1.0,98.010841
0.183499,0.202819,-0.347693,0.174149,0.174134,0.662553,0.805498,0.719863,0.702154,0.883534,-0.000782,0.0,98.181511
1.060379,1.276383,-0.039272,-1.632221,-1.632205,1.641626,2.322039,2.298804,2.264601,2.39764,-0.001533,-1.0,96.578987
0.686475,1.127783,-0.392273,0.117818,0.117807,0.974805,1.992751,2.074477,2.01727,2.164568,-0.001535,0.0,96.692764
0.136135,0.62233,-0.350052,0.85319,0.853199,-0.124466,0.997666,1.085831,1.050177,1.20148,-0.001066,1.0,97.517746
0.614576,0.780413,-0.312167,-0.320883,-0.320869,0.0312,1.028176,1.255798,1.316442,1.403165,-0.000807,0.0,97.204842
-0.859543,0.566518,-0.996289,-0.126817,-0.126836,-0.068368,0.867359,1.275645,1.378692,1.460836,-0.001045,0.0,97.081551
-0.408398,0.136135,-1.740565,0.449303,0.449308,-0.32283,0.170169,0.783744,0.904807,0.959551,-0.000987,0.0,97.517746
1.0201,1.40636,-0.217886,-1.818355,-1.818369,1.325158,1.650007,2.443642,2.645353,2.687147,-0.001139,-1.0,95.744514
1.126704,1.52204,-0.039533,0.207981,0.208003,0.78671,1.150416,2.032013,2.254885,2.323772,-0.001012,0.0,95.943665
-0.410113,0.25388,-0.810467,1.215655,1.215647,-0.443317,-0.157212,0.603457,0.905186,1.04365,-0.000739,1.0,97.110001
-0.414376,0.09637,-0.626383,1.327993,1.327998,-1.4802,-1.443579,-0.81591,-0.430762,-0.279465,-0.000396,1.0,98.39962
-0.34589,0.317067,-0.65334,0.298739,0.298734,-1.535357,-1.522866,-1.193952,-0.696578,-0.544963,0.000159,0.0,98.693573
0.231121,0.597072,-0.269649,-0.230588,-0.230574,-0.755019,-1.115191,-1.024668,-0.479599,-0.304329,6.6e-05,0.0,98.466011
1.2745,1.2745,-0.521388,-0.260016,-0.260039,-0.03475,-0.786898,-0.800739,-0.250548,-0.090751,0.000141,0.0,98.209961
-0.587456,1.023312,-1.203334,1.902093,1.902105,-1.307561,-2.351717,-2.514689,-2.111998,-1.931402,0.000738,1.0,100.078018
-0.629871,0.394852,-0.789696,0.78643,0.786427,-1.588791,-2.738552,-3.097989,-2.827394,-2.60938,0.000597,1.0,100.865059
0.588236,0.948771,-0.199239,-0.911911,-0.911919,-0.432628,-1.60056,-1.981648,-1.931679,-1.6387,0.000213,-1.0,99.945251
0.591943,0.744707,-0.219586,-0.626186,-0.626174,0.366617,-0.620586,-1.187705,-1.314686,-0.994465,0.000281,-1.0,99.31942
0.440947,1.102378,-0.105449,-0.400989,-0.400991,0.914489,0.080518,-0.6953,-0.906829,-0.591262,0.00035,0.0,98.921158
1.362263,1.70283,-0.457329,-1.485814,-1.485802,1.897428,1.624975,0.819291,0.559001,0.800608,-0.000437,-1.0,97.451385
0.354184,0.403379,-0.275485,-1.09954,-1.099548,2.099562,2.545251,1.891636,1.583522,1.77567,-0.00088,-1.0,96.37986
-1.439539,0.307097,-1.823416,2.518693,2.518693,-0.639157,0.037423,-0.524639,-0.799431,-0.769681,-0.000419,1.0,98.807373
-1.269657,0.284251,-1.506539,1.285985,1.285982,-1.749095,-1.071632,-1.498957,-1.889805,-2.000001,0.000123,1.0,100.078018
-0.341622,0.370088,-0.7212,-0.151599,-0.151608,-1.398737,-0.749661,-1.083691,-1.62032,-1.802614,5.7e-05,0.0,99.926292
0.67587,0.828182,-0.114229,-0.313155,-0.31315,-0.654922,-0.484527,-0.605422,-1.190383,-1.429793,0.000155,0.0,99.613373
0.305637,0.305637,-0.764089,-0.333175,-0.333174,0.261702,-0.311362,-0.213942,-0.749281,-1.055967,0.000265,0.0,99.281487
0.095586,0.745552,-0.506596,-0.076407,-0.076409,0.418658,-0.309688,-0.103227,-0.588317,-0.8744,0.0005,0.0,99.205627
-0.217537,0.510737,-0.453986,1.060984,1.06098,-0.599639,-1.262644,-1.032815,-1.40688,-1.772813,0.000829,1.0,100.258179
0.009447,0.482083,-0.368662,0.056751,0.05676,-0.578513,-1.179701,-0.949057,-1.244926,-1.716993,0.001454,0.0,100.315086
0.189642,0.455148,-0.445664,-0.311943,-0.311952,-0.189641,-0.615393,-0.644156,-0.791289,-1.297548,0.001295,0.0,100.002151
-0.792167,0.10252,-0.904007,1.744735,1.744744,-1.416591,-1.792173,-2.290153,-2.328053,-2.806711,0.001625,1.0,101.746933
0.702285,1.034448,-0.816169,-1.798693,-1.79871,0.531471,0.117692,-0.502343,-0.477826,-0.930422,0.001078,-1.0,99.916801
-0.236875,0.227405,-1.809736,0.161335,0.161351,0.33352,-0.043589,-0.612091,-0.55761,-0.91681,0.001185,0.0,100.078018
-0.511753,0.360118,-0.852922,-0.018946,-0.018951,0.301361,-0.011375,-0.517437,-0.446361,-0.733511,0.001011,0.0,100.059052
-0.395931,0.122549,-0.603321,0.530702,0.5307,-0.111235,-0.442116,-0.834586,-0.946451,-1.11915,0.001881,0.0,100.590065
-0.677451,0.065868,-1.477227,0.188534,0.188539,-0.491156,-0.480804,-0.730145,-1.137088,-1.210761,0.001874,0.0,100.779716
-0.414274,0.433107,-0.602576,-0.065861,0.423585,-0.655998,-0.702863,-0.990822,-1.491774,-1.52813,0.001581,0.0,101.206604
0.437924,0.904414,-0.228488,-1.101587,-1.101591,0.453295,0.386539,0.112916,-0.35595,-0.366321,0.000681,-1.0,100.091721
1.412704,1.627045,-0.03897,-2.284848,-2.284831,2.34118,2.47717,2.309205,1.916913,1.9468,-0.000276,-1.0,97.804794
3.023866,3.205905,-0.030337,-3.663291,-3.663302,4.881073,5.760499,5.818145,5.621032,5.574823,-0.001548,-1.0,94.221909
-3.096138,3.369015,-8.690175,-3.640774,-3.640772,6.643576,8.549825,9.192901,9.303989,9.11998,-0.0028,-1.0,90.791504
4.705625,4.907906,-0.127761,-1.416873,-1.416856,5.561571,8.946674,10.039714,10.355278,10.221702,-0.004029,-1.0,89.505119
-1.594606,0.05111,-2.790555,4.152024,4.152004,-0.120611,3.868009,5.149765,5.58822,5.566072,-0.002782,1.0,93.221375
-0.750826,0.610671,-1.52167,2.10569,2.105688,-2.730995,1.213842,2.621944,3.161619,3.231987,-0.001665,1.0,95.184326
-0.499895,0.229956,-0.909815,0.130143,0.130154,-2.629474,0.528093,2.160217,2.80167,3.007854,-0.001385,0.0,95.308212
0.342505,1.118164,-0.171249,-0.74985,-0.749858,-1.08995,0.633631,2.427912,3.330566,3.710565,-0.001514,-1.0,94.593536
1.062944,1.542315,-0.562728,-3.334342,-3.334345,2.744899,3.036692,5.342952,6.470147,6.965607,-0.002198,-1.0,91.439461
-0.9999,0.0,-1.530456,2.136311,2.136326,0.632577,0.164261,2.662351,3.875625,4.441948,-0.001,1.0,93.392906
-0.050726,1.105818,-0.202898,0.571368,0.571358,-0.206958,-0.81769,1.643842,2.945411,3.593091,-0.001721,1.0,93.926514
0.745421,1.149188,-0.548712,-2.008724,-2.008727,1.128483,0.978367,3.108125,4.623143,5.387505,-0.002941,-1.0,92.039787
-1.001902,0.010021,-1.422705,3.333678,3.333691,-2.025856,-1.825475,-0.615844,0.898838,1.812034,-0.001651,1.0,95.108109
1.598219,2.184908,-0.222537,-0.951805,-0.951821,-0.497667,-0.383367,-0.156444,1.565164,2.577989,-0.001887,-1.0,94.20285
-0.833751,0.602709,-1.295833,0.697955,0.697964,-0.877953,-0.901058,-1.21614,0.586171,1.639383,-0.001505,1.0,94.860352
-0.150567,0.02008,-1.194538,0.070312,0.070325,-0.736809,-0.997802,-1.487663,0.24517,1.340916,-0.001451,0.0,94.927063
0.796209,0.796209,-0.292285,-0.401518,-0.401518,0.193497,-0.679315,-1.067678,0.329654,1.518618,-0.001993,0.0,94.545914
-0.677834,0.418657,-1.036687,1.108646,1.108638,-0.803432,-1.663682,-1.817524,-1.041674,0.148028,-0.001603,1.0,95.594086
-0.267433,0.168383,-0.574486,0.637955,0.637956,-1.016241,-1.7918,-1.975705,-1.928986,-0.641197,-0.001251,1.0,96.203934
0.397892,1.750721,-0.21884,-0.425909,-0.42592,-0.39788,-1.121052,-1.377363,-1.733806,-0.395074,-0.002055,0.0,95.794182
1.274992,1.346388,-0.295795,-2.476876,-2.476869,1.809471,1.336192,1.001633,0.527336,1.850468,-0.002306,-1.0,93.421486
0.450174,0.869656,-0.552488,-0.305997,-0.305996,1.819112,1.764888,1.156128,0.777572,1.842929,-0.002479,0.0,93.13562
0.249891,0.374836,-0.853816,-1.739304,-1.739312,2.730115,3.173683,2.72248,2.601002,3.240735,-0.003117,-1.0,91.515701
1.723227,1.966375,-0.486313,-1.509788,-1.509777,2.958021,4.303833,4.200578,4.208681,4.331951,-0.003872,-1.0,90.134018
0.032042,0.352486,-2.008122,-1.025478,-1.025491,2.548606,4.75113,4.967605,5.063559,4.925021,-0.004322,-1.0,89.209702
1.325921,1.357997,-0.513258,-0.106817,-0.1068,1.691609,4.210857,4.719837,4.835319,4.647124,-0.004518,0.0,89.114426
1.353852,1.965279,-0.02184,-2.063728,-2.063739,2.49154,5.573754,6.562581,6.584234,6.533901,-0.004875,-1.0,87.275337
-0.594462,0.626893,-0.875481,1.015387,1.015381,0.700402,3.66949,4.966148,5.14809,5.343723,-0.003652,1.0,88.161514
-1.098318,0.158415,-1.27785,2.345441,2.345453,-1.586231,0.631533,2.267048,2.671349,2.961663,-0.001427,1.0,90.229301
0.031674,1.446522,-1.172,0.021125,0.021123,-1.376837,-0.004226,1.904762,2.47545,2.808148,-7.1e-05,0.0,90.24836
-3.283613,0.072513,-3.656517,1.932211,1.932204,-2.620671,-2.055099,-0.239615,0.427811,0.720538,0.00117,1.0,91.992142
-1.321411,0.559053,-1.504375,1.905951,1.905968,-3.061612,-3.821928,-2.162376,-1.359536,-1.229938,0.000338,1.0,93.745483
0.173105,0.885862,-0.061088,-0.172805,-0.172826,-1.735045,-3.434465,-2.136226,-1.270223,-1.102115,-0.000506,0.0,93.583466
-0.462354,0.864413,-0.733739,1.30333,1.303349,-2.034381,-4.184346,-3.493824,-2.508799,-2.232591,-7.2e-05,1.0,94.803185
-1.978828,0.326502,-2.018405,1.588105,1.588091,-2.30731,-4.945086,-4.966853,-3.95765,-3.639851,0.000794,1.0,96.308746
-0.039548,0.939102,-0.148283,0.089048,0.089049,-1.480821,-4.274418,-4.845789,-3.966982,-3.62317,0.002062,0.0,96.394508
-0.206895,0.177341,-0.650245,0.336098,0.336108,-1.196066,-3.618726,-4.917576,-4.176361,-3.752518,0.001396,0.0,96.718498
0.861547,1.272288,-0.100182,-1.655172,-1.655183,0.789426,-1.265273,-3.064846,-2.588656,-2.132233,0.000571,-1.0,95.11763
1.628335,1.770815,-0.02035,-1.562816,-1.562806,2.13922,0.665578,-1.276888,-1.179527,-0.602892,0.000736,-1.0,93.631126
0.335021,0.335021,-1.106597,0.244253,0.244255,1.368522,0.805069,-1.187148,-1.523358,-0.887723,-0.000408,0.0,93.859825
3.060912,3.936932,-1.752031,-1.492389,-1.4924,2.052981,2.382775,0.551038,-0.083473,0.507067,-0.000608,-1.0,92.459061
-0.401316,0.360155,-0.699737,0.154596,0.154602,1.006376,2.10125,0.779305,-0.26652,0.267952,-0.00081,0.0,92.602005
-1.098905,0.569799,-1.098905,1.131919,1.131919,-0.437527,0.965606,0.042053,-1.268827,-0.937326,-0.000416,1.0,93.650185
0.101239,1.154196,-0.546727,0.498577,0.498578,-0.82819,0.391815,-0.178872,-1.547034,-1.517471,-8.3e-05,0.0,94.117104
-3.226751,0.311954,-3.226751,3.857442,3.857437,-3.71612,-3.189701,-3.374923,-4.767008,-5.095337,0.000935,1.0,97.747612
0.174538,0.649667,-1.00844,0.53617,0.536162,-3.046632,-3.514973,-3.464228,-4.808972,-5.404046,0.000897,0.0,98.271698
0.622685,0.622685,-0.223781,-0.339377,-0.339361,-1.626783,-3.061887,-2.850109,-3.940464,-4.885784,0.000929,0.0,97.938202
0.126891,0.527088,-0.409952,-0.321078,-0.321096,-0.49584,-2.49291,-2.261252,-3.1464,-4.329123,0.001728,0.0,97.623726
-1.03302,0.067578,-1.32265,1.102982,1.102984,-0.652633,-3.043053,-3.064292,-3.773889,-5.025675,0.00225,1.0,98.7005
0.29143,0.874299,-0.592577,-0.617884,-0.617877,0.034971,-2.008935,-2.340519,-2.775886,-4.073049,0.002665,-1.0,98.090652
0.009683,0.697136,-0.3292,0.330288,0.330289,-0.265298,-1.726372,-2.525171,-2.769652,-4.010841,0.003346,0.0,98.414635
-0.873485,0.163178,-1.132653,0.87142,0.871412,-0.858128,-1.90343,-3.195743,-3.331246,-4.356683,0.004049,1.0,99.272232
0.308733,0.540277,-0.250844,-0.508735,-0.508722,-0.119641,-0.883749,-2.454418,-2.574533,-3.438113,0.0039,-1.0,98.767212
0.30957,0.822291,-0.154781,-0.270143,-0.270145,0.110282,-0.170264,-1.860629,-2.122955,-2.840668,0.004564,0.0,98.500397
-0.212355,0.308882,-0.714285,0.222504,0.222514,0.015434,-0.293449,-1.750333,-2.218157,-2.713138,0.004271,0.0,98.719574
-1.086536,0.0,-1.336535,0.3861,0.386093,-0.230771,-0.593273,-1.681413,-2.457695,-2.800387,0.003545,0.0,99.100723
0.623118,0.885995,-0.671791,-1.240387,-1.240403,0.736069,0.64844,-0.087611,-1.173678,-1.410948,0.003078,-1.0,97.871475
-0.126953,0.449222,-1.064451,-0.301821,-0.301811,0.796879,0.948245,0.483077,-0.74853,-0.948823,0.00225,0.0,97.576088
-0.368,0.842531,-0.784431,0.839848,0.839853,-0.063921,0.076501,-0.063922,-1.333047,-1.62774,0.001856,1.0,98.395584
0.480534,0.657057,-0.333429,-1.249276,-1.249277,0.880648,1.247424,1.160469,0.085317,-0.347946,0.001457,-1.0,97.166351
0.662843,1.414725,-0.286897,-0.872808,-0.8728,1.191127,1.921244,1.915966,1.166891,0.526309,0.000651,-1.0,96.318283
-1.825957,0.029136,-1.942505,1.859918,1.859896,-0.607994,-0.058265,0.0667,-0.399661,-1.252516,0.000752,1.0,98.109703
0.870076,0.870076,-0.342164,-0.650739,-0.073254,-0.440935,-0.059398,0.168216,-0.102873,-1.060981,0.000691,0.0,98.037834
-1.383822,0.086489,-1.576016,1.730375,1.73038,-1.865933,-1.63562,-1.466491,-1.520464,-2.499105,0.001208,1.0,99.734261
-0.74258,0.133276,-0.923458,0.941766,0.941765,-2.084761,-2.35925,-2.214748,-2.29394,-3.138043,0.00217,1.0,100.673523
-0.227204,0.482821,-0.265079,0.561686,0.561685,-1.659567,-2.693411,-2.574939,-2.693126,-3.332164,0.002957,1.0,101.238991
0.927431,1.281188,-0.717086,-0.984566,-0.984566,-0.256238,-1.489334,-1.541677,-1.610626,-2.066071,0.002501,-1.0,100.242226
0.126006,0.610646,-1.046819,-1.357684,-1.357681,1.287196,-0.001471,-0.178839,-0.192838,-0.506529,0.002551,-1.0,98.881256
-0.144749,0.270187,-0.694782,0.44587,0.445868,0.754606,-0.352066,-0.566777,-0.604577,-0.738547,0.002659,0.0,99.322136
-0.384395,0.326733,-0.605422,0.414936,0.414938,0.149911,-0.506359,-0.909832,-0.932903,-1.069041,0.002394,0.0,99.734261
0.3367,0.567583,-0.125059,-0.105712,-0.10572,-0.067332,-0.068776,-0.769626,-0.767123,-0.909853,0.00217,0.0,99.628822
-0.240043,1.075368,-0.364863,0.192404,0.192403,-0.343731,-0.089289,-0.830012,-0.93022,-1.024712,0.000812,0.0,99.820511
0.78564,1.154219,-0.174589,-1.008159,-1.008158,0.657614,1.006791,0.263489,0.081107,0.031466,0.00024,-1.0,98.814163
0.986327,1.25,-0.527338,-0.678959,-0.678949,1.105465,1.535154,0.931741,0.747057,0.69256,0.000115,-1.0,98.143265
-1.692971,0.153034,-2.046871,2.099615,2.099607,-0.879964,-0.599713,-0.94176,-1.250671,-1.293754,0.001011,1.0,100.203888
0.355157,0.643119,-0.54713,-0.353901,-0.3539,-0.483777,-0.385868,-0.354193,-0.862472,-0.88572,0.000472,0.0,99.849266
0.360408,0.876675,-0.263005,-1.459009,-1.459017,0.699401,0.901038,1.14034,0.631852,0.546019,0.00016,-1.0,98.392448
0.206103,1.629206,-0.471095,-0.750053,-0.750057,1.222898,1.537945,1.87851,1.396364,1.260291,-0.00024,-1.0,97.654449
0.393082,0.56997,-0.452048,-0.127588,-0.127572,1.226409,1.483879,1.857963,1.481501,1.349832,-0.00061,0.0,97.529869
2.076761,2.809729,-0.325768,-3.468947,-3.468951,3.577316,4.537309,5.056162,4.967977,4.797659,-0.001706,-1.0,94.146606
-0.646599,0.080823,-1.333602,0.763514,0.763519,1.74176,3.243075,3.812214,4.096026,3.824991,-0.001324,1.0,94.865433
0.974915,1.502993,-0.091398,-0.515253,-0.51524,1.417674,3.200957,3.935529,4.437374,4.214588,-0.001597,-1.0,94.376648
-2.257874,0.307458,-2.671023,5.697161,5.69714,-3.627969,-2.26748,-1.608372,-1.105873,-1.315334,0.00037,1.0,99.753418
1.847333,2.169878,-0.048865,-1.700616,-1.700619,-1.85318,-0.585466,0.007829,0.519511,0.378139,0.0002,-1.0,98.056992
0.255328,1.139156,-0.373168,-0.469162,-0.469161,-0.683484,-0.383966,0.333243,0.835715,0.868942,0.000138,0.0,97.596947
0.116957,1.120859,-0.653022,0.756166,0.756186,-0.72321,-1.285589,-0.507487,-0.068727,0.193943,0.000107,1.0,98.334961
-1.180875,0.29762,-1.584097,1.520463,1.520456,-1.117516,-2.62001,-1.99693,-1.586024,-1.237713,0.001133,1.0,99.830101
-0.257242,0.34299,-0.695499,0.76805,0.768044,-1.703505,-3.069737,-2.62576,-2.250855,-1.888716,0.00174,1.0,100.59684
0.210225,0.324898,-0.162445,-0.295351,-0.295356,-0.965114,-2.506442,-2.193973,-1.912558,-1.575529,0.000942,0.0,100.299721
-0.095852,0.277961,-0.479251,-0.305775,-0.305771,-0.182115,-1.622738,-1.908051,-1.598776,-1.300875,0.000856,0.0,99.993034
-0.132904,0.360734,-1.044237,0.968081,0.968077,-0.618948,-1.962216,-2.77514,-2.476266,-2.258209,0.000574,1.0,100.961044
0.899861,0.938153,-0.258473,-0.83539,-0.835394,0.275706,-0.562892,-1.841211,-1.639857,-1.43978,-8.5e-05,-1.0,100.117622
0.482768,0.975185,-0.086898,-0.852002,-0.851994,0.868974,0.242345,-0.889577,-0.771944,-0.577389,-0.000608,-1.0,99.264626
