2.615933,3.448276,-2.853746,-2.436195,-2.436197,3.852551,4.185488,5.866026,6.97978,6.848984,-0.002942,-1.0,8.194175
0.0,1.177856,-0.942285,0.951249,0.951237,1.743234,2.661962,4.34237,5.606603,5.653717,-0.001133,1.0,8.272121
1.431981,3.221957,0.0,-1.295642,-1.295629,2.219567,3.389016,5.043747,6.342475,6.72553,-0.002889,-1.0,8.164945
-0.70922,0.70922,-2.12766,0.954654,0.954642,0.141851,2.021282,3.467301,4.8227,5.579201,-0.002716,1.0,8.242891
0.706714,1.177856,-0.942285,0.35461,0.354609,-0.518252,1.542998,2.567732,3.998828,4.97056,-0.002899,0.0,8.272121
1.183432,1.183432,-1.183432,-0.471143,-0.471137,0.047335,1.704142,2.477317,4.035503,5.188166,-0.004821,0.0,8.233148
-0.238663,0.596659,-0.954654,-0.828402,-0.828395,0.620519,1.849635,2.879866,4.439133,5.71837,-0.004539,-1.0,8.164945
3.296703,4.151404,0.0,-2.267303,-2.267315,2.490846,3.540909,4.68865,6.233216,7.545793,-0.005198,-1.0,7.97982
-0.36452,0.850547,-0.850547,0.4884,0.488394,1.433787,2.187131,3.726216,5.127592,6.488468,-0.004798,0.0,8.018793
-0.365408,0.365408,-2.192448,-0.243013,-0.243004,0.998782,1.936663,3.670322,4.799026,6.236298,-0.004621,0.0,7.999307
0.484848,1.575758,-1.69697,0.487211,0.487205,0.024246,1.24849,2.787885,3.727279,5.250916,-0.004694,0.0,8.03828
0.363636,1.333333,-0.606061,0.0,0.0,-0.290908,0.95758,2.206066,3.303037,4.809704,-0.0046,0.0,8.03828
2.732919,3.10559,-0.993789,-2.424242,-2.424238,1.838506,3.055899,4.173914,5.341617,6.832299,-0.005512,-1.0,7.843413
4.06291,5.504587,-0.524246,-5.217391,-5.217384,5.871551,7.640883,8.772383,10.380072,11.889901,-0.007828,-1.0,7.434192
0.925926,1.322751,-2.645503,-0.917431,-0.917437,5.132273,7.407405,8.844796,10.720899,12.074073,-0.007137,-1.0,7.365988
0.405405,2.837838,-0.27027,-2.116402,-2.116403,5.108108,8.31081,10.288288,12.222973,13.535136,-0.007815,-1.0,7.210094
0.403226,0.806452,-1.478495,0.540541,0.540548,2.365587,6.465045,8.754473,10.591391,12.112896,-0.007042,0.0,7.249068
0.26738,1.604278,-1.470588,0.537634,0.537628,0.29412,4.946523,7.370765,9.157754,10.754011,-0.005819,0.0,7.288041
0.532623,0.932091,-0.399467,0.40107,0.401068,-0.426096,3.568576,6.098536,7.7763,9.629829,-0.006303,0.0,7.317271
-0.795756,1.061008,-2.519894,0.399467,0.399466,-0.875328,2.267907,4.83643,6.631302,8.636608,-0.007376,0.0,7.346501
-3.307888,0.763359,-3.307888,4.244032,4.244034,-3.740457,-2.391857,0.067854,1.940204,3.776082,-0.004416,1.0,7.658289
4.095112,4.623514,-1.188904,-3.689567,-3.689571,0.290623,0.449146,3.188026,5.237785,7.011893,-0.006965,-1.0,7.375731
-0.791557,0.395778,-2.902375,0.1321,0.132109,0.422158,-0.303433,2.515386,4.571235,6.258571,-0.005398,0.0,7.385475
2.124834,2.124834,-0.929615,-0.659631,-0.659633,1.142096,0.225762,2.576359,4.648071,6.220449,-0.004626,-1.0,7.336758
0.0,0.527009,-1.71278,0.796813,0.79681,0.474309,-0.527008,1.220905,3.227932,4.837945,-0.004693,1.0,7.395218
1.193634,2.254642,-0.66313,-0.658762,-0.658764,0.29178,0.318305,1.264371,3.309021,5.07162,-0.004416,-1.0,7.346501
-0.132275,0.793651,-0.661376,0.265252,0.265256,-0.0,0.211639,0.388007,2.493384,4.301586,-0.004716,0.0,7.365988
-0.777202,1.42487,-1.554404,2.116402,2.116403,-1.709846,-1.554406,-1.977549,0.064764,1.797925,-0.00395,1.0,7.521882
-2.16285,0.381679,-2.417303,1.813472,1.813469,-2.620865,-2.862595,-3.528413,-1.952926,-0.320611,-0.002956,1.0,7.658289
-2.484472,0.496894,-2.484472,2.417303,2.417302,-3.776397,-4.521738,-5.399585,-4.366459,-2.891925,-0.001545,1.0,7.843413
1.772152,1.772152,-1.392405,-1.863354,-1.863347,-1.037979,-2.658233,-3.18144,-2.772157,-1.326588,-0.00137,-1.0,7.697263
-0.251572,0.628931,-1.509434,0.632911,0.6329,-0.67924,-2.792448,-3.362679,-3.572322,-2.163518,-0.001307,1.0,7.745979
-0.250627,1.879699,-2.255639,0.377358,0.377357,-0.400998,-2.656636,-3.308265,-3.97869,-2.636586,-0.001037,0.0,7.775209
-0.125,0.875,-1.25,0.250627,0.25063,-0.299999,-2.312498,-3.141665,-3.987497,-2.994998,-0.00114,0.0,7.794696
-0.125,0.625,-1.75,0.0,0.0,-0.424999,-1.799998,-2.758331,-3.712498,-3.099998,-0.00114,0.0,7.794696
1.641414,1.767677,-0.631313,-1.0,-0.999988,0.631302,-0.328292,-1.725599,-2.411625,-2.287888,-0.000521,-1.0,7.71675
0.502513,0.502513,-1.130653,0.505051,0.505044,0.150751,-0.326636,-1.8928,-2.57538,-2.924626,0.001967,0.0,7.755723
-1.980198,0.990099,-1.980198,1.507538,1.507532,-1.089106,-1.361384,-2.937291,-3.650988,-4.351482,0.003022,1.0,7.872643
-0.497512,0.995025,-0.621891,-0.49505,-0.495043,-0.497514,-0.64677,-2.031513,-2.842043,-3.671645,0.003727,0.0,7.83367
-0.249688,0.499376,-0.749064,-0.373134,-0.373133,-0.099876,-0.324599,-1.315028,-2.184774,-3.086147,0.003329,0.0,7.80444
0.248756,0.497512,-1.741294,0.374532,0.37453,-0.17413,-0.522391,-1.26866,-2.437814,-3.129356,0.003258,0.0,7.83367
1.130653,1.758794,-0.251256,-0.995025,-0.995025,0.829145,0.489948,0.058624,-1.212314,-1.894475,0.002651,-1.0,7.755723
0.124844,0.374532,-0.749064,0.628141,0.628143,0.024968,-0.099878,-0.324598,-1.560553,-2.242202,0.002751,1.0,7.80444
-0.375,0.625,-0.5,-0.124844,-0.124852,0.050006,0.025005,-0.083329,-1.143746,-1.874997,0.000851,0.0,7.794696
-0.497512,0.497512,-0.621891,0.5,0.500007,-0.373135,-0.422886,-0.588725,-1.355724,-2.114431,0.002673,0.0,7.83367
-6.074766,0.233645,-6.074766,6.467662,6.467658,-5.210279,-5.724297,-6.113707,-6.752336,-7.733644,0.005428,1.0,8.340325
1.918465,1.918465,-1.558753,-2.570093,-2.570092,-1.798562,-2.781775,-3.32534,-3.824941,-4.930457,0.004597,-1.0,8.125971
-1.179245,0.353774,-3.183962,1.678657,1.678655,-2.31132,-3.915092,-4.5283,-4.964622,-6.075471,0.00498,1.0,8.262378
-4.58613,1.118568,-4.58613,5.424528,5.424528,-5.234898,-7.852347,-8.739744,-9.250558,-10.277404,0.007625,1.0,8.710573
-4.324324,0.324324,-4.432432,3.467562,3.467568,-5.794598,-9.600003,-10.8973,-11.643247,-12.56649,0.009017,1.0,9.012618
0.434783,1.413043,-0.652174,-0.540541,-0.540542,-3.891306,-7.847828,-9.485509,-10.456524,-11.369567,0.007862,-1.0,8.963901
0.989011,1.318681,-1.758242,-1.086957,-1.08696,-1.164834,-5.582416,-7.655676,-8.840658,-9.718681,0.006601,-1.0,8.866467
0.556174,1.001112,-1.001112,-1.208791,-1.20879,1.179089,-3.337041,-5.850945,-7.163514,-8.048943,0.005025,-1.0,8.75929
3.448276,4.137931,-0.45977,-3.225806,-3.225809,4.000004,0.689658,-2.206893,-3.666663,-4.597698,0.004432,-1.0,8.476732
-0.782123,1.564246,-1.340782,2.873563,2.87356,0.424586,-1.10614,-4.238356,-5.826809,-6.86033,0.005407,1.0,8.720316
-0.87241,0.218103,-2.290076,2.458101,2.458099,-2.05016,-2.813516,-5.714279,-7.404573,-8.540888,0.006311,1.0,8.93467
1.552106,1.884701,-0.665188,-1.635769,-1.635752,-0.598681,-0.443469,-3.362907,-5.277171,-6.545464,0.005491,-1.0,8.788521
-3.11828,1.290323,-3.11828,3.104213,3.104208,-2.924737,-2.559145,-5.347676,-7.473123,-8.791403,0.006841,1.0,9.061335
1.528384,1.637555,-0.655022,-1.505376,-1.505385,-0.436678,-0.829691,-3.056765,-5.447595,-6.890826,0.006621,-1.0,8.924927
1.666667,1.888889,-2.333333,-1.746725,-1.746726,1.444449,0.655559,-0.622218,-3.216663,-4.791107,0.005642,-1.0,8.769033
2.293578,4.472477,0.0,-3.111111,-3.111096,3.669717,3.337144,2.69112,0.280952,-1.366983,0.003634,-1.0,8.49622
1.400233,1.750292,-1.050175,-1.720183,-1.7202,4.434079,4.527427,4.66745,2.392071,0.644113,0.003101,-1.0,8.350068
-5.506608,0.220264,-5.506608,5.950992,5.950993,-1.916297,-1.24449,-0.770921,-2.76982,-4.568278,0.005851,1.0,8.84698
-1.523395,2.176279,-1.741023,1.211454,1.211453,-3.025024,-1.893359,-1.77729,-3.286176,-5.210006,0.006215,1.0,8.954157
-2.002107,3.161222,-2.002107,3.264418,3.264417,-5.057952,-4.425707,-4.713729,-5.579553,-7.582714,0.008067,1.0,9.246458
-1.452282,1.141079,-1.452282,1.580611,1.580627,-4.626567,-5.425319,-5.892126,-6.488598,-8.356855,0.008481,1.0,9.39261
1.791359,3.266596,-1.369863,-1.556017,-1.556032,-1.180186,-3.43519,-4.130659,-4.404631,-6.26343,0.007858,-1.0,9.246458
-3.042596,2.231237,-4.462475,3.898841,3.898844,-3.306287,-6.490871,-7.139958,-7.292088,-9.030424,0.009336,1.0,9.606963
-0.403633,0.807265,-0.605449,0.507099,0.507101,-2.34107,-6.205853,-6.794484,-7.270434,-8.718466,0.006745,0.0,9.65568
0.40404,1.919192,-0.40404,-0.100908,-0.100915,-1.414135,-5.202015,-6.0606,-6.848479,-7.874741,0.007818,0.0,9.645936
-0.900901,0.600601,-1.001001,0.909091,0.909088,-1.601596,-4.784778,-6.359684,-7.292284,-8.132123,0.007484,1.0,9.733626
0.705645,1.008065,-0.201613,-0.700701,-0.700695,-0.040323,-2.752015,-5.094084,-6.224796,-6.846771,0.00482,-1.0,9.665423
0.301508,0.301508,-0.502513,0.302419,0.302429,-0.160812,-2.170861,-4.94473,-6.025131,-6.536689,0.003444,0.0,9.694654
-1.857283,0.58651,-2.346041,2.81407,2.814056,-2.267836,-3.831861,-6.84913,-7.849456,-8.590413,0.004903,1.0,9.967467
0.589391,0.589391,-0.982318,-0.488759,-0.48874,-1.237732,-2.68174,-5.618871,-6.792741,-7.776041,0.005163,0.0,9.918752
-1.264591,0.680934,-2.042802,0.982318,0.982311,-1.634243,-3.005841,-5.525296,-7.159536,-8.252921,0.006116,1.0,10.016185
0.686275,0.784314,-0.588235,-0.77821,-0.77822,-0.313718,-1.549014,-3.718949,-5.852935,-7.101955,0.00718,-1.0,9.938237
2.191235,2.888446,0.0,-1.568627,-1.568618,1.454181,0.1992,-1.547148,-3.984067,-5.20319,0.005248,-1.0,9.782344
-3.100775,0.872093,-3.100775,2.788845,2.788841,-1.124028,-2.122093,-3.488372,-6.027131,-7.147286,0.005392,1.0,10.055158
1.377953,1.673228,-0.590551,-1.550388,-1.550388,0.393702,-0.324802,-1.52887,-3.976376,-5.20866,0.005429,-1.0,9.899264
1.696607,3.293413,-0.0998,-1.377953,-1.377951,1.277444,1.097805,0.099799,-1.986029,-3.54491,0.003481,-1.0,9.762857
0.599401,1.698302,-0.599401,-0.0998,-0.099797,0.998998,1.288708,0.546116,-1.168835,-3.052951,0.004092,0.0,9.753114
-1.093439,0.397614,-1.590457,0.4995,0.499502,0.536775,0.894628,0.178921,-1.172968,-3.232609,0.005068,0.0,9.801831
-2.121504,1.253616,-4.725169,3.081511,3.081506,-2.372226,-1.986498,-2.520091,-3.558342,-5.658631,0.007761,1.0,10.103875
-3.370787,0.468165,-3.932584,2.989392,2.989398,-4.232212,-4.3633,-4.862676,-5.800566,-7.767795,0.009808,1.0,10.40592
0.567108,1.417769,-1.417769,-0.93633,-0.936332,-2.26843,-3.175805,-3.591684,-4.465976,-6.192819,0.006814,-1.0,10.308486
0.665399,0.665399,-4.847909,-0.567108,-0.567106,-0.741446,-2.319394,-2.6616,-3.431563,-4.916354,0.006041,-1.0,10.250026
1.156069,1.445087,-0.770713,-1.330798,-1.330797,1.21387,-0.674378,-1.07258,-1.878618,-3.132954,0.004043,-1.0,10.113619
0.292683,3.02439,-1.560976,-1.252408,-1.25241,2.263415,0.517072,0.19512,-0.468296,-1.490735,0.002811,-1.0,9.986955
1.585728,1.883053,-1.684836,-1.560976,-1.560976,2.71556,2.041625,1.724478,1.20416,0.309214,0.002809,-1.0,9.831061
2.121212,3.434343,-1.919192,-1.883053,-1.883062,3.31314,3.878797,3.420883,3.101018,2.339401,0.000295,-1.0,9.645936
-0.49554,0.099108,-2.180377,1.919192,1.919202,0.51536,2.001981,1.400725,1.243804,0.650145,0.000909,1.0,9.831061
-3.458213,0.192123,-3.842459,3.171457,3.171448,-2.516806,-0.797304,-1.479341,-1.647449,-2.232464,0.002332,1.0,10.142848
-0.957854,0.670498,-1.819923,0.288184,0.288183,-2.432946,-1.015319,-1.685817,-1.829495,-2.310339,0.002062,0.0,10.172078
0.3861,1.640927,-1.640927,-0.766284,-0.766284,-1.158299,-0.559839,-0.797934,-0.984549,-1.378372,0.002033,-1.0,10.094131
0.580271,1.353965,-0.773694,-0.19305,-0.193043,-0.116058,-0.599614,-0.399742,-0.764024,-1.052225,0.001818,0.0,10.074645
-2.101242,0.0,-2.101242,1.257253,1.257255,-0.630378,-1.881569,-1.343523,-1.867242,-2.07068,0.001141,1.0,10.201309
-0.283019,0.377358,-1.037736,1.241643,1.241645,-1.490571,-2.877363,-2.21384,-2.806607,-3.026419,0.001893,1.0,10.327973
-0.093897,1.032864,-0.84507,0.471698,0.47169,-1.558682,-2.957744,-2.497648,-3.107977,-3.323939,0.001671,0.0,10.376689
0.94162,2.259887,-1.035782,-0.28169,-0.281689,-0.790957,-2.184557,-2.259884,-2.617699,-2.88512,0.001887,0.0,10.347459
-0.84666,1.222954,-0.84666,0.094162,0.094168,-0.338667,-1.589844,-2.32048,-2.422392,-2.844782,0.00261,0.0,10.357203
-2.747253,1.007326,-2.747253,2.728128,2.72813,-2.161176,-3.44323,-4.670335,-4.597074,-5.161177,0.002584,1.0,10.639761
1.01196,1.01196,-0.643974,-0.457875,-0.457886,-1.214347,-2.575893,-3.931305,-3.785643,-4.419498,0.003059,0.0,10.591043
1.962617,2.242991,-1.121495,-1.563937,-1.563935,0.4486,-0.785045,-2.124609,-2.102801,-2.758876,0.002978,-1.0,10.425406
-2.014652,0.0,-2.014652,2.056075,2.056083,-1.025645,-2.271067,-3.58975,-3.965207,-4.439565,0.003915,1.0,10.639761
0.642792,1.010101,-1.285583,-0.274725,-0.274724,-0.275487,-1.496791,-2.718096,-3.558316,-3.856755,0.003578,0.0,10.610531
0.091827,1.101928,-1.193756,0.0,0.0,-0.330583,-1.111116,-2.22835,-3.388436,-3.533522,0.002239,0.0,10.610531
1.688555,2.157598,-1.969981,-2.112029,-2.112034,1.425893,1.078799,0.037522,-1.172609,-1.227018,2.1e-05,-1.0,10.386433
-0.646353,0.277008,-1.015697,1.594747,1.594744,0.073874,-0.341641,-1.292704,-2.456139,-2.60757,0.001121,1.0,10.55207
1.599247,2.728128,-0.28222,-1.846722,-1.846718,1.411101,1.542803,0.733771,-0.366889,-0.793982,0.000565,-1.0,10.357203
0.187617,1.219512,-1.876173,0.28222,0.282219,0.694184,1.285178,0.650406,-0.290808,-1.043153,0.001266,0.0,10.386433
1.802657,1.802657,-0.759013,-1.125704,-1.125709,1.176475,2.077804,1.840612,1.057878,0.091086,0.001321,-1.0,10.269512
-3.919781,0.364631,-4.010939,4.079696,4.079707,-2.224253,-1.832274,-1.926471,-2.648137,-3.617144,0.003774,1.0,10.688478
-1.170117,0.630063,-2.160216,1.276208,1.276197,-2.95229,-2.700264,-2.886283,-3.573352,-4.522048,0.005147,1.0,10.824884
0.452489,1.176471,-1.176471,-0.540054,-0.540052,-1.665156,-2.054295,-2.099544,-2.737553,-3.656106,0.004078,-1.0,10.766424
-0.362319,0.815217,-0.634058,-0.090498,-0.090504,-0.887675,-1.829702,-1.763276,-2.332419,-3.155789,0.00266,0.0,10.75668
-2.393617,0.35461,-2.393617,2.173913,2.173914,-1.684393,-3.57269,-3.640655,-4.051412,-4.79432,0.00348,1.0,10.990521
-0.701139,1.840491,-0.701139,1.152482,1.152493,-2.033311,-4.014027,-4.423024,-4.789662,-5.528488,0.004314,1.0,11.117186
0.795053,2.208481,-0.795053,-0.788782,-0.788788,-0.883393,-2.81802,-3.297995,-3.736747,-4.466429,0.004055,-1.0,11.029495
0.79929,2.131439,-0.71048,-0.530035,-0.530033,0.017759,-1.740676,-2.581409,-2.939609,-3.637655,0.003278,-1.0,10.971035
2.815622,2.815622,-0.635786,-2.220249,-2.220246,2.234329,0.808352,-0.296702,-0.563126,-1.206178,0.001773,-1.0,10.727451
-3.231441,1.222707,-3.231441,3.996367,3.996364,-1.397379,-2.270743,-3.802038,-4.152838,-4.660261,0.003305,1.0,11.156159
-0.087336,0.873362,-2.882096,0.0,0.0,-1.327511,-1.85153,-3.342067,-3.899563,-4.363318,0.003428,0.0,11.156159
3.246168,5.500451,-0.270514,-3.144105,-3.144102,1.460774,1.316498,-0.048094,-0.60415,-1.100092,0.00202,-1.0,10.805398
-3.989592,0.173461,-4.423244,3.967538,3.967535,-1.942757,-2.133565,-3.342007,-4.132697,-4.558542,0.002558,1.0,11.234106
-3.583333,0.0,-4.416667,4.076323,4.076319,-4.13333,-5.166664,-6.383331,-7.424997,-7.839996,0.00453,1.0,11.692044
0.75,1.166667,-1.416667,0.0,0.0,-3.216664,-4.566663,-5.57222,-6.962497,-7.479997,0.00521,0.0,11.692044
2.040816,2.040816,-1.615646,-2.0,-1.999992,-0.71429,-2.321433,-3.197284,-4.596093,-5.289119,0.003446,-1.0,11.458204
-0.676819,0.338409,-2.707276,0.510204,0.510202,0.016918,-2.394249,-3.288215,-4.661593,-5.390865,0.003788,0.0,11.516664
-0.843882,1.265823,-2.109705,0.253807,0.253815,0.303789,-2.143468,-3.082991,-4.388195,-5.316464,0.003898,0.0,11.545895
1.023018,1.278772,-0.511509,-1.012658,-1.012672,0.869571,-0.528555,-1.699343,-2.953961,-4.061377,0.004376,-1.0,11.428973
1.724138,2.327586,-0.948276,-1.108269,-1.108262,1.310345,0.715515,-0.413796,-1.409486,-2.741383,0.003201,-1.0,11.30231
1.302083,1.736111,-0.260417,-0.689655,-0.689655,1.597222,1.475693,0.341433,-0.486114,-1.767364,0.003704,-1.0,11.224363
1.766784,1.943463,0.0,-1.736111,-1.736116,2.508838,3.471735,2.114255,1.364843,0.141345,0.002826,-1.0,11.029495
1.067616,1.33452,-0.88968,-0.706714,-0.706705,2.15302,3.950173,2.829176,2.170812,1.071168,0.003008,-1.0,10.951549
-0.640439,3.202196,-2.744739,-2.758007,-2.758012,3.58646,5.919488,5.696858,5.018297,4.036595,3.6e-05,-1.0,10.649504
-1.080108,1.350135,-1.080108,1.646844,1.646837,1.026108,3.402347,3.780384,3.240329,2.55626,0.000197,1.0,10.824884
-0.446828,2.234138,-0.446828,0.720072,0.720072,-0.285966,2.153714,2.883532,2.403937,1.901702,0.000745,1.0,10.902831
1.172227,1.983769,-0.901713,-0.893655,-0.893649,0.198375,2.41659,3.81124,3.223623,2.813343,0.000395,-1.0,10.805398
-1.241135,0.70922,-3.014184,1.713255,1.713246,-1.418435,0.186177,1.914901,1.493802,1.163127,0.000195,1.0,10.990521
0.0,1.685892,-0.088731,-0.088652,-0.08864,-0.727602,-0.133102,1.573494,1.699196,1.334511,-0.000345,0.0,10.980779
-0.616197,0.880282,-0.96831,0.79858,0.798568,-1.073939,-1.135557,0.3932,0.85388,0.559866,0.000346,1.0,11.068468
-0.434405,0.521286,-1.650738,1.320423,1.320436,-1.80713,-2.432674,-1.059953,-0.434411,-0.715905,0.00115,1.0,11.21462
-0.516351,1.204819,-1.549053,0.955691,0.955681,-1.824438,-3.098104,-2.111299,-1.148878,-1.552492,0.002531,1.0,11.321796
-1.439458,0.508044,-1.439458,1.635112,1.63512,-2.506354,-4.174434,-3.708726,-2.620665,-2.950047,0.001504,1.0,11.506921
-0.506329,0.843882,-0.843882,0.338696,0.338701,-1.856547,-3.721528,-3.966253,-3.012666,-2.994101,0.001652,0.0,11.545895
0.848896,1.528014,-0.254669,-0.590717,-0.590729,-0.560266,-2.580642,-3.293715,-2.529708,-2.305599,0.002762,-1.0,11.47769
-0.337553,0.675105,-0.92827,0.594228,0.59424,-0.573846,-2.599164,-3.679333,-3.067518,-2.747688,0.001295,1.0,11.545895
-1.16764,0.083403,-1.334445,1.181435,1.181424,-1.117593,-2.985819,-4.431469,-4.128438,-3.582984,3.6e-05,1.0,11.682301
1.602024,1.602024,-0.337268,-1.084237,-1.084238,0.050595,-1.433385,-3.03541,-3.073353,-2.414837,-0.000435,-1.0,11.555637
1.020408,2.040816,-0.510204,-0.84317,-0.843164,0.748297,-0.178573,-1.740366,-2.236397,-1.666669,6.8e-05,-1.0,11.458204
0.085106,1.361702,-0.255319,-0.085034,-0.085031,0.782975,0.238294,-1.293622,-2.089367,-1.66809,-0.000191,0.0,11.448461
1.904762,1.904762,-1.298701,-1.702128,-1.702133,2.008658,2.008659,0.623377,-0.380953,-0.038096,-0.001041,-1.0,11.253593
-0.17138,1.799486,-0.685518,1.038961,1.038957,0.411315,1.002576,-0.079974,-1.255352,-1.117392,-0.000149,1.0,11.370513
0.687876,1.89166,-1.977644,-0.342759,-0.342755,0.361135,1.195185,0.464316,-0.748066,-0.852968,0.000184,0.0,11.33154
1.303215,2.432667,-0.955691,-1.031814,-1.03181,0.973064,1.954818,1.650734,0.538657,0.104252,3.5e-05,-1.0,11.21462
0.434783,0.869565,-1.304348,-0.086881,-0.086887,0.626088,1.800002,1.820292,0.795653,0.156523,0.000752,0.0,11.204876
1.232394,2.112676,-0.880282,-1.217391,-1.217399,1.531697,2.623247,2.987098,2.112684,1.334515,0.00053,-1.0,11.068468
0.177148,1.062888,-1.151461,-0.616197,-0.616192,1.488044,2.639506,3.430768,2.834369,1.952173,0.001461,-1.0,11.000265
0.0,0.441306,-0.70609,0.354296,0.354301,0.600174,1.809354,2.78317,2.493379,1.624005,0.000899,0.0,11.039239
0.884956,1.150442,-0.79646,-0.264784,-0.264783,0.495571,1.672564,2.731561,2.778758,2.024775,0.000471,0.0,11.010009
-0.35057,1.051709,-1.402279,0.973451,0.973451,-0.631028,0.394388,1.524976,1.809815,1.146361,0.001283,1.0,11.117186
-0.611354,1.310044,-0.611354,0.35057,0.350565,-0.820958,-0.043666,0.937411,1.42795,0.883845,0.00069,0.0,11.156159
0.530035,1.855124,-1.678445,-1.135371,-1.135373,0.371029,0.795056,1.702006,2.460252,2.123679,0.000235,-1.0,11.029495
1.697945,3.306524,-0.178731,-1.14841,-1.148412,1.286868,1.572837,2.484366,3.373554,3.277932,-0.000611,-1.0,10.902831
-0.96831,0.088028,-2.376761,1.519214,1.519211,-0.123235,-0.07922,0.71597,1.610923,1.764092,-0.000525,1.0,11.068468
1.893598,3.336339,-0.180343,-2.376761,-2.376752,1.731285,1.983766,2.771263,3.773668,4.144273,-0.001974,-1.0,10.805398
-6.700168,0.502513,-6.700168,7.664563,7.664558,-4.690118,-4.790618,-4.32719,-3.576212,-3.125625,0.000648,1.0,11.633584
-1.178451,0.673401,-3.114478,-0.502513,-0.502511,-3.265995,-3.813132,-3.72615,-3.135521,-2.54882,0.000282,-1.0,11.575124
1.106383,2.12766,-0.765957,-1.094276,-1.094269,-1.24256,-2.391496,-2.592914,-2.110644,-1.49107,6.3e-05,-1.0,11.448461
1.202749,1.975945,-0.257732,-0.93617,-0.936169,0.171817,-1.176983,-1.597945,-1.23712,-0.632309,-0.000602,-1.0,11.341284
-0.172117,0.860585,-1.032702,-0.171821,-0.171832,1.25646,-0.826159,-1.359721,-1.12306,-0.516347,-0.001191,0.0,11.321796
1.299827,2.599653,-0.433276,-0.688468,-0.68846,1.265163,-0.060663,-0.571928,-0.441946,0.065854,-0.001019,-1.0,11.24385
-1.394943,0.697472,-2.964255,-0.606586,-0.606589,1.168267,0.680034,0.139494,0.078465,0.495204,-0.000916,-1.0,11.175646
1.678445,1.678445,-0.883392,-1.307759,-1.307763,1.749121,2.128979,1.460545,1.267671,1.636046,-0.001447,-1.0,11.029495
-0.440141,0.704225,-1.320423,0.353357,0.353353,0.897893,1.769374,1.138504,0.845077,1.137331,-0.000554,0.0,11.068468
1.784121,1.962533,-0.356824,-1.320423,-1.320418,1.516504,3.238183,2.372883,2.065122,2.29795,-0.00158,-1.0,10.922318
-2.956522,0.26087,-3.478261,2.586976,2.586978,-1.113046,0.252174,-0.179711,-0.447826,-0.299131,-0.000306,1.0,11.204876
0.876424,0.876424,-1.577564,-0.782609,-0.782606,-0.438217,0.631023,0.660236,0.390006,0.396141,-0.000197,-1.0,11.117186
-0.61082,0.95986,-1.308901,0.438212,0.438204,-0.62827,-0.061078,0.378131,0.00873,-0.101217,3.1e-05,0.0,11.165902
1.880036,2.775291,-0.537153,-2.530541,-2.530534,1.611457,2.112799,2.870783,2.546998,2.370633,-0.00054,-1.0,10.883345
-1.319261,0.175901,-2.022867,1.79051,1.790507,0.105542,0.096747,1.225449,0.725595,0.524187,0.000506,1.0,11.078212
0.618375,1.590106,-0.441696,-0.439754,-0.439755,0.229684,0.344524,1.307423,1.113076,0.954066,0.000161,0.0,11.029495
-1.73913,0.695652,-2.173913,1.590106,1.590109,-1.18261,-1.200002,-0.498551,-0.391305,-0.553044,0.000968,1.0,11.204876
0.877193,1.666667,-1.315789,-0.869565,-0.869568,-0.421051,-0.263157,0.169593,0.574563,0.343862,0.000166,-1.0,11.107442
0.175131,1.838879,-0.437828,0.175439,0.175441,-0.157619,-0.38529,-0.134268,0.424694,0.210157,9e-05,0.0,11.126929
-0.69869,0.087336,-1.135371,0.262697,0.262696,-0.279476,-0.436681,-0.494905,0.318778,-0.038428,0.000698,0.0,11.156159
1.23348,1.674009,-1.23348,-0.873362,-0.873365,0.651985,0.308373,0.270193,0.942735,0.807051,0.000818,-1.0,11.058725
0.444444,0.977778,-1.244444,-0.881057,-0.88106,1.102226,1.057782,1.031116,1.560006,1.678228,-0.000226,-1.0,10.961291
-1.129453,1.476977,-1.911381,2.311111,2.311124,-0.99045,-1.181588,-1.141044,-0.838408,-0.507391,0.001812,1.0,11.21462
0.174672,0.960699,-1.048035,-0.521286,-0.521293,-0.419214,-0.419214,-0.570597,-0.401747,0.045416,-0.001747,-1.0,11.156159
-1.465517,1.293103,-2.155172,1.310044,1.310048,-1.448279,-1.508624,-1.632187,-1.698279,-1.072417,-0.000959,1.0,11.30231
-1.516428,0.336984,-2.443134,2.327586,2.327577,-2.813812,-3.285589,-3.661888,-3.795278,-3.346246,0.000529,1.0,11.56538
-5.52,0.72,-5.52,5.307498,5.307504,-5.712,-7.360001,-7.936001,-8.232001,-8.0192,0.003244,1.0,12.179213
-1.649647,3.377848,-1.728201,1.84,1.839996,-5.498819,-7.989,-8.934273,-9.336211,-9.373131,0.004118,1.0,12.40331
-2.015504,0.155039,-2.015504,1.335428,1.335434,-4.496126,-8.054266,-9.240312,-9.934111,-10.176746,0.004998,1.0,12.568948
1.092044,1.482059,-1.404056,-0.620155,-0.620163,-1.996876,-6.411852,-7.919912,-8.744145,-9.241804,0.004992,-1.0,12.491
-0.078309,2.349256,-0.469851,-0.390016,-0.390001,-0.203611,-4.933446,-6.80241,-7.889593,-8.501183,0.005391,0.0,12.442285
-1.0,1.384615,-1.692308,1.801096,1.801092,-1.200003,-5.269234,-7.682055,-8.907696,-9.649235,0.006021,1.0,12.666382
-0.6886,0.6886,-1.147666,0.538462,0.538457,-1.208873,-4.583014,-7.324662,-8.779648,-9.597552,0.006829,0.0,12.734585
1.401869,3.193146,-0.856698,-1.759755,-1.759751,0.467288,-1.79128,-4.927314,-6.495331,-7.517137,0.004939,-1.0,12.510488
-0.310078,1.24031,-0.542636,0.46729,0.467288,0.124033,-1.240311,-4.620156,-6.337211,-7.423257,0.005483,0.0,12.568948
4.497992,4.497992,-0.722892,-3.488372,-3.488375,3.228918,2.795182,-0.583667,-2.497991,-3.771887,0.003775,-1.0,12.130496
1.618123,1.699029,-1.779935,-0.722892,-0.722889,2.944983,3.43042,0.738942,-1.440131,-2.763756,0.004561,-1.0,12.042806
0.323887,1.538462,-0.890688,-0.080906,-0.080903,1.862345,3.206475,1.27395,-0.975713,-2.396766,0.003748,0.0,12.033063
1.968827,2.378999,-0.082034,-1.295547,-1.295555,2.132901,3.978677,3.007935,0.639873,-0.780964,0.003376,-1.0,11.877168
0.0819,0.982801,-1.064701,0.164069,0.164071,0.835383,3.308767,3.172265,0.786243,-0.668303,0.002756,0.0,11.896655
2.006689,3.595318,-0.250836,-2.047502,-2.0475,2.123746,4.790971,5.379042,3.147993,1.622073,0.002243,-1.0,11.653071
-2.12592,1.798855,-2.452984,2.257525,2.257525,-0.343418,1.847915,2.905424,1.271464,-0.382666,0.003149,1.0,11.916142
-1.451613,0.564516,-1.935484,1.390025,1.390022,-1.629032,-0.088707,1.317207,0.241938,-1.425804,0.003639,1.0,12.081779
0.241352,0.402253,-0.965406,0.241935,0.241943,-1.480294,-0.659699,0.820591,0.394203,-1.338702,0.004124,0.0,12.11101
0.809061,1.375405,-0.485437,-0.563154,-0.563157,-0.679612,-0.533982,1.143473,1.270225,-0.485438,0.004262,-1.0,12.042806
2.479339,3.636364,-0.495868,-2.10356,-2.103563,1.685953,1.314051,2.947661,3.541324,1.900828,0.002343,-1.0,11.789478
1.008403,2.10084,-0.252101,-1.652893,-1.652898,2.840342,2.630258,4.061632,5.029419,3.83194,0.001851,-1.0,11.59461
-0.9942,1.159901,-0.9942,1.428571,1.428578,0.845071,0.952775,2.043635,3.27672,2.555096,0.001902,1.0,11.760248
0.667223,1.417848,-1.084237,-0.6628,-0.662801,0.783986,1.45955,2.251877,3.586323,3.419517,0.000602,-1.0,11.682301
-1.47541,2.377049,-1.967213,1.75146,1.751453,-1.213111,-0.295076,0.109296,1.549188,1.836073,-0.000944,1.0,11.886911
3.159693,4.526046,-0.683177,-4.016393,-4.016384,2.254478,3.663532,3.877025,5.345856,6.042696,-0.00349,-1.0,11.409487
1.805675,1.805675,-1.203783,-0.683177,-0.683177,2.493548,3.860702,4.173113,5.481511,6.472913,-0.004368,-1.0,11.33154
0.172414,1.982759,-0.344828,-0.257954,-0.257953,1.948273,3.439652,4.01149,5.120686,6.358618,-0.004211,0.0,11.30231
-4.101723,0.410172,-4.101723,5.086207,5.086199,-2.657913,-1.763738,-1.022693,-0.233794,0.977855,-0.00183,1.0,11.877168
0.66335,0.912106,-0.580431,-1.066448,-1.066441,-1.840797,-0.953569,-0.038698,0.493363,1.81426,-0.003076,-1.0,11.750505
-0.248756,1.3267,-0.580431,0.0,0.0,-1.260366,-0.986736,0.016581,0.331672,1.57877,-0.003311,0.0,11.750505
0.165289,1.487603,-0.413223,0.331675,0.331671,-0.809915,-1.148759,-0.385674,-0.107437,0.945456,-0.002401,0.0,11.789478
0.416667,0.75,-0.416667,-0.826446,-0.826449,0.683336,-0.38333,0.222226,0.57917,1.430004,-0.002964,-1.0,11.692044
0.249792,0.333056,-0.666112,0.083333,0.083339,0.299749,-0.449627,-0.094368,0.420481,1.069107,-0.001411,0.0,11.701788
3.106126,4.05522,-0.172563,-3.497086,-3.49709,3.123384,2.631582,3.083119,3.792064,4.279553,-0.002617,-1.0,11.292566
1.310044,2.09607,-0.436681,-1.207938,-1.207936,3.318777,3.659389,3.965065,4.838428,5.205241,-0.003107,-1.0,11.156159
0.348129,1.218451,-0.348129,0.349345,0.349341,1.897305,3.17668,3.36525,4.151441,4.536123,-0.002392,0.0,11.195132
-1.972556,0.25729,-2.658662,1.479547,1.479554,-0.171529,1.72384,1.623783,2.315607,2.775298,-0.00182,1.0,11.36077
-0.342173,0.25663,-1.625321,0.25729,0.25728,-0.975187,1.03508,1.191909,1.736534,2.34047,-0.000818,0.0,11.389999
-0.255102,0.595238,-1.445578,0.598802,0.598815,-1.275516,0.178566,0.340132,0.875845,1.578227,-0.001539,1.0,11.458204
-0.425532,0.170213,-0.765957,-0.085034,-0.085031,-0.680858,-8e-06,0.44822,0.812758,1.593184,-0.00218,0.0,11.448461
1.475694,1.475694,-2.777778,-1.957447,-1.957451,1.354165,1.493052,2.390043,2.660587,3.374997,-0.003137,-1.0,11.224363
0.612423,0.787402,-2.274716,-0.78125,-0.781247,1.749778,1.79352,3.097107,3.18897,3.849513,-0.003231,-1.0,11.136673
-0.69869,0.436681,-2.09607,0.174978,0.174971,1.152843,1.126639,2.486173,2.772927,3.325765,-0.002241,0.0,11.156159
-1.126516,0.17331,-1.213172,0.786026,0.786032,-0.017332,0.294623,1.386477,1.685437,2.235696,-0.00118,1.0,11.24385
-6.741573,0.518583,-8.383751,0.259965,0.259955,-0.587721,0.138294,0.841261,1.361284,1.787386,-0.001688,0.0,11.273079
-0.172861,2.160761,-2.420052,0.0,0.0,-0.501292,0.207438,0.535873,1.335355,1.673298,-0.0014,0.0,11.273079
1.044386,2.78503,-0.435161,-0.691443,-0.691444,0.295913,0.757185,0.939953,1.993042,2.179291,-0.002462,-1.0,11.195132
-0.427716,0.940975,-1.539778,1.740644,1.74064,-1.009405,-0.96663,-0.969482,0.034225,0.328494,4.1e-05,1.0,11.389999
-1.4419,1.187447,-1.4419,0.855432,3.511862,-3.44141,-4.045127,-4.04803,-3.342901,-3.108244,0.001865,1.0,11.79
-0.340136,0.340136,-1.020408,-0.254453,-0.254453,-2.36699,-3.53543,-3.460941,-3.09229,-2.741849,0.001866,0.0,11.76
2.005231,2.441151,-1.394943,-2.465986,-2.465986,0.444867,-0.882327,-0.86035,-0.781405,-0.234552,-0.001417,-1.0,11.47
-1.630901,0.343348,-1.716738,1.569311,1.569311,-0.326182,-1.973135,-2.226611,-2.332441,-1.656614,-0.000271,1.0,11.65
0.172414,1.034483,-0.689655,-0.429185,-0.429185,0.465517,-1.167984,-1.684483,-1.955334,-1.328295,-0.000458,0.0,11.6
-0.512383,0.512383,-1.024765,0.948276,0.948276,-0.614859,-1.698301,-2.464677,-2.698096,-2.269021,-0.00019,1.0,11.71
-0.756939,0.504626,-0.925147,1.537148,1.537148,-1.900757,-2.667611,-3.693673,-3.862532,-3.70162,0.000838,1.0,11.89
-0.918197,0.584307,-1.168614,0.756939,0.756939,-1.786311,-2.808739,-3.996677,-4.257192,-4.36145,0.001131,1.0,11.98
1.005025,1.088777,-0.167504,-0.33389,-0.33389,-0.971524,-1.859297,-3.226523,-3.693887,-3.957986,0.002506,0.0,11.94
1.182432,1.773649,-0.337838,-0.837521,-0.837521,0.27027,-0.650338,-2.024133,-2.690457,-3.100127,0.002667,-1.0,11.84
1.026518,1.026518,-1.112062,-1.266892,-1.266892,1.522669,0.538922,-0.512524,-1.342688,-1.720767,0.001964,-1.0,11.69
0.17138,0.599829,-0.771208,-0.171086,-0.171086,1.319623,0.634105,-0.115276,-1.078692,-1.376213,0.001247,0.0,11.67
-0.257511,0.686695,-2.23176,-0.17138,-0.17138,0.927039,0.961373,0.271892,-0.726193,-1.050723,0.00106,0.0,11.65
-0.681431,0.936968,-0.76661,0.772532,0.772532,-0.187394,0.264055,-0.187394,-1.230282,-1.680069,0.001136,1.0,11.74
-1.088777,0.41876,-1.423786,1.703578,1.703578,-1.691792,-1.130653,-1.552205,-2.556474,-3.142714,0.001913,1.0,11.94
-1.642036,1.559934,-2.134647,2.01005,2.01005,-2.824302,-2.692939,-3.278599,-4.092246,-4.814189,0.003638,1.0,12.18
-0.489396,1.468189,-0.570962,0.656814,0.656814,-2.495922,-3.026101,-3.637847,-4.315575,-5.170527,0.004264,1.0,12.26
0.0,1.386623,-0.163132,0.0,0.0,-1.500816,-2.797716,-3.208265,-3.913079,-4.832636,0.004188,0.0,12.26
0.3276,0.819001,-1.228501,-0.40783,-0.40783,-0.3276,-2.178542,-2.506143,-3.104014,-4.091303,0.003668,0.0,12.21
0.821018,0.90312,-0.164204,-0.2457,-0.2457,0.311987,-1.658456,-1.94855,-2.541051,-3.518838,0.003449,0.0,12.18
0.082372,1.976936,-0.411862,-0.328407,-0.328407,0.576606,-0.963756,-1.389347,-2.075783,-2.905671,0.003306,0.0,12.14
-2.172164,0.724055,-2.172164,2.388797,2.388797,-1.49638,-2.662912,-3.400375,-4.090909,-4.798645,0.004645,1.0,12.43
-0.960769,1.040833,-0.960769,0.482703,0.482703,-1.601281,-2.457966,-3.592207,-4.143315,-4.866251,0.004098,0.0,12.49
-0.557769,1.513944,-0.557769,0.480384,0.480384,-1.52988,-2.278884,-3.729084,-4.243028,-4.889243,0.00278,0.0,12.55
-2.546296,2.932099,-4.243827,3.266932,3.266932,-3.441358,-4.583333,-6.19856,-6.747685,-7.41358,0.004311,1.0,12.96
-1.144165,1.067887,-1.220442,1.157407,1.157407,-3.066362,-4.965675,-6.549708,-7.280702,-8.070175,0.005887,1.0,13.11
0.845503,1.229823,-0.38432,-0.762777,-0.762777,-1.429669,-3.658724,-5.14476,-6.137586,-6.979247,0.004873,-1.0,13.01
-1.374046,0.534351,-1.450382,0.691776,0.691776,-1.175573,-3.679389,-5.058524,-6.354962,-7.120611,0.00536,1.0,13.1
1.313756,1.313756,-0.386399,-1.221374,-1.221374,0.64915,-1.924266,-3.266358,-4.810665,-5.573416,0.004417,-1.0,12.94
1.178319,2.120974,0.0,-1.622875,-1.622875,1.948154,0.125687,-1.256874,-2.890809,-3.660644,0.003043,-1.0,12.73
0.314961,0.629921,-1.181102,-0.235664,-0.235664,1.543307,0.80315,-0.750656,-2.26378,-3.12126,0.002611,0.0,12.7
-1.086957,0.698758,-1.475155,1.417323,1.417323,-0.07764,-0.256211,-1.81677,-3.159938,-4.167702,0.003373,1.0,12.88
-0.07764,0.698758,-0.931677,0.0,0.0,-0.419255,0.046584,-1.495859,-2.682453,-3.888199,0.003737,0.0,12.88
-0.155039,0.697674,-0.310078,0.15528,0.15528,-0.635659,0.162791,-1.29199,-2.383721,-3.739535,0.004355,0.0,12.9
1.185771,2.450593,-0.55336,-1.937984,-1.937984,1.201581,1.897233,0.906456,-0.173913,-1.581028,0.003587,-1.0,12.65
-0.316706,0.791766,-1.821061,-0.158103,-0.158103,1.25099,1.678543,1.324888,0.162312,-1.127474,0.003593,0.0,12.63
-0.079177,0.791766,-0.395883,0.0,0.0,0.855107,1.377672,1.430457,0.308789,-0.823436,0.003257,0.0,12.63
-1.272872,0.556881,-1.670644,-0.475059,-0.475059,0.843278,1.439936,1.957041,0.910899,-0.057279,0.002309,0.0,12.57
2.371218,3.434178,-0.163532,-2.704853,-2.704853,2.551104,3.679477,4.617062,3.724448,2.881439,0.000259,-1.0,12.23
-0.162338,0.811688,-0.892857,0.735895,0.735895,1.266234,2.589286,3.506494,3.023539,2.253247,0.000294,1.0,12.32
1.486375,1.899257,-0.495458,-1.704545,-1.704545,2.163501,3.88109,4.750895,4.797688,4.003303,-0.000447,-1.0,12.11
1.246883,1.66251,-0.332502,-0.660611,-0.660611,1.845387,3.865337,4.904406,5.328346,4.618454,-0.000557,-1.0,12.03
1.181435,2.531646,-0.590717,-1.496259,-1.496259,2.177215,4.57384,5.794655,6.658228,6.069198,-0.001101,-1.0,11.85
-1.259446,0.671704,-1.343409,0.506329,0.506329,1.125105,3.215785,4.685139,5.852225,5.434089,-0.000738,0.0,11.91
0.508044,0.677392,-1.100762,-0.839631,-0.839631,1.117697,3.378493,5.052216,6.261643,6.201524,-0.002142,-1.0,11.81
0.424088,1.102629,-1.187447,-0.169348,-0.169348,0.746395,2.841391,4.715861,5.882103,6.262935,-0.002425,0.0,11.79
-0.08489,0.339559,-1.697793,-0.084818,-0.084818,0.40747,2.207131,4.18223,5.449915,6.132428,-0.002671,0.0,11.78
-0.92437,0.336134,-1.428571,1.018676,1.018676,-0.521008,0.613445,2.582633,3.882353,4.863866,-0.003648,1.0,11.9
-0.337838,0.506757,-0.844595,-0.504202,-0.504202,-0.135135,0.793919,2.505631,3.944257,5.155405,-0.004371,-1.0,11.84
0.851789,1.277683,-0.936968,-0.844595,-0.844595,0.596252,1.158433,2.86201,4.408007,5.635434,-0.004406,-1.0,11.74
0.170794,1.707942,-0.512383,-0.255537,-0.255537,0.717336,1.076003,2.601765,4.252775,5.427839,-0.004818,0.0,11.71
-1.747088,0.582363,-1.996672,2.64731,2.64731,-1.480865,-1.539101,-0.382696,1.206323,2.379368,-0.003136,1.0,12.02
1.449275,2.472293,-0.682012,-2.412646,-2.412646,0.664962,0.792839,1.602728,3.218244,4.443308,-0.00348,-1.0,11.73
0.256191,1.280956,-1.537148,-0.170503,-0.170503,0.614859,0.794193,1.480216,2.886422,4.201537,-0.003451,0.0,11.71
-0.254022,0.169348,-1.862828,0.853971,0.853971,-0.118544,-0.059272,0.333051,1.65961,3.007621,-0.003696,1.0,11.81
-1.095198,0.673968,-2.358888,0.508044,0.508044,-0.353833,-0.497051,-0.308902,0.825611,2.207245,-0.003475,0.0,11.87
-0.922045,0.922045,-0.922045,0.505476,0.505476,-1.005868,-0.871752,-0.866164,0.025147,1.374686,-0.003323,0.0,11.93
-1.644737,1.233553,-1.973684,1.927913,1.927913,-2.171053,-2.532895,-2.571272,-2.035362,-0.779605,-0.001642,1.0,12.16
-2.314445,0.159617,-3.750998,3.042763,3.042763,-3.750998,-4.860335,-5.118383,-4.80846,-3.827614,-0.000251,1.0,12.53
0.159617,0.877893,-0.319234,0.0,0.0,-2.601756,-4.229848,-4.735302,-4.724661,-3.865922,-0.000251,0.0,12.53
0.0,0.72,-0.48,-0.239425,-0.239425,-1.36,-3.368,-4.128,-4.34,-3.6768,-0.000148,0.0,12.5
-1.259843,0.23622,-1.653543,1.6,1.6,-1.700787,-4.354331,-5.154856,-5.582677,-5.171654,0.001724,1.0,12.7
0.315706,0.552486,-0.23678,-0.23622,-0.23622,-0.662983,-3.385951,-4.525125,-5.035517,-4.915549,0.001301,0.0,12.67
0.471698,1.493711,-0.786164,0.394633,0.394633,-0.754717,-2.971698,-4.439203,-5.090409,-5.13522,0.002214,0.0,12.72
1.190476,3.174603,-0.15873,-0.943396,-0.943396,0.301587,-1.420635,-3.074074,-3.873016,-4.142857,0.002091,-1.0,12.6
-0.23753,0.0,-0.475059,0.238095,0.238095,0.2692,-1.053048,-2.818686,-3.768804,-4.205859,0.002845,0.0,12.63
-0.709779,0.946372,-0.946372,0.395883,0.395883,-0.157729,-0.851735,-2.85489,-3.793375,-4.378549,0.002797,0.0,12.68
0.395257,0.632411,-0.790514,-0.236593,-0.236593,0.047431,-0.229249,-2.139657,-3.268775,-3.898814,0.003059,0.0,12.65
-0.473934,0.789889,-0.7109,0.079051,0.079051,-0.126382,-0.205371,-1.716693,-3.021327,-3.737757,0.003167,0.0,12.66
-1.544402,0.694981,-2.007722,2.290679,2.290679,-1.822394,-2.11583,-3.330759,-4.725869,-5.541313,0.0042,1.0,12.95
0.386399,1.004637,-0.309119,-0.07722,-0.07722,-1.267388,-1.700155,-2.704791,-4.176971,-5.112828,0.003723,0.0,12.94
0.465477,0.853375,-0.387898,-0.386399,-0.386399,-0.558573,-1.171451,-1.830877,-3.467804,-4.40031,0.003774,0.0,12.89
-0.541377,0.541377,-0.928074,0.310318,0.310318,-0.433101,-1.276102,-1.737561,-3.302398,-4.377417,0.004277,0.0,12.93
-0.3861,0.30888,-0.3861,0.154679,0.154679,-0.138996,-1.250965,-1.673102,-2.972973,-4.182239,0.004455,0.0,12.95
0.619675,0.697134,-0.309837,-0.30888,-0.30888,0.108443,-0.70488,-1.172218,-2.246321,-3.522851,0.00317,0.0,12.91
1.092044,1.404056,-0.468019,-0.697134,-0.697134,0.624025,0.140406,-0.312012,-1.189548,-2.49922,0.003916,-1.0,12.82
0.07776,0.777605,-0.311042,0.312012,0.312012,0.264386,-0.031104,-0.539139,-1.135303,-2.541213,0.004125,0.0,12.86
0.549882,0.549882,-0.628437,-1.010886,-1.010886,0.974077,1.052632,0.507986,0.098193,-1.231736,0.003315,-1.0,12.73
-1.474011,0.07758,-1.474011,1.256874,1.256874,-0.372382,-0.023274,-0.651668,-1.004655,-2.091544,0.00364,1.0,12.89
-0.772201,0.30888,-1.698842,0.465477,0.465477,-0.772201,-0.486486,-0.931789,-1.301158,-2.19305,0.003623,0.0,12.95
0.07722,0.3861,-0.540541,0.0,0.0,-0.571429,-0.478764,-0.767053,-1.127413,-1.859459,0.002784,0.0,12.95
-0.3861,0.3861,-0.3861,0.0,0.0,-0.432432,-0.432432,-0.628057,-1.030888,-1.544402,0.001462,0.0,12.95
0.936037,1.092044,-0.936037,-1.003861,-1.003861,0.717629,0.49142,0.468019,0.031201,-0.340094,0.001025,-1.0,12.82
-0.619675,0.154919,-1.006971,0.702028,0.702028,0.046476,-0.240124,-0.103279,-0.592564,-0.917119,0.001434,1.0,12.91
-0.15444,0.540541,-0.772201,0.309837,0.309837,-0.262548,-0.517375,-0.41184,-0.764479,-1.093436,0.000873,0.0,12.95
-0.612089,0.994644,-1.606733,0.926641,0.926641,-0.994644,-1.23948,-1.259883,-1.507269,-1.827085,0.001379,1.0,13.07
-0.607903,1.06383,-0.607903,0.6886,0.6886,-1.352584,-1.68693,-1.798379,-1.99848,-2.358663,0.001507,1.0,13.16
1.072797,2.681992,0.0,-0.835866,-0.835866,-0.168582,-0.613027,-0.909323,-1.019157,-1.419157,0.001554,-1.0,13.05
1.086957,1.552795,-1.009317,-1.302682,-1.302682,1.102484,0.690994,0.362319,0.372671,-0.068323,0.000884,-1.0,12.88
-1.079414,0.462606,-1.079414,0.698758,0.698758,0.431766,0.00771,-0.303264,-0.316114,-0.647648,0.001015,1.0,12.97
-2.039275,0.377644,-2.643505,2.081727,2.081727,-1.359517,-1.812689,-2.124874,-2.23565,-2.489426,0.002023,1.0,13.24
1.376147,1.376147,-0.229358,-1.208459,-1.208459,-0.275229,-0.512232,-0.815494,-0.967125,-1.174312,0.001464,-1.0,13.08
-1.06141,0.30326,-1.21304,0.840979,0.840979,-0.894617,-1.06141,-1.410159,-1.694466,-1.834723,0.000833,1.0,13.19
-0.530705,1.06141,-0.90978,0.0,0.0,-0.424564,-0.849128,-1.258529,-1.603487,-1.673995,0.000867,0.0,13.19
0.685976,1.52439,-0.381098,-0.530705,-0.530705,0.335366,-0.190549,-0.645325,-0.998476,-1.097561,0.000804,-1.0,13.12
1.156515,1.156515,-1.464919,-1.143293,-1.143293,1.079414,0.886662,0.514007,0.204318,0.055513,0.000172,-1.0,12.97
-0.840336,0.381971,-0.993125,0.925212,0.925212,0.168067,-0.091673,-0.336134,-0.626432,-0.800611,0.000507,1.0,13.09
0.915332,0.915332,-0.076278,0.152788,0.152788,-0.106789,-0.198322,-0.340707,-0.633105,-0.897025,0.000708,0.0,13.11
0.152788,0.458365,-0.152788,-0.152555,-0.152555,-0.106952,0.114591,-0.096766,-0.404889,-0.702827,0.000945,0.0,13.09
0.308404,1.079414,-0.231303,-0.91673,-0.91673,0.585968,1.040864,0.837831,0.524287,0.234387,0.00041,-1.0,12.97
-1.29771,0.305344,-1.832061,1.002313,1.002313,-0.21374,-0.068702,-0.147583,-0.416031,-0.674809,0.001286,1.0,13.1
1.870616,1.870616,-0.467654,-2.061069,-2.061069,1.480904,1.839439,1.782281,1.632892,1.40608,-0.000157,-1.0,12.83
1.995211,2.793296,-0.079808,-2.33827,-2.33827,2.984836,3.750998,3.942538,3.950519,3.770152,-0.001376,-1.0,12.53
1.377634,2.350081,-0.162075,-1.516361,-1.516361,3.354943,4.659643,5.251216,5.320097,5.189627,-0.002035,-1.0,12.34
-0.321027,1.52488,-2.006421,0.972447,0.972447,1.540931,3.12199,3.964687,4.109149,4.019262,-0.001612,1.0,12.46
-0.568182,1.136364,-2.11039,-1.123596,-1.123596,1.428571,3.766234,4.648268,4.987825,4.996753,-0.001664,-1.0,12.32
-2.247191,1.203852,-2.247191,1.136364,1.136364,-0.304976,2.094703,3.140717,3.527287,3.659711,-0.001476,1.0,12.46
1.444623,1.845907,-0.802568,0.0,0.0,-0.417335,1.573034,2.750134,3.29053,3.544141,-0.00161,0.0,12.46
-2.364066,0.078802,-2.758077,1.845907,1.845907,-1.670607,-0.583136,0.625164,1.343578,1.598109,-0.001211,1.0,12.69
-1.160093,0.07734,-1.856148,1.891253,1.891253,-2.768755,-2.459397,-1.340552,-0.552978,-0.29389,-0.000688,1.0,12.93
0.936768,2.34192,0.0,-0.928074,-0.928074,-1.092896,-1.772053,-0.49961,0.210773,0.558938,-0.000728,-1.0,12.81
0.154919,0.542215,-0.464756,0.78064,0.78064,-1.16189,-2.470953,-1.363284,-0.631294,-0.297444,0.000178,1.0,12.91
0.15444,0.617761,-0.926641,0.309837,0.309837,-0.710425,-2.447876,-1.750322,-1.030888,-0.636293,9e-06,0.0,12.95
-0.694444,0.385802,-0.925926,0.07722,0.07722,-0.37037,-2.044753,-1.893004,-1.195988,-0.688272,-0.000863,0.0,12.96
-0.229533,0.229533,-0.918133,0.848765,0.848765,-0.994644,-2.402448,-2.667687,-2.046672,-1.493497,3.2e-05,1.0,13.07
-0.381388,0.457666,-0.686499,0.306044,0.306044,-0.839054,-2.097635,-2.959573,-2.292143,-1.833715,-0.000201,0.0,13.11
-0.228311,0.761035,-0.761035,0.228833,0.228833,-0.715373,-1.803653,-3.023846,-2.496195,-2.039574,-0.000101,0.0,13.14
3.196347,3.196347,-0.380518,0.0,0.0,-0.42618,-1.286149,-2.714358,-2.484779,-2.054795,0.000129,0.0,13.14
0.0,0.989346,-0.228311,0.0,0.0,-0.152207,-0.943683,-2.308473,-2.465753,-2.070015,0.000627,0.0,13.14
0.07622,0.533537,-0.228659,-0.152207,-0.152207,0.07622,-0.647866,-1.824187,-2.259909,-1.920732,0.000158,0.0,13.12
0.53313,0.685453,-0.685453,0.07622,0.07622,0.030465,-0.479817,-1.487687,-2.322925,-1.946687,0.000125,0.0,13.13
0.229533,0.459067,-0.459067,-0.456969,-0.456969,0.382555,0.099464,-0.724305,-1.782708,-1.502678,-8e-06,0.0,13.07
0.385208,0.693374,-0.308166,-0.6886,-0.6886,0.832049,0.816641,0.231125,-0.928351,-0.859784,9.2e-05,-1.0,12.98
0.153965,0.307929,-0.538876,0.077042,0.077042,0.52348,0.762125,0.307929,-0.754426,-0.966898,-0.000311,0.0,12.99
0.077042,0.847458,-0.46225,-0.076982,-0.076982,0.385208,0.770416,0.410889,-0.477658,-0.887519,0.000552,0.0,12.98
-0.384615,0.384615,-0.538462,0.154083,0.154083,0.030769,0.530769,0.353846,-0.369231,-1.070769,0.001636,0.0,13.0
-0.229885,0.689655,-0.229885,0.384615,0.384615,-0.383142,0.076628,0.040868,-0.524904,-1.382375,0.002462,0.0,13.05
-0.076394,0.229183,-0.458365,0.306513,0.306513,-0.519481,-0.26738,-0.193532,-0.588235,-1.512605,0.002173,0.0,13.09
0.846805,1.00077,-0.153965,-0.763942,-0.763942,0.246343,0.384911,0.590198,0.292533,-0.554273,0.002329,-1.0,12.99
-0.612089,1.300689,-0.612089,0.615858,0.615858,-0.229533,-0.267789,-0.025504,-0.267789,-0.976282,0.002103,1.0,13.07
0.0,0.305344,-0.763359,0.229533,0.229533,-0.305344,-0.519084,-0.259542,-0.385496,-0.964885,0.002202,0.0,13.1
0.384911,0.692841,-0.153965,-0.839695,-0.839695,0.446497,0.26174,0.508083,0.488838,0.036952,0.001035,-1.0,12.99
3.858268,5.905512,-0.314961,-2.232487,-2.232487,2.125984,2.330709,2.572178,2.685039,2.39685,-0.000758,-1.0,12.7
-1.317829,0.0,-1.860465,1.574803,1.574803,0.403101,0.674419,0.857881,1.069767,0.874419,0.00033,1.0,12.9
-3.218563,0.299401,-5.239521,3.565891,3.565891,-2.61976,-2.507485,-2.49501,-2.301647,-2.47006,0.001541,1.0,13.36
-0.507246,1.304348,-1.811594,3.293413,3.293413,-4.710145,-5.036232,-5.280193,-5.166667,-5.292754,0.002838,1.0,13.8
0.655977,1.38484,0.0,-0.57971,-0.57971,-3.090379,-3.994169,-4.412051,-4.402332,-4.504373,0.002553,-1.0,13.72
0.809419,2.133922,-0.147167,-0.947522,-0.947522,-0.853569,-2.707873,-3.19843,-3.322296,-3.402502,0.001772,-1.0,13.59
-1.162791,0.145349,-1.235465,1.25092,1.25092,-0.828488,-3.350291,-4.021318,-4.291424,-4.363372,0.002182,1.0,13.76
0.364431,0.874636,-0.655977,-0.290698,-0.290698,-0.014577,-2.594752,-3.381924,-3.793732,-3.895044,0.001957,0.0,13.72
0.438917,2.340892,-1.536211,-0.364431,-0.364431,0.160936,-1.821507,-2.70178,-3.244331,-3.379663,0.001798,0.0,13.67
-0.725163,0.145033,-2.030457,0.877835,0.877835,-0.609137,-2.095722,-3.190718,-3.825236,-4.031907,0.00218,1.0,13.79
1.173881,2.274395,-1.027146,-1.160261,-1.160261,0.616288,-0.264123,-1.790169,-2.457814,-2.761555,0.001741,-1.0,13.63
0.0,0.592593,-0.740741,-0.953778,-0.953778,1.2,1.140741,-0.592593,-1.32963,-1.718519,0.001294,-1.0,13.5
1.438304,2.271007,-0.832702,-2.148148,-2.148148,2.649508,3.24754,1.660358,0.923543,0.466313,0.000558,-1.0,13.21
0.0,1.580135,-0.300978,0.605602,0.605602,1.459744,2.242287,1.143717,0.425132,-0.090293,0.001121,1.0,13.29
0.229008,1.145038,0.0,-1.429646,-1.429646,1.877863,3.251908,2.666667,1.900763,1.367939,0.000466,-1.0,13.1
2.178988,2.412451,0.0,-1.908397,-1.908397,2.645914,4.684825,4.741894,3.789883,3.299611,-0.00033,-1.0,12.85
-1.306687,1.229823,-1.767871,1.245136,1.245136,0.630284,2.820907,3.51012,2.521138,2.035357,0.000144,1.0,13.01
-2.690583,0.523169,-3.28849,2.843966,2.843966,-1.898356,-0.276532,0.657698,-0.198057,-0.666667,0.001213,1.0,13.38
-0.441176,0.0,-1.323529,1.644245,1.644245,-3.029412,-1.941176,-1.068627,-1.628676,-2.097059,0.001795,1.0,13.6
-2.023121,0.144509,-2.745665,1.764706,1.764706,-3.641618,-3.605491,-2.726397,-3.027457,-3.566474,0.002894,1.0,13.84
-0.645624,0.143472,-1.219512,0.722543,0.722543,-2.76901,-4.074605,-3.256815,-3.278336,-4.014347,0.002941,1.0,13.94
0.0,0.428571,-0.928571,0.430416,0.430416,-1.771429,-4.128571,-3.557143,-3.3,-4.137143,0.003028,0.0,14.0
0.071531,1.216023,-0.071531,-0.142857,-0.142857,-0.772532,-3.440629,-3.295184,-2.939914,-3.739628,0.003331,0.0,13.98
-0.776288,0.282287,-1.058574,1.359084,1.359084,-1.298518,-4.114326,-4.356622,-4.110797,-4.728299,0.004893,1.0,14.17
-0.77193,0.280702,-1.754386,0.564573,0.564573,-1.277193,-3.845614,-4.678363,-4.463158,-4.909474,0.004453,1.0,14.25
0.423729,1.129944,-0.070621,-0.631579,-0.631579,-0.338983,-2.309322,-3.822976,-3.654661,-3.892655,0.002628,-1.0,14.16
0.423729,0.776836,-0.776836,0.0,0.0,-0.112994,-1.497175,-3.512241,-3.513418,-3.536723,0.001197,0.0,14.16
1.938263,2.081838,-0.717875,-1.624294,-1.624294,1.464465,0.524049,-1.574539,-1.844939,-1.78033,0.000742,-1.0,13.93
2.586844,3.325942,-0.07391,-2.8715,-2.8715,3.518108,3.444198,1.45356,1.005174,1.043607,-9.4e-05,-1.0,13.53
1.578947,2.180451,-0.676692,-1.699926,-1.699926,3.879699,4.827068,3.308271,2.567669,2.664662,-0.001377,-1.0,13.3
-0.296296,0.444444,-1.259259,1.503759,1.503759,1.362963,2.948148,2.098765,1.0,1.117037,-0.000597,1.0,13.5
-1.018182,0.0,-1.527273,1.851852,1.851852,-1.076364,0.894545,0.601212,-0.745455,-0.724364,0.000367,1.0,13.75
0.586941,1.614087,0.0,-0.872727,-0.872727,-0.645635,1.526045,1.609195,0.282465,0.123258,-0.000394,-1.0,13.63
0.294334,0.809419,-0.883002,-0.29347,-0.29347,-0.264901,1.398087,1.90336,0.688006,0.394408,-1.8e-05,0.0,13.59
1.333333,3.111111,-0.888889,-0.662252,-0.662252,0.696296,1.518519,2.414815,1.507407,0.977778,0.000109,-1.0,13.5
-1.404287,0.443459,-1.404287,0.222222,0.222222,0.517369,0.82779,1.985711,1.533629,0.724316,0.00114,0.0,13.53
3.522205,4.058193,0.0,-3.473762,-3.473762,3.078101,3.614089,5.17611,5.206738,4.214395,-0.000634,-1.0,13.06
-2.185381,0.226074,-2.788244,1.607963,1.607963,0.904295,1.477016,3.154986,3.500377,2.583271,0.000687,1.0,13.27
1.06626,1.142422,-1.142422,-1.055011,-1.055011,1.279513,2.254379,3.726834,4.424981,3.628332,0.001058,-1.0,13.13
0.229885,0.689655,-0.766284,-0.609292,-0.609292,1.210728,2.689655,3.749681,4.762452,4.248276,0.000252,-1.0,13.05
-2.240478,0.0,-2.837939,2.605364,2.605364,-1.568335,0.0,0.731889,1.896938,1.762509,0.000148,1.0,13.39
0.752445,0.752445,-0.902935,-0.746826,-0.746826,-0.481565,0.406321,1.053424,2.396539,2.612491,-0.000892,-1.0,13.29
-1.19403,0.223881,-2.014925,0.82769,0.82769,-1.104478,-0.589552,-0.039801,1.339552,1.776119,-0.001299,1.0,13.4
0.30326,0.60652,-1.21304,-1.567164,-1.567164,0.561031,0.689917,1.379833,2.581501,3.272176,-0.002295,-1.0,13.19
4.012589,4.012589,-0.629426,-3.639121,-3.639121,3.823761,3.870968,4.89903,5.849725,6.81668,-0.004064,-1.0,12.71
-0.469851,0.234926,-1.801096,0.472069,0.472069,2.364918,2.787784,4.025059,4.808144,5.948316,-0.003797,0.0,12.77
2.001601,2.001601,-1.521217,-2.192639,-2.192639,3.378703,4.635709,5.684548,6.489191,7.839872,-0.005341,-1.0,12.49
-0.319234,0.159617,-2.633679,0.320256,0.320256,1.660016,3.711093,4.761905,5.590583,7.032721,-0.005447,0.0,12.53
-2.182385,0.233827,-2.650039,2.394254,2.394254,-1.278254,1.052221,1.917381,2.848792,4.112237,-0.004132,1.0,12.83
-0.933126,0.622084,-0.933126,0.233827,0.233827,-1.275272,0.66874,1.347849,2.437792,3.437014,-0.00403,0.0,12.86
-2.852853,0.600601,-3.303303,3.576983,3.576983,-3.858859,-2.86036,-2.257257,-1.167417,-0.387387,-0.001768,1.0,13.32
0.460476,2.072141,-2.379125,-2.177177,-2.177177,-0.890253,-0.897928,-0.097212,0.755948,1.482732,-0.001467,-1.0,13.03
4.435484,4.516129,-0.483871,-4.834996,-4.834996,3.935484,3.330645,4.510753,5.379032,6.145161,-0.00283,-1.0,12.4
3.583333,3.583333,-0.666667,-3.225806,-3.225806,6.016667,5.783333,7.366667,8.229167,9.173333,-0.004886,-1.0,12.0
0.083542,2.172097,-1.086048,-0.25,-0.25,4.795322,5.430242,7.034252,7.86132,9.002506,-0.0058,0.0,11.97
1.092437,1.680672,-0.252101,-0.584795,-0.584795,3.02521,5.319328,6.829132,7.810924,9.105882,-0.005675,-1.0,11.9
0.253378,0.844595,-0.084459,-0.504202,-0.504202,1.537162,5.304054,6.554054,7.842061,9.013514,-0.005766,-1.0,11.84
-3.030303,0.3276,-4.258804,3.125,3.125,-1.850942,1.850942,2.675403,4.140049,5.244881,-0.00412,1.0,12.21
0.082305,2.057613,-0.658436,-0.4914,-0.4914,-1.119342,1.794239,2.611797,4.251029,5.290535,-0.00443,0.0,12.15
-0.4914,0.4095,-1.228501,0.493827,0.493827,-1.212121,0.761671,1.834562,3.394758,4.350532,-0.002705,0.0,12.21
-0.735294,0.326797,-2.042484,0.2457,0.2457,-0.898693,-0.367647,1.296296,2.671569,3.673203,-0.003297,0.0,12.24
-0.325733,0.162866,-1.058632,0.326797,0.326797,-0.504886,-1.302932,0.852334,1.925896,3.081433,-0.002696,0.0,12.28
1.399177,1.8107,-0.658436,-1.058632,-1.058632,0.460905,-0.452675,1.722908,2.502058,3.815638,-0.002892,-1.0,12.15
-1.543461,0.16247,-1.70593,1.316872,1.316872,-0.58489,-1.49472,0.119144,0.812348,2.199838,-0.003452,1.0,12.31
0.244898,0.653061,-1.55102,-0.487409,-0.487409,-0.032653,-0.783673,0.277551,1.118367,2.439184,-0.003339,0.0,12.25
-0.730519,0.324675,-2.11039,0.571429,0.571429,-0.470779,-1.006494,-0.833333,0.361201,1.50974,-0.003451,1.0,12.32
-0.963082,0.160514,-1.52488,1.136364,1.136364,-1.300161,-1.621188,-2.252541,-0.778491,0.102729,-0.002275,1.0,12.46
-0.721154,0.641026,-1.762821,0.160514,0.160514,-0.929487,-1.5625,-2.366453,-0.957532,-0.352564,-0.000623,0.0,12.48
0.728155,0.728155,-0.647249,-0.961538,-0.961538,0.113269,-0.436893,-1.22438,-0.186084,0.346278,-0.001246,-1.0,12.36
-0.802568,0.080257,-1.76565,0.809061,0.809061,-0.35313,-1.035313,-1.754949,-1.147673,-0.539326,5.9e-05,1.0,12.46
0.406504,1.707317,-0.325203,-1.284109,-1.284109,0.910569,0.300813,-0.260163,-0.276423,0.601626,-0.000639,-1.0,12.3
1.99005,2.321725,-1.409619,-1.95122,-1.95122,2.25539,2.114428,1.846324,1.30597,2.461028,-0.002528,-1.0,12.06
2.235598,2.923474,-0.171969,-3.565506,-3.565506,4.574377,5.44282,5.27945,4.72055,5.939811,-0.00418,-1.0,11.63
-3.728252,0.1657,-4.639602,3.783319,3.783319,0.28169,1.400166,1.397404,0.932063,1.826015,-0.00409,1.0,12.07
-0.489796,1.877551,-1.714286,1.491301,1.491301,-1.534694,-0.089796,-0.070748,-0.436735,0.130612,-0.002495,1.0,12.25
1.828761,2.327515,-0.914381,-1.795918,-1.795918,-0.182876,1.496259,1.640344,1.438071,1.532835,-0.001174,-1.0,12.03
0.83612,0.919732,-1.170569,-0.581879,-0.581879,0.234114,1.672241,2.056856,2.08194,1.769231,-2.5e-05,-1.0,11.96
-1.900826,0.330579,-3.553719,1.170569,1.170569,-0.14876,0.181818,0.848485,0.855372,0.492562,0.000593,1.0,12.1
0.248756,1.243781,-1.409619,-0.330579,-0.330579,0.165837,0.26534,1.044776,1.15257,0.845771,0.000704,0.0,12.06
-1.959184,0.0,-2.204082,1.575456,1.575456,-1.387755,-1.461224,-0.522449,-0.4,-0.626939,0.001608,1.0,12.25
-1.284109,0.080257,-3.370787,1.714286,1.714286,-2.359551,-2.993579,-2.124131,-1.990369,-2.12199,0.000994,1.0,12.46
0.322061,1.529791,-0.724638,-0.321027,-0.321027,-1.304348,-2.391304,-1.830381,-1.618357,-1.619968,0.001069,0.0,12.42
1.057771,1.464605,-0.976404,-1.046699,-1.046699,0.04882,-0.821806,-0.895037,-0.520749,-0.553295,0.000399,-1.0,12.29
1.149425,2.955665,-0.574713,-0.895037,-0.895037,1.149425,0.164204,-0.098522,0.324302,0.35468,-9.7e-05,-1.0,12.18
0.995851,1.576763,-0.414938,-1.067323,-1.067323,1.908714,1.078838,0.75242,1.323651,1.384232,-0.000703,-1.0,12.05
-0.248344,1.324503,-0.57947,0.248963,0.248963,1.02649,0.869205,0.380795,0.972682,1.07947,-0.000135,0.0,12.08
-1.778496,0.161681,-1.778496,2.400662,2.400662,-1.422797,-1.164107,-1.805443,-1.430881,-1.261116,0.000336,1.0,12.37
-1.362179,0.320513,-1.362179,0.889248,0.889248,-1.987179,-1.730769,-2.21688,-2.299679,-2.025641,0.000935,1.0,12.48
2.134647,2.955665,-0.656814,-2.403846,-2.403846,0.426929,0.788177,0.251779,0.032841,0.344828,-0.000359,-1.0,12.18
1.5,2.083333,-1.583333,-1.477833,-1.477833,1.85,2.091667,1.616667,1.341667,1.766667,-0.001495,-1.0,12.0
-0.582848,0.249792,-0.749376,0.083333,0.083333,1.648626,1.631973,1.520955,1.136553,1.578684,-0.001529,0.0,12.01
-2.748585,0.323363,-2.748585,2.997502,2.997502,-1.30962,-1.366209,-1.212611,-1.681487,-1.406629,0.000192,1.0,12.37
-0.080775,0.565428,-1.211632,0.080841,0.080841,-1.550889,-1.373183,-1.141626,-1.457997,-1.518578,-0.000124,0.0,12.38
1.22549,1.470588,-1.062092,-1.130856,-1.130856,-0.326797,-0.196078,0.087146,-0.261438,-0.431373,-5.7e-05,-1.0,12.24
1.233553,1.398026,-0.246711,-0.653595,-0.653595,0.592105,0.550987,0.696272,0.35773,0.125,0.000507,-1.0,12.16
3.594249,5.990415,-1.038339,2.960526,2.960526,-1.485623,-1.988818,-2.167199,-2.332268,-2.683706,0.003344,1.0,12.52
0.560897,1.201923,-0.721154,-0.319489,-0.319489,-0.99359,-1.586538,-1.821581,-1.810897,-2.237179,0.00156,0.0,12.48
0.32,0.96,-0.08,0.160256,0.160256,-0.96,-1.728,-1.866667,-1.808,-2.1152,0.000982,0.0,12.5
0.562701,1.205788,-0.482315,-0.48,-0.48,-0.160772,-1.045016,-1.254019,-1.181672,-1.524116,0.001554,0.0,12.44
1.145663,1.472995,-0.818331,-1.768489,-1.768489,1.734861,0.91653,0.616476,0.585106,0.238953,0.001038,-1.0,12.22
1.567657,1.567657,-0.330033,-0.818331,-0.818331,1.914191,1.839934,1.468647,1.274752,1.09571,0.000173,-1.0,12.12
0.577082,0.741962,-0.247321,0.082508,0.082508,1.253092,1.55812,1.253092,1.071723,1.068425,0.000353,0.0,12.13
-0.246914,0.246914,-0.493827,0.16488,0.16488,0.510288,1.201646,0.90535,0.847737,0.918519,-0.000261,0.0,12.15
-0.328947,0.328947,-0.740132,0.082305,0.082305,-0.032895,1.052632,0.811404,0.756579,0.868421,-0.00097,0.0,12.16
-0.732899,1.058632,-1.302932,0.986842,0.986842,-0.912052,0.162866,-0.021716,-0.134365,-0.107492,-0.000402,1.0,12.28
0.570497,1.629992,-0.325998,-0.081433,-0.081433,-0.586797,0.04075,0.201032,0.02445,-0.08802,1.8e-05,0.0,12.27
-1.290323,1.048387,-1.290323,1.059495,1.059495,-1.193548,-1.072581,-0.833333,-1.012097,-1.141935,0.000868,1.0,12.4
-6.039755,0.611621,-6.269113,5.483871,5.483871,-4.908257,-5.772171,-5.632008,-5.928899,-6.039755,0.003716,1.0,13.08
3.910615,4.389465,-0.399042,-4.204893,-4.204893,-0.143655,-1.564246,-1.335462,-1.660016,-1.803671,0.00178,-1.0,12.53
-1.178319,0.471328,-1.963865,1.596169,1.596169,-1.005499,-2.710134,-2.587065,-2.918303,-3.132757,0.00143,1.0,12.73
-0.234926,0.391543,-1.252937,0.314218,0.314218,-0.532498,-2.505873,-2.761681,-2.924824,-3.220047,0.00118,0.0,12.77
0.236407,0.788022,-0.472813,-0.626468,-0.626468,0.551615,-1.449961,-2.03835,-2.186761,-2.509062,0.001953,-1.0,12.69
2.165196,2.165196,-0.240577,-1.733649,-1.733649,1.347233,0.545309,-0.326116,-0.42502,-0.792302,0.001842,-1.0,12.47
0.403551,0.645682,-0.322841,-0.64154,-0.64154,1.775626,1.380145,0.290557,0.27845,-0.083939,0.001526,-1.0,12.39
1.007557,3.694374,-0.083963,-3.874092,-3.874092,4.50042,5.155332,4.15897,4.214945,3.912678,-0.001461,-1.0,11.91
-0.084246,0.84246,-1.937658,-0.335852,-0.335852,3.336142,5.172704,4.369559,4.292334,4.21567,-0.001642,0.0,11.87
-0.421585,0.168634,-2.613828,-0.084246,-0.084246,2.023609,4.806071,4.30579,4.118887,4.131535,-0.001187,0.0,11.86
-4.136253,0.162206,-4.136253,3.962901,3.962901,-2.092457,0.202758,0.427142,0.081103,0.145985,0.00082,1.0,12.33
0.08071,1.129944,-0.403551,0.486618,0.486618,-2.566586,-0.39548,0.064568,-0.423729,-0.290557,-0.000256,0.0,12.39
0.242915,0.809717,-1.133603,-0.322841,-0.322841,-1.538462,-0.380567,0.426451,-0.048583,0.093927,-0.000257,0.0,12.35
-2.450593,0.790514,-2.766798,2.42915,2.42915,-2.640316,-2.837945,-1.754941,-2.209486,-2.238735,0.000729,1.0,12.65
1.36,1.36,-0.56,-1.185771,-1.185771,-0.448,-1.824,-0.522667,-0.888,-1.0592,0.000422,-1.0,12.5
-1.104101,0.157729,-1.656151,1.44,1.44,-1.309148,-3.05205,-2.14511,-2.085962,-2.40694,0.001817,1.0,12.68
0.23753,0.23753,-1.187648,-0.394322,-0.394322,-0.538401,-2.478226,-1.704935,-1.512272,-1.960412,0.002002,0.0,12.63
-2.172227,0.155159,-2.249806,2.058591,2.058591,-1.706749,-3.685027,-3.604862,-3.262219,-3.730023,0.002861,1.0,12.89
0.0,0.544323,-0.777605,-0.232739,-0.232739,-1.150855,-2.690513,-3.333333,-2.807154,-3.275272,0.002688,0.0,12.86
-1.0,0.0,-1.307692,1.088647,1.088647,-1.446154,-2.861538,-4.215385,-3.623077,-4.049231,0.003126,1.0,13.0
-0.689655,0.306513,-0.689655,0.384615,0.384615,-1.256705,-2.681992,-4.286079,-4.003831,-4.140996,0.002864,0.0,13.05
-0.762195,0.228659,-0.990854,0.536398,0.536398,-1.036585,-2.644817,-4.425813,-4.291159,-4.359756,0.003132,0.0,13.12
0.918836,0.995406,-0.07657,-0.457317,-0.457317,-0.321593,-1.653905,-3.399694,-3.725115,-3.68147,0.002473,0.0,13.06
-0.45977,1.226054,-0.536398,-0.07657,-0.07657,0.045977,-1.272031,-2.722861,-3.544061,-3.368582,5.5e-05,0.0,13.05
0.076278,1.372998,-0.991609,0.45977,0.45977,-0.244088,-1.258581,-2.532418,-3.825324,-3.594203,0.002083,0.0,13.11
0.848765,1.003086,-0.154321,-1.144165,-1.144165,0.771605,0.100309,-1.080247,-2.523148,-2.515432,0.000892,-1.0,12.96
-1.070336,0.30581,-2.522936,0.925926,0.925926,-0.214067,-0.474006,-1.636086,-3.15367,-3.24159,0.001158,1.0,13.08
0.540123,0.848765,-0.385802,-0.917431,-0.917431,0.555556,0.501543,-0.411523,-1.851852,-2.274691,0.001031,-1.0,12.96
-0.384615,0.384615,-1.307692,0.308642,0.308642,0.169231,0.3,-0.538462,-1.719231,-2.504615,0.001919,0.0,13.0
-0.761035,0.380518,-1.065449,1.076923,1.076923,-0.852359,-0.6621,-1.273465,-2.2793,-3.406393,0.002666,1.0,13.14
0.305344,0.839695,-0.229008,-0.304414,-0.304414,-0.335878,-0.320611,-0.75827,-1.687023,-2.919084,0.004218,0.0,13.1
1.007752,1.162791,-0.310078,-1.526718,-1.526718,0.930233,1.054264,0.919897,0.034884,-1.255814,0.003701,-1.0,12.9
0.471698,0.628931,-0.707547,-1.395349,-1.395349,1.981132,2.216981,2.25891,1.595912,0.396226,0.003131,-1.0,12.72
-1.62917,0.0,-1.62917,1.336478,1.336478,0.465477,0.744763,0.925782,0.349108,-0.611327,0.001989,1.0,12.89
-0.846805,0.307929,-0.923788,0.775795,0.775795,-0.538876,-0.123172,0.1437,-0.234796,-1.028483,0.002114,1.0,12.99
-0.381971,0.687548,-0.611154,0.769823,0.769823,-1.31398,-0.78686,-0.600968,-0.840336,-1.55233,0.00259,1.0,13.09
0.384911,0.538876,-0.307929,-0.763942,-0.763942,-0.415704,-0.092379,0.097511,0.061586,-0.6097,0.001201,-1.0,12.99
1.002313,1.079414,-0.308404,-0.153965,-0.153965,0.123362,0.069391,0.205603,0.246723,-0.265227,0.00165,0.0,12.97
0.0,0.923788,-0.384911,0.154202,0.154202,0.123172,-0.092379,0.020529,0.142417,-0.314088,0.001091,0.0,12.99
-0.841622,0.459067,-1.530222,0.615858,0.615858,-0.367253,-0.75746,-0.612089,-0.443764,-0.749809,0.00153,1.0,13.07
-3.384842,0.220751,-4.120677,3.978577,3.978577,-3.443709,-4.19426,-4.10596,-4.054452,-4.279617,0.002365,1.0,13.59
3.177005,3.555219,-0.075643,-2.72259,-2.72259,-0.393343,-1.270802,-1.351488,-1.331316,-1.422088,0.001282,-1.0,13.22
2.086553,2.704791,-0.07728,-2.118003,-2.118003,1.715611,1.035549,0.772798,0.757342,0.72643,-0.000112,-1.0,12.94
0.615385,0.615385,-0.230769,0.463679,0.463679,1.261538,0.653846,0.307692,0.273077,0.304615,-7.8e-05,0.0,13.0
0.460123,0.53681,-0.383436,0.307692,0.307692,0.904908,0.383436,-0.051125,-0.06135,0.009202,-0.000177,0.0,13.04
-0.152439,0.07622,-0.914634,0.613497,0.613497,-0.426829,-0.205793,-0.650407,-0.609756,-0.579268,0.000289,1.0,13.12
0.229885,1.149425,-0.45977,-0.533537,-0.533537,-0.153257,0.375479,-0.040868,-0.088123,-0.067433,9e-05,-1.0,13.05
1.162791,1.162791,-1.550388,-1.149425,-1.149425,0.945736,1.488372,1.21447,1.050388,1.044961,-0.00061,-1.0,12.9
-0.311284,0.77821,-1.167315,-0.387597,-0.387597,1.105058,1.774319,1.587549,1.385214,1.375875,-0.000281,0.0,12.85
1.010101,2.408702,-0.1554,0.155642,0.155642,0.683761,1.460761,1.367521,1.122766,1.143745,-0.000616,0.0,12.87
-0.687548,0.229183,-1.069519,1.709402,1.709402,-1.05424,-0.626432,-0.336134,-0.580596,-0.516425,0.000526,1.0,13.09
-1.273408,0.898876,-1.797753,1.986249,1.986249,-2.531835,-2.464419,-2.097378,-2.348315,-2.373034,0.001256,1.0,13.35
1.289833,1.745068,-0.531108,-1.273408,-1.273408,-0.849772,-1.024279,-0.728376,-0.914264,-1.047041,0.000234,-1.0,13.18
-0.678733,0.527903,-0.829563,0.60698,0.60698,-0.829563,-1.425339,-1.191554,-1.372549,-1.565611,0.00063,1.0,13.26
-1.697417,0.295203,-1.845018,2.187029,2.187029,-1.948339,-3.158672,-3.070111,-3.276753,-3.551292,0.002245,1.0,13.55
-0.367377,0.293902,-1.396032,0.442804,0.442804,-1.616458,-3.225569,-3.487632,-3.512123,-3.826598,0.003044,0.0,13.61
-0.292184,0.73046,-1.314828,0.587803,0.587803,-1.694668,-3.323594,-3.822742,-3.820307,-4.157779,0.002719,1.0,13.69
1.108647,1.847746,-0.960828,-1.168736,-1.168736,-0.014782,-1.714708,-2.394678,-2.475979,-2.784922,0.001873,-1.0,13.53
-0.811808,0.442804,-1.254613,0.14782,0.14782,0.265683,-1.343173,-2.268143,-2.413284,-2.733579,0.001603,0.0,13.55
-0.293902,0.293902,-1.102131,0.442804,0.442804,-0.08817,-1.234386,-2.419789,-2.645114,-2.980162,0.002127,0.0,13.61
-1.381818,0.072727,-1.527273,1.028655,1.028655,-0.901818,-1.76,-3.107879,-3.578182,-3.776,0.002641,1.0,13.75
0.886263,0.960118,-0.738552,-1.527273,-1.527273,0.413589,-0.096012,-1.36386,-1.964549,-2.121123,0.00191,-1.0,13.54
-0.585223,0.219459,-1.463058,0.960118,0.960118,-0.336503,-0.687637,-1.926359,-2.629846,-2.84711,0.00206,1.0,13.67
-2.287348,0.142959,-2.573267,2.340892,2.340892,-1.987134,-2.437455,-3.6264,-4.503217,-4.783417,0.001348,1.0,13.99
-1.067616,0.142349,-2.491103,0.428878,0.428878,-1.779359,-2.498221,-3.478055,-4.551601,-4.911032,0.002718,0.0,14.05
-1.052632,0.421053,-1.54386,1.423488,1.423488,-2.45614,-3.417544,-4.290058,-5.494737,-6.060351,0.004258,1.0,14.25
-1.247401,0.1386,-1.524602,1.263158,1.263158,-2.439362,-4.109494,-4.984985,-6.195426,-6.896743,0.004606,1.0,14.43
-0.619408,0.137646,-1.651755,0.693001,0.693001,-1.927047,-4.081211,-5.0195,-6.28011,-7.099794,0.004773,1.0,14.53
1.10957,2.149792,-1.178918,-0.757054,-0.757054,-0.582524,-2.746186,-3.758669,-5.020804,-5.997226,0.004177,-1.0,14.42
2.05528,2.338767,-0.708717,-2.149792,-2.149792,1.686747,-0.255138,-1.379636,-2.494685,-3.628632,0.003475,-1.0,14.11
1.188707,3.417533,-0.965825,-4.606662,-4.606662,5.423477,4.346211,3.308569,2.351412,1.1263,0.001971,-1.0,13.46
0.522778,1.194922,-0.149365,-0.520059,-0.520059,4.42121,4.779686,3.699278,2.901419,1.756535,0.001914,-1.0,13.39
-0.074963,0.5997,-1.1994,-0.373413,-0.373413,3.028486,4.925037,3.993003,3.347076,2.269865,0.001684,0.0,13.34
0.986343,0.986343,-1.365706,-1.1994,-1.1994,2.397572,5.584219,5.068285,4.57132,3.611533,0.000419,-1.0,13.18
-0.30303,0.454545,-1.060606,0.151745,0.151745,0.863636,4.780303,4.70202,4.280303,3.554545,-0.000379,0.0,13.2
-0.601956,0.075245,-1.128668,0.681818,0.681818,-0.075245,3.348382,3.762227,3.453725,2.913469,0.000472,1.0,13.29
-1.341282,0.074516,-1.788376,0.978179,0.978179,-0.99851,1.594635,2.697466,2.350969,1.937407,0.000633,1.0,13.42
-0.074627,0.149254,-1.492537,-0.149031,-0.149031,-0.761194,0.902985,2.716418,2.455224,2.155224,-0.000383,0.0,13.4
1.217656,1.29376,0.0,-1.940299,-1.940299,1.141553,1.925419,4.317605,4.326484,4.14003,-0.001419,-1.0,13.14
2.836879,3.624901,-0.157604,-3.424658,-3.424658,3.92435,4.420804,7.302338,7.663515,7.56186,-0.003163,-1.0,12.69
-3.213166,1.645768,-5.172414,0.551615,0.551615,2.523511,3.299373,5.935214,6.684953,6.705329,-0.002415,1.0,12.76
-1.216545,2.595296,-1.946472,-3.369906,-3.369906,4.3309,6.042174,8.494188,9.914842,9.985401,-0.003945,-1.0,12.33
4.032922,4.115226,-0.329218,-1.459854,-1.459854,3.81893,6.633745,8.79561,10.917695,11.160494,-0.004772,-1.0,12.15
0.48583,0.728745,-2.510121,1.646091,1.646091,0.8583,4.234818,5.916329,8.45749,8.97166,-0.004504,1.0,12.35
0.974817,2.355808,-1.137287,-0.323887,-0.323887,0.568643,3.850528,5.285676,8.103168,8.903331,-0.00398,0.0,12.31
-2.689873,0.158228,-3.006329,2.680747,2.680747,-2.246835,0.625,2.10443,4.643987,5.708861,-0.003232,1.0,12.64
-2.251553,0.15528,-2.717391,1.898734,1.898734,-3.214286,-1.669255,-0.062112,2.092391,3.534161,-0.003425,1.0,12.88
-1.708075,2.639752,-2.639752,0.0,0.0,-2.080745,-2.072981,-0.300207,1.451863,3.28882,-0.003611,0.0,12.88
0.618238,0.618238,-1.004637,0.465839,0.465839,-1.622875,-2.681607,-0.886141,0.409583,2.485317,-0.004027,0.0,12.94
0.310078,1.317829,-0.155039,-0.309119,-0.309119,-0.403101,-2.217054,-0.73385,0.251938,2.446512,-0.004711,0.0,12.9
0.235664,1.728201,0.0,-1.317829,-1.317829,1.068342,-0.9348,0.298507,1.304006,3.336999,-0.005585,-1.0,12.73
-0.920952,0.460476,-1.15119,2.356638,2.356638,-1.028396,-2.678434,-2.210284,-1.166539,0.528012,-0.004232,1.0,13.03
2.182385,2.961808,0.0,-1.534919,-1.534919,0.436477,-0.631333,-0.982073,0.17537,1.565082,-0.003964,-1.0,12.83
0.234926,1.252937,-0.626468,-0.467654,-0.467654,0.64213,0.164448,-0.709997,0.485513,1.52545,-0.002165,0.0,12.77
-0.857366,0.155885,-2.416212,0.469851,0.469851,0.062354,0.101325,-1.101585,-0.128605,0.651598,-0.001734,0.0,12.83
0.784314,1.568627,-0.627451,-0.623539,-0.623539,0.721569,0.815686,-0.486275,0.286275,1.060392,-0.001843,-1.0,12.75
-0.390016,0.312012,-0.780031,0.54902,0.54902,-0.156006,0.218409,-0.774831,-0.49532,0.330733,-0.001083,0.0,12.82
-1.231717,0.461894,-1.69361,1.326053,1.326053,-1.21632,-1.008468,-1.642289,-1.95535,-1.090069,-0.000572,1.0,12.99
0.0,1.383551,-0.230592,0.153965,0.153965,-0.999231,-1.106841,-1.455291,-2.156034,-1.294389,-0.000802,0.0,13.01
1.335428,2.120974,-0.942655,-2.152191,-2.152191,1.02121,0.9348,0.932181,0.011783,0.728987,-0.002163,-1.0,12.73
2.642114,3.442754,-0.40032,-1.88531,-1.88531,2.546037,2.682146,2.791567,1.82546,2.408327,-0.002918,-1.0,12.49
0.732899,1.547231,-0.2443,-1.681345,-1.681345,3.420195,3.827362,4.22367,3.546417,3.788274,-0.002805,-1.0,12.28
1.233553,1.480263,-0.904605,-0.977199,-0.977199,3.075658,4.300987,4.857456,4.572368,4.404605,-0.001741,-1.0,12.16
-0.57377,0.327869,-2.459016,0.328947,0.328947,1.409836,3.491803,4.10929,4.168033,3.754098,-0.001838,0.0,12.2
2.164863,4.662781,-0.999167,-1.557377,-1.557377,1.815154,4.446295,5.262281,5.691091,5.169026,-0.00105,-1.0,12.01
4.803493,5.414847,-0.69869,-4.662781,-4.662781,4.978166,8.419214,9.665211,10.340611,9.855022,-0.002442,-1.0,11.45
-1.122625,0.431779,-3.626943,1.135371,1.135371,2.590674,6.131261,7.599309,8.540587,8.362694,-0.002664,1.0,11.58
-0.511509,0.170503,-2.30179,1.295337,1.295337,0.54561,3.699915,5.598181,6.662404,6.83376,-0.00196,1.0,11.73
-1.345669,2.186712,-2.186712,1.364024,1.364024,-1.328848,1.362489,3.683768,4.785534,5.241379,-0.002533,1.0,11.89
-3.515944,0.081766,-3.924775,2.859546,2.859546,-3.712183,-1.864268,0.474244,1.598528,2.289452,-0.002115,1.0,12.23
-1.200961,0.320256,-1.441153,2.12592,2.12592,-4.051241,-3.907126,-1.756072,-0.61249,0.11209,-0.001191,1.0,12.49
0.321027,0.802568,-0.882825,-0.240192,-0.240192,-2.407705,-3.5313,-1.712146,-0.601926,0.218299,-0.001498,0.0,12.46
0.08,0.72,-0.96,0.321027,0.321027,-1.488,-3.568,-2.288,-1.052,-0.224,-0.001224,0.0,12.5
-1.107595,0.158228,-1.344937,1.12,1.12,-1.392405,-4.287975,-3.565401,-2.199367,-1.424051,-0.000164,1.0,12.64
-2.461538,0.384615,-2.461538,2.848101,2.848101,-2.938462,-6.176923,-6.097436,-4.842308,-4.123077,5e-05,1.0,13.0
1.326053,1.794072,-0.702028,-1.384615,-1.384615,-1.060842,-3.790952,-4.607384,-3.478939,-2.74883,0.000115,-1.0,12.82
1.750199,2.466189,-0.079554,-1.950078,-1.950078,1.081941,-1.089897,-2.556351,-1.658711,-0.961018,-0.000529,-1.0,12.57
0.079491,1.033386,-0.63593,0.079554,0.079554,1.128776,-0.492846,-2.411235,-1.899841,-1.119237,-0.000699,0.0,12.58
-0.862745,0.392157,-1.72549,1.351351,1.351351,-0.047059,-1.145098,-3.424837,-3.309804,-2.443922,0.00016,1.0,12.75
-1.159196,0.309119,-1.545595,1.490196,1.490196,-1.607419,-2.047913,-4.36373,-4.648377,-3.842349,0.000569,1.0,12.94
0.468384,1.092896,-1.249024,-1.004637,-1.004637,-0.624512,-0.804059,-2.685402,-3.555816,-2.847775,-0.000445,-1.0,12.81
-0.543478,0.465839,-1.164596,0.546448,0.546448,-0.68323,-1.017081,-2.541408,-3.84705,-3.357143,-0.000274,0.0,12.88
0.4662,1.787102,-0.3108,-0.07764,-0.07764,-0.1554,-0.652681,-1.875162,-3.496503,-3.319347,0.000628,0.0,12.87
-0.994644,0.765111,-1.147666,1.554002,1.554002,-1.193573,-1.843917,-2.774802,-4.640398,-4.780413,0.002123,1.0,13.07
-1.048689,0.524345,-1.198502,2.142311,2.142311,-2.651685,-3.640449,-4.254682,-6.138577,-6.59176,0.003786,1.0,13.35
1.294745,1.599391,-0.380807,-1.64794,-1.64794,-0.53313,-1.789794,-2.325463,-3.926123,-4.831683,0.003494,-1.0,13.13
1.474011,1.939488,-0.155159,-1.827875,-1.827875,1.334368,0.287044,-0.284458,-1.62917,-2.870442,0.002557,-1.0,12.89
-0.384615,1.230769,-1.615385,0.853375,0.853375,0.676923,-0.238462,-0.871795,-1.973077,-3.433846,0.003605,1.0,13.0
-1.5163,0.75815,-1.5163,1.461538,1.461538,-0.591357,-1.341926,-2.021734,-2.892343,-4.52464,0.006267,1.0,13.19
-2.081784,0.520446,-2.453532,1.97119,1.97119,-2.364312,-2.869888,-3.692689,-4.315985,-5.942007,0.006631,1.0,13.45
-1.751825,0.656934,-1.751825,1.858736,1.858736,-3.313869,-3.992701,-5.021898,-5.620438,-7.00146,0.006876,1.0,13.7
0.441826,0.736377,-0.662739,-0.875912,-0.875912,-1.443299,-2.628866,-3.686794,-4.37408,-5.590574,0.005902,-1.0,13.58
1.645475,1.645475,-0.373972,-1.546392,-1.546392,0.65819,-0.725505,-1.780105,-2.546746,-3.617053,0.003986,-1.0,13.37
0.3003,0.45045,-1.201201,-0.373972,-0.373972,1.231231,-0.165165,-1.126126,-1.925676,-2.825826,0.002899,0.0,13.32
1.29771,1.832061,-0.305344,-1.651652,-1.651652,2.396947,1.320611,0.615776,-0.240458,-0.928244,0.002286,-1.0,13.1
1.315789,3.79257,-0.077399,-1.374046,-1.374046,2.616099,2.569659,2.074303,1.18808,0.585139,0.001549,-1.0,12.92
-1.149425,1.302682,-2.145594,1.006192,1.006192,0.781609,1.670498,1.144317,0.363985,-0.236015,0.001499,1.0,13.05
-0.683371,1.822323,-1.063022,0.91954,0.91954,-0.440395,0.873197,0.374589,-0.3265,-0.941534,0.000661,1.0,13.17
1.318852,2.327386,-0.07758,-2.126044,-2.126044,1.055081,2.831652,2.461857,1.89294,1.28782,0.000338,-1.0,12.89
-0.850077,0.540958,-1.468315,0.387898,0.387898,0.417311,2.040185,1.854714,1.499227,0.877898,0.001355,0.0,12.94
-0.76864,0.76864,-0.76864,0.540958,0.540958,0.015373,0.960799,1.245196,1.029977,0.393543,0.001555,0.0,13.01
-0.076687,0.460123,-0.383436,0.230592,0.230592,-0.230061,0.314417,1.088957,0.858896,0.306748,0.001068,0.0,13.04
-3.335804,0.074129,-4.225352,3.45092,3.45092,-3.083766,-2.942921,-2.041018,-2.27576,-2.769459,0.001921,1.0,13.49
-3.371593,0.071736,-3.586801,3.335804,3.335804,-4.705882,-5.631277,-4.844572,-5.118364,-5.566714,0.003808,1.0,13.94
0.429185,0.9299,-2.217454,0.286944,0.286944,-3.490701,-5.271817,-4.864092,-5.164521,-5.539342,0.003695,0.0,13.98
0.50396,0.647948,-0.719942,-0.643777,-0.643777,-1.598272,-3.959683,-4.156467,-4.276458,-4.616271,0.003449,-1.0,13.89
-0.5743,0.143575,-2.153625,0.287977,0.287977,-0.603015,-3.603733,-4.264178,-4.178033,-4.588658,0.002898,0.0,13.93
0.431965,1.367891,-0.287977,-0.28715,-0.28715,0.259179,-2.807775,-3.738901,-3.581713,-4.020158,0.001842,0.0,13.89
0.0,1.298701,-0.577201,-0.215983,-0.215983,0.36075,-1.897547,-3.270803,-3.131313,-3.584416,0.002465,0.0,13.86
1.314828,1.533966,-0.146092,-1.226551,-1.226551,1.183346,-0.131483,-1.782323,-1.84076,-2.287801,0.002726,-1.0,13.69
1.330377,1.626016,-1.108647,-1.168736,-1.168736,1.847746,1.433851,-0.320276,-0.742794,-1.014043,0.001847,-1.0,13.53
1.122754,1.497006,-0.224551,-1.256467,-1.256467,2.290419,2.964072,1.102794,0.437874,0.386228,0.000665,-1.0,13.36
1.437216,1.891074,-1.739788,-1.047904,-1.047904,2.360061,3.850227,2.198689,1.444781,1.515885,-0.000647,-1.0,13.22
-1.266766,0.298063,-1.490313,1.512859,1.512859,0.178838,1.915052,0.938897,-0.029806,0.071535,-0.000798,1.0,13.42
1.126972,1.352367,-0.300526,-0.819672,-0.819672,0.435763,2.253944,1.958427,0.875282,0.856499,-0.000773,-1.0,13.31
-0.37679,0.602864,-0.602864,-0.300526,-0.300526,0.346647,2.094951,2.396383,1.311228,1.030897,-0.000232,0.0,13.27
0.990854,1.753049,-0.228659,-1.130369,-1.130369,1.128049,2.644817,3.607724,2.496189,2.045732,-0.000561,-1.0,13.12
1.077752,2.155504,-0.307929,-0.990854,-0.990854,1.785989,2.979215,4.387991,3.452656,2.949962,-0.000273,-1.0,12.99
-1.155624,0.924499,-1.617874,-0.076982,-0.076982,1.186441,2.380586,3.975347,3.567026,2.924499,0.000291,0.0,12.98
1.72144,2.660407,-0.469484,-1.540832,-1.540832,1.940532,3.270736,4.976526,5.125196,4.435055,-0.000817,-1.0,12.78
-0.774593,0.774593,-0.774593,1.017214,1.017214,0.356313,1.750581,3.413375,4.027885,3.380325,-0.000774,1.0,12.91
0.153846,0.538462,-1.384615,0.697134,0.697134,-0.523077,0.769231,2.220513,3.292308,2.649231,0.000453,1.0,13.0
1.876466,3.127443,-1.016419,-1.615385,-1.615385,0.797498,2.087568,3.325515,4.714621,4.215794,-0.000418,-1.0,12.79
0.713719,1.030928,-0.872324,-1.407349,-1.407349,1.649485,2.902458,4.139572,5.681998,5.614592,-0.001265,-1.0,12.61
-0.392465,1.020408,-0.784929,1.030928,1.030928,0.549451,1.405024,2.579801,4.116954,4.474097,-0.000917,1.0,12.74
-1.848998,0.077042,-2.619414,1.88383,1.88383,-1.201849,-0.693374,0.400616,1.841294,2.533128,-0.001598,1.0,12.98
-1.666667,1.439394,-1.818182,1.694915,1.694915,-2.545455,-2.287879,-1.353535,-0.132576,0.872727,-0.002312,1.0,13.2
-0.973783,0.82397,-1.348315,1.136364,1.136364,-2.801498,-3.116105,-2.397004,-1.456929,-0.302622,-0.001942,1.0,13.35
0.377358,0.830189,-0.90566,-0.749064,-0.749064,-1.101887,-2.181132,-1.745912,-0.943396,0.241509,-0.001988,-1.0,13.25
-0.964392,0.37092,-1.632047,1.735849,1.735849,-1.691395,-3.330861,-3.338279,-2.711424,-1.617211,-0.001359,1.0,13.48
-0.665188,0.221729,-0.960828,0.37092,0.37092,-1.241685,-3.22986,-3.567381,-3.070953,-2.087214,-0.001072,0.0,13.53
-0.442478,1.253687,-0.958702,0.221729,0.221729,-0.929204,-3.030973,-3.564405,-3.211652,-2.412979,-0.000882,0.0,13.56
