-0.793529,0.0,-1.258876,0.992544,0.992535,-0.294483,-0.033682,-0.308955,-1.272068,-2.050523,0.00297,1.0,55.958565
1.277676,1.527577,-0.744432,-1.33528,-1.335281,0.790197,1.053121,1.185465,0.244368,-0.519297,0.002424,-1.0,55.211361
0.970386,1.544039,-0.051826,-1.522294,-1.522283,1.867856,2.163439,2.629156,1.868214,1.065955,0.001671,-1.0,54.370888
-1.274444,0.037171,-1.389504,0.961449,0.961454,0.500923,0.98238,1.540778,0.997514,0.281434,0.002002,1.0,54.893639
0.264904,0.550993,-0.455627,0.230111,0.230123,0.1289,0.689076,1.261848,0.892517,0.19756,0.001838,0.0,55.019962
0.321678,0.585035,-0.551451,-0.083004,-0.083026,-0.145986,0.672352,1.122111,1.070472,0.367283,0.000886,0.0,54.974281
0.308686,0.856468,-0.078508,-0.94383,-0.943823,0.527803,1.358575,1.813215,2.074528,1.414314,0.001396,-1.0,54.455421
1.216891,1.277827,0.0,-0.438939,-0.43895,0.914021,1.536084,1.941055,2.419717,1.909608,0.000861,0.0,54.216389
-2.816707,0.317226,-2.903857,2.820893,2.820889,-1.548831,-1.292086,-0.89044,-0.395744,-0.746839,0.001344,1.0,55.745773
0.498985,0.633798,-0.343167,-0.446212,-0.446199,-0.935646,-0.833746,-0.42954,0.05961,-0.166964,0.00156,0.0,55.497036
-0.712567,0.48254,-0.712567,1.230827,1.230831,-1.710863,-2.00004,-1.562584,-1.213969,-1.221268,0.001769,1.0,56.180111
-0.489388,0.080418,-0.715256,1.075774,1.075772,-1.936661,-2.766043,-2.511371,-2.256216,-2.077043,0.001994,1.0,56.784481
-0.141549,0.941382,-0.185891,0.335379,0.335375,-1.29611,-2.634002,-2.685336,-2.569967,-2.290501,0.002233,0.0,56.974922
1.201285,2.26638,-0.092536,-2.327885,-2.327889,1.02145,-0.177741,-0.40601,-0.282681,0.026824,0.001191,-1.0,55.648609
1.029148,1.152999,-0.769242,0.099525,0.099521,0.995318,-0.154189,-0.469677,-0.350773,-0.050647,0.001181,0.0,55.703991
0.136872,1.240672,-0.910055,-1.864678,-1.864685,2.360128,1.686472,1.263794,1.463936,1.69081,-0.000374,-1.0,54.665287
0.476462,0.540225,-0.524285,0.351941,0.351949,1.298664,1.403171,0.865665,1.009252,1.201252,-0.000542,0.0,54.857681
-0.350879,0.48246,-1.08947,0.960006,0.96,-0.238946,0.649833,0.028549,0.022379,0.134747,6.3e-05,1.0,55.384315
0.148943,1.182798,-0.119158,0.1193,0.11931,-0.429321,0.476622,-0.023716,-0.144828,-0.026847,-0.000811,0.0,55.450394
-0.927765,0.0,-1.397741,0.669377,0.669373,-1.049264,-0.133333,-0.592746,-0.771799,-0.658379,-0.000484,1.0,55.821564
-0.788736,1.164248,-0.970487,1.516097,1.516097,-1.820269,-1.538722,-1.878107,-2.191143,-2.061412,-3.5e-05,1.0,56.667873
-0.198952,1.010188,-0.574553,-0.025718,-0.025715,-1.161118,-1.536552,-1.594233,-2.038725,-1.986003,0.000453,0.0,56.653301
-1.091813,0.250775,-1.091813,0.535108,0.535097,-1.135138,-2.063865,-1.797277,-2.333146,-2.417812,0.001076,0.0,56.956451
-0.845332,0.0,-1.517571,1.509772,1.613773,-1.86718,-3.234443,-3.111544,-3.626618,-3.836744,0.001544,1.0,57.875599
1.338896,2.282403,-0.020365,-0.964652,-0.964648,-0.389407,-2.010433,-1.956089,-2.487493,-2.76687,0.000932,-1.0,57.317303
0.021902,0.488548,-0.289764,0.729692,0.729719,-0.741165,-2.18852,-2.486745,-2.954774,-3.348145,0.001362,1.0,57.735558
0.455232,0.715845,-0.597385,-0.451492,-0.451496,-0.005089,-1.289537,-1.964398,-2.251954,-2.752255,0.001004,0.0,57.474884
-0.698815,0.099827,-1.474162,1.710922,1.71092,-1.173346,-2.424153,-3.444334,-3.533403,-4.108422,0.001982,1.0,58.458233
0.315598,0.494267,-0.41746,-0.359387,-0.359387,-0.68898,-1.591898,-2.79855,-2.970662,-3.532198,0.001499,0.0,58.248142
0.565556,0.693101,-0.313827,-0.499282,-0.499286,0.030212,-0.72959,-2.051608,-2.271527,-2.845405,0.001797,0.0,57.957317
1.090222,1.376761,-0.069516,-1.02036,-1.020373,0.932551,0.415467,-0.728015,-1.160696,-1.677081,0.001977,-1.0,57.365936
-1.744333,0.099439,-1.752761,0.603603,0.603613,0.409207,-0.003537,-0.993896,-1.673348,-2.041284,0.001849,1.0,57.712204
-0.149099,0.639952,-0.402066,0.601672,0.60167,-0.328686,-0.411611,-1.278852,-2.168014,-2.36238,0.001982,1.0,58.059441
0.918541,1.284279,-0.112924,-0.601422,-0.601428,0.087984,0.162315,-0.420464,-1.397444,-1.635445,0.001796,-1.0,57.710255
-1.370727,0.207434,-1.583136,1.562365,1.562386,-1.228355,-1.157655,-1.634966,-2.666232,-2.936061,0.002692,1.0,58.611912
0.974916,1.145488,-0.08361,-0.763357,-0.763357,-0.193989,-0.323586,-0.706775,-1.61671,-2.05295,0.002576,-1.0,58.164494
1.241986,1.524562,-0.226736,-1.172241,-1.172248,0.909998,0.860081,0.567181,-0.221406,-0.842565,0.00115,-1.0,57.482662
-0.798025,0.480821,-0.808037,1.351969,1.351966,-0.367289,-0.519382,-0.625173,-1.305602,-2.07704,0.001792,1.0,58.259808
-0.257461,0.264149,-0.874361,-0.138569,-0.138571,-0.06787,-0.393211,-0.452503,-0.934144,-1.767181,0.001303,0.0,58.179077
0.309874,0.664968,-0.417073,-0.188914,-0.188915,-0.065657,-0.185421,-0.177768,-0.553111,-1.418332,0.000851,0.0,58.069168
-0.2943,0.412359,-0.390737,0.73699,0.736995,-0.683051,-0.722291,-0.821277,-1.124313,-1.877539,0.000994,1.0,58.497135
2.273137,2.558098,-7.138764,1.528055,1.528047,-1.535185,-1.933801,-2.098882,-2.38196,-3.049011,0.002372,1.0,59.390999
-4.276121,0.505888,-4.276121,5.858075,5.858085,-5.517502,-6.595505,-7.048799,-7.313737,-7.937911,0.004428,1.0,62.870174
-0.19982,0.224614,-0.80084,-0.125315,-0.125319,-3.92986,-5.669097,-6.449804,-6.806,-7.354752,0.005049,0.0,62.791386
-0.191456,0.530774,-0.314428,-0.483288,-0.483283,-2.049039,-4.590716,-5.512138,-5.939692,-6.47811,0.004751,0.0,62.487926
-1.802754,0.455651,-2.148323,1.797804,1.797797,-2.170947,-5.41942,-6.526301,-7.138992,-7.693133,0.00505,1.0,63.611332
1.033542,1.033542,-0.198054,-1.174309,-1.174316,0.096551,-3.43947,-4.869206,-5.606895,-6.201075,0.004588,-1.0,62.864334
0.498572,0.644122,-0.673538,-0.074273,-0.07425,0.154208,-2.642152,-4.293542,-5.189765,-5.758157,0.004323,0.0,62.817657
1.475013,1.475013,-0.043888,-1.220115,-1.220122,1.152735,-0.815574,-2.644999,-3.712231,-4.324917,0.003345,-1.0,62.051205
1.4095,1.4095,-0.240996,-1.134871,-1.134871,1.941908,0.857273,-1.230237,-2.330674,-2.963917,0.002949,-1.0,61.347004
0.549477,0.549477,-0.492634,0.413814,0.41381,0.869061,0.94548,-1.265375,-2.389434,-3.112817,0.002906,0.0,61.600864
0.893679,1.134957,-0.303187,-0.528949,-0.528954,0.886702,1.789745,-0.327732,-1.57965,-2.349532,0.002141,-1.0,61.275024
0.82749,0.977792,-0.502636,-1.784184,-1.784169,1.843416,3.192124,1.695801,0.384561,-0.461078,0.001848,-1.0,60.181774
0.014563,0.973781,-0.338071,-0.085661,-0.085679,1.291804,2.838044,1.999331,0.671869,-0.250521,0.001557,0.0,60.130211
-0.119371,0.987278,-0.385549,0.271751,0.271754,0.667867,2.195399,1.968853,0.538491,-0.365865,0.001815,0.0,60.293617
-0.202437,0.428974,-0.551087,0.406529,0.406521,-0.090608,1.274091,1.780831,0.327528,-0.559621,0.001349,0.0,60.538723
0.048439,1.33697,-0.209913,-0.498066,-0.498051,0.064906,1.344883,2.383942,1.058353,0.105793,0.0013,0.0,60.237209
0.309134,0.309134,-0.679463,0.285805,0.285793,-0.144909,0.657409,1.820599,0.948274,-0.023888,0.00158,0.0,60.409363
-0.651644,0.075068,-1.293704,0.809876,0.809878,-0.694764,-0.34051,0.795396,0.360567,-0.617647,0.002234,1.0,60.898605
1.718195,1.718195,-0.104039,-1.745696,-1.745687,0.916471,1.177534,2.290707,2.291276,1.229879,0.001395,-1.0,59.835506
0.04277,0.768192,-0.337212,-1.180146,-1.180145,1.64495,1.967854,3.006973,3.566339,2.504077,0.000758,-1.0,59.12936
-0.771361,0.427438,-0.849971,0.442494,0.442486,0.912205,1.201424,2.163306,3.110092,2.181037,0.001131,0.0,59.390999
-0.337922,0.951728,-0.346086,0.320989,0.320996,0.311472,0.776886,1.474333,2.504203,1.94283,0.000688,0.0,59.581642
1.298505,1.468451,-0.410838,-1.059467,-1.059462,0.72465,1.655875,2.210259,3.276043,3.086777,0.000582,-1.0,58.950397
-1.836555,0.21974,-2.078757,2.865957,2.865942,-1.816338,-1.119251,-0.715155,0.246297,0.384256,0.002024,1.0,60.639881
0.008022,0.68495,-0.946423,-0.008021,-0.008021,-1.311832,-1.095438,-0.813383,0.00891,0.533341,0.001539,0.0,60.635017
-0.9539,0.418118,-1.038156,0.898303,0.898309,-1.605726,-1.821943,-1.70684,-1.019159,-0.244771,0.001909,1.0,61.179707
-0.725705,0.490088,-1.492251,1.211442,1.211449,-2.027901,-2.752981,-2.69612,-2.276323,-1.500114,0.002409,1.0,61.920868
-0.373207,0.076508,-0.760462,0.593764,0.593771,-1.534366,-3.103853,-3.039469,-2.834102,-2.113817,0.002358,1.0,62.288536
-1.154258,0.092091,-1.207986,1.733293,1.733288,-2.350889,-4.197245,-4.367981,-4.330095,-3.725996,0.002431,1.0,63.368176
-0.905144,0.724413,-2.077581,1.068302,1.068271,-2.318114,-4.442315,-5.0138,-5.150483,-4.7165,0.000721,1.0,64.04512
-0.864388,0.716089,-1.950506,1.375935,1.375969,-2.489819,-4.886752,-5.821557,-6.156679,-5.882738,0.001257,1.0,64.926361
0.058524,0.508702,-0.258095,-0.166287,-0.166298,-1.433348,-3.920407,-5.211205,-5.642697,-5.602496,0.00137,0.0,64.81839
0.417286,0.596128,-0.350224,0.688764,0.688781,-1.195541,-3.610147,-5.413624,-5.894798,-6.051281,0.000974,1.0,65.264847
-0.862816,0.247359,-1.124902,1.217589,1.217573,-1.56927,-3.949232,-5.923309,-6.590399,-6.896066,0.001828,1.0,66.059494
-1.256469,0.12797,-1.628764,1.24711,1.247103,-1.932979,-4.198119,-6.309206,-7.26666,-7.726945,0.0023,1.0,66.883324
0.783837,1.258793,-0.183573,-0.184688,-0.184702,-1.202251,-3.184999,-5.399986,-6.606552,-7.227573,0.00267,0.0,66.759789
0.573112,0.573112,-0.475393,-0.091793,-0.091745,-0.54775,-2.379786,-4.601765,-6.049326,-6.751561,0.003042,0.0,66.69854
0.347002,1.024901,-0.421678,-0.401016,-0.401049,0.203809,-1.363124,-3.466913,-5.254615,-5.996692,0.002751,0.0,66.431046
-0.418756,0.917748,-1.025728,0.348466,0.348456,0.036777,-1.211453,-3.199818,-5.071557,-5.940956,0.003065,0.0,66.662529
1.747174,2.098396,-0.029759,-1.95953,-1.95951,1.568885,0.963624,-0.783506,-2.697864,-3.766174,0.003002,-1.0,65.35627
-0.346823,0.3232,-0.751206,0.839365,0.839375,0.463993,0.271686,-1.131395,-3.013609,-4.223223,0.003333,1.0,65.904854
-0.648239,0.111467,-0.985551,0.630176,0.630148,-0.279224,-0.129776,-1.308285,-3.112911,-4.466479,0.003461,1.0,66.320152
0.725347,0.747641,-0.386459,-1.330202,-1.33017,0.761601,1.243035,0.343038,-1.311069,-2.901113,0.00284,-1.0,65.437981
-0.497201,0.264095,-0.783426,0.74467,0.744646,-0.206838,0.474344,-0.140055,-1.639658,-3.249316,0.003284,1.0,65.925262
-0.130115,0.016266,-0.734861,-0.21836,-0.218355,0.140771,0.526688,0.254427,-1.033247,-2.633105,0.003104,0.0,65.781311
0.615794,1.022327,-0.74881,-1.071992,-1.071979,0.971204,1.357272,1.356124,0.338528,-1.228596,0.002432,-1.0,65.076149
-0.782677,0.206437,-0.874752,0.638212,0.638172,0.077847,0.530227,0.781913,-0.025145,-1.49398,0.003283,1.0,65.491447
0.256727,0.740156,-0.135127,-1.07822,-0.989981,0.89502,1.290517,1.746249,1.171463,-0.145533,0.003351,-1.0,64.843094
1.900983,2.061572,-0.37164,-1.831641,-1.831615,2.064342,2.70798,3.39284,3.081672,1.907032,0.002539,-1.0,63.655418
-0.228234,1.101592,-1.489581,0.513862,0.513859,0.98028,1.968196,2.562013,2.549793,1.595327,0.002608,0.0,63.982517
-1.510486,0.0,-1.725633,3.250005,3.250014,-1.89984,-1.217689,-0.736767,-0.592231,-1.306986,0.004147,1.0,66.061958
-0.77903,0.198781,-1.233596,0.823764,0.823757,-2.36663,-1.981828,-1.557022,-1.270215,-1.831962,0.003418,1.0,66.606148
-1.404735,0.137851,-2.147735,0.719116,0.719112,-2.395298,-2.436127,-2.194884,-1.839455,-2.24686,0.003677,1.0,67.085121
0.12529,0.997971,-0.543424,-0.393272,-0.393279,-1.06236,-1.91682,-1.792878,-1.394883,-1.654192,0.003216,0.0,66.821289
-0.868446,0.588062,-1.111435,1.327238,1.327252,-1.257806,-2.916995,-2.847688,-2.625567,-2.725989,0.003257,1.0,67.708176
-1.695902,0.051094,-1.707248,1.314154,1.314147,-1.799211,-3.662861,-3.846123,-3.75463,-3.773637,0.003515,1.0,68.597961
-1.14515,0.167792,-1.9701,1.497219,1.497219,-2.380623,-4.490271,-4.948076,-4.964218,-4.916961,0.00343,1.0,69.625023
-0.114223,0.282797,-1.206394,0.370531,0.370518,-1.940253,-4.121654,-4.874917,-5.068061,-5.003624,0.003181,0.0,69.882996
0.428573,1.213338,-0.288018,0.117016,0.117023,-1.15628,-3.331932,-4.601196,-4.94303,-4.89139,0.002732,0.0,69.964775
0.707481,0.794693,-0.556991,-1.072795,-1.072797,0.350788,-1.527766,-3.236008,-3.633508,-3.725298,0.002408,-1.0,69.214195
-1.399219,0.31737,-1.473735,1.929761,1.929753,-0.995734,-2.755929,-4.55072,-5.128737,-5.333101,0.002851,1.0,70.549858
0.168562,1.197885,-0.515351,-0.125576,-0.125574,-0.633892,-2.086536,-3.960492,-4.715596,-5.00047,0.002371,0.0,70.461266
-0.80966,0.227417,-1.17544,0.851094,0.851096,-1.14092,-2.353345,-4.187646,-5.124069,-5.541567,0.00223,1.0,71.060959
0.136529,0.735888,-0.66764,0.342494,0.342513,-1.102634,-2.057933,-3.799552,-5.07073,-5.6036,0.002418,0.0,71.304352
1.145134,1.229189,-0.59668,-0.922945,-0.922951,0.224058,-0.72967,-2.274562,-3.842101,-4.424733,0.002121,-1.0,70.646248
1.804489,2.443173,-1.354066,-1.182342,-1.182366,1.211564,0.631865,-0.747251,-2.352444,-3.057352,0.001842,-1.0,69.810951
-1.834631,0.238655,-1.939036,2.842005,2.842018,-1.21386,-1.846831,-3.00826,-4.611918,-5.431316,0.002733,1.0,71.794991
1.363268,1.567828,-0.296534,-1.231227,-1.231214,-0.024713,-0.478314,-1.439506,-2.99499,-3.943731,0.002993,-1.0,70.911041
-1.231697,0.252583,-1.785766,1.095557,1.095557,-1.001122,-1.316449,-2.055016,-3.485978,-4.663137,0.003084,1.0,71.687912
0.562773,0.611822,-0.515075,-0.340855,-0.340869,-0.439313,-0.666872,-1.371448,-2.633704,-4.020033,0.002738,0.0,71.44355
2.223695,2.250032,-0.234302,-1.710108,-1.710089,1.4099,1.01465,0.498695,-0.643491,-2.057025,0.002602,-1.0,70.221802
-1.903407,0.004082,-1.903407,1.82304,1.823032,-0.487698,-0.648361,-1.125625,-2.080008,-3.474345,0.002987,1.0,71.501968
-0.951204,0.304936,-1.204864,0.910858,0.910862,-1.04161,-1.393763,-1.808342,-2.612666,-3.940367,0.00339,1.0,72.153252
0.242654,0.409394,-0.833692,-0.469533,-0.469544,-0.539521,-0.857548,-1.173404,-1.805589,-3.032746,0.003606,0.0,71.814461
-0.065259,0.26786,-0.48675,-0.298234,-0.298252,-0.198214,-0.427726,-0.655604,-1.240053,-2.317103,0.003271,0.0,71.600273
-1.147226,0.063219,-1.206402,1.094523,1.094515,-0.681323,-1.150295,-1.562249,-2.047772,-3.025323,0.004016,1.0,72.383949
-1.157838,0.178134,-1.157838,1.17413,1.174165,-1.36098,-2.101009,-2.452261,-2.938154,-3.788749,0.005089,1.0,73.233856
-0.109999,0.682525,-0.442648,0.304421,0.30441,-1.305423,-2.051554,-2.530868,-2.989465,-3.733775,0.005014,0.0,73.456787
1.010773,1.41241,-0.259724,-1.007225,-1.007215,-0.053031,-0.913456,-1.409651,-1.813181,-2.429996,0.003494,-1.0,72.716919
0.277507,1.08053,-0.332472,-0.136553,-0.136553,0.36383,-0.616287,-1.093857,-1.444582,-2.026152,0.003151,0.0,72.617622
-0.289151,0.346724,-0.289151,0.143438,0.143432,0.312992,-0.414858,-0.968671,-1.436409,-1.939649,0.002945,0.0,72.721779
-0.918551,0.188214,-1.051097,0.997327,0.997326,-0.619521,-1.133411,-1.796628,-2.206441,-2.699822,0.003442,1.0,73.447052
0.354265,0.397884,-0.54066,0.270398,0.27041,-0.836239,-1.197388,-1.813916,-2.294689,-2.757855,0.003064,0.0,73.64566
-0.014532,1.071274,-0.269473,0.072704,0.072674,-0.641693,-1.013408,-1.703285,-2.20317,-2.62579,0.002621,0.0,73.699181
0.078902,0.536556,-0.565492,0.443833,0.443845,-0.700154,-1.123089,-1.905045,-2.407018,-2.79605,0.002245,0.0,74.026291
0.081488,0.550728,-0.155103,0.053919,0.053934,-0.390645,-0.949258,-1.611889,-2.172364,-2.658543,0.002132,0.0,74.066216
0.620273,1.009099,-0.280376,-0.61645,-0.616461,0.271388,-0.283813,-0.810716,-1.442294,-1.883665,0.00187,-1.0,73.609627
-0.159134,0.140558,-0.908375,-0.267148,-0.267139,0.476582,-0.022685,-0.430636,-1.0079,-1.492703,0.002158,0.0,73.412987
0.51191,0.745818,-0.549344,-0.786372,-0.786396,1.035877,0.786069,0.452051,-0.144469,-0.627808,0.001188,-1.0,72.83567
-0.166334,0.452423,-0.59748,0.445087,0.445106,0.351295,0.41357,0.149032,-0.469663,-0.930728,0.001391,0.0,73.159866
-0.096244,0.155571,-0.758101,0.927476,0.927459,-0.632578,-0.357943,-0.639956,-1.139385,-1.622936,0.001419,1.0,73.838394
0.532376,1.004139,-0.113327,0.051422,0.051446,-0.611456,-0.351064,-0.633065,-1.029517,-1.560825,0.001315,0.0,73.876381
-0.669192,0.718959,-0.669192,0.625936,0.625913,-0.980597,-0.877662,-1.17205,-1.498135,-1.988697,0.001868,1.0,74.338783
0.400979,1.398994,-0.13914,3.530597,3.530608,-3.284718,-3.833814,-4.174453,-4.522747,-5.056904,0.003551,1.0,76.963394
1.144995,1.144995,-0.154618,-1.015724,-1.015717,-1.498971,-2.564089,-2.879259,-3.242329,-3.833876,0.002173,-1.0,76.181664
-0.313456,0.484795,-0.572352,0.693893,0.693901,-1.428996,-2.890855,-3.201907,-3.627112,-4.158238,0.002861,1.0,76.710289
-0.470662,0.465635,-0.633831,1.114263,1.114249,-1.564107,-3.451023,-3.914656,-4.409917,-4.901716,0.002868,1.0,77.565033
0.23185,0.700543,-0.229335,0.150606,0.150621,-0.851439,-3.046694,-3.712775,-4.281731,-4.760059,0.003043,0.0,77.681862
-0.522402,0.180781,-1.674441,0.515074,0.515079,-1.072998,-2.871623,-3.831984,-4.428676,-4.927032,0.003838,0.0,78.081985
-0.419684,0.475547,-0.78845,0.413935,0.41391,-0.913595,-2.602989,-3.856062,-4.453545,-4.97176,0.003334,0.0,78.405174
-1.040327,0.753928,-1.225139,1.449005,1.449023,-1.617042,-3.277164,-4.770425,-5.389583,-5.969143,0.003527,1.0,79.541283
1.22193,1.291868,-0.311624,-0.238663,-0.238691,-0.9314,-2.355768,-4.060182,-4.791176,-5.435784,0.003609,0.0,79.351425
0.162325,0.322185,-0.264384,-0.233103,-0.23308,-0.324891,-1.517833,-3.351538,-4.220062,-4.926369,0.003632,0.0,79.166473
-0.833441,0.0,-0.940506,1.06985,1.069859,-0.897203,-2.179109,-3.776548,-4.839351,-5.567991,0.003624,1.0,80.013443
-0.709056,0.056769,-0.945807,0.726367,0.726349,-1.068522,-2.336957,-3.855435,-5.118073,-5.853044,0.003464,1.0,80.59462
-0.381616,0.674422,-0.570022,0.655899,0.655897,-1.32317,-2.429371,-3.883271,-5.301389,-6.052271,0.003589,1.0,81.123238
0.468003,0.46921,-0.579324,0.259206,0.259202,-1.090884,-2.218286,-3.520524,-5.071387,-5.907298,0.004042,0.0,81.333511
0.392016,0.459151,-0.48433,-0.157993,-0.157984,-0.432302,-1.629702,-2.804165,-4.441403,-5.386052,0.004034,0.0,81.205017
0.400814,0.60062,-0.578957,-0.399214,-0.399213,0.181265,-0.889375,-2.091693,-3.561044,-4.651655,0.00384,0.0,80.880836
0.637482,0.869735,-0.245553,-0.495904,-0.495905,0.651997,-0.137656,-1.247703,-2.62565,-3.855712,0.003307,0.0,80.479744
-0.726328,0.250868,-0.727523,1.25803,1.392947,-0.613726,-1.257188,-2.204826,-3.487757,-4.807214,0.003708,1.0,81.600784
0.057363,0.856798,-0.099183,-0.029868,-0.029872,-0.524478,-0.954934,-1.847782,-2.986966,-4.388128,0.003671,0.0,81.576408
-0.426744,0.075869,-0.871267,0.807804,0.8078,-1.071012,-1.375422,-2.265157,-3.284236,-4.725163,0.003801,1.0,82.235382
1.447123,1.523795,-0.378545,-1.047894,-1.047885,0.097751,-0.16385,-0.960488,-1.989046,-3.296527,0.003408,-1.0,81.37365
3.143207,3.456794,-0.292593,-2.96612,-2.966105,2.772577,2.680897,2.113771,1.182861,-0.046695,0.002568,-1.0,78.960022
-1.08189,0.153338,-2.13822,1.445677,1.445662,0.933664,1.090079,0.705215,-0.047373,-1.15833,0.00318,1.0,80.101517
0.211331,0.778507,-0.258689,0.202018,0.202009,0.402987,0.752946,0.577934,-0.080789,-1.039297,0.003533,0.0,80.263329
-0.082376,0.301637,-0.373114,0.258699,0.25871,-0.294614,0.401744,0.426473,-0.165323,-0.989842,0.003466,0.0,80.470978
0.803984,1.906108,-1.287848,-0.857662,-0.857664,0.168616,1.132422,1.275807,0.804799,0.007937,0.002829,-1.0,79.780807
0.554689,0.987193,-0.543691,0.007328,0.007326,0.368488,1.038145,1.200877,0.883987,0.181342,0.002813,0.0,79.786652
-1.308528,0.720287,-1.560628,1.774024,1.774035,-1.109975,-0.772161,-0.556693,-0.772269,-1.343665,0.003223,1.0,81.202095
1.748424,1.76056,-0.534244,-1.128454,-1.128473,0.024295,0.199621,0.491304,0.418458,-0.082096,0.001559,-1.0,80.285751
4.165071,4.41982,-0.01274,-4.674598,-4.674579,3.900131,4.368096,5.012212,5.170723,4.75763,0.000253,-1.0,76.53273
3.813273,3.852728,-1.446425,-3.133357,-3.133363,5.7378,6.767648,7.802403,8.176208,7.933264,-0.001114,-1.0,74.134682
-2.702023,0.329816,-2.854243,3.655488,3.655487,1.243182,2.727131,3.68531,4.117298,4.045688,-0.000207,1.0,76.844666
0.630637,1.248393,-0.888024,-1.433471,-1.433493,1.274154,3.645713,4.677674,5.276362,5.358285,-0.000773,-1.0,75.743103
0.865089,0.990473,-1.905722,2.651229,2.651253,-1.993485,0.645683,1.6461,2.326941,2.554793,-1e-05,1.0,77.751244
-0.224627,1.73097,-5.192918,-5.115348,-5.115342,2.542274,5.16384,6.361337,7.339872,7.791263,-0.001984,-1.0,73.774002
2.895412,3.382492,-0.081188,-2.33879,-2.338789,4.418874,6.609105,8.045627,9.297507,9.930452,-0.003337,-1.0,72.048584
1.504374,1.682159,-0.437637,-1.068869,-1.068898,3.985244,6.567305,8.494547,9.832963,10.595389,-0.003634,-1.0,71.278458
-0.109822,0.906101,-1.00219,-0.382942,-0.382924,3.05053,5.540918,8.057577,9.509068,10.450544,-0.003687,0.0,71.005516
-2.229638,0.013354,-2.349804,2.828125,2.828115,-1.081435,1.642197,4.423684,5.910822,6.956988,-0.003059,1.0,73.013634
-0.838684,0.812478,-1.546326,1.882505,1.88251,-2.744067,-0.524172,1.949075,3.426426,4.614157,-0.002646,1.0,74.388123
0.406033,1.296658,-0.654879,0.052418,0.052418,-2.155863,-0.536997,1.416116,2.905573,4.212501,-0.002862,0.0,74.427116
0.800631,0.840005,-0.249379,-0.209556,-0.209567,-1.144502,-0.674621,1.134019,2.806023,4.09698,-0.003029,0.0,74.271141
0.618667,1.263655,-0.394897,-0.288753,-0.288746,-0.034225,-0.614712,0.783647,2.695609,3.99095,-0.003076,0.0,74.056686
-1.372006,0.143734,-1.829351,0.73713,0.737126,-0.339731,-1.764005,-0.461681,1.564759,2.856095,-0.00267,1.0,74.602577
-1.046643,0.348889,-1.175857,1.123742,1.123743,-1.168107,-2.634701,-1.664289,0.102738,1.352848,-0.002092,1.0,75.440918
1.251776,1.290489,-0.374243,0.129214,0.129215,-1.001418,-2.298357,-1.667304,-0.307255,0.913059,-0.002543,0.0,75.538399
0.900188,1.774299,-0.15656,-1.084006,-1.084005,0.203519,-0.767125,-0.779298,0.446189,1.791943,-0.002919,-1.0,74.719559
1.344577,1.344577,-1.331404,-1.03066,-1.030659,1.21803,0.664381,0.092278,1.001849,2.519225,-0.003576,-1.0,73.949455
0.211366,0.858654,-0.264197,-0.21092,-0.210921,1.212685,0.982831,-0.053713,0.775439,2.385216,-0.003277,0.0,73.79348
-0.513427,1.32965,-0.526594,0.343464,0.343467,0.48973,0.591099,-0.371247,0.262641,1.687736,-0.002095,0.0,74.046936
-0.964292,0.299717,-1.589785,1.026855,1.026864,-0.727137,-0.380514,-1.138049,-0.711498,0.388218,-0.002245,1.0,74.807297
-0.685107,0.064637,-0.969493,0.807927,0.807912,-1.33919,-1.02766,-1.564974,-1.602244,-0.648389,-0.002028,1.0,75.411674
-0.540131,0.321502,-0.977369,0.517064,0.517061,-1.35802,-1.30658,-1.649515,-2.104544,-1.444435,-0.001936,0.0,75.801598
0.617596,1.222333,-0.990741,-0.051442,-0.051412,-0.78746,-1.102698,-1.35703,-2.185428,-1.632545,-0.001648,0.0,75.762627
-0.260659,0.469168,-1.407534,-1.273801,-1.273811,0.693333,0.087308,-0.0478,-0.854958,-0.456155,-0.002106,-1.0,74.797554
-0.878983,0.382169,-1.38853,2.306786,2.306773,-1.128655,-2.040759,-2.118893,-2.798086,-2.575791,-0.001915,1.0,76.522964
0.601024,0.869565,-0.473139,-0.382169,-0.382132,-0.534546,-1.466777,-1.572065,-2.100411,-2.234298,-0.001649,0.0,76.230545
0.991891,1.391217,-0.077286,-0.7289,-0.728936,0.162325,-0.515255,-0.706764,-1.073031,-1.520022,-0.00024,-1.0,75.674873
0.166792,0.397739,-0.538882,0.399337,0.39932,-0.179606,-0.623537,-0.98108,-1.271475,-2.005115,0.001022,0.0,75.977058
0.529789,0.71069,-0.155061,-0.705675,-0.70566,0.700354,0.267485,-0.277377,-0.500059,-1.220306,-0.000536,-1.0,75.440918
-0.526321,0.706027,-1.296538,0.659004,0.659008,-0.112967,-0.240052,-0.895166,-1.051993,-1.662134,0.000212,1.0,75.93808
-1.429659,0.0,-1.965781,0.564819,0.564834,-0.638257,-0.675268,-1.307982,-1.470522,-1.947929,-0.000533,1.0,76.367004
2.297042,2.806048,-0.104414,-2.195549,-2.195557,1.328624,1.405633,0.973628,0.783728,0.450525,0.000509,-1.0,74.690323
0.222696,1.152744,-0.144083,-0.365449,-0.365452,1.281115,1.596808,1.399882,1.140951,0.894421,0.001214,0.0,74.417366
-1.387642,0.012841,-1.400493,1.951803,1.951788,-0.544766,-0.206852,-0.381162,-0.767048,-0.959005,0.002293,1.0,75.869835
-1.039027,0.076033,-1.748602,1.400483,1.400505,-1.659913,-1.531937,-1.572907,-2.047017,-2.196663,0.00293,1.0,76.932396
0.8045,1.647299,-0.498021,-0.772935,-0.772942,-0.901544,-0.750864,-0.725321,-1.17801,-1.326523,0.001644,-1.0,76.337753
-0.255076,0.306081,-1.020282,0.127705,0.127717,-0.571371,-0.77798,-0.796682,-1.141453,-1.32791,0.001017,0.0,76.435249
4.408472,5.053302,-0.118431,-3.086349,-3.086363,2.502967,2.125286,2.210823,2.02593,1.786028,-0.000104,-1.0,74.07618
-1.175857,0.41349,-1.964073,1.842349,1.842344,0.534963,0.277823,0.418667,0.272654,-0.055297,0.000629,1.0,75.440918
3.055264,3.307649,-0.066413,-2.72645,-2.726434,2.385754,2.740429,2.948097,2.986177,2.628578,-0.000242,-1.0,73.384071
2.849002,3.337402,-0.040699,-2.085547,-2.085574,3.318428,4.300657,4.734789,4.932187,4.655018,-0.00125,-1.0,71.853592
0.272709,0.381793,-1.349875,-0.501971,-0.501943,2.45704,4.379595,4.873186,5.160208,5.045535,-0.00183,-1.0,71.492928
0.232174,0.778476,-1.065281,-0.163615,-0.163627,1.86834,4.124556,4.615315,5.025267,5.082218,-0.001935,0.0,71.375946
-1.124493,0.227585,-1.606422,2.0213,2.021306,-0.870148,1.642571,2.302544,2.808567,2.932798,-0.000826,1.0,72.818672
0.588159,0.708459,-0.574791,0.147257,0.147258,-1.141563,0.943723,1.876753,2.410772,2.67825,-0.000405,0.0,72.925903
0.254353,0.870149,-0.227574,-0.147041,-0.147041,-0.730922,0.609104,1.701919,2.327308,2.687015,-0.000382,0.0,72.818672
0.684291,1.368582,-0.389106,-0.227574,-0.227556,-0.185177,0.317972,1.746927,2.352722,2.747867,-0.000586,0.0,72.652969
4.461072,4.585755,-0.651151,-3.153091,-3.153106,2.776391,3.056242,4.675342,5.286084,5.786084,-0.002079,-1.0,70.362144
0.462641,0.883215,-1.261744,-1.177609,-1.026781,2.929644,3.292345,5.164861,5.961838,6.587283,-0.002734,-1.0,69.639679
-0.419458,0.587255,-0.727065,0.266361,0.266373,1.768057,2.508248,4.206902,5.242606,5.920429,-0.002824,0.0,69.82518
-2.215876,0.149538,-2.650893,2.852351,2.852332,-1.333206,-0.339661,0.897333,2.007196,2.737179,-0.001787,1.0,71.816826
3.512716,4.426025,-0.30912,-3.249048,-3.249042,1.067869,2.717882,3.61862,5.058067,5.830823,-0.002492,-1.0,69.483467
1.994763,2.475243,0.0,-3.498662,-3.498684,3.744922,5.797158,6.677013,8.317789,9.135356,-0.004566,-1.0,67.05246
-1.952794,1.109864,-2.219727,3.64007,3.640095,0.058999,1.602775,2.359678,4.054609,4.959909,-0.003129,1.0,69.493233
0.207902,0.817735,-2.314621,1.362745,1.362731,-1.111572,-0.116059,0.704931,2.194861,3.236618,-0.002382,1.0,70.440239
-1.420266,0.027049,-1.934262,2.46708,2.467088,-3.392402,-2.609707,-1.689761,-0.553828,0.518856,-0.001644,1.0,72.178062
-0.080935,0.930801,-0.701465,0.270522,0.270525,-2.854448,-2.911101,-1.8739,-1.102753,0.119603,-0.001295,0.0,72.373322
-0.08074,0.430627,-0.645937,0.242818,0.242806,-1.574477,-2.84483,-2.003781,-1.447548,-0.225915,-0.001444,0.0,72.549049
-0.080502,0.322015,-0.912386,0.296058,0.296063,-0.966053,-2.702266,-2.298079,-1.922421,-0.691181,-0.00154,0.0,72.76384
1.322248,1.553979,-0.408946,-1.569835,-1.569815,0.943276,-0.899692,-0.861287,-0.481271,0.596043,-0.001316,-1.0,71.621582
-0.860792,0.49765,-1.371884,1.349505,1.349495,-0.287831,-2.112984,-2.20252,-1.755794,-0.950046,-0.000704,1.0,72.588112
2.193596,3.311627,-0.084922,-4.963005,-4.962999,3.937149,2.926672,2.550223,3.192959,3.79056,-0.003173,-1.0,68.985565
-0.617624,1.291418,-1.431776,0.820824,0.820808,2.229096,2.44807,1.637663,2.221704,2.685373,-0.00338,1.0,69.551804
-0.749689,0.805223,-0.971813,1.108929,1.108948,0.413712,1.442442,0.587705,0.923115,1.268032,-0.002708,1.0,70.323097
-1.645149,0.108761,-2.732837,2.110237,2.11023,-1.609793,-0.463638,-1.307058,-1.240487,-0.912639,-0.002,1.0,71.807076
1.818915,3.354888,-0.229046,0.910942,0.910942,-2.53301,-1.323098,-2.138694,-2.156674,-1.773578,-0.000573,1.0,72.461197
0.569257,0.975876,-1.707783,-0.592835,-0.592832,-1.105993,-0.782058,-1.319244,-1.616299,-1.157874,-0.001442,-1.0,72.031624
-2.151832,0.053463,-2.499336,1.409597,1.409589,-1.52365,-2.093019,-2.143811,-2.800054,-2.440271,3.5e-05,1.0,73.046974
0.718057,0.894192,-0.081287,-1.349909,-1.34992,0.306207,-0.850815,-0.567208,-1.301979,-1.147334,0.000298,-1.0,72.060898
0.08122,0.676865,-1.110058,0.081297,0.081312,0.311351,-0.86233,-0.492764,-1.223104,-1.272374,0.000506,0.0,72.119492
-0.498377,1.656793,-0.996765,0.500873,0.500865,-0.183184,-1.371219,-0.96084,-1.669579,-1.783052,0.000743,0.0,72.480713
-0.497439,0.080674,-1.156225,0.188576,0.188585,-0.209737,-1.056735,-1.124854,-1.638883,-1.969885,8.9e-05,0.0,72.617401
-0.439876,0.266601,-0.693145,0.860446,0.860444,-1.007732,-1.396957,-1.905266,-2.05545,-2.648892,0.000343,1.0,73.242233
0.48109,0.801815,-0.507824,-0.253259,-0.253271,-0.483758,-0.772411,-1.629462,-1.56287,-2.214614,0.000305,0.0,73.056732
0.755744,1.241564,-0.188933,-0.97555,-0.975543,0.558706,0.279356,-0.593786,-0.461533,-1.112007,3.8e-05,-1.0,72.344032
1.258892,1.587296,-0.27368,-1.376513,-1.376525,1.64478,1.522998,0.677809,0.869607,0.241938,0.000673,-1.0,71.348198
-0.976273,0.149154,-1.613562,0.916801,0.916844,0.550481,0.596581,0.042459,-0.072569,-0.528842,0.001367,1.0,72.00235
-0.528026,0.704029,-0.609257,0.149154,0.149117,0.086657,0.316821,0.129984,-0.251819,-0.396419,0.001325,0.0,72.109718
0.230819,1.140524,-0.190088,-0.28432,-0.284301,0.051585,0.581115,0.562106,-0.027166,0.021712,0.000205,0.0,71.904709
-1.890784,0.013225,-1.93045,2.688384,2.688384,-2.163164,-1.81939,-1.887264,-2.494385,-2.412805,0.002325,1.0,73.837784
0.079205,0.620463,-0.858088,0.158671,0.158668,-1.613199,-1.775583,-1.908037,-2.556441,-2.471293,0.003632,0.0,73.954941
-0.588616,0.287771,-0.824064,0.924088,0.92408,-1.80771,-2.40418,-2.573355,-3.069975,-3.242898,0.002662,1.0,74.638344
-0.194732,1.116448,-0.402438,0.758668,0.758662,-1.723993,-2.878091,-3.115662,-3.423982,-3.830187,0.002446,1.0,75.204597
0.23398,0.415963,-0.272974,-0.129818,-0.129823,-0.743524,-2.478865,-2.719344,-2.97997,-3.580385,0.001518,0.0,75.106964
0.338588,0.572994,-0.36463,-0.181982,-0.181971,-0.260455,-1.950775,-2.288494,-2.592135,-3.225941,0.001357,0.0,74.970291
0.457823,0.758668,-0.130803,-0.442771,-0.442771,0.366251,-1.073898,-1.661212,-2.013077,-2.685672,0.001112,0.0,74.638344
-0.363408,0.207652,-1.064244,0.784835,0.784831,-0.259576,-1.415964,-2.195977,-2.56392,-3.111745,0.001286,1.0,75.224129
0.537006,0.851345,-0.144073,-0.908507,-0.9085,0.476748,-0.185987,-1.183149,-1.570402,-1.955731,0.001523,-1.0,74.540718
-0.013105,0.275156,-0.655136,-0.03929,-0.039272,0.356376,0.203072,-1.014171,-1.36729,-1.692368,0.001027,0.0,74.511444
-0.676726,0.429466,-0.91098,0.681336,0.681318,-0.309729,-0.317541,-1.446292,-1.841487,-2.186359,0.003042,1.0,75.019104
-0.606688,0.529232,-0.735767,0.819892,0.81991,-0.857119,-0.906178,-1.869989,-2.431284,-2.814013,0.003042,1.0,75.634193
0.598489,0.819668,-0.143119,-0.787402,-0.787428,-0.119686,-0.066348,-0.8214,-1.49557,-1.882378,0.002365,-1.0,75.038628
-0.801452,0.258528,-1.021201,0.650533,0.650524,-0.504118,-0.669582,-1.160791,-1.980983,-2.385198,0.001844,1.0,75.526772
0.117076,0.728499,-0.195137,-0.6334,-0.63339,0.27319,-0.044227,-0.251504,-1.223491,-1.603744,0.001292,-1.0,75.048393
1.664028,1.875327,-0.343373,-1.496035,-1.496033,1.500267,1.332546,1.271354,0.383655,-0.011618,0.000969,-1.0,73.925644
-0.289704,0.263362,-1.066638,0.290545,0.29057,0.803242,0.971801,0.994623,0.281123,-0.211768,0.00057,0.0,74.14045
0.652373,0.892022,-0.279589,-1.092969,-1.092981,1.451197,1.829312,1.991737,1.479822,0.929828,0.000662,-1.0,73.330109
0.213385,0.600156,-0.573486,-0.173077,-0.173095,0.992275,1.823163,1.986315,1.73047,1.102702,0.000571,0.0,73.203178
-0.226313,0.119803,-0.958468,0.186716,0.186715,0.338137,1.473652,1.635615,1.63872,0.929722,0.000458,0.0,73.339859
1.090622,1.548406,-0.228893,-1.131531,-1.131522,1.096011,2.288954,2.572605,2.710389,2.09399,-1.3e-05,-1.0,72.510002
0.975479,1.625801,-0.447087,-0.61936,-0.619368,1.148905,2.430577,2.973416,3.21909,2.76983,-0.000541,-1.0,72.060898
-0.741844,0.215813,-1.267874,0.447095,0.447097,0.437013,1.607777,2.253406,2.603868,2.333434,-0.000291,0.0,72.38308
1.911966,2.874834,-0.206319,-1.942274,-1.942273,1.799177,2.979377,3.944075,4.338389,4.296574,-0.000637,-1.0,70.977203
-0.657178,0.69825,-0.684556,0.467681,0.467704,0.755729,1.975613,3.160808,3.586375,3.77764,2.2e-05,0.0,71.309166
0.673361,0.700841,-0.288579,-0.369666,-0.369662,0.717313,1.948591,3.170706,3.694504,4.005482,-0.000437,0.0,71.045563
-1.198917,0.286102,-1.294285,0.865748,0.865713,-0.258843,0.727531,1.915543,2.596745,2.984755,-0.000182,1.0,71.660614
-0.313057,0.558045,-0.558055,0.095366,0.095372,-0.536265,0.408335,1.510828,2.255352,2.724386,-4.6e-05,0.0,71.728958
-1.760892,0.503118,-1.840328,2.803863,2.803888,-2.499678,-2.257397,-1.419317,-0.587858,-0.156771,-5e-06,1.0,73.740158
-1.758525,0.249346,-1.758525,0.887062,0.887042,-2.527551,-2.975059,-2.344698,-1.469807,-1.072956,0.000255,1.0,74.394264
-0.182434,0.208501,-0.50821,0.708663,0.708676,-2.178793,-3.335946,-2.943276,-2.169668,-1.7717,0.000179,1.0,74.921478
0.3413,0.603832,-0.315041,-0.729734,-0.587244,-0.843475,-2.439944,-2.339422,-1.669152,-1.199876,-0.000302,-1.0,74.481506
0.554894,0.607742,-0.739867,-0.643211,-0.6432,0.412863,-1.58955,-1.646635,-1.102604,-0.626315,-0.000485,-1.0,74.002441
-0.991771,0.0522,-1.34412,1.241901,1.241901,-0.50352,-2.270264,-2.700205,-2.356141,-1.82497,2.3e-05,1.0,74.921478
0.238507,0.649262,-0.954023,-1.513762,-1.513761,0.861264,-0.432277,-1.16425,-0.94078,-0.355246,-0.000359,-1.0,73.787346
-0.382436,0.02637,-0.751681,0.477012,0.477002,0.171439,-0.487673,-1.486951,-1.396641,-0.875764,-0.000469,0.0,74.139313
-1.150912,0.491397,-1.668177,1.978109,1.978125,-1.47421,-1.896147,-3.085277,-3.212391,-2.800028,0.000562,1.0,75.605881
-0.421351,1.149133,-0.587333,1.280225,1.280226,-2.048014,-2.503519,-3.945468,-4.224026,-3.948484,0.001033,1.0,76.573807
0.434177,0.485256,-0.459713,-0.012771,-0.012773,-1.606435,-2.122239,-3.446735,-3.992311,-3.882023,0.000785,0.0,76.564026
1.204345,1.937432,-0.183269,-2.451793,-2.451791,1.107473,0.377008,-0.718455,-1.489064,-1.485544,-0.000384,-1.0,74.686836
-0.967742,0.193551,-1.354843,1.453071,1.453058,0.090332,-0.948381,-1.724558,-2.684728,-2.799041,0.000417,1.0,75.772079
-0.310274,0.116359,-0.982549,-0.193551,-0.193553,0.289603,-0.605031,-1.184461,-2.260337,-2.531997,0.000115,0.0,75.62542
-0.958222,0.153318,-1.175417,1.189398,1.189412,-0.90201,-1.443723,-1.928158,-3.138579,-3.510672,0.000766,1.0,76.524918
0.54027,0.823256,-0.707481,-0.677142,-0.677161,-0.373028,-0.629005,-1.060722,-2.14734,-2.705288,0.001059,-1.0,76.006721
0.464097,0.631685,-0.837955,-0.218675,-0.218693,0.149561,-0.140492,-0.716745,-1.634133,-2.360156,0.000877,0.0,75.8405
-0.15842,0.369636,-0.699669,-2.346268,-2.346235,2.093715,2.248178,1.591192,0.932795,0.069519,0.000429,-1.0,74.061104
-0.643136,0.026246,-0.879387,0.580861,0.58086,1.19962,1.508063,1.005374,0.539904,-0.377881,0.000698,1.0,74.491295
0.553431,0.948744,-0.316243,-0.393756,-0.393753,0.972449,1.589134,1.422228,1.103729,0.113776,0.000491,0.0,74.197983
0.210771,0.500589,-0.60599,0.026361,0.026354,0.4637,1.246205,1.332274,1.109252,0.262039,0.000905,0.0,74.217537
2.899529,2.926498,-0.458535,-2.318538,-2.318541,1.925831,3.347266,3.618791,3.378287,2.707358,0.000298,-1.0,72.496773
-1.520415,0.613496,-1.787149,1.119354,1.119339,0.592172,1.867174,2.396207,2.123912,1.693902,0.000538,1.0,73.308258
-0.383194,0.224627,-0.792809,0.933578,0.933596,-0.473045,0.704278,1.303733,1.146273,0.879342,0.001565,1.0,73.992661
0.146278,0.611711,-0.518616,-0.634253,-0.634252,-0.021276,0.938829,1.673759,1.75931,1.620879,0.001171,-1.0,73.523361
-0.676756,0.291933,-0.889064,0.212771,0.212766,-0.379513,0.408704,1.196921,1.458998,1.401846,0.001379,0.0,73.679794
1.998384,2.187418,-0.324059,-1.725057,-1.725058,1.344857,1.697279,2.763528,3.144753,3.072109,0.000454,-1.0,72.408775
-1.556469,0.079826,-1.889049,1.498785,1.498784,-0.1011,0.118405,1.039426,1.577763,1.472402,0.000955,1.0,73.494026
-0.118995,0.581784,-0.846224,0.611945,0.611959,-0.721943,-0.564597,0.273253,0.847541,0.826122,0.000173,1.0,73.943779
-0.356996,0.251227,-0.925555,0.0,0.0,-0.60823,-0.598975,0.040541,0.669701,0.822948,-0.000144,0.0,73.943779
-0.589784,0.275228,-0.930546,0.8859,0.885878,-1.234594,-1.420702,-0.963734,-0.345997,-0.079678,-8.1e-05,1.0,74.598831
0.723202,0.736355,-0.512819,-0.327654,-0.32765,-0.386586,-0.84681,-0.771419,-0.040761,0.279293,1.2e-05,0.0,74.354408
1.595539,1.808272,-0.305805,-1.104542,-1.10454,0.73661,0.29119,0.288975,0.923419,1.366314,-0.000153,-1.0,73.533134
-1.406793,0.065134,-1.406793,2.07419,2.074198,-1.013418,-1.604795,-1.69858,-1.16517,-0.722678,0.000144,1.0,75.058357
0.458113,0.523562,-0.405767,-0.481953,-0.481965,-0.332459,-0.9712,-1.178006,-0.808896,-0.342403,0.000513,0.0,74.696602
-0.549808,0.117822,-0.641441,-0.013093,-0.013074,-0.29586,-0.823416,-1.123194,-0.884287,-0.429909,0.000338,0.0,74.686836
-0.623452,0.16886,-0.909205,0.785442,0.785436,-0.828681,-1.215744,-1.647836,-1.694377,-1.174701,-8.8e-05,1.0,75.273453
0.35303,0.523005,-0.431487,-0.662417,-0.662401,0.16473,-0.385743,-0.86125,-0.991131,-0.569062,-0.000782,-1.0,74.774841
0.889704,1.02054,-0.052337,-0.06538,-0.065382,0.141296,-0.215899,-0.730969,-0.910654,-0.552157,-0.000801,0.0,74.725952
-0.272726,1.103894,-0.597401,0.74578,0.745757,-0.444142,-0.776617,-1.309951,-1.572072,-1.354281,0.000341,1.0,75.283226
0.495822,0.62631,-0.182671,-0.467534,-0.467533,0.088738,-0.266172,-0.735032,-1.062103,-0.948324,-0.000345,0.0,74.931252
-0.091922,0.354512,-0.656513,-0.626298,-0.626297,0.50158,0.376838,0.074404,-0.306594,-0.398111,-0.000499,-1.0,74.46196
0.646359,0.883795,-0.10552,-0.459567,-0.459555,0.788811,0.919402,0.592706,0.208411,0.064894,-0.001088,0.0,74.119766
0.463083,0.568934,-0.185234,-0.303385,-0.303395,0.8706,1.06907,0.894418,0.506748,0.337127,-0.000955,0.0,73.89489
0.210687,0.329207,-0.276533,0.476316,0.476317,0.113247,0.529369,0.443333,0.07901,-0.135897,-0.000707,0.0,74.246864
-0.458233,0.576071,-0.497509,0.579398,0.579406,-0.531553,-0.051059,-0.128306,-0.430742,-0.686569,0.000338,1.0,74.677055
-0.871713,0.091073,-1.301067,0.628442,0.628439,-0.970598,-0.692168,-0.681761,-0.870417,-1.16576,0.000355,1.0,75.146355
0.472246,0.813321,-0.432902,-0.81967,-0.819679,-0.041975,0.095767,0.228262,0.018369,-0.28335,0.000203,-1.0,74.530396
0.249773,0.578417,-0.499537,-0.209895,-0.209902,0.297107,0.258984,0.377738,0.257672,-0.053095,0.000119,0.0,74.373955
-0.730601,0.365294,-1.004573,0.762458,0.762458,-0.276575,-0.545326,-0.360065,-0.434431,-0.733714,0.001219,1.0,74.941025
0.925677,1.097585,-0.277703,-1.343769,-1.343759,0.880715,0.674424,0.929209,0.876753,0.632108,0.000339,-1.0,73.933998
0.278255,0.795017,-0.715517,-0.198363,-0.198355,0.712857,0.783087,0.995536,1.038819,0.906846,-6.5e-05,0.0,73.787346
-0.066449,0.239234,-0.611376,-0.304761,-0.304764,0.757573,1.015418,1.194402,1.349684,1.219035,5.3e-05,0.0,73.562469
-1.227307,0.274196,-2.154321,1.794256,1.794248,-0.882614,-0.633233,-0.575348,-0.448479,-0.514938,0.000618,1.0,74.882362
0.865909,0.892156,-0.983994,-0.483085,-0.483098,-0.514288,-0.11413,-0.160922,0.022978,-0.001032,0.001061,0.0,74.520607
-1.491008,0.012847,-2.017995,2.072949,2.072953,-1.974289,-1.960148,-2.089109,-1.917727,-1.954745,0.001266,1.0,76.065384
0.854041,1.410461,-0.051761,-0.668386,-0.668362,-0.846287,-1.24613,-1.333688,-1.239008,-1.231374,0.000809,-1.0,75.556992
1.444325,1.575626,-0.105045,-1.449269,-1.44928,0.853457,0.196946,0.147929,0.192354,0.271006,0.000291,-1.0,74.46196
0.622435,0.98,-0.013246,-0.853469,-0.853453,1.435554,0.985282,1.003823,0.993891,1.067393,-0.00033,-1.0,73.826462
-1.752117,0.0,-1.946788,2.039466,2.039449,-0.376377,-0.981182,-0.918886,-1.021416,-0.918883,0.000516,1.0,75.332115
2.43576,2.56959,0.0,-3.024013,-3.024013,1.905789,1.986082,2.022663,1.936565,2.081373,-0.00017,-1.0,73.054062
-0.413,0.146549,-0.746067,0.455028,0.455033,0.852656,1.469491,1.400656,1.401546,1.516123,-0.000748,0.0,73.386482
-0.496504,0.496514,-0.979597,-0.719426,-0.719457,1.143347,2.108188,1.982496,2.049817,2.146571,-0.000833,-1.0,72.858498
0.744052,1.880411,0.0,-0.805152,-0.805125,1.534088,2.575759,2.616344,2.765831,2.83983,-0.001116,-1.0,72.271896
0.681942,1.172941,-0.340971,-0.811686,-0.81169,1.347515,3.019644,3.153305,3.428128,3.480638,-0.001686,-1.0,71.685272
-0.749108,0.422235,-1.130485,0.136386,0.1364,0.85534,2.282751,2.813031,3.085663,3.164254,-0.001401,0.0,71.783051
-0.376697,0.403599,-0.578501,1.23945,1.239442,-0.57582,0.633657,1.452078,1.653432,1.802767,-0.000935,1.0,72.67276
0.147633,0.362363,-0.161056,0.242163,0.242175,-0.818694,0.16909,1.141665,1.292428,1.487034,-0.001115,0.0,72.848755
1.590343,1.891963,0.0,-2.1071,-1.962364,0.927776,1.837058,2.84289,3.113081,3.379786,-0.001649,-1.0,71.419197
-1.768833,0.013505,-2.133399,1.535503,1.535489,-0.369453,-0.09136,1.103322,1.386516,1.720921,-0.000877,1.0,72.515831
2.99318,3.007094,-0.027849,-3.011067,-3.01106,2.311085,2.623362,3.69869,4.278055,4.631791,-0.001788,-1.0,70.332336
1.843976,2.553196,0.0,-1.851597,-1.851604,3.185823,3.928297,5.024655,5.900716,6.251292,-0.002341,-1.0,69.03006
1.160787,2.049298,-0.200631,-1.021278,-1.021275,2.926344,4.337134,5.50952,6.610143,6.984325,-0.002876,-1.0,68.325073
-1.352111,0.943659,-1.408451,1.748353,1.748377,0.611248,2.148379,3.283508,4.392527,4.866671,-0.002458,1.0,69.519653
-1.879388,0.603086,-2.300139,0.422539,0.422538,-0.586271,1.450454,2.321935,3.616157,4.131644,-0.002532,0.0,69.8134
-1.100761,0.889073,-1.42535,-0.617114,-0.617129,-0.242729,1.734444,2.604536,3.777981,4.515864,-0.002459,-1.0,69.382561
0.195639,0.838466,-0.978196,0.987859,0.987836,-0.922276,0.367549,1.285142,2.371158,3.281187,-0.002032,1.0,70.067947
-1.15214,0.027758,-1.249309,0.67077,0.670769,-0.955005,-0.628798,0.390959,1.41091,2.421513,-0.002064,1.0,70.537941
-1.739483,0.161806,-2.170983,2.942814,2.942832,-2.934201,-3.305019,-2.447536,-1.571633,-0.631385,-0.000533,1.0,72.613754
1.215515,1.556952,-0.054631,-1.267534,-1.267542,-1.163615,-2.178357,-1.194392,-0.561768,0.486583,-0.000915,-1.0,71.693344
0.0135,0.769345,-0.431906,1.188193,1.18819,-1.452281,-3.021984,-2.284566,-1.764482,-0.887465,-0.000382,1.0,72.545197
-0.216222,0.108111,-0.824326,-0.121468,-0.121448,-0.672986,-2.431088,-2.185591,-1.709165,-0.938078,-0.001066,0.0,72.457092
-0.148429,0.566722,-0.47227,0.14865,0.148656,-0.261788,-1.991647,-2.35687,-1.8753,-1.189698,-0.000841,0.0,72.564804
-1.921051,0.013161,-2.013157,2.550262,2.550242,-2.257891,-3.771048,-4.516661,-4.171465,-3.615279,-0.00067,1.0,74.415382
0.263198,1.289647,-0.539539,-0.013161,-0.013153,-1.515988,-3.141205,-4.334779,-3.976055,-3.652409,-0.000436,0.0,74.405594
-5.750029,0.108269,-5.81017,9.395972,9.39597,-7.799826,-9.984362,-11.64521,-11.632964,-11.517684,0.003437,1.0,81.396721
-0.644777,1.289555,-0.65672,0.745823,0.745826,-6.154031,-9.195228,-11.244578,-11.718209,-11.752385,0.004008,1.0,82.003799
-0.368474,0.261501,-0.368474,0.453728,0.453733,-4.195891,-8.168314,-10.508342,-11.538692,-11.688841,0.003442,0.0,82.375877
-0.154777,0.261937,-1.535898,-0.166408,-0.166423,-2.133579,-6.844855,-9.328087,-10.733412,-11.056848,0.004463,0.0,82.238785
-1.732757,0.476804,-1.872312,2.381236,2.381234,-2.083956,-7.526448,-10.298089,-12.115934,-12.531127,0.005151,1.0,84.197083
0.291545,0.73469,-0.303209,-0.2791,-0.279099,-1.198831,-5.907865,-8.889404,-11.058303,-11.706103,0.005308,0.0,83.96209
1.344338,1.344338,-0.24765,-1.107868,-1.107871,0.155661,-3.580184,-6.827826,-9.218744,-10.217918,0.0052,-1.0,83.031898
-0.153208,0.306427,-0.754271,0.058956,0.058963,0.266351,-2.371241,-5.876249,-8.384202,-9.778191,0.005511,0.0,83.080856
0.461056,0.62656,-0.401934,-0.306425,-0.306421,0.716394,-1.05568,-4.764944,-7.299324,-8.949991,0.005352,0.0,82.826279
-0.699462,0.391229,-1.209242,-0.283719,-0.283728,0.614111,0.216958,-3.614299,-6.261998,-8.202956,0.004808,0.0,82.591278
0.403805,0.641331,-0.534438,-0.177832,-0.177831,0.425181,0.52257,-2.642114,-5.302845,-7.451773,0.004658,0.0,82.444405
0.321234,0.345024,-0.48781,-0.17814,-0.178131,0.425926,0.737645,-1.671236,-4.390848,-6.641767,0.005296,0.0,82.297546
0.721161,1.274045,-0.036056,-1.01131,-1.011318,1.055293,1.655051,0.061704,-2.743383,-5.042781,0.004386,-1.0,81.465256
-0.774734,0.40524,-0.858167,0.841352,0.841361,0.047667,0.796175,-0.14542,-2.974382,-5.220031,0.005762,1.0,82.150673
-0.688185,0.249168,-1.032267,0.452917,0.452921,-0.420035,0.138813,0.060107,-2.755704,-5.031333,0.006585,0.0,82.522751
-1.300234,0.295508,-1.54846,0.379686,0.379682,-0.702127,-0.375891,-0.202526,-2.502367,-4.740903,0.007085,0.0,82.836075
1.203962,1.369212,-0.601985,0.141848,0.141846,-0.684611,-0.526446,-0.267555,-2.007796,-4.254492,0.006512,0.0,82.953575
-0.200021,0.235327,-0.400042,0.318693,0.318683,-0.578881,-0.825972,-0.516918,-1.679014,-3.949163,0.006475,0.0,83.217934
-1.43618,0.463287,-1.45934,1.58842,1.588415,-1.568205,-2.17395,-1.890962,-2.617546,-4.886714,0.007262,1.0,84.53978
-0.346576,0.392796,-0.69316,0.254809,0.25481,-1.291583,-2.167273,-2.096418,-2.254497,-4.512005,0.007,0.0,84.755196
-0.332227,0.687362,-0.698821,0.843349,0.843358,-1.500751,-2.63146,-2.797575,-2.833661,-4.705696,0.007062,1.0,85.469986
-1.029043,0.800372,-1.269153,0.194751,0.194747,-1.065632,-2.430823,-2.783746,-2.810425,-4.275322,0.006081,0.0,85.636436
0.250886,0.296493,-1.311439,0.262981,0.262987,-0.709327,-2.174712,-2.822829,-2.862363,-3.906951,0.006627,0.0,85.861649
-0.124548,1.041664,-0.724638,0.718438,0.718434,-0.969204,-2.372056,-3.234451,-3.310123,-4.034421,0.006459,1.0,86.478508
-0.439338,0.754765,-0.709697,0.509507,0.509506,-0.973297,-2.361155,-3.393034,-3.643682,-3.945022,0.006685,0.0,86.919121
0.886844,0.886844,-0.258199,0.349223,0.349234,-0.91604,-2.198037,-3.364028,-3.792108,-4.012135,0.006756,0.0,87.222672
1.135847,1.726485,-0.18174,-1.167491,-1.167493,0.386184,-0.665615,-1.920346,-2.471611,-2.683334,0.005429,-1.0,86.204353
-1.445806,0.239079,-1.639338,-0.227175,-0.22718,0.648912,-0.11498,-1.344866,-2.079346,-2.292803,0.005352,0.0,86.008514
1.390012,1.969184,-0.139005,-1.719028,-1.719043,1.948349,1.630961,0.568372,-0.26583,-0.475375,0.001383,-1.0,84.529991
-1.060554,0.558784,-1.07196,1.57535,1.575367,0.120877,0.183596,-0.732131,-1.622197,-1.941391,0.001679,1.0,85.861649
2.900277,3.791755,-0.023768,-4.059762,-4.059754,3.180785,4.047301,3.431189,2.536544,2.13098,6.7e-05,-1.0,82.375877
0.626401,0.803687,-1.264626,0.57055,0.570538,1.784659,3.1202,2.835755,1.987945,1.542607,0.00033,1.0,82.845863
1.306876,2.81946,-0.713935,-2.328332,-2.328329,2.952564,4.967328,5.09761,4.385285,3.856242,-0.001352,-1.0,80.916939
-2.289628,0.165231,-2.749913,2.529046,2.529044,0.035406,1.954441,2.378532,1.859432,1.30107,-0.000349,1.0,82.963364
-0.920381,0.0,-1.74873,2.584675,2.584675,-2.662214,-0.827193,-0.173336,-0.555106,-1.132993,0.00097,1.0,85.107697
0.624712,0.98334,-0.347065,-0.552227,-0.552217,-1.587238,-0.581917,0.315429,0.103527,-0.480345,0.000751,-1.0,84.637718
-0.092136,0.161233,-0.714042,0.45118,0.451169,-1.517907,-1.167799,-0.1835,-0.224579,-0.799264,0.001022,0.0,85.019577
-0.193995,0.251057,-1.004219,0.921335,0.921329,-1.27809,-2.094021,-1.099308,-0.984813,-1.502672,0.001452,1.0,85.802887
-0.079754,0.603858,-0.27344,0.159763,0.15975,-0.742832,-2.086113,-1.298827,-1.061275,-1.483401,0.001573,0.0,85.939957
0.14812,0.341806,-0.284835,0.0,0.0,-0.549148,-2.077001,-1.374785,-0.992345,-1.32435,0.001637,0.0,85.939957
-0.045622,0.923812,-0.205292,-0.102537,-0.102519,-0.164243,-1.571627,-1.38002,-0.8685,-1.082574,0.001961,0.0,85.851852
0.436929,0.89686,-0.528917,-0.809762,-0.809755,0.682978,-0.496733,-0.65694,-0.087394,-0.171562,0.001372,-1.0,85.156662
1.183839,1.601668,0.0,-0.931352,-0.931376,1.288305,0.847271,0.147025,0.763128,0.821275,0.000877,-1.0,84.363533
1.167134,1.960785,-0.887024,-0.557108,-0.557078,1.367866,1.523094,0.657473,1.173541,1.355263,0.000543,-1.0,83.893562
2.425849,2.4979,-0.264194,-2.812795,-2.812807,3.220853,4.023058,3.216848,3.77147,4.130664,-0.000513,-1.0,81.533798
0.686013,0.830428,-1.552525,-0.216165,-0.216173,2.339643,3.845235,3.357013,3.635828,4.154062,-0.000704,0.0,81.357544
-0.142488,0.07124,-1.365473,1.359977,1.555548,0.158802,1.964566,1.755897,1.831694,2.412829,-0.000715,1.0,82.6231
-0.397518,0.105231,-0.58459,1.555448,1.555435,-1.483762,0.177065,0.435056,0.146874,0.75114,-0.000251,1.0,83.908249
1.811936,1.847463,-0.047371,-1.274403,-1.274393,-0.466694,1.09585,1.721502,1.337545,1.875938,-0.001007,-1.0,82.838928
1.259601,1.787424,-0.539824,-1.279016,-1.279027,0.882921,1.896891,2.768079,2.400882,2.944445,-0.001534,-1.0,81.779396
0.646311,2.022735,-0.969485,0.227929,0.227951,0.8019,1.19104,2.317033,2.142975,2.453777,-0.001546,0.0,81.965813
-1.74934,0.023968,-1.941053,-0.107725,-0.10775,0.728504,0.899694,2.171562,2.194017,2.352908,-0.001841,0.0,81.877495
1.884502,2.285711,-0.085106,-1.449795,-1.449788,1.41277,1.928838,3.252233,3.683375,3.595009,-0.002541,-1.0,80.690445
-2.088305,0.071597,-2.350836,1.884502,1.884504,-0.615754,-0.161143,1.040046,1.719843,1.566039,-0.001993,1.0,82.21106
0.154281,0.747682,-1.269879,0.548925,0.548946,-0.944711,-0.569686,0.224083,1.016594,0.856727,-0.00138,0.0,82.662354
0.071665,0.752505,-0.50167,-0.640875,-0.640884,-0.265177,0.166022,0.568655,1.515664,1.495423,-0.001527,-1.0,82.132584
-1.208813,0.17777,-2.228013,0.788337,0.788321,-0.827196,-0.598471,-0.409347,0.586385,0.698392,-0.000632,1.0,82.780052
-0.130347,0.521392,-0.69913,0.011854,0.011871,-0.331796,-0.745355,-0.547887,0.392478,0.77693,-0.00119,0.0,82.789879
0.837327,1.315788,-0.8732,-0.936131,-0.936143,0.562211,0.092112,0.239212,1.101884,1.683001,-7.5e-05,-1.0,82.014847
1.027277,1.271861,-0.990581,-2.188996,-2.188971,2.203726,2.137687,2.373305,3.007957,3.714887,-0.00106,-1.0,80.219566
3.207833,3.480313,-0.086698,-1.259629,-1.259645,2.769381,3.092641,3.49847,3.902726,4.763852,-0.000679,-1.0,79.209084
-1.3271,0.208904,-1.916929,0.792667,0.792653,1.223902,2.02631,2.451884,2.752453,3.680307,-0.001299,1.0,79.836937
2.438132,3.376818,-0.658297,0.798725,0.798728,-0.153597,1.191035,1.355608,1.69662,2.593903,-0.001937,1.0,80.474617
-1.530494,0.301277,-2.892264,1.158118,1.158128,-1.446138,-0.066287,0.077922,0.379579,1.196587,-0.001326,1.0,81.406616
-0.632382,0.083521,-1.634645,1.000235,1.000232,-1.935331,-1.109652,-0.87738,-0.572725,0.013479,-0.00113,1.0,82.220871
-0.308864,0.938466,-0.784038,0.441477,0.441483,-1.549069,-1.489672,-1.263173,-0.935503,-0.584409,-0.001301,0.0,82.583862
-1.444882,0.104875,-2.120718,1.948206,1.948195,-2.395708,-3.204377,-2.96667,-2.735374,-2.530003,-0.000662,1.0,84.192757
1.73479,1.913014,-0.237649,-1.934276,-1.934272,0.035644,-1.322486,-0.901462,-0.898294,-0.694652,-0.001353,-1.0,82.56424
-0.732941,0.283729,-1.158524,0.510922,0.51091,-0.092195,-1.707042,-1.342932,-1.393176,-1.243176,-0.001134,0.0,82.986069
1.115986,1.127861,-0.403661,-0.425574,-0.425562,0.434519,-0.994901,-0.923666,-0.920104,-0.767903,-0.000997,0.0,82.632912
-0.272314,0.39072,-0.615673,0.273057,0.273052,0.227329,-0.824056,-1.13505,-1.136037,-0.96566,-0.000567,0.0,82.858543
-2.388022,0.525601,-2.525136,3.623014,3.623013,-2.888478,-3.59003,-4.352522,-4.36071,-4.277416,0.000926,1.0,85.860519
0.791833,0.975441,-0.596736,-0.434184,-0.434187,-1.78104,-2.583193,-3.725034,-3.663063,-3.786084,0.001776,0.0,85.487724
0.468468,0.742689,-0.319926,0.436078,0.43608,-1.537931,-2.487427,-3.844448,-3.868823,-4.063065,0.002009,0.0,85.860519
-0.239378,0.125377,-1.003083,0.239952,0.239971,-0.97574,-2.274041,-3.621736,-3.901191,-4.093485,0.001539,0.0,86.066559
-1.748877,0.257851,-1.816138,1.675589,1.675564,-1.544833,-3.321739,-4.577717,-5.177679,-5.420616,0.001582,1.0,87.508659
-1.949558,0.165218,-2.10376,1.782516,1.782522,-2.548739,-4.467452,-5.557879,-6.485294,-6.754045,0.002674,1.0,89.06852
-0.219496,0.021945,-1.294997,0.363478,0.363497,-2.02811,-4.049623,-5.234871,-6.454691,-6.702386,0.00326,0.0,89.392281
-0.843186,0.361369,-1.182657,0.219487,0.219462,-1.410412,-3.522767,-4.833543,-6.236849,-6.5773,0.003257,0.0,89.588463
-0.669035,0.097123,-1.381244,1.478316,1.478325,-1.78051,-4.01748,-5.58253,-7.014673,-7.575264,0.003824,1.0,90.912872
1.786102,1.906638,-0.219158,-1.521524,-1.521534,0.18848,-1.789386,-3.606538,-5.001636,-5.816779,0.003798,-1.0,89.529602
0.976373,1.719742,-0.177517,-1.238226,-1.238212,1.298124,-0.268502,-2.07922,-3.325197,-4.380783,0.002683,-1.0,88.421036
-2.673331,0.152148,-2.738532,2.096971,2.096955,-0.586821,-1.786555,-3.520961,-4.767971,-6.013026,0.003236,1.0,90.275185
1.022316,1.066287,-0.494673,-1.141052,-1.141031,0.483663,-0.273727,-1.939844,-3.229646,-4.604164,0.003057,-1.0,89.245117
-1.166721,0.196271,-1.722824,0.813453,0.813436,-0.536469,-0.644417,-2.187323,-3.579755,-4.940348,0.003066,1.0,89.971069
-0.872749,0.150845,-1.46536,1.199432,1.199456,-1.38133,-1.433049,-2.746844,-4.257637,-5.546829,0.00349,1.0,91.050232
1.894483,1.916508,-0.132176,-2.176486,-2.176504,0.958256,0.759997,-0.342915,-1.853728,-3.030729,0.003047,-1.0,89.06852
-0.658479,0.351184,-1.15233,0.363478,0.363497,0.395071,0.395064,-0.412661,-1.82728,-2.982897,0.003959,0.0,89.392281
1.508334,1.744713,0.0,-2.502203,-2.502214,2.492126,2.692482,2.242235,0.931451,-0.229175,0.003515,-1.0,87.155495
0.712884,1.379783,-0.137982,-2.104902,-2.104907,3.605847,4.245142,4.382354,3.259169,2.061401,0.00248,-1.0,85.320953
-1.703078,0.291319,-1.759104,2.621592,2.621596,0.161346,1.356862,1.719512,0.889633,-0.318658,0.003131,1.0,87.557724
1.709402,1.709402,-0.455843,-1.680672,-1.68068,1.180635,2.81824,3.227356,2.627356,1.473281,0.002117,-1.0,86.086159
-0.236725,0.248,-0.879268,1.094016,1.094014,-0.457666,1.332441,1.929139,1.605238,0.580325,0.002151,1.0,87.027954
0.329659,0.67068,-0.250086,-0.834177,-0.834186,0.18189,1.843825,2.532695,2.485521,1.580098,0.001695,-1.0,86.301979
-1.305126,0.427548,-1.867682,1.034439,1.034454,-0.414042,0.482678,1.198623,1.500903,0.749328,0.001369,1.0,87.194733
-0.190967,0.730174,-0.426868,0.157516,0.157523,-0.622341,-0.101105,0.871711,1.331158,0.795772,0.002116,0.0,87.332085
-0.278334,0.601204,-0.489872,0.898678,0.898688,-1.046555,-1.09888,-0.049745,0.374622,0.000429,0.002254,1.0,88.116928
0.682861,1.477667,-0.011197,-0.545533,-0.545548,-0.364942,-0.756749,0.29777,0.825026,0.647035,0.002211,-1.0,87.636208
-0.100565,0.502854,-0.502846,0.179107,0.179112,-0.203375,-0.861554,0.008191,0.542514,0.555142,0.002178,0.0,87.793175
2.518023,2.575255,0.0,-2.368974,-2.368972,1.872492,1.589779,2.103687,2.678825,2.978584,3.8e-05,-1.0,85.713379
-1.387468,0.420793,-1.55806,0.640949,0.640929,0.975792,0.792686,1.08345,1.835563,2.264995,0.000422,1.0,86.262741
0.744988,1.226361,-0.435527,-0.773342,-0.773325,1.173635,1.52091,1.600758,2.464177,2.899707,-1e-05,-1.0,85.59565
-0.034218,0.707201,-0.216716,0.481373,0.481362,0.310262,0.915942,0.851685,1.725227,2.24935,7.6e-05,0.0,86.007675
1.088092,2.164606,0.0,-1.460019,-1.460021,1.078834,2.228276,2.156892,2.967365,3.536064,-0.001044,-1.0,84.751945
-0.011523,0.0,-1.579427,0.405138,0.405136,0.525713,1.569068,1.727009,2.265401,2.844833,-0.001536,0.0,85.095306
-0.126394,0.965189,-0.413652,0.334334,0.33435,-0.016096,1.001947,1.217962,1.592547,2.307702,-0.001546,0.0,85.379822
-1.133499,0.366393,-1.282339,0.356196,0.356191,-0.350357,0.359515,0.827418,1.034464,1.816809,-0.001497,0.0,85.683937
-0.523202,0.671069,-0.73931,0.664074,0.848829,-1.095686,-0.626955,-0.06881,0.011582,0.78097,-0.001722,1.0,86.411247
-1.030002,0.414243,-1.164354,1.592359,1.592349,-1.954397,-2.185198,-1.522332,-1.520011,-0.865091,-0.00061,1.0,87.787216
0.044914,0.718616,-1.03301,-0.29109,-0.29108,-1.111487,-1.691916,-1.209183,-1.106237,-0.687161,-0.000272,0.0,87.531685
1.027439,1.027439,-0.282263,-0.550189,-0.550189,-0.180653,-1.057595,-0.684236,-0.588281,-0.321538,-0.001217,-1.0,87.050095
0.430592,1.33711,0.0,-0.361296,-0.361294,0.423792,-0.567398,-0.430285,-0.190372,-0.067688,-0.000939,0.0,86.735588
-1.245513,0.392727,-1.245513,0.985839,0.985828,-0.287251,-1.35734,-1.405756,-1.132598,-1.125507,-0.000877,1.0,87.590652
-0.112043,0.358543,-0.66106,0.145867,0.145863,-0.44817,-1.162832,-1.555041,-1.195861,-1.243848,-0.001253,0.0,87.718414
0.259238,0.518484,-0.146534,-0.593836,-0.593837,0.069889,-0.331309,-0.853478,-0.605461,-0.567812,-0.000688,-1.0,87.19751
1.21937,1.587482,-0.391124,-2.017585,-2.017586,1.753141,1.727835,1.123743,1.33037,1.380398,-0.001538,-1.0,85.438225
-0.12596,0.641242,-0.366426,0.460143,0.460139,1.076381,1.279065,0.678872,0.733102,0.904169,-0.00048,0.0,85.83136
-0.307619,0.467133,-0.569671,0.50383,0.503845,0.262043,0.754243,0.193945,0.148562,0.362884,0.000451,0.0,86.263817
-2.98245,1.348688,-2.98245,3.907941,3.907941,-3.081144,-2.828947,-3.211136,-3.515252,-3.262993,0.000911,1.0,89.634956
0.352113,0.572189,-0.770243,-0.350877,-0.350883,-2.264523,-2.286527,-2.55497,-2.973595,-2.827169,0.001386,0.0,89.320442
0.0,0.485012,-0.562172,-0.176052,-0.176059,-1.256609,-1.877199,-2.100228,-2.639821,-2.573639,0.000932,0.0,89.163185
1.314763,1.69359,-0.06685,-1.069225,-1.069224,0.349865,-0.649578,-0.851246,-1.439392,-1.516462,0.000848,-1.0,88.209831
-0.642803,0.232737,-1.019622,0.534822,0.534837,0.361287,-1.055095,-1.208034,-1.812966,-1.993233,0.00067,0.0,88.68161
0.975066,3.700827,-0.487537,0.022162,0.022153,0.128531,-0.966206,-1.161217,-1.612095,-1.97399,0.000621,0.0,88.701256
0.044342,1.308059,-0.609683,-0.044322,-0.044331,0.024395,-0.757115,-1.032396,-1.367323,-1.797491,0.000284,0.0,88.661934
-0.975341,0.065751,-1.084929,1.152867,1.152877,-0.999454,-1.414797,-1.964568,-2.251507,-2.764145,0.000891,1.0,89.684097
0.339985,0.888351,-0.405793,-0.076712,-0.076724,-0.609774,-0.91686,-1.675067,-1.957108,-2.510068,0.0008,0.0,89.615288
0.396563,1.255782,-0.242345,-0.438694,-0.438692,-0.050668,-0.148705,-1.119917,-1.367583,-1.936391,0.001489,0.0,89.222153
0.52998,0.971621,-0.673513,-0.231327,-0.231297,0.251715,0.013226,-0.793517,-1.069912,-1.517448,0.001178,0.0,89.015785
-1.455735,0.119501,-1.846828,1.634098,1.634072,-0.960346,-1.467681,-2.147384,-2.498098,-2.863201,0.002037,1.0,90.470367
-0.716507,0.876912,-0.930385,1.586093,1.586111,-2.023325,-2.707745,-3.206089,-3.756297,-4.095832,0.002432,1.0,91.905327
1.03762,1.513187,-0.021614,-1.058716,-1.05874,-0.68524,-1.367257,-1.796355,-2.495664,-2.838723,0.002575,-1.0,90.932289
-0.541184,0.36801,-0.876715,-0.140508,-0.140494,-0.196988,-0.994699,-1.324821,-2.181517,-2.508498,0.00238,0.0,90.804535
0.248598,0.497196,-0.540424,0.140706,0.140691,0.084318,-0.888444,-1.36834,-2.142227,-2.50712,0.002311,0.0,90.932289
-0.788574,0.063945,-1.108262,1.426718,1.426728,-0.942027,-1.895776,-2.545464,-3.245947,-3.674761,0.002694,1.0,92.229645
0.665088,1.373095,-0.203821,-0.660694,-0.66069,-0.345429,-1.031972,-1.71852,-2.265077,-2.834589,0.002154,-1.0,91.620293
-0.193382,0.08595,-1.342931,-0.150181,-0.150181,-0.075211,-0.678991,-1.332193,-1.809202,-2.480883,0.001532,0.0,91.482697
-0.202561,0.287843,-0.692965,0.773529,0.773524,-0.541581,-1.119403,-1.835823,-2.241474,-3.029854,0.001912,1.0,92.190338
0.922351,0.922351,-0.461175,-0.59702,-0.597017,0.210212,-0.239168,-1.032461,-1.544938,-2.276277,0.001896,-1.0,91.639946
0.204515,0.484388,-0.182991,-0.364646,-0.364636,0.374587,0.217425,-0.477229,-1.075902,-1.738658,0.001894,0.0,91.305794
0.2805,0.647318,-0.043155,-0.22605,-0.226069,0.487655,0.356029,-0.148159,-0.745491,-1.267446,0.001462,0.0,91.09938
0.772662,0.816193,-0.370003,-0.863095,-0.863082,1.103491,1.161166,0.772659,0.235059,-0.209386,0.001101,-1.0,90.313118
-0.518409,0.205209,-0.756018,0.761777,0.761773,0.077767,0.417974,0.141128,-0.395289,-0.755587,0.001585,1.0,91.001099
-0.23702,0.150828,-0.76492,0.248411,0.248413,-0.260721,0.201463,0.054582,-0.503667,-0.9317,0.002395,0.0,91.227158
0.596137,0.715365,-0.119228,-0.603316,-0.603321,0.205939,0.638415,0.677072,0.211359,-0.270541,0.002015,-1.0,90.676765
-0.172857,0.410549,-1.026358,0.325164,0.325162,-0.146926,0.240932,0.282344,-0.04267,-0.514256,0.001951,0.0,90.971611
-1.105505,0.375656,-1.856817,0.659032,0.659024,-0.52591,-0.405697,-0.327704,-0.590306,-1.01877,0.000791,1.0,91.571136
-0.213901,0.598928,-0.641709,0.354193,0.354204,-0.682356,-0.789305,-0.600357,-0.795722,-1.228236,0.001043,0.0,91.895485
0.410497,1.177492,-0.270066,-0.994652,-0.994659,0.261426,0.135039,0.401865,0.308961,-0.135675,0.00075,-1.0,90.981438
-0.194344,0.237522,-0.993312,0.054016,0.05402,0.285031,0.050743,0.259843,0.285575,-0.085511,0.001151,0.0,91.030586
0.533185,0.772578,-0.141464,-0.777371,-0.777375,0.927095,0.748643,0.949588,0.983681,0.725576,0.000683,-1.0,90.322937
-0.390914,0.238899,-0.857849,0.20674,0.206744,0.484313,0.562498,0.669641,0.751988,0.557288,0.000749,0.0,90.509674
-1.773386,0.201766,-1.879575,2.258662,2.258649,-1.592853,-1.490907,-1.527718,-1.378873,-1.519787,0.001571,1.0,92.55397
-0.158732,0.666663,-0.550261,0.350432,0.350459,-1.528057,-1.657158,-1.782728,-1.61853,-1.697366,0.001284,0.0,92.878334
0.298609,0.53322,-0.597204,-0.77249,-0.772498,-0.51616,-0.730515,-0.956243,-0.856351,-0.858698,0.001036,-1.0,92.160851
-0.396573,0.257233,-1.232584,-0.50122,-0.501229,0.285101,-0.151127,-0.413719,-0.352624,-0.368273,0.001014,-1.0,91.698914
-0.870951,0.286772,-1.136484,0.911039,0.911037,-0.182685,-0.948484,-1.152768,-1.195429,-1.198509,0.001422,1.0,92.534325
-0.105875,0.55056,-0.582313,0.318635,0.318649,-0.440447,-1.162526,-1.335457,-1.474859,-1.425097,0.000952,0.0,92.829185
-1.540867,0.270687,-1.5721,1.694024,1.694007,-1.776153,-2.446638,-2.754812,-2.969802,-2.92014,0.00099,1.0,94.401718
1.065291,1.212953,-0.094924,-1.290999,-1.290992,-0.272121,-0.939773,-1.303659,-1.60004,-1.609531,0.000907,-1.0,93.182999
0.178158,0.744078,-0.167676,0.643392,0.643401,-0.465317,-1.204156,-1.734793,-2.086046,-2.146305,0.001187,1.0,93.782539
-0.031347,0.292587,-0.365725,0.293438,0.293437,-0.432604,-1.11599,-1.84605,-2.173462,-2.323095,0.001242,0.0,94.057732
-0.136117,0.670087,-0.230343,-0.198532,-0.198527,-0.012575,-0.778986,-1.5105,-1.826,-2.057179,0.000662,0.0,93.871002
1.4927,1.4927,-0.190557,-1.099364,-1.09937,0.762228,0.31971,-0.28231,-0.647897,-0.916793,0.000505,-1.0,92.839012
0.306847,0.338589,-0.645434,0.052936,0.052931,0.645437,0.344936,-0.201744,-0.581423,-0.901071,0.000577,0.0,92.888153
1.253786,1.729362,-0.118886,-2.105603,-2.105612,2.183326,2.41895,1.989492,1.554811,1.223099,-0.000451,-1.0,90.932289
-0.299536,0.599056,-0.791619,1.03762,1.037633,0.658961,1.295459,1.041215,0.528449,0.251598,0.000133,1.0,91.875832
-0.031745,0.476187,-0.529101,1.091139,1.091149,-0.64128,0.207397,-0.026112,-0.503716,-0.749642,0.000653,1.0,92.878334
0.26528,0.551787,-0.360777,-0.275134,-0.275133,-0.413845,0.2918,0.231315,-0.140609,-0.415546,0.000635,0.0,92.622795
-1.184929,0.16928,-1.364784,0.297113,0.297103,-0.706726,-0.035968,-0.012694,-0.335907,-0.614897,0.00105,0.0,92.89798
0.692302,0.692302,-1.70412,-0.666524,-0.498089,0.115515,0.318682,0.540932,0.277254,-0.054055,0.0006,0.0,92.435265
0.518978,0.843333,-0.389232,-1.491108,-1.491118,1.45109,1.507644,1.954644,1.825191,1.436228,-2.2e-05,-1.0,91.056946
0.741619,1.182285,-0.053744,0.594662,0.594662,0.571905,0.659483,1.262367,1.171095,0.823619,0.000406,1.0,91.598427
-0.179672,0.401603,-0.570705,1.698196,1.698194,-0.993445,-0.987558,-0.517848,-0.503504,-0.766684,0.000897,1.0,93.153946
-0.136123,0.209421,-0.408376,0.930033,0.930051,-1.667026,-1.779521,-1.375185,-1.321458,-1.553904,0.000993,1.0,94.020325
0.451349,0.661284,-0.125953,-0.240841,-0.24085,-1.139917,-1.237292,-1.136267,-0.971538,-1.1682,0.000781,0.0,93.793877
0.272968,0.367452,-0.629919,-0.02099,-0.020986,-0.539636,-1.014121,-1.135673,-0.884642,-1.008204,0.001129,0.0,93.774193
-0.073054,0.156545,-0.375705,0.598425,0.598413,-0.551025,-1.448492,-1.690955,-1.394402,-1.521526,0.001323,1.0,94.33535
-0.54122,0.187344,-1.686098,0.271344,0.271336,-0.516225,-1.507066,-1.833481,-1.651209,-1.715574,0.001698,0.0,94.591316
-0.719724,0.514086,-0.873944,1.228143,1.228163,-1.361308,-2.403874,-2.825035,-2.710236,-2.757961,0.002062,1.0,95.753052
0.506667,0.713476,-0.403266,-0.565498,-0.56549,-0.502544,-1.557244,-1.972761,-2.081898,-2.057367,0.001054,-1.0,95.211578
-0.598673,0.495462,-0.753504,0.175781,0.175783,-0.340637,-1.276847,-1.899918,-2.184458,-2.109934,0.000991,0.0,95.378944
1.828497,1.902056,-0.304751,-1.775385,-1.775393,1.321979,0.730341,-0.069332,-0.426354,-0.304022,0.000633,-1.0,93.685593
1.533967,1.73223,-0.323495,0.704075,0.704081,0.561408,0.152344,-0.646294,-1.042707,-1.00345,0.001064,1.0,94.345215
1.144191,1.525589,-0.095345,-1.502664,-1.502659,1.487443,1.562655,0.871549,0.469087,0.495828,0.000202,-1.0,92.927528
-0.094582,0.325764,-0.472893,0.81577,0.815759,0.340481,0.729294,0.144312,-0.196923,-0.321482,0.000379,1.0,93.685593
-2.408768,1.261236,-3.856097,1.649852,1.64984,-1.319124,-0.752602,-1.18887,-1.640616,-1.890034,0.000363,1.0,95.231255
-1.798603,0.41662,-2.337164,1.736794,1.7368,-2.343254,-2.183718,-2.511939,-3.112972,-3.440473,0.001445,1.0,96.885231
1.283368,1.416835,-0.133475,-1.02632,-1.026314,-1.008215,-1.03388,-1.310749,-1.937889,-2.311886,0.000848,-1.0,95.890884
0.307878,0.451555,-1.159692,0.041068,0.041071,-0.422829,-1.056036,-1.218533,-1.820101,-2.225144,0.000758,0.0,95.930267
0.154156,1.027749,-0.164444,-0.143677,-0.143688,0.160332,-0.853025,-0.937303,-1.503594,-1.881507,0.000778,0.0,95.792427
-0.19334,0.468104,-0.488446,0.996911,0.99691,-0.514899,-1.690229,-1.710244,-2.181735,-2.648591,0.001527,1.0,96.747391
1.440916,1.492381,-0.247021,-1.129534,-1.129528,0.364344,-0.361261,-0.495404,-0.852205,-1.420321,0.001104,-1.0,95.654602
-0.695511,0.02046,-1.237597,0.627823,0.62783,-0.186154,-0.784495,-1.000988,-1.309708,-1.884426,0.002081,1.0,96.25515
0.295678,1.121531,-0.28548,0.317076,0.317073,-0.371131,-0.721864,-1.258158,-1.490114,-2.042827,0.001823,0.0,96.560349
0.0,0.58642,-0.514403,-0.897232,-0.897234,0.51029,0.386833,-0.330585,-0.498968,-1.019751,0.001113,-1.0,95.693977
-0.494644,0.309146,-1.823994,-0.164605,-0.164604,0.422505,0.584293,-0.155263,-0.242685,-0.669005,0.001153,0.0,95.536461
0.061707,0.689087,-0.668519,0.195798,0.195796,0.240665,0.266376,-0.208442,-0.365116,-0.690736,0.001116,0.0,95.723518
-0.674222,0.183881,-1.052199,0.678799,0.678802,-0.410665,-0.359589,-0.740969,-0.944427,-1.226685,0.001537,1.0,96.373291
-0.306563,0.091964,-1.083178,-0.030645,-0.030637,-0.425105,-0.286134,-0.474157,-0.883414,-1.099949,0.002058,0.0,96.343765
0.081969,0.522544,-0.102457,-0.265689,-0.265695,-0.077867,0.010246,-0.042351,-0.57377,-0.740984,0.001751,0.0,96.087784
0.569362,0.910978,-0.445135,-1.02459,-1.024605,0.865439,0.872685,0.98345,0.441008,0.342457,0.000779,-1.0,95.103264
1.49112,1.649752,-0.042302,-2.111801,-2.111794,2.476739,2.773906,2.890587,2.576149,2.453898,-0.000308,-1.0,93.094879
3.142919,3.584032,-0.044112,-4.103213,-4.103209,5.271282,6.389501,6.798999,6.681186,6.599471,-0.001687,-1.0,89.275002
-2.652854,3.096893,-15.051805,-3.142918,-3.142909,6.403265,8.6747,9.535073,9.769428,9.629044,-0.002802,-1.0,86.46917
4.618754,4.687859,-0.184285,-1.149951,-1.149961,5.157796,8.743379,10.004608,10.566114,10.448746,-0.003427,-1.0,85.474808
-3.053097,0.174467,-4.099882,5.632342,5.632331,-1.515637,2.363985,3.662281,4.397024,4.334109,-0.001512,1.0,90.289032
-0.956939,0.170118,-2.126528,2.551525,2.551536,-4.07443,-0.521002,0.862659,1.56778,1.691013,-0.001039,1.0,92.592789
-0.414541,0.095659,-1.084188,0.031897,0.031896,-3.382228,-0.957696,0.569019,1.358949,1.584184,-0.000826,0.0,92.622322
1.136727,1.374901,-0.400566,-1.817601,-1.817599,-0.610593,0.281472,2.018689,2.960914,3.377283,-0.001538,-1.0,90.93882
1.134189,2.234697,-0.572714,-3.59424,-3.594243,3.59573,3.060076,5.212052,6.336326,6.956989,-0.002187,-1.0,87.670258
-0.298569,0.154816,-1.592394,1.549688,1.549692,1.731726,0.805041,3.11917,4.280104,5.046111,-0.001885,1.0,89.028877
-0.720135,0.763771,-0.774686,1.349112,1.349108,-0.146208,-0.854337,1.340607,2.59138,3.352754,-0.000867,1.0,90.229973
0.243014,0.441844,-0.706948,-1.222044,-1.22204,0.304872,0.355683,2.052357,3.46073,4.327846,-0.001595,-1.0,89.127327
-0.742737,0.247573,-1.420883,2.61792,2.617912,-2.139932,-1.65877,-0.907066,0.542522,1.470832,-0.001249,1.0,91.460602
1.367118,3.979106,-0.222301,-3.15393,-3.153915,1.25152,1.893954,1.754648,3.415017,4.449472,-0.002996,-1.0,88.576012
0.133812,1.126229,-0.144957,-0.322331,-0.322365,1.411708,1.997125,1.569307,3.339119,4.404129,-0.002744,0.0,88.290474
-2.014227,0.076628,-2.068964,1.862174,1.862205,-0.507943,-0.163113,-0.521806,1.128075,2.241047,-0.002094,1.0,89.934624
0.37387,0.560804,-0.428853,-0.448819,-0.448825,0.030785,-0.058282,-0.05425,1.201889,2.401581,-0.002203,0.0,89.530975
-0.901099,0.531969,-2.095322,1.286561,1.286553,-1.411351,-1.355981,-1.013998,-0.395716,0.84161,-0.002099,1.0,90.682838
-0.442147,0.04313,-0.927424,0.67311,0.673113,-1.475253,-1.618677,-1.250942,-1.324273,-0.025448,-0.001456,1.0,91.293236
-0.600791,1.748736,-0.622253,0.517628,0.517642,-1.225197,-1.827065,-1.65219,-2.014276,-0.704653,-0.001495,0.0,91.765808
-0.108518,1.269667,-0.336415,-1.137214,-1.137229,0.084648,-0.643513,-0.658343,-1.017901,0.217042,-0.002014,-1.0,90.722221
-0.193444,1.096182,-0.494365,0.97667,0.976686,-0.429888,-1.333704,-1.693009,-1.847943,-0.960356,-0.001345,1.0,91.608292
-0.369281,0.260669,-0.716842,-1.0532,-1.053203,0.621263,-0.373635,-0.668338,-0.57294,-0.157713,-0.001662,-1.0,90.643471
-0.249615,0.651182,-0.358152,0.076028,0.076021,0.416763,-0.213805,-0.520221,-0.359777,-0.470587,-0.001705,0.0,90.712379
0.318263,0.493851,-1.108431,-1.107007,-1.107002,1.082086,1.061233,0.643833,0.723215,0.402978,-0.002343,-1.0,89.708191
0.865272,0.876227,-0.657181,0.197542,0.197538,0.696606,0.856515,0.419858,0.374038,0.062209,-0.002262,0.0,89.885399
2.965482,3.11262,-0.226368,-3.231112,-3.231111,2.994911,3.930959,3.608377,3.401247,3.297795,-0.003321,-1.0,86.981102
-0.101402,0.890042,-0.833714,0.464068,0.464064,1.773323,3.073459,2.818838,2.720258,2.862551,-0.002789,0.0,87.38475
0.088764,0.188635,-1.298276,1.532223,1.532231,-0.210835,1.228357,1.278287,1.229464,1.456716,-0.001488,1.0,88.723686
-0.176351,0.165319,-1.465889,0.676875,0.676865,-0.967703,0.274445,0.674532,0.565416,0.731403,0.00022,1.0,89.324226
-3.041168,0.05431,-3.421312,1.476906,1.476917,-2.241776,-1.193659,-0.738573,-0.875426,-0.820685,0.00187,1.0,90.643471
-1.632568,0.042405,-1.886991,2.454656,2.454628,-3.316001,-3.42519,-2.877114,-3.048853,-3.186242,0.003157,1.0,92.868431
0.085181,0.990204,-0.159711,-0.434649,-0.434629,-1.795143,-2.806641,-2.324669,-2.571334,-2.697612,0.00099,0.0,92.464798
-0.703927,0.094555,-1.029631,1.341569,1.514495,-2.164757,-3.920784,-3.599219,-3.74313,-3.885274,0.00062,1.0,93.865173
-1.220409,0.135597,-1.272558,0.724945,0.724948,-1.764378,-4.100642,-4.097031,-4.105119,-4.34364,0.000867,1.0,94.545647
-0.198292,0.386143,-0.740972,-0.052157,-0.052145,-0.897672,-3.562659,-3.780734,-3.813718,-4.11314,0.001498,0.0,94.496346
-0.838159,0.186259,-0.848509,0.85577,0.855769,-1.227239,-3.50754,-4.338572,-4.326941,-4.667466,0.003087,1.0,95.305016
0.406546,0.771394,-0.052124,-0.734684,-0.734673,-0.043795,-2.030206,-3.351421,-3.411572,-3.828959,0.002271,-1.0,94.604836
0.715564,1.22067,-0.25255,-0.938185,-0.938191,0.871301,-0.569523,-2.22233,-2.367479,-2.698709,0.001454,-1.0,93.717262
-1.235081,0.0,-1.687945,2.241403,2.2414,-1.074519,-2.071596,-3.940785,-4.296396,-4.517572,0.002691,1.0,95.817841
-0.276522,0.051212,-1.003682,0.494025,0.494026,-1.188036,-1.966483,-3.969507,-4.477698,-4.722905,0.001933,0.0,96.291206
-0.542254,0.255781,-0.746875,0.102416,0.102408,-1.064038,-1.701447,-3.417009,-4.32739,-4.535747,0.003096,0.0,96.389816
-0.194527,0.163821,-0.614311,-0.071619,-0.071624,-0.636828,-1.230665,-2.729293,-3.964109,-4.233191,0.003185,0.0,96.320778
1.56315,1.821949,-0.124218,-1.095526,-1.095521,0.788823,0.010358,-1.194069,-2.661389,-3.005635,0.002129,-1.0,95.265564
-0.591711,0.734545,-0.877365,1.469978,1.469987,-0.495822,-1.21914,-2.119132,-3.711638,-4.208018,0.002814,1.0,96.665955
-0.541137,0.070147,-1.613389,1.805758,1.805757,-1.82985,-2.573407,-3.329044,-4.986344,-5.594571,0.003,1.0,98.411507
-1.134194,0.301117,-1.134194,-0.160341,-0.160338,-1.292788,-2.116834,-2.808394,-4.260108,-5.172418,0.002702,0.0,98.253716
0.934672,1.056589,-0.599415,-1.204454,-1.204467,0.065028,-0.669504,-1.307182,-2.594001,-3.751495,0.002087,-1.0,97.070282
-1.35877,0.039965,-1.728439,1.686474,1.686479,-0.897187,-1.811365,-2.616972,-3.703768,-5.023798,0.003095,1.0,98.707352
-0.705835,1.053789,-1.58067,0.49955,0.499552,-0.878813,-1.958443,-2.788212,-3.684635,-5.113145,0.002925,0.0,99.200447
1.79816,2.03051,-0.272752,-1.590613,-1.590614,0.561672,-0.237398,-1.003466,-1.770416,-3.262444,0.002733,-1.0,97.622551
-0.48299,0.29181,-0.6943,0.393978,0.393971,0.116728,-0.463869,-1.208148,-1.893733,-3.192056,0.002847,0.0,98.007156
-0.669203,0.429485,-1.108671,0.744623,0.744629,-0.285664,-0.954859,-1.659346,-2.301242,-3.447692,0.003508,1.0,98.736946
-0.417826,0.169126,-1.00477,0.399515,0.399509,-0.596892,-0.959007,-1.686557,-2.424385,-3.411935,0.00358,0.0,99.131409
-0.685274,0.5065,-0.873974,0.169126,0.16914,-0.744873,-0.861071,-1.618842,-2.349797,-3.173218,0.004794,0.0,99.29908
-0.689652,0.009854,-1.211826,0.804447,0.804436,-1.042364,-1.483744,-2.150411,-2.849259,-3.568106,0.004916,1.0,100.097878
0.567334,0.696722,-0.666864,-1.014777,-1.01477,0.189106,-0.390175,-0.966134,-1.662692,-2.328662,0.004006,-1.0,99.082115
-0.67561,0.11922,-0.824642,0.179159,0.179157,0.115247,-0.347746,-0.945858,-1.60408,-2.229514,0.003829,0.0,99.259628
0.406427,0.872329,-0.118948,0.22851,0.228499,-0.041622,-0.496621,-0.888836,-1.538453,-2.226398,0.003383,0.0,99.486435
2.574277,2.574277,-0.020347,-2.577318,-2.577308,2.112331,1.900689,1.750777,1.123318,0.458281,0.001586,-1.0,96.922363
1.269869,1.693164,-0.17551,-1.444849,-1.44485,2.651248,3.174682,3.040811,2.565554,1.97398,0.001225,-1.0,95.52198
-1.759922,0.061036,-1.831132,1.486684,1.486679,0.706002,1.553409,1.441165,1.091555,0.547711,0.001215,1.0,96.942085
0.499641,0.968693,-0.265119,-0.233981,-0.233984,0.416033,1.58255,1.654606,1.349042,0.870812,0.000872,0.0,96.715256
-0.736188,0.060505,-1.038732,1.111455,1.11146,-1.034693,0.328761,0.474651,0.364055,-0.071403,0.001288,1.0,97.790207
0.080867,0.333571,-0.586275,-0.231952,-0.231963,-0.673194,0.384121,0.596392,0.643395,0.232498,0.0009,0.0,97.56337
-0.080404,0.653268,-0.231159,0.576165,0.57618,-0.711563,-0.391963,0.054268,0.052257,-0.266939,0.001368,1.0,98.125511
0.593737,0.593737,-0.31197,-0.13065,-0.130653,-0.366313,-0.37235,0.184492,0.170067,-0.070851,0.001656,0.0,97.997307
0.233506,0.426394,-0.954317,-0.875519,-0.875521,0.601016,0.289341,0.959731,1.058377,0.845483,0.000543,-1.0,97.13932
0.38712,0.692738,-0.101881,-0.345174,-0.345178,0.745722,0.359619,1.149147,1.310108,1.258356,0.000243,0.0,96.804016
-0.395256,0.283773,-0.405393,0.519554,0.519565,0.17229,-0.119594,0.489845,0.689163,0.761322,0.000392,0.0,97.306976
0.898698,0.990606,0.0,-0.760109,-0.760124,0.61684,0.753687,1.015807,1.405751,1.456711,0.000146,-1.0,96.567322
0.285917,0.75564,-0.776067,0.010214,0.010223,0.312467,0.705605,0.832568,1.321353,1.376902,0.000541,0.0,96.577194
0.659114,0.926882,-0.195668,-0.847546,-0.847545,0.881565,1.46653,1.450739,2.031928,2.188673,-0.000286,-1.0,95.758659
1.427681,2.073779,-0.270948,-1.174046,-1.174047,1.621508,2.338474,2.31416,3.006463,3.230514,-0.001351,-1.0,94.634407
-2.299896,0.0,-2.4924,2.855354,2.855347,-1.193511,-0.525827,-0.497796,0.046109,0.288156,-0.000274,1.0,97.336548
0.4907,0.889391,-0.398691,-0.891588,-0.891583,-0.325088,0.197301,0.462755,0.758027,1.142508,-0.000162,-1.0,96.468712
-1.018537,0.39723,-1.446321,0.368023,0.36803,-0.639648,-0.291309,0.08623,0.271944,0.722749,-0.000633,0.0,96.823746
0.807607,2.157023,-0.337356,-0.366673,-0.366681,-0.126763,0.006134,0.437539,0.496321,0.999389,-0.000942,0.0,96.468712
0.522489,1.075713,-0.163922,-0.214679,-0.214681,0.426187,0.164943,0.54776,0.545028,1.097432,-0.000451,0.0,96.261612
2.931561,2.931561,-0.347993,-2.848068,-2.848064,2.554042,2.696399,3.207139,3.310658,3.81398,-0.001609,-1.0,93.52002
-1.266875,0.010379,-1.661481,1.550143,1.550148,0.672891,0.960531,1.410168,1.70456,2.013284,-0.001321,1.0,94.969719
-1.046427,0.43686,-1.168344,2.211835,2.211824,-1.454836,-1.173418,-0.847976,-0.489684,-0.277146,-0.000674,1.0,97.070282
-0.389843,0.2499,-1.149542,1.635681,1.635682,-2.596958,-2.470009,-2.341061,-1.9927,-1.906434,-0.00015,1.0,98.658043
1.218161,1.479916,-0.070472,-0.709715,-0.709712,-1.554415,-1.433606,-1.564484,-1.283601,-1.267694,-0.000691,-1.0,97.957855
2.440542,2.741717,-0.083084,-3.060506,-3.060509,1.856893,1.427981,1.378476,1.695921,1.766749,-0.001421,-1.0,94.959846
-0.133962,0.721349,-0.834705,0.778897,0.778898,1.222176,0.563688,0.534489,0.783184,0.987636,-0.001207,1.0,95.699486
-0.030756,0.256305,-0.77917,0.515251,0.515262,0.520804,-0.017436,-0.007526,0.172741,0.438786,-0.001105,0.0,96.192589
-0.800163,0.151923,-1.033125,1.220014,1.220012,-0.956148,-1.130362,-1.102678,-1.023,-0.74507,0.000252,1.0,97.36615
0.19272,0.527442,-0.284002,-0.141808,-0.14182,-0.965604,-0.890545,-0.784382,-0.860624,-0.627233,0.000717,0.0,97.228065
-0.385666,0.091347,-0.679994,-0.060855,-0.060836,-0.450632,-0.454693,-0.735487,-0.807378,-0.582979,0.000164,0.0,97.168915
-0.491374,0.270755,-0.491374,1.207756,1.207745,-1.101081,-1.29964,-1.793021,-1.900823,-1.760531,0.000679,1.0,98.342468
0.809138,1.11257,-0.1416,-0.852385,-0.852393,0.018211,-0.40659,-0.90219,-1.009907,-0.936174,-2.2e-05,-1.0,97.504204
0.914132,1.540674,0.0,-1.52726,-1.527245,1.287995,0.86277,0.603252,0.538714,0.553402,-0.000485,-1.0,96.015076
