0.081363,0.307383,-0.83175,0.308338,0.30834,0.356207,0.257812,0.102765,-0.451204,-1.412491,0.00174,0.0,99.58667
0.572628,1.072532,-0.445372,-0.533409,-0.533394,0.608971,0.698498,0.648444,0.209489,-0.63736,0.001534,-1.0,99.055481
1.11429,1.197166,-0.184176,-1.299765,-1.299768,1.46606,1.768111,1.889572,1.584032,0.83592,0.0006,-1.0,97.76799
-0.193245,0.101225,-0.947823,0.073673,0.07365,0.885263,1.498127,1.679748,1.559118,0.935177,0.000475,0.0,97.839996
-1.557019,0.009002,-1.926019,2.245333,2.245354,-1.179018,-0.667815,-0.513003,-0.589573,-1.077241,0.002148,1.0,100.03685
0.541473,0.577564,-0.243658,-0.270005,-0.270012,-0.87537,-0.350148,-0.240552,-0.277275,-0.679777,0.002404,0.0,99.766739
-0.290328,0.780259,-0.644165,-0.53244,-0.532439,-0.308477,0.058971,0.241029,0.272246,-0.039567,0.002214,-1.0,99.235542
1.797669,1.861872,-0.073376,-1.079661,-1.079665,0.860315,0.958454,1.191723,1.323876,1.111335,0.001571,-1.0,98.164131
-2.023381,0.215832,-2.356111,1.990276,1.990275,-0.652872,-1.03147,-0.758389,-0.638462,-0.73181,0.002286,1.0,100.117867
0.243181,0.936685,-0.252183,-0.152876,-0.152874,-0.515176,-0.811491,-0.569215,-0.459777,-0.517383,0.00176,0.0,99.964813
-0.05362,0.857831,-0.24127,0.792583,0.792584,-1.100889,-1.475296,-1.253392,-1.191066,-1.226167,0.001461,1.0,100.757118
-0.796673,0.230151,-0.947153,0.947187,0.94719,-1.542006,-2.138624,-2.098495,-2.034836,-2.043326,0.001774,1.0,101.711479
1.245854,1.505781,-0.035853,-1.239268,-1.239273,0.148788,-0.643541,-0.843713,-0.796807,-0.756531,0.001308,-1.0,100.450996
1.774223,1.82019,-0.239016,-2.500673,-2.500662,2.272471,1.914867,1.537653,1.655167,1.71209,0.000416,-1.0,97.939056
-0.082121,0.428873,-0.775616,0.744619,0.74461,1.25377,1.022908,0.745815,0.866415,0.929292,0.000134,1.0,98.66832
1.190697,1.190697,-0.32558,-1.907105,-1.907104,2.401861,2.679069,2.511628,2.698604,2.770293,-0.000671,-1.0,96.786613
-0.036956,0.471177,-0.646708,0.68837,0.688373,0.827789,1.79416,1.701156,1.841739,1.962489,-0.000448,1.0,97.452866
-0.556163,0.273526,-0.866153,1.330379,1.330388,-0.840636,0.516948,0.432155,0.438537,0.561986,-3.2e-05,1.0,98.749367
0.272136,0.598697,-0.244917,0.510574,0.510566,-1.079463,-0.080733,0.016932,-0.125183,0.031202,-0.000136,0.0,99.253548
0.466395,1.024237,-0.192043,-0.807329,-0.807326,-0.318245,0.578873,0.723666,0.645629,0.806579,-0.000276,-1.0,98.452248
-0.859935,0.960574,-0.869085,-0.03658,-0.0366,0.049417,0.377841,0.669061,0.623015,0.808359,-0.000384,0.0,98.416214
0.294307,0.938101,-0.367885,-0.530596,-0.530589,0.673231,0.523319,1.114691,1.100436,1.240876,-0.00066,-1.0,97.894028
-1.068979,0.411151,-1.132936,0.662185,0.662192,-0.031064,-0.331655,0.475106,0.474648,0.513479,-0.000526,1.0,98.542274
-1.048949,0.017928,-1.497219,1.909551,1.90955,-1.671152,-1.951766,-1.387244,-1.279361,-1.365608,0.000286,1.0,100.423988
-0.115934,0.579686,-0.205115,0.528955,0.528946,-1.692673,-2.241138,-1.840709,-1.753311,-1.818235,0.000576,0.0,100.955177
-0.22938,0.149977,-0.494042,1.088024,1.088019,-2.037927,-2.777226,-2.812514,-2.698707,-2.778283,0.000981,1.0,102.053589
-0.044083,0.396718,-0.458429,0.07058,0.070594,-1.278328,-2.388261,-2.854039,-2.625851,-2.726617,0.000606,0.0,102.125633
-0.148431,0.19209,-0.314329,0.96976,0.969744,-1.33938,-2.902286,-3.61476,-3.32095,-3.453405,0.001066,1.0,103.11599
-0.495049,0.08685,-0.755604,0.532612,0.532628,-1.236764,-2.991147,-3.757169,-3.662066,-3.740144,0.001157,0.0,103.665215
0.252504,0.557249,-0.087068,-0.251868,-0.251847,-0.513736,-2.267329,-3.208844,-3.252524,-3.366847,0.001417,0.0,103.404137
0.568482,0.962048,-0.244882,-0.444059,-0.444081,0.103204,-1.391464,-2.378286,-2.714709,-2.812312,0.001166,0.0,102.944939
0.287859,0.549545,-0.287859,0.262378,0.262368,0.052346,-1.133979,-2.261565,-2.896451,-2.912413,0.001432,0.0,103.215034
-0.753379,0.233804,-0.788018,0.732732,0.732737,-0.510908,-1.330969,-2.637688,-3.433495,-3.39522,0.002109,1.0,103.971329
-0.731566,0.240984,-0.731566,0.614824,0.614819,-0.938112,-1.533692,-2.891239,-3.704704,-3.813748,0.002289,1.0,104.610565
-0.240797,0.464397,-0.533191,0.077457,0.077453,-0.768828,-1.253001,-2.569078,-3.491562,-3.707592,0.001567,0.0,104.691589
-0.265523,0.471095,-0.633831,0.404198,0.404194,-0.755454,-1.359303,-2.536463,-3.483928,-3.929409,0.001792,0.0,105.114746
0.63612,0.653309,-0.232102,-0.359741,-0.359736,-0.106593,-0.753886,-1.749044,-2.787754,-3.467028,0.001849,0.0,104.73661
-1.072501,0.300299,-1.467187,0.189118,0.189124,-0.111547,-0.767912,-1.528389,-2.676536,-3.478336,0.002272,0.0,104.934692
-0.632971,0.017104,-1.34292,0.308881,0.308892,-0.29597,-0.922089,-1.525404,-2.690972,-3.497403,0.001712,0.0,105.258827
-0.171509,0.171509,-0.47166,-0.25661,-0.256624,0.017153,-0.51625,-1.01592,-2.129318,-3.008315,0.001677,0.0,104.988708
0.051357,0.23965,-0.436489,0.197234,0.197253,-0.164335,-0.498129,-1.01165,-1.999754,-2.879503,0.001479,0.0,105.195801
-0.255474,0.996337,-0.357658,0.504967,0.504953,-0.478578,-0.760453,-1.281898,-2.121689,-3.054414,0.001331,0.0,105.72699
-0.025342,0.717843,-0.118239,0.834543,0.834545,-0.988092,-1.334352,-1.880475,-2.553421,-3.561866,0.002022,1.0,106.609329
-0.236766,0.0761,-0.66802,-0.12668,-0.126668,-0.634205,-1.034175,-1.580147,-2.14571,-3.168287,0.002814,0.0,106.474289
0.212008,0.279852,-0.093284,-0.287505,-0.287522,-0.125499,-0.609729,-1.12279,-1.618041,-2.598367,0.00247,0.0,106.168152
0.27234,0.382976,-0.306384,-0.356172,-0.356167,0.343831,-0.190637,-0.590072,-1.089788,-1.971405,0.002987,0.0,105.790016
-0.4498,0.101837,-0.670458,0.280853,0.280857,0.130694,-0.34287,-0.688003,-1.180096,-1.937035,0.002851,0.0,106.087135
-0.345469,0.269633,-0.876307,0.721377,0.721371,-0.540947,-0.877145,-1.219526,-1.713009,-2.328278,0.002648,1.0,106.852417
0.355004,0.75226,-0.515595,-0.311764,-0.311759,-0.221455,-0.448822,-0.791145,-1.271662,-1.793935,0.002374,0.0,106.519295
-0.320998,0.321004,-0.557523,0.059166,0.059176,-0.202745,-0.358177,-0.731553,-1.180955,-1.64083,0.002663,0.0,106.582329
-0.126402,0.429765,-1.247153,0.244975,0.244968,-0.249433,-0.447463,-0.866272,-1.24,-1.701868,0.002756,0.0,106.843422
1.088249,1.096753,-0.042512,-0.884802,-0.884828,0.605356,0.457423,0.091839,-0.231663,-0.681842,0.002638,-1.0,105.898041
0.923608,0.923608,-0.181268,-1.50485,-1.504834,1.653867,1.771261,1.580785,1.308592,0.881143,0.001916,-1.0,104.304451
-0.189821,0.267469,-0.224334,0.043163,0.043163,1.194133,1.523727,1.478862,1.252372,0.863848,0.001294,0.0,104.349472
0.190296,0.30274,-0.121097,-0.250217,-0.250203,0.968761,1.578571,1.675737,1.477368,1.14314,0.001034,0.0,104.088387
0.086639,0.407209,-0.199269,-0.164348,-0.164362,0.571826,1.565591,1.761109,1.586818,1.347083,0.000617,0.0,103.917305
1.207903,1.251982,-0.070536,-1.732802,-1.18918,1.1557,2.456259,2.788068,2.709337,2.546004,0.000197,-1.0,102.681541
-0.924389,0.191856,-1.159852,1.102098,1.102108,-0.041633,1.046632,1.48802,1.535694,1.422064,0.000241,1.0,103.813202
0.314685,0.524474,-0.708047,-0.235455,-0.235467,0.043529,1.000239,1.540528,1.69375,1.621207,-1.5e-05,0.0,103.568756
0.043729,0.734712,-0.253653,-0.061189,-0.061179,-0.007878,0.764794,1.431182,1.684349,1.637575,4.8e-05,0.0,103.505394
0.603212,0.966909,-0.053229,-1.399457,-1.399446,1.046735,1.725951,2.626944,2.973781,2.960276,-0.00027,-1.0,102.056892
-0.433627,0.37168,-0.566371,0.239508,0.239482,0.730987,1.131335,2.135046,2.560335,2.619073,-0.000278,0.0,102.3013
-0.397103,0.450055,-0.653016,0.283186,0.283194,0.208263,0.678729,1.569704,2.074869,2.237903,-0.000427,0.0,102.591011
0.026412,0.140866,-0.642722,0.229441,0.229437,-0.165517,0.300142,1.097773,1.663826,1.909245,-0.000556,0.0,102.826393
1.192368,1.501499,-0.3268,-0.316958,-0.316969,-0.044149,0.464155,1.153755,1.808183,2.136192,-0.000687,0.0,102.500465
-1.283283,0.270622,-1.283283,1.174706,1.174714,-0.88695,-0.722824,-0.222499,0.525566,0.892795,-0.000431,1.0,103.704552
-0.45269,0.217637,-0.731265,0.279354,0.279354,-0.837469,-0.873157,-0.622499,0.144901,0.545085,-0.000218,0.0,103.994255
0.043459,0.678024,-0.999654,0.147992,0.147989,-0.684977,-0.987476,-0.779354,-0.132911,0.301983,-0.000231,0.0,104.148155
-0.950832,0.342643,-1.05362,1.477744,1.477748,-1.589858,-2.228879,-2.13985,-1.626569,-1.188432,0.000158,1.0,105.687202
-0.238114,0.238121,-0.442211,0.728112,0.728115,-1.557955,-2.658386,-2.698921,-2.343562,-1.89185,0.000487,1.0,106.456726
-0.909782,0.0,-0.943478,0.952465,0.952478,-1.785877,-3.073048,-3.396522,-3.235759,-2.754938,0.000738,1.0,107.470703
0.507619,0.600683,-0.169202,-0.42962,-0.42962,-0.798655,-2.2149,-2.710103,-2.766337,-2.300892,0.000427,0.0,107.008987
-0.092749,0.210793,-0.236086,0.33841,0.338403,-0.532884,-2.099498,-2.817315,-2.951463,-2.61107,0.000261,0.0,107.371109
0.469679,0.645808,-0.142586,0.531202,0.531196,-0.640776,-2.14292,-3.060751,-3.297871,-3.072962,0.000481,0.0,107.94146
-0.717085,0.216795,-1.067288,0.587098,0.587096,-0.830477,-2.154587,-3.315264,-3.65567,-3.565277,0.000772,1.0,108.57518
-0.85745,0.181384,-1.170746,1.133996,1.134004,-1.517028,-2.696023,-3.928882,-4.467809,-4.538653,0.001269,1.0,109.806427
-0.345478,0.575797,-0.345478,0.230851,0.230842,-1.189434,-2.369001,-3.680181,-4.352632,-4.607252,0.001252,0.0,110.059906
1.241562,1.599865,0.0,-1.28321,-1.283197,0.329964,-0.685785,-2.056506,-2.886852,-3.207364,0.000584,-1.0,108.647621
-0.561474,0.29725,-0.611013,0.916589,0.916587,-0.270832,-1.226988,-2.53159,-3.491873,-3.89336,0.000994,1.0,109.643471
0.364234,0.885762,-0.09106,-0.255964,-0.255971,0.129141,-0.70778,-1.863136,-2.976409,-3.453809,0.000889,0.0,109.362816
0.574045,0.840268,-0.024958,-0.496694,-0.496686,0.447587,-0.088188,-1.059904,-2.181369,-2.791684,0.000641,0.0,108.819626
-0.049731,0.28178,-0.613299,0.382701,0.382698,-0.086193,-0.265212,-1.117193,-2.23687,-2.922266,0.001064,0.0,109.236076
-0.207952,0.066546,-0.798535,-0.364664,-0.364665,0.314426,0.234571,-0.468031,-1.592083,-2.3823,0.001444,0.0,108.83773
-0.016753,0.460594,-0.619719,-0.673762,-0.673768,0.710162,0.929574,0.3562,-0.680427,-1.552297,0.001205,-1.0,108.104416
0.058518,0.167194,-0.685504,0.175864,0.175864,0.336068,0.726472,0.293155,-0.587274,-1.548234,0.001347,0.0,108.294533
-0.058725,0.32718,-0.63758,-0.351117,-0.351104,0.521808,0.906037,0.673934,-0.041952,-0.984235,0.001285,0.0,107.914307
0.134961,0.472373,-0.55673,-0.545297,-0.545299,0.716991,1.20455,1.2456,0.661317,-0.254078,0.001499,-1.0,107.325851
-0.862646,0.259629,-1.063656,0.716996,0.716998,-0.137359,0.432993,0.569508,0.127296,-0.760478,0.001371,1.0,108.095375
-0.109532,0.488664,-0.34544,-0.59464,-0.594645,0.338699,0.829893,1.140786,0.808407,0.005389,0.001251,-1.0,107.452591
1.33151,1.758277,-0.051217,-1.289071,-1.289077,1.229095,1.835955,2.303976,2.106525,1.445888,0.000842,-1.0,106.067444
-0.25517,0.331716,-0.782511,0.349945,0.349945,0.5988,1.257131,1.736278,1.701972,1.194868,0.001425,0.0,106.438622
-0.620075,0.0,-0.854698,1.505483,1.505485,-0.760845,-0.35528,0.102796,0.241335,-0.156185,0.001847,1.0,108.041039
-1.292244,0.041415,-1.930088,1.156364,1.15636,-1.676604,-1.452942,-1.002311,-0.816758,-1.109336,0.002138,1.0,109.290382
-0.939044,0.247113,-1.153214,0.563288,0.563298,-1.780897,-1.841025,-1.540915,-1.282952,-1.509723,0.002249,1.0,109.906013
1.218494,1.30195,-0.025037,-1.301484,-1.301479,-0.041738,-0.529968,-0.297119,0.014182,-0.136544,0.001921,-1.0,108.475609
-0.066149,0.0,-0.661488,0.934737,0.934723,-0.410117,-1.307254,-1.179643,-0.926486,-0.987591,0.001841,1.0,109.489555
-1.533196,0.203882,-1.557661,1.389119,1.389114,-1.239595,-2.327508,-2.427001,-2.24106,-2.199958,0.002211,1.0,111.01049
0.024428,0.496582,-0.358185,0.17941,0.179418,-1.071307,-2.222399,-2.459562,-2.300953,-2.237049,0.002222,0.0,111.209663
-0.373224,0.04868,-0.462475,0.333771,0.333771,-1.100203,-2.177688,-2.576333,-2.539145,-2.431802,0.00184,0.0,111.580849
-0.355414,0.42003,-0.420036,0.44625,0.446245,-0.896608,-2.075927,-2.784056,-2.850964,-2.740221,0.001746,0.0,112.078773
0.186691,0.4302,-0.568179,-0.484658,-0.484656,-0.047075,-1.14204,-2.094148,-2.25608,-2.204537,0.001267,0.0,111.535576
-0.429184,1.190381,-0.639729,0.23539,0.235396,-0.140905,-1.038141,-2.057386,-2.37104,-2.372011,0.001489,0.0,111.798126
-1.101105,0.03215,-1.245776,0.753097,0.753105,-0.633346,-1.480476,-2.520502,-2.93201,-2.959979,0.001627,1.0,112.640083
-0.632406,0.320207,-0.89657,0.401865,0.401851,-0.763684,-1.593014,-2.578177,-3.099976,-3.226376,0.001584,0.0,113.092728
-0.15964,0.159646,-0.526817,0.288185,0.288194,-0.812584,-1.439979,-2.426036,-3.15254,-3.361432,0.001484,0.0,113.418655
0.625049,0.953604,-0.02404,-0.391122,-0.391133,-0.168277,-0.744447,-1.657179,-2.548274,-2.834835,0.000976,0.0,112.975037
-0.699243,0.421135,-0.715138,0.849425,0.849434,-0.634089,-1.3238,-2.140645,-3.079063,-3.488279,0.001182,1.0,113.934685
0.683082,0.818108,-0.619539,0.039733,0.039722,-0.438439,-1.119931,-1.905209,-2.859406,-3.34614,0.001623,0.0,113.979942
-0.269155,0.134577,-0.601648,0.333596,0.333597,-0.54781,-1.205663,-1.971706,-2.880377,-3.448693,0.001429,0.0,114.360176
-0.293374,0.269581,-0.99905,-0.158326,-0.158318,-0.256904,-0.865053,-1.483247,-2.371157,-3.08944,0.001461,0.0,114.179123
-0.527018,0.149456,-0.707932,0.80082,0.800812,-0.681186,-1.343498,-1.941312,-2.770777,-3.609838,0.001894,1.0,115.093483
0.585395,1.162877,-0.142395,-0.566344,-0.566317,-0.026919,-0.550611,-1.182946,-1.937368,-2.81214,0.001578,-1.0,114.441689
-1.531369,0.023444,-1.531369,1.249896,1.249878,-0.934446,-1.499336,-2.134541,-2.863894,-3.743416,0.002116,1.0,115.87207
-0.320435,0.171943,-0.547086,-0.031253,-0.031249,-0.64869,-1.231733,-1.859062,-2.577572,-3.42384,0.00233,0.0,115.835861
-0.163608,0.17918,-0.631036,0.320441,0.320447,-0.617022,-1.307272,-1.935713,-2.556104,-3.383308,0.002378,0.0,116.207054
-0.567692,0.054443,-0.902089,0.17918,0.179168,-0.567686,-1.188268,-1.831657,-2.432923,-3.21331,0.002555,0.0,116.41526
-0.631784,0.254258,-0.762763,0.933196,0.933201,-0.966173,-1.798287,-2.415695,-3.058786,-3.786114,0.003048,1.0,117.501648
-0.539093,0.115513,-0.670012,0.046239,0.046243,-0.725461,-1.539479,-2.182017,-2.833666,-3.549338,0.002824,0.0,117.555984
-0.169062,0.284327,-0.268966,0.215633,0.215631,-0.604016,-1.458547,-2.125575,-2.778384,-3.48852,0.003094,0.0,117.809471
-0.023067,0.561319,-0.099965,-0.061479,-0.061483,-0.282968,-1.095732,-1.82084,-2.47828,-3.114498,0.003503,0.0,117.737038
0.247722,0.867015,-0.487684,-0.668981,-0.181596,0.086998,-0.709052,-1.384224,-2.046119,-2.664804,0.003326,0.0,117.523232
-0.506332,0.046028,-0.583053,0.905723,0.905712,-0.628209,-1.250659,-2.007805,-2.639069,-3.282888,0.003126,1.0,118.587654
-0.503742,1.16776,-0.915888,0.513999,0.514021,-0.861007,-1.476694,-2.217129,-2.861912,-3.509447,0.002912,0.0,119.19722
0.434357,0.487693,-0.220981,0.160275,0.160272,-0.755166,-1.336796,-2.092827,-2.75369,-3.402267,0.002778,0.0,119.38826
-0.529699,0.370795,-0.620501,0.701058,0.70106,-1.032164,-1.689447,-2.43917,-3.147622,-3.80372,0.003445,1.0,120.225243
-0.651682,0.112355,-1.168538,1.021571,1.021572,-1.385773,-2.268781,-3.076644,-3.777994,-4.449857,0.003474,1.0,121.45343
0.0,0.486862,-0.127331,0.007487,0.007475,-0.919771,-1.949988,-2.698539,-3.475304,-4.138732,0.003014,0.0,121.462509
3.124998,3.383459,-0.227131,-4.366711,-4.366699,3.081134,2.40676,1.760774,1.025876,0.359539,0.001498,-1.0,116.158607
-0.42654,0.624013,-1.145337,-0.845866,-0.845883,3.229079,3.051748,2.590703,1.923146,1.288058,0.001105,-1.0,115.176041
-0.403291,0.893561,-0.767042,-0.110584,-0.110577,2.443462,2.932154,2.637147,2.073765,1.456855,0.00092,0.0,115.048683
-0.339037,0.646535,-0.48096,0.292585,0.29258,1.092803,2.446587,2.278218,1.788634,1.244434,0.001179,0.0,115.385292
-0.326568,0.147735,-0.590936,1.403453,1.403452,-1.068342,0.893406,0.834343,0.489376,-0.051864,0.001568,1.0,117.004669
0.178888,0.474439,-0.140008,-0.031097,-0.03109,-0.89913,0.734225,0.832206,0.567487,0.081413,0.001307,0.0,116.968292
0.407686,0.768323,-0.015683,-0.793345,-0.793339,0.042328,1.251266,1.536905,1.380519,0.939664,0.000908,-1.0,116.040337
1.554002,2.279725,-0.047328,-0.61153,-0.611534,0.706793,1.449871,2.022561,1.966318,1.600683,0.000608,-1.0,115.330711
0.039497,0.639909,-0.474008,-0.149874,-0.149874,0.818454,1.055456,2.038761,2.064774,1.75542,0.000689,0.0,115.15786
0.174011,0.727674,-0.355926,-0.118504,-0.118504,0.593216,0.61536,1.953124,2.078051,1.896308,0.000366,0.0,115.021393
-0.69717,0.869497,-0.932166,0.972874,0.972878,-0.518569,-0.35564,0.795335,1.033582,0.923774,0.000677,1.0,116.140411
-0.738261,0.175048,-1.073143,2.92182,2.92181,-2.758195,-2.819844,-2.05799,-1.762496,-1.817568,0.00154,1.0,119.533813
-3.181154,0.00736,-3.181154,3.356423,3.356431,-4.586159,-5.287928,-5.059406,-4.717604,-4.76837,0.002711,1.0,123.545883
-0.989668,0.080639,-1.231587,0.449191,0.449202,-3.571597,-5.009177,-5.341754,-4.878689,-4.946518,0.002594,0.0,124.100853
0.043884,1.002044,-0.087767,0.227254,0.227239,-2.284957,-4.631359,-5.399842,-4.861393,-4.940736,0.002859,0.0,124.382858
0.2193,0.460519,-0.350874,0.058515,0.058517,-1.005847,-4.085525,-5.010723,-4.705776,-4.774574,0.002462,0.0,124.455643
0.175189,0.255487,-0.467187,0.13889,0.138923,-0.325595,-3.529483,-4.636865,-4.627741,-4.68782,0.002518,0.0,124.62854
-0.71588,0.282016,-0.911124,0.948966,0.948926,-0.902431,-3.60328,-4.962985,-5.302249,-5.327053,0.002728,1.0,125.811172
-0.409047,0.035872,-0.574096,0.766515,0.766523,-1.234301,-3.420164,-5.086952,-5.812704,-5.755295,0.002924,1.0,126.775543
-0.243865,0.164966,-0.451876,0.050227,0.050238,-0.896573,-2.536942,-4.617707,-5.648048,-5.542396,0.002629,0.0,126.839233
-0.178253,0.128337,-0.549022,0.595325,0.595312,-0.991079,-2.216036,-4.62697,-5.758285,-5.838142,0.002812,1.0,127.594322
-0.057918,0.629838,-0.37646,-1.511583,-1.511584,0.693549,-0.227317,-2.652571,-3.894518,-4.19315,0.002237,-1.0,125.665627
-0.057784,0.310587,-0.303357,0.23166,0.231658,0.483938,-0.26651,-2.315145,-3.683631,-4.232566,0.002334,0.0,125.956741
0.813772,1.206124,-0.108994,-0.592266,-0.592268,0.832671,0.41634,-1.197891,-2.717424,-3.541955,0.002197,-1.0,125.210739
-0.145294,0.399566,-0.377762,0.014524,0.014532,0.560843,0.469312,-0.66884,-2.40319,-3.435665,0.0019,0.0,125.228935
0.622112,0.819728,-0.212259,-0.741002,-0.741001,0.781666,1.206907,0.510379,-1.379641,-2.452759,0.001482,-1.0,124.300987
0.417741,0.718209,-0.183217,-0.131749,-0.131767,0.66839,1.30086,0.890213,-0.923394,-2.035304,0.001385,0.0,124.137199
0.565431,0.741672,-0.367161,-0.197878,-0.19788,0.534602,1.346768,1.108852,-0.381455,-1.555563,0.001085,0.0,123.891556
0.83903,1.767156,-0.081665,-1.101483,-1.101461,1.216209,2.128747,2.149293,1.028737,-0.226015,0.000377,-1.0,122.526939
-1.673825,0.0,-1.943089,2.027035,2.027037,-0.829648,-0.046588,0.153305,-0.578931,-1.95212,0.001051,1.0,125.010605
-0.483963,0.274491,-0.635657,0.74958,0.749558,-1.305976,-0.920967,-0.512843,-0.929268,-2.396401,0.002756,1.0,125.947632
-0.303995,0.246089,-0.383612,-0.202252,-0.202227,-0.858441,-0.718024,-0.254791,-0.483508,-1.89144,0.002971,0.0,125.692932
0.487946,1.048723,-0.240334,-0.615233,-0.615236,-0.080114,-0.186447,0.315096,0.187529,-0.977062,0.002802,-1.0,124.919624
1.065765,1.430755,-0.503688,-0.233044,-0.233017,0.490519,-3.6e-05,0.434545,0.442698,-0.441818,0.002627,0.0,124.62854
0.637463,0.740042,-0.109902,-0.372297,-0.372334,0.729791,0.287962,0.666283,0.809286,0.224805,0.002035,0.0,124.164505
0.690366,0.705216,-0.564182,-1.296885,-1.296883,1.499524,1.46314,1.714791,2.056268,1.75102,0.001613,-1.0,122.554237
2.695435,2.695435,0.0,-3.33309,-3.333099,3.779774,4.483194,4.816986,5.315246,5.223481,0.000767,-1.0,118.469383
0.821958,1.263949,-0.232633,-0.967589,-0.96758,3.498762,4.944169,5.350493,5.982472,6.039391,0.000648,-1.0,117.323097
-0.292739,0.154069,-0.546947,0.659112,0.659107,1.714819,3.881839,4.259054,4.921047,5.141679,0.000918,1.0,118.096382
-0.115159,0.783112,-0.959693,0.338958,0.338966,0.414584,2.981191,3.528086,4.214586,4.587793,0.00107,0.0,118.496689
1.491608,1.491608,-1.187039,-1.689057,-1.68906,1.099567,3.93909,4.860079,5.528699,6.111364,0.000183,-1.0,116.495209
-1.240349,0.787889,-1.380766,0.109332,0.109344,0.672429,3.047811,4.315978,5.02573,5.720871,-0.000755,0.0,116.622589
3.486682,3.785306,-0.234061,-3.346595,-3.346594,3.341395,5.533486,7.267142,8.075048,8.916856,-0.002989,-1.0,112.719704
-0.497163,0.726009,-2.051766,2.276028,2.276018,0.553981,2.374525,4.461282,5.239504,6.09438,-0.00238,1.0,115.285225
0.51036,1.099242,-1.130656,0.505051,0.505047,-0.405144,1.144004,3.410285,4.306692,5.182477,-0.002287,0.0,115.86747
-1.008531,0.232741,-1.396428,1.209165,1.209161,-1.463136,-0.515117,1.681422,2.760679,3.573635,-0.001904,1.0,117.268494
-0.583131,0.046035,-1.166273,1.109393,1.109409,-2.215921,-1.598259,0.165215,1.398365,2.197796,-0.00158,1.0,118.569481
-0.038553,0.547423,-0.524281,-0.483392,-0.483401,-0.846567,-1.063219,0.260607,1.6411,2.424367,-0.002058,0.0,117.996315
-0.977248,0.389379,-1.015424,0.986892,0.986893,-1.165062,-1.94075,-1.02509,0.506571,1.220342,-0.001984,1.0,119.160812
-0.076668,0.429315,-0.329659,-0.412272,0.242083,-0.804026,-2.097813,-1.527278,0.031059,0.782353,-0.00192,0.0,119.44928
-0.653147,0.184421,-1.137233,-0.229993,-0.230001,-0.255473,-1.647293,-1.489328,-0.022504,0.842624,-0.002196,0.0,119.174545
-1.778679,0.052987,-1.983042,1.521435,1.521442,-1.350536,-2.760456,-2.826885,-1.715259,-0.772771,-0.001185,1.0,120.987717
0.386946,0.720787,-0.121399,-0.242198,-0.242186,-0.663899,-1.863626,-2.404741,-1.651674,-0.637822,-0.001342,0.0,120.694702
0.58977,1.646759,-0.076586,-0.940823,-0.940833,0.346202,-0.574082,-1.396245,-0.929595,0.206598,-0.001459,-1.0,119.559166
-0.691703,0.357252,-1.147761,0.765931,0.765938,-0.24628,-0.947394,-2.03628,-1.835772,-0.705682,-0.001208,1.0,120.474915
-0.007607,0.577635,-0.205217,0.007608,0.007592,-0.036478,-0.688027,-1.823005,-1.929135,-0.894607,-0.000959,0.0,120.484062
-0.234492,0.953109,-0.574883,0.478825,0.478828,-0.500748,-0.95549,-2.046448,-2.289452,-1.519936,-0.000755,0.0,121.060974
-0.496494,0.376138,-0.804929,0.552191,0.552197,-0.877151,-1.192731,-2.090943,-2.645053,-2.165581,-0.000505,1.0,121.729469
0.203224,0.451608,-0.436551,-0.052653,-0.052653,-0.478703,-0.934822,-1.689763,-2.447093,-2.211462,-0.000155,0.0,121.665375
-1.272883,0.178656,-1.741846,1.113951,1.113945,-1.161229,-1.735889,-2.385178,-3.337937,-3.325963,-0.00046,1.0,123.02066
-0.400797,0.348847,-0.601201,0.290308,0.290302,-0.978246,-1.679645,-2.337623,-3.338814,-3.579098,-0.000613,0.0,123.377792
0.65048,1.210189,-0.408448,-1.870399,-1.870385,0.91066,0.201185,-0.338445,-1.31274,-1.655355,-0.001169,-1.0,121.070152
-0.572803,0.301484,-0.829056,0.355484,0.35545,0.515553,-0.087399,-0.499165,-1.300934,-1.866156,-0.000845,0.0,121.500496
-0.889056,0.134474,-1.240197,0.881831,0.88186,-0.215178,-0.714988,-1.183421,-1.866469,-2.577939,-0.000474,1.0,122.57196
0.216284,0.492246,-0.044748,0.171831,0.171838,-0.425132,-0.697357,-1.171947,-1.753211,-2.605434,-0.000292,0.0,122.782585
0.574159,0.663634,-0.298258,0.022374,0.022357,-0.53985,-0.530157,-0.996687,-1.549557,-2.421526,0.000147,0.0,122.810036
0.314464,0.389341,-0.344409,-0.410113,-0.410102,0.071872,-0.018722,-0.517122,-0.991378,-1.833819,0.001122,0.0,122.306389
0.920686,1.003699,-0.211304,-0.786166,-0.786173,0.839191,0.741837,0.306902,-0.068855,-0.771629,0.001182,-1.0,121.344849
-0.377159,0.143311,-0.73924,0.045289,0.045294,0.600432,0.674352,0.362568,-0.021882,-0.615084,0.000978,0.0,121.399811
1.819436,2.186377,-0.129959,-1.327607,-1.327605,1.454014,1.759036,1.67469,1.337434,0.853027,0.000422,-1.0,119.788101
0.192559,0.985904,-0.100135,-0.749175,-0.749175,1.560499,2.149729,2.352815,2.090422,1.668873,0.000735,-1.0,118.890678
-1.217207,0.317531,-1.217207,1.879382,1.879385,-0.508058,0.269893,0.468225,0.212814,-0.122233,0.001325,1.0,121.125092
-0.188338,0.369136,-0.369146,0.355335,0.355326,-0.825671,-0.080607,0.102957,-0.106601,-0.358747,0.002559,0.0,121.555481
1.158275,1.234481,-0.495309,-1.137569,-1.137554,0.111251,0.869459,1.171978,1.068344,0.82145,0.001421,-1.0,120.172722
-0.966548,0.317159,-1.185526,0.914423,0.914402,-0.551219,-0.169133,0.15909,0.185393,-0.032004,0.001558,1.0,121.271584
0.345558,0.841354,-0.165265,0.521032,0.521021,-0.572397,-0.760947,-0.440685,-0.275671,-0.460616,0.001328,0.0,121.903435
0.679662,0.966621,-0.407788,-0.525839,-0.525819,-0.024171,-0.322461,0.096155,0.259777,0.074609,0.000783,-1.0,121.262444
-0.298369,0.35059,-0.865287,1.238484,1.23849,-1.050287,-1.426234,-1.059731,-0.924594,-1.08221,0.001357,1.0,122.764267
1.179659,1.352471,0.0,-0.723558,-0.723574,-0.049588,-0.668712,-0.376678,-0.193846,-0.285212,0.000787,-1.0,121.875977
-0.015047,0.489317,-0.496841,-0.187843,-0.187812,0.20022,-0.328987,-0.251451,-0.062503,-0.05904,0.000644,0.0,121.647079
-0.461993,0.573773,-0.760063,1.023789,1.023756,-0.654235,-1.013402,-1.257813,-1.094997,-0.993433,0.001062,1.0,122.892448
-0.773996,0.154792,-0.796109,1.087934,1.087955,-1.245772,-1.828851,-2.217322,-2.032301,-1.956966,0.000917,1.0,124.229462
-0.476081,0.087889,-0.629899,0.641305,0.641307,-1.513227,-2.176822,-2.644117,-2.515575,-2.476244,0.001212,1.0,125.026154
-0.007349,0.183824,-0.492646,-0.388192,-0.388182,-0.701482,-1.444874,-2.096588,-2.056638,-2.003846,0.001396,0.0,124.540825
0.058765,0.771267,-0.323198,0.10294,0.102923,-0.318786,-1.27369,-1.936244,-2.081683,-2.051715,0.001175,0.0,124.669006
0.765489,1.405861,-0.066242,-0.205669,-0.205684,0.131035,-0.868528,-1.438235,-1.815462,-1.816567,0.001104,0.0,124.412582
1.04911,1.376493,-0.007437,-1.074641,-1.07463,1.031259,0.355662,-0.2619,-0.717629,-0.684818,0.000586,-1.0,123.075607
-0.296643,0.229901,-1.045686,0.327382,0.327398,0.450897,0.086019,-0.483548,-0.955217,-0.944835,0.000511,0.0,123.478554
-0.618372,0.022084,-0.986452,0.74162,0.741589,-0.312117,-0.4483,-0.989873,-1.563954,-1.615412,0.000776,1.0,124.394257
1.313723,1.836226,-0.052256,-1.376616,-1.376593,0.755382,1.025597,0.468754,-0.072039,-0.245437,-5.4e-05,-1.0,122.681854
0.740234,1.095247,0.0,-1.17937,-1.179386,1.43365,2.094581,1.63105,1.217246,0.893128,-0.000544,-1.0,121.234962
0.225312,0.27789,-0.848659,0.574058,0.57406,0.666924,1.323331,1.087507,0.67256,0.304929,0.000271,1.0,121.930923
-0.611524,0.193907,-1.543733,0.705972,0.705963,-0.150636,0.43107,0.38036,0.017169,-0.35109,0.000388,1.0,122.79171
-1.169852,0.007308,-1.433067,1.998664,1.998663,-1.971188,-1.480581,-1.407217,-1.740138,-2.180877,0.00076,1.0,125.245903
-0.3122,0.377553,-0.348505,0.701902,0.701934,-2.108493,-2.051857,-1.857754,-2.232642,-2.661742,0.000937,1.0,126.125046
-0.98831,0.064934,-1.038813,0.646191,0.646174,-1.83812,-2.481603,-2.27528,-2.661949,-3.033036,0.001144,1.0,126.940033
-0.280797,0.4536,-0.547191,0.19478,0.194792,-1.202402,-2.347913,-2.310231,-2.618268,-3.030898,0.001346,0.0,127.187302
0.594241,0.652217,-0.072473,-0.647991,-0.647994,0.007239,-1.482729,-1.602542,-1.840723,-2.24626,0.001392,-1.0,126.363136
-0.197577,0.248819,-1.20746,-0.971093,-0.971081,0.970357,-0.457387,-0.605942,-0.747908,-1.12903,0.001053,-1.0,125.136047
-0.043935,0.292918,-0.63708,-0.065859,-0.065876,0.86556,-0.202109,-0.519918,-0.546278,-0.942881,0.001474,0.0,125.053612
0.145739,0.816155,-0.918163,0.490625,0.490628,0.170523,-0.336661,-0.939057,-0.921445,-1.306711,0.001887,0.0,125.66716
0.232637,0.254446,-0.719742,0.23319,0.233191,-0.257361,-0.248642,-1.016849,-1.083248,-1.387137,0.001338,0.0,125.960205
-1.049674,0.079086,-1.265363,1.119588,1.11961,-1.203552,-0.993619,-1.909098,-2.08644,-2.334337,0.001593,1.0,127.370468
-0.93033,0.482925,-1.200201,1.236611,1.236584,-1.819466,-1.916049,-2.871952,-3.111638,-3.308,0.002385,1.0,128.945511
1.077655,1.220388,-0.178419,-0.490024,-0.490014,-0.827861,-1.26249,-2.101061,-2.492512,-2.624041,0.001916,0.0,128.31366
-1.045446,0.312924,-1.393931,0.349705,0.34969,-0.692686,-1.465035,-2.05248,-2.663391,-2.78102,0.001859,0.0,128.76236
0.710752,0.818436,-0.086148,-0.938772,-0.938761,0.498244,-0.502545,-0.830401,-1.56544,-1.755474,0.001722,-1.0,127.553589
-0.821881,0.077938,-1.388696,1.328169,1.328165,-0.528555,-1.583532,-1.797268,-2.632494,-2.91257,0.001752,1.0,129.247711
0.035506,0.915993,-0.227229,-0.219638,-0.219671,-0.306729,-1.070056,-1.388877,-2.240972,-2.561643,0.00192,0.0,128.963791
-0.551859,0.021225,-0.771187,0.362134,0.362161,-0.493845,-1.088857,-1.574446,-2.333021,-2.76609,0.002103,0.0,129.430847
-0.728195,0.084018,-0.777202,1.047128,1.047135,-1.215528,-1.722455,-2.398362,-2.979982,-3.578778,0.002111,1.0,130.786163
0.400202,0.659975,-0.077221,-0.273081,-0.273077,-0.504114,-1.110722,-1.965409,-2.388543,-3.089238,0.001657,0.0,130.429016
0.621462,0.82627,-0.134182,-0.582733,-0.582735,0.144055,-0.353824,-1.220817,-1.551208,-2.330235,0.001249,-1.0,129.668961
0.411407,0.53909,-0.680942,-0.43786,-0.437892,0.605786,0.096493,-0.581614,-0.968901,-1.75483,0.001232,0.0,129.101151
-0.141722,0.049594,-0.864452,0.106404,0.106444,0.469056,0.061626,-0.471449,-0.953745,-1.656361,0.001234,0.0,129.238571
-1.129379,0.232937,-1.192915,0.382621,0.382596,-0.076223,-0.244925,-0.641854,-1.223603,-1.769168,0.00143,0.0,129.733032
0.976974,1.190899,-0.242457,-1.016448,-1.016421,0.636085,0.846452,0.505824,-0.161531,-0.558522,0.001449,-1.0,128.414398
-0.632731,0.092414,-0.632731,0.306645,0.921972,-0.294174,-0.047775,-0.297743,-0.948788,-1.256885,0.001647,1.0,129.598343
0.285089,0.463266,-0.035638,-0.248831,-0.24883,-0.018428,0.225696,-0.031999,-0.541589,-0.885877,0.001317,0.0,129.275864
-0.644752,0.028336,-0.77228,0.591548,0.591544,-0.483036,-0.316808,-0.531344,-0.934722,-1.348292,0.001973,1.0,130.040588
0.042419,0.113125,-0.219172,0.212557,0.212536,-0.604479,-0.564225,-0.662772,-0.966421,-1.453865,0.002437,0.0,130.316971
0.268688,0.332321,-0.26161,-0.007076,-0.007072,-0.306851,-0.566499,-0.514841,-0.792599,-1.351108,0.002243,0.0,130.307755
-0.625043,0.028088,-0.842754,0.678785,0.678794,-0.736008,-1.120783,-1.086772,-1.315815,-1.868977,0.002234,1.0,131.192276
-0.308665,0.084177,-0.540164,0.11237,0.112389,-0.533167,-1.061347,-1.077215,-1.335456,-1.790207,0.001606,0.0,131.339722
-0.035134,0.414557,-0.442668,-0.161344,-0.16136,-0.206584,-0.757366,-0.831061,-1.068688,-1.446189,0.001318,0.0,131.127792
-0.566868,0.167966,-0.895793,0.4005,0.40052,-0.401722,-1.007433,-1.182774,-1.353565,-1.657475,0.001236,0.0,131.652985
0.456916,0.520178,0.0,-0.440901,-0.440936,0.156075,-0.366211,-0.712395,-0.782436,-1.065913,0.001024,0.0,131.072479
-0.661062,0.020874,-1.25949,1.019269,1.019283,-0.670793,-1.159282,-1.576272,-1.664183,-1.91196,0.00158,1.0,132.408478
-0.449387,0.0,-0.767423,0.647131,0.647132,-1.020461,-1.495435,-2.000792,-2.135063,-2.412977,0.002119,1.0,133.265335
-0.467938,0.144503,-0.488581,0.470138,0.470134,-1.07074,-1.668731,-2.22767,-2.426416,-2.702972,0.002298,0.0,133.891861
0.0,0.165556,-0.351793,-0.240852,-0.240828,-0.544959,-1.187849,-1.800159,-2.086677,-2.324131,0.002054,0.0,133.569412
0.173118,0.387783,-0.152345,-0.386285,-0.386298,0.138492,-0.5983,-1.186904,-1.60835,-1.780006,0.001848,0.0,133.053436
1.314035,1.314035,-0.202704,-0.927911,-0.927889,0.986908,0.380209,-0.14914,-0.605288,-0.782077,0.001165,-1.0,131.818848
-0.118582,0.272042,-0.369698,0.202694,0.202665,0.604085,0.233684,-0.20926,-0.69333,-0.8882,0.00082,0.0,132.085999
-0.272128,0.14652,-0.502373,-0.027898,-0.027898,0.353065,0.331429,-0.080007,-0.559195,-0.781229,0.000974,0.0,132.049149
-0.473246,0.208785,-0.730742,0.25816,0.25817,-0.083512,0.128745,-0.232913,-0.714912,-0.988262,0.000944,0.0,132.39006
-0.277149,0.041569,-1.080855,0.445403,0.445397,-0.53765,-0.171824,-0.541349,-0.983509,-1.350577,0.001405,0.0,132.979721
0.027679,0.159178,-0.346045,0.110859,0.110867,-0.451249,-0.228394,-0.554599,-0.960628,-1.355919,0.001,0.0,133.127151
-0.427122,0.096445,-0.661344,0.463699,0.4637,-0.662721,-0.653075,-0.893732,-1.250696,-1.672349,0.001227,0.0,133.744461
0.700958,0.839758,-0.055522,-0.737123,-0.73713,0.181838,-0.000684,-0.075872,-0.415014,-0.836106,0.000861,-1.0,132.758591
0.433301,1.069256,-0.02795,-0.694011,-0.694009,0.798104,0.566783,0.631774,0.338602,-0.079247,0.000281,-1.0,131.837234
-0.452485,0.508187,-0.536017,0.391361,0.391351,0.31049,0.12184,0.303996,0.024728,-0.349725,0.000502,0.0,132.35318
0.013918,0.180901,-0.814025,0.055692,0.055684,0.148904,0.112034,0.249099,0.015676,-0.319747,0.000715,0.0,132.42688
-0.361893,0.264462,-0.438447,-0.027826,-0.027804,-0.02785,0.162844,0.232905,0.08316,-0.197933,0.000852,0.0,132.39006
0.474723,0.481701,-0.125668,-0.313172,-0.313174,0.16754,0.471928,0.450988,0.429693,0.174246,0.000712,0.0,131.975449
-0.795513,0.179862,-0.816265,0.921525,0.921513,-0.543715,-0.385298,-0.485139,-0.429569,-0.654112,0.000891,1.0,133.19162
-0.688563,0.048204,-1.149899,0.463474,0.463474,-0.784956,-0.782888,-0.906596,-0.786671,-1.007769,0.001385,0.0,133.808929
-0.110036,0.220062,-0.281964,0.123947,0.123944,-0.676702,-0.842441,-0.921984,-0.851033,-1.047236,0.001119,0.0,133.974777
0.393342,0.462355,-0.282937,-0.343855,-0.343843,-0.165628,-0.517571,-0.508827,-0.499623,-0.640677,0.001087,0.0,133.514114
0.45656,0.581071,-0.055342,-0.241533,-0.241543,0.258719,-0.244185,-0.210747,-0.284992,-0.33812,0.000809,0.0,133.19162
0.069122,0.248825,-0.449263,0.083007,0.083035,0.192131,-0.217049,-0.24792,-0.377744,-0.371317,0.000766,0.0,133.302216
-0.27104,0.215441,-0.45173,-0.546029,-0.546057,0.555988,0.347494,0.279388,0.151167,0.221012,0.000586,-1.0,132.57431
-0.117801,0.124736,-0.533577,0.291889,0.291895,0.110876,0.09563,-0.020788,-0.097357,-0.054046,0.000457,0.0,132.961288
-0.006893,0.48966,-0.172414,0.478139,0.478153,-0.353114,-0.290358,-0.503922,-0.516219,-0.519734,0.000579,0.0,133.597046
-0.041361,0.289534,-0.482557,0.041378,0.041357,-0.325371,-0.206114,-0.500475,-0.497371,-0.568029,0.000647,0.0,133.652298
-0.608879,0.054732,-0.779913,0.765201,0.765187,-0.878413,-0.853781,-1.115577,-1.168139,-1.290255,0.000769,1.0,134.674988
1.247045,1.48391,-0.062698,-1.799278,-1.799263,0.888955,0.845068,0.691104,0.615168,0.494089,0.000316,-1.0,132.251831
-0.690465,0.158804,-0.890706,0.898711,0.898704,0.062144,-0.093206,-0.155117,-0.269274,-0.352404,0.000276,1.0,133.440384
0.249481,0.395005,-0.450457,-0.365946,-0.365929,0.332624,0.231452,0.239768,0.067211,0.039631,-6.2e-05,0.0,132.952087
-0.158487,0.378999,-0.158487,0.568255,0.568257,-0.22603,-0.296312,-0.240267,-0.462727,-0.476024,-2.9e-05,1.0,133.707596
0.456181,0.532212,-0.103673,-0.303199,-0.303184,-0.128575,0.006893,0.068639,-0.105078,-0.145995,-5e-05,0.0,133.302216
0.261827,0.89574,-0.454767,0.31104,0.311008,-0.219106,-0.217732,-0.246211,-0.363807,-0.433537,0.000182,0.0,133.716797
0.372112,0.565054,-0.365214,-0.006897,-0.006881,-0.17227,-0.155049,-0.252668,-0.309059,-0.409321,0.000489,0.0,133.707596
-0.419158,0.068718,-1.202501,0.282528,0.282516,-0.28447,-0.399916,-0.505276,-0.526692,-0.679719,0.000516,0.0,134.085342
0.833216,1.562283,-0.02083,-1.037583,-1.037585,0.608254,0.572144,0.512894,0.543329,0.359674,0.000179,-1.0,132.694092
0.361757,0.723524,-0.153055,-0.194417,-0.194429,0.673448,0.599012,0.665102,0.710671,0.57327,2.8e-05,0.0,132.436096
1.73185,1.888001,-0.205829,-1.982751,-1.982745,2.108035,2.445891,2.559454,2.593879,2.52936,-0.000781,-1.0,129.810226
0.028544,0.663758,-0.735136,-0.553622,-0.55361,1.961309,2.679323,2.930552,2.975874,2.996787,-0.001002,-1.0,129.091583
-0.426292,0.163407,-1.094134,0.456783,0.456766,0.818481,1.960228,2.261233,2.359874,2.444918,-0.001005,0.0,129.681229
0.600941,0.958646,-0.314783,-0.689166,-0.689134,0.911412,2.285718,2.719017,2.899183,3.056787,-0.000989,-1.0,128.787552
-0.293804,0.279469,-0.802587,-0.164541,-0.164557,0.477244,2.086702,2.572074,2.884984,3.08305,-0.000812,0.0,128.575623
0.661251,0.891246,-0.122186,-0.300966,-0.30095,0.527548,1.963611,2.670385,3.024489,3.21884,-0.001043,0.0,128.188675
-1.100464,0.028394,-1.391556,1.236255,1.236261,-0.594977,0.41531,1.228233,1.643566,1.82887,-0.00065,1.0,129.773422
0.248962,0.65443,-0.02846,-0.191696,-0.191714,-0.428218,0.256078,1.246262,1.681599,1.901261,-0.000704,0.0,129.524628
-0.184561,0.234243,-0.319429,0.213404,0.213406,-0.484097,-0.180302,0.830014,1.316715,1.579776,-0.000529,0.0,129.801041
-0.317346,0.021156,-0.620596,0.653037,0.653019,-0.812392,-0.964726,0.040443,0.5053,0.839502,-0.000618,1.0,130.648666
-0.238862,0.035129,-0.344239,0.380813,0.380826,-0.737663,-1.238577,-0.469764,0.08185,0.413379,-0.000646,0.0,131.14621
0.627114,0.746898,-0.634156,-0.295067,-0.295074,-0.293116,-0.81876,-0.325528,0.275517,0.643187,-0.000785,0.0,130.759232
-0.950593,0.048575,-1.061615,1.550167,1.550183,-1.323904,-2.098946,-1.912301,-1.261454,-0.917575,-0.000154,1.0,132.78624
0.152514,0.52686,-0.305027,0.090206,0.090195,-0.945582,-1.87729,-1.990061,-1.380587,-1.029323,-4.3e-05,0.0,132.906006
-0.51176,0.152145,-0.760723,0.242638,0.840344,-1.267516,-2.288545,-2.727887,-2.175537,-1.873548,0.000209,1.0,134.022873
0.193771,0.339104,-0.103802,-0.06916,-0.069188,-0.783428,-1.792202,-2.455462,-2.099842,-1.755484,0.000368,0.0,133.930145
0.256709,0.485671,-0.076321,-0.256052,-0.256025,-0.10536,-1.254626,-1.980726,-1.853054,-1.49891,0.000185,0.0,133.58725
-0.027639,0.20042,-0.193503,0.395471,0.395476,-0.300628,-1.301291,-2.146418,-2.238546,-1.852223,0.000158,0.0,134.115555
0.276621,0.54633,-0.020746,-0.069102,-0.069106,-0.065014,-0.918028,-1.818329,-2.121367,-1.774941,0.000121,0.0,134.022873
0.340413,0.639154,-0.215365,-0.456434,-0.456444,0.301518,-0.256636,-1.126495,-1.636014,-1.321276,-0.000286,0.0,133.411133
-0.458389,0.097235,-0.666754,0.027785,0.027781,0.201431,-0.111838,-0.891206,-1.527027,-1.356734,0.000323,0.0,133.448196
0.041665,0.270833,-0.569449,0.013894,0.013904,0.169443,0.077136,-0.720502,-1.376812,-1.377666,2.8e-05,0.0,133.466751
-0.637913,0.27042,-0.637913,0.152778,0.152786,-0.049933,-0.00937,-0.665178,-1.378038,-1.540526,0.000201,0.0,133.67067
0.45195,0.625778,-0.187737,-0.27735,-0.277356,0.119586,0.298282,-0.213912,-0.934488,-1.248504,-8.1e-05,0.0,133.299927
0.417802,0.724179,-0.181042,-0.14602,-0.146029,0.220046,0.376023,0.055058,-0.619458,-1.083977,-2.9e-05,0.0,133.10527
-0.388348,0.083225,-0.728157,0.410832,0.410836,-0.159495,-0.055473,-0.229326,-0.821689,-1.373716,4e-06,0.0,133.652115
-0.331282,0.386499,-0.538338,0.478503,0.478512,-0.512116,-0.478988,-0.529106,-1.125784,-1.688518,0.000166,0.0,134.291656
0.166129,0.553778,-0.145374,-0.296771,-0.296786,-0.182746,-0.199359,-0.1779,-0.668333,-1.270047,-2.7e-05,0.0,133.893097
-0.00691,0.241984,-0.442477,0.124596,0.124607,-0.193587,-0.320798,-0.244747,-0.63311,-1.235604,0.000361,0.0,134.059937
-0.249395,0.020782,-0.51957,-0.200493,-0.200484,0.109444,-0.092151,-0.055897,-0.316054,-0.881268,0.000359,0.0,133.791168
0.354311,0.354311,-0.305684,-0.284035,-0.284051,0.35849,0.189669,0.202868,0.05279,-0.442336,0.000925,0.0,133.411133
-0.214561,0.145353,-0.567547,0.375152,0.375147,-0.073354,-0.151564,-0.155486,-0.203448,-0.690818,0.001234,0.0,133.911621
-0.72489,0.096651,-0.869872,0.256098,0.256118,-0.274778,-0.363147,-0.403649,-0.403707,-0.803592,0.001168,0.0,134.254593
-0.309553,0.288917,-0.756684,0.358984,0.358969,-0.53105,-0.612911,-0.724579,-0.692018,-1.01188,0.001517,0.0,134.736526
-0.776355,0.149824,-0.783161,1.011213,1.011224,-1.187692,-1.387907,-1.586763,-1.609918,-1.842663,0.001909,1.0,136.099014
0.497645,0.804413,-0.115889,-0.102148,-0.102159,-0.711702,-1.117317,-1.362959,-1.434652,-1.600661,0.001975,0.0,135.959976
0.83041,0.885315,-0.144127,-0.668072,-0.668072,0.124907,-0.395991,-0.621324,-0.71752,-0.811727,0.00134,-1.0,135.051666
0.595692,0.851985,-0.013846,-0.919643,-0.919629,0.987733,0.522265,0.308,0.192556,0.139498,0.001098,-1.0,133.809692
-0.490066,0.165647,-0.800665,0.353266,0.353276,0.564587,0.184961,0.00366,-0.150491,-0.172026,0.001144,0.0,134.28241
1.354582,1.389676,-0.287752,-1.65655,-1.656562,1.646549,1.741295,1.635316,1.480206,1.450026,0.000374,-1.0,132.057938
0.070219,0.330011,-1.011095,-0.04211,-0.042117,1.089743,1.677438,1.594818,1.468198,1.434354,0.000233,0.0,132.002319
-0.879105,0.105488,-1.076024,-0.161491,-0.161486,0.758142,1.680848,1.632554,1.568672,1.543846,0.000278,0.0,131.789154
0.578774,0.861096,-0.282322,-0.358681,-0.358692,0.741122,1.823135,1.867602,1.844663,1.824123,-0.000358,0.0,131.316437
1.422626,1.789054,-0.330502,-1.76454,-1.764546,1.731584,3.207376,3.435857,3.507347,3.49736,-0.000977,-1.0,128.999298
-0.072107,0.468745,-0.519219,-0.366428,-0.366426,1.556217,2.997775,3.543195,3.709899,3.72598,-0.001379,0.0,128.526611
-0.599269,0.199757,-1.141465,1.081705,1.081714,0.148387,1.430408,2.255834,2.456306,2.507244,-0.000995,1.0,129.916901
0.149642,0.669804,-0.534416,0.12128,0.121291,-0.236582,0.92489,1.935293,2.17008,2.278745,-0.000869,0.0,130.074478
0.828017,1.815805,-0.014518,-1.895399,-1.895406,1.109817,2.388874,3.557526,3.897809,4.06479,-0.001633,-1.0,127.609039
-2.23464,0.049496,-2.609436,2.709189,2.709212,-1.241803,-0.557273,0.639249,1.043039,1.251652,-0.000707,1.0,131.066238
1.810441,2.062897,-0.223599,-1.958847,-1.958855,0.727057,1.152611,2.255709,2.855943,3.131261,-0.001208,-1.0,128.49884
4.109691,4.311443,-0.007468,-3.469415,-3.469428,3.399842,4.146302,5.290293,6.174996,6.527981,-0.002373,-1.0,124.040665
1.023327,1.8435,-1.422121,-0.694917,-0.694927,3.003781,4.176084,5.384514,6.482332,6.91258,-0.00261,-1.0,123.178673
-0.394991,1.311678,-0.722899,0.963129,0.963149,1.49948,2.623336,3.872902,5.068932,5.586222,-0.00234,1.0,124.365067
-1.236778,0.312918,-2.697061,0.029817,0.029808,0.397854,2.223215,3.312469,4.62226,5.244223,-0.002237,0.0,124.402138
-1.206964,0.681228,-1.703075,0.618389,0.618411,-0.750854,1.326895,2.310723,3.542736,4.321928,-0.001982,1.0,125.171455
-1.200869,0.32752,-1.200869,1.74009,1.740076,-1.928676,-0.607714,0.317317,1.433766,2.347302,-0.001539,1.0,127.349533
-0.327044,0.109007,-0.610473,0.145569,0.145567,-1.388083,-0.951313,-0.050883,0.991633,1.998536,-0.00165,0.0,127.534912
-1.795217,0.120636,-1.83779,2.420049,2.420039,-2.760222,-3.061081,-2.448016,-1.516702,-0.522806,-0.000745,1.0,130.621307
1.40338,1.540122,-0.179921,-1.40495,-1.404958,-0.693759,-1.856769,-1.068956,-0.326725,0.709908,-0.001255,-1.0,128.786133
-2.15788,1.978625,-2.15788,4.390073,4.390099,-3.491224,-5.54224,-4.936242,-4.429868,-3.574783,0.000276,1.0,134.439972
-2.416042,0.134597,-2.543912,2.440533,2.440521,-4.284271,-6.799245,-6.823247,-6.499092,-5.82085,0.001184,1.0,137.721008
-0.982884,0.1003,-1.484355,0.652804,0.652793,-3.30569,-6.289772,-7.016571,-6.859112,-6.328689,0.001276,1.0,138.620041
-0.814243,0.046344,-0.992983,1.002942,1.002949,-2.924665,-6.102869,-7.349393,-7.473519,-7.081688,0.001525,1.0,140.01033
0.251642,0.47679,-0.536387,-0.033101,-0.033098,-1.295277,-4.959934,-6.894906,-7.051187,-6.88855,0.001395,0.0,139.963989
-1.058515,0.197231,-1.380675,0.721814,0.721796,-1.075601,-4.520043,-6.972157,-7.275794,-7.302818,0.001298,1.0,140.974243
0.039018,0.435714,-0.442224,1.097961,1.097968,-1.476231,-4.492421,-7.117985,-7.8406,-8.014303,0.001698,1.0,142.522095
-0.104373,0.711022,-0.208746,-0.305652,-0.305621,-0.686259,-3.175497,-5.946096,-7.135376,-7.442423,0.001819,0.0,142.086517
-0.7288,0.116087,-1.167364,1.141552,1.141543,-1.292497,-3.35764,-6.110298,-7.623358,-8.142161,0.002506,1.0,143.708496
-0.006429,0.353268,-0.99557,0.412769,0.412759,-1.097051,-2.679685,-5.576895,-7.544481,-8.095577,0.002526,0.0,144.301666
-0.230696,0.40371,-0.538286,0.231229,0.231216,-0.818954,-2.199287,-4.897567,-7.199927,-7.862086,0.003155,0.0,144.635315
-0.255515,0.044709,-0.683492,0.32041,0.320409,-0.780567,-2.003185,-4.38581,-6.770671,-7.737837,0.003276,0.0,145.09874
-0.894332,0.031716,-1.021185,0.709039,0.70904,-0.926037,-2.179366,-4.210742,-6.641816,-7.947981,0.003566,1.0,146.127548
0.534655,0.566481,-0.292793,-0.348854,-0.348839,-0.316984,-1.451854,-3.188854,-5.585262,-7.131058,0.003569,0.0,145.617798
-0.653221,0.120498,-0.748347,0.362798,0.362781,-0.424902,-1.385068,-2.746898,-5.182632,-7.054018,0.004279,0.0,146.146072
-0.221033,0.45469,-0.549422,0.424919,0.42493,-0.555738,-1.407643,-2.598466,-4.848123,-6.949418,0.004542,0.0,146.76709
-0.201452,0.018885,-0.717658,0.315756,0.315776,-0.579183,-1.398192,-2.474472,-4.472478,-6.612295,0.004287,0.0,147.230545
-0.378099,0.296176,-0.378099,-0.100726,-0.100726,-0.349121,-0.959119,-1.992581,-3.711656,-5.86806,0.004213,0.0,147.082245
-0.793,0.193577,-0.811732,0.920028,0.919995,-0.877907,-1.543535,-2.50763,-3.989367,-6.077533,0.005151,1.0,148.435394
0.314802,0.365172,-0.54146,-0.824222,-0.291893,-0.336915,-1.005279,-1.86015,-3.059118,-5.164749,0.004151,0.0,148.002121
-0.734186,0.119228,-0.953818,0.333689,0.333678,-0.435511,-1.07452,-1.848848,-2.908234,-4.851855,0.004915,0.0,148.495972
0.093653,0.437061,-0.355899,0.50201,0.502032,-0.663374,-1.291092,-2.03898,-3.007264,-4.740391,0.006239,0.0,149.24147
0.175131,0.425315,-0.293971,-0.174825,-0.174834,-0.234557,-0.926711,-1.558913,-2.489678,-3.997756,0.006412,0.0,148.980545
0.594712,1.024924,0.0,-1.138358,-1.138362,0.757945,0.327257,-0.263525,-1.119929,-2.439772,0.005712,-1.0,147.284607
-0.214767,0.088433,-0.511653,0.158168,0.158167,0.533135,0.261794,-0.275692,-1.020055,-2.085926,0.005755,0.0,147.517563
-0.318567,0.456,-0.805792,1.124375,1.124382,-0.493472,-0.691501,-1.181575,-1.845685,-2.779477,0.005923,1.0,149.176224
0.120133,0.85356,-0.189683,-1.205567,-1.205565,0.467873,0.530329,0.127377,-0.483194,-1.331022,0.004942,-1.0,147.377808
-1.133255,0.112075,-1.282698,1.542743,1.542725,-0.968861,-0.825337,-1.236863,-1.742389,-2.535231,0.005407,1.0,149.651443
-0.714895,0.110937,-1.288054,1.033617,1.033632,-1.464317,-1.657217,-2.00121,-2.499939,-3.23637,0.004945,1.0,151.198288
-0.160234,0.406756,-0.838162,0.0,0.0,-0.977443,-1.445828,-1.778447,-2.271874,-2.939163,0.005413,0.0,151.198288
0.080107,0.388236,-0.24034,0.006168,0.006156,-0.714853,-1.272564,-1.588713,-2.060563,-2.674428,0.003952,0.0,151.207596
0.727032,1.162002,-0.515744,-0.825791,-0.82579,0.456106,-0.402649,-0.647981,-1.083004,-1.665661,0.002863,-1.0,149.958939
-0.58447,0.167882,-1.069453,-0.062133,-0.06212,0.547153,-0.281672,-0.462401,-0.896799,-1.396904,0.002625,0.0,149.865784
1.560921,1.624111,-0.341259,-1.610394,-1.610409,1.684786,1.36186,1.122351,0.787498,0.31856,0.001754,-1.0,147.452332
0.01885,0.672326,-0.458684,0.575069,0.575054,0.712555,0.835086,0.557571,0.283859,-0.147176,0.001957,1.0,148.300262
0.916499,1.19018,0.0,-1.275526,-1.275501,1.358192,1.948827,1.761711,1.567267,1.191352,0.001291,-1.0,146.408691
0.809684,1.013705,-0.803322,-0.171836,-0.171849,1.012433,2.040806,1.796201,1.705387,1.394513,0.000868,0.0,146.157089
-1.125437,1.502671,-1.238605,1.402612,1.402624,-0.608624,0.531902,0.353343,0.336525,0.048128,0.001437,1.0,148.207123
-0.815699,0.180568,-1.75592,0.974538,0.974528,-1.273975,-0.541718,-0.509752,-0.591216,-0.809645,0.001381,1.0,149.651443
-1.754391,0.0,-1.996372,2.926524,2.926519,-3.336956,-3.185717,-3.056656,-3.222011,-3.425171,0.002219,1.0,154.031021
-0.42301,0.368625,-0.676816,0.108889,0.10891,-2.431722,-3.097061,-2.944976,-3.14238,-3.337454,0.002178,0.0,154.198776
-0.627729,0.02391,-0.675557,1.081707,1.081701,-2.229933,-3.755014,-3.620501,-3.966347,-4.150234,0.002432,1.0,155.866745
0.689165,0.773062,0.0,-0.23914,-0.239161,-1.058293,-3.162327,-3.138953,-3.526679,-3.704062,0.002116,0.0,155.493973
-0.473173,0.389311,-0.473173,0.053941,0.053953,-0.349786,-2.692264,-3.003515,-3.31217,-3.572351,0.00225,0.0,155.577866
0.649586,0.932277,-0.066162,-0.419269,-0.419255,0.185246,-1.854933,-2.434749,-2.666011,-2.987615,0.00199,0.0,154.925598
-0.245938,0.245929,-0.539865,0.270668,0.270683,0.06236,-1.544624,-2.520572,-2.730217,-3.073146,0.001938,0.0,155.344955
0.428128,0.542697,-0.337673,-0.521871,-0.52188,0.41485,-0.48602,-1.811798,-1.988374,-2.427652,0.001659,-1.0,154.534241
1.022391,1.734415,-0.073034,-0.916539,-0.916559,1.033359,0.755237,-0.761927,-0.968536,-1.41699,0.001387,-1.0,153.117844
0.396202,0.621726,-0.81068,-0.158233,-0.158241,0.839957,1.125823,-0.368145,-0.756722,-1.114456,0.001028,0.0,152.875549
1.646295,2.045397,-0.174607,-2.255271,-2.255258,2.430785,3.151036,1.980959,1.473869,1.218258,0.000373,-1.0,149.427811
1.367799,1.714467,-0.573583,-1.066355,-1.066354,2.518754,3.832339,3.144451,2.453516,2.272931,-9.3e-05,-1.0,147.834381
0.062573,0.300373,-0.538173,0.724872,0.724892,1.025009,2.617626,2.525218,1.680828,1.577949,-1.9e-05,1.0,148.906021
-1.821189,0.036666,-1.90063,2.396747,2.396722,-1.423943,0.017728,0.312088,-0.613579,-0.725539,0.000838,1.0,152.474884
1.379787,1.472593,-0.216552,-1.228387,-1.22837,-0.499943,0.931191,1.601691,0.727003,0.493245,0.000808,-1.0,150.601929
1.026499,1.026499,-0.447929,-0.544481,-0.544507,0.092087,1.140365,1.968823,1.327931,1.005608,0.000574,-1.0,149.781891
1.002366,2.340935,-0.728426,-0.074661,-0.074643,0.412155,0.836756,1.843273,1.512574,1.039967,0.000174,0.0,149.67009
-0.500502,0.431684,-0.838336,-0.485618,-0.485626,0.907162,0.953459,2.03037,2.101483,1.505761,0.000414,0.0,148.943253
0.770384,1.114868,-0.181642,-0.112608,-0.11262,0.523623,0.775409,1.844351,2.235701,1.590892,-0.000138,0.0,148.775513
-1.320987,0.111107,-1.796299,1.465612,1.465638,-0.881495,-0.807417,0.169128,0.80215,0.216285,6e-06,1.0,150.956024
0.481659,0.901564,-1.160926,-0.037036,-0.037056,-0.696548,-0.67308,0.028416,0.735776,0.32235,-6e-06,0.0,150.900085
-0.541398,0.510645,-0.935148,0.370502,0.370529,-0.826886,-0.800428,-0.511885,0.27346,0.085383,0.000116,0.0,151.459213
-1.58539,0.060285,-2.266559,2.061035,2.061035,-2.100199,-2.436569,-2.518953,-1.79307,-1.71778,0.001078,1.0,154.580841
1.054747,1.194971,-0.067065,-1.12725,-1.127247,-0.452396,-1.300469,-1.419765,-0.760292,-0.47606,0.000723,-1.0,152.838333
-0.377502,0.024351,-1.485632,0.134131,0.13413,-0.312966,-1.273154,-1.544505,-0.976028,-0.520721,0.001304,0.0,153.043335
-0.806702,0.92281,-1.643955,-0.371408,-0.371431,0.265248,-0.728465,-1.044219,-0.687215,-0.190669,0.000989,0.0,152.474884
0.408685,1.604248,-0.109801,0.18945,0.18945,0.246446,-0.713667,-1.016217,-0.959491,-0.416976,0.001477,0.0,152.763748
-1.239992,0.018058,-1.956299,1.335856,1.335861,-1.046163,-1.64389,-2.067055,-2.256366,-1.757178,0.00198,1.0,154.804459
1.509548,1.799136,0.0,-2.305425,-2.305421,1.077017,0.839805,0.18936,-0.012017,0.44855,0.000744,-1.0,151.235565
-1.398858,0.121638,-2.14694,1.30622,1.306217,-0.204353,-0.313215,-0.988927,-1.290289,-0.908401,0.000854,1.0,153.211029
-0.464026,0.150657,-0.741229,0.924464,0.924475,-0.840071,-0.985299,-1.686962,-2.026342,-1.823799,0.000187,1.0,154.627426
0.588557,0.618897,-0.345849,-0.680971,-0.680968,-0.054615,-0.168683,-0.843403,-1.167716,-1.196781,-7.6e-05,-1.0,153.574463
-0.744524,0.024013,-1.080758,1.055764,1.055754,-1.048332,-1.172018,-1.610727,-1.9976,-2.21195,-8.5e-05,1.0,155.195831
0.096338,0.969462,-0.307105,-0.288199,-0.288204,-0.3083,-0.762929,-1.069023,-1.640873,-1.887155,-0.000101,0.0,154.74855
-0.279053,0.424652,-0.606649,-0.740658,-0.740662,0.486545,0.013963,-0.215953,-0.809258,-1.136121,-0.000366,-1.0,153.602386
-0.253295,0.192976,-0.735738,0.594523,0.594538,-0.121827,-0.44507,-0.649707,-1.24232,-1.58872,-2.8e-05,1.0,154.51561
0.024324,0.297912,-0.614053,-0.808112,-0.191165,0.153217,-0.15995,-0.340066,-0.905647,-1.234602,-0.000182,0.0,154.22023
-0.590688,0.024105,-0.638899,0.869411,0.869409,-0.663066,-0.971852,-1.157044,-1.54705,-1.914754,0.000281,1.0,155.561035
-0.02411,0.409782,-0.367603,0.018081,0.018098,-0.572982,-0.709955,-1.057061,-1.345901,-1.852437,0.000593,0.0,155.589188
-0.587105,0.0,-1.096335,0.590572,0.590554,-0.785396,-1.082214,-1.490358,-1.747715,-2.277702,0.000843,1.0,156.508026
-0.286736,0.065711,-0.830346,0.287561,0.287572,-0.758663,-1.217368,-1.582411,-1.836469,-2.375035,0.00169,0.0,156.958099
0.185528,0.275305,-0.305221,-0.185184,-0.185186,-0.262134,-0.836674,-1.233704,-1.488128,-2.015258,0.001984,0.0,156.667435
-0.820836,0.089227,-1.778486,0.616434,0.616429,-0.610274,-1.28958,-1.719166,-1.994846,-2.395054,0.001948,1.0,157.633179
-0.396895,0.035541,-0.657545,0.410423,0.410439,-0.676513,-1.469945,-1.824185,-2.223548,-2.553827,0.001286,0.0,158.280167
-0.502596,0.076871,-0.620854,0.183637,0.183629,-0.598393,-1.337218,-1.778797,-2.228474,-2.540353,0.001756,0.0,158.570816
0.047369,0.455921,-0.15987,-0.135996,-0.135997,-0.286578,-0.960392,-1.488101,-1.909659,-2.219317,0.001893,0.0,158.355164
-0.448084,0.218145,-0.571901,0.426314,0.426297,-0.4127,-1.078345,-1.677563,-2.129019,-2.443955,0.002059,0.0,159.030228
0.598879,0.652242,-0.053363,-0.566008,-0.566003,0.217027,-0.352792,-0.994179,-1.466757,-1.79886,0.002033,-1.0,158.130112
-1.372432,0.0,-1.395897,1.09695,1.096966,-0.672151,-1.166579,-1.8551,-2.266016,-2.688596,0.002436,1.0,159.864746
0.77257,0.790398,-0.540799,-1.307916,-1.307916,0.543164,0.22344,-0.378172,-0.826196,-1.279046,0.001511,-1.0,157.773849
0.658047,0.658047,-0.418759,-0.659654,-0.65966,1.003824,0.874608,0.377677,-0.100469,-0.514825,0.001304,-1.0,156.733078
-0.214836,0.077574,-0.525157,0.245276,0.245267,0.513223,0.656445,0.25502,-0.23214,-0.647392,0.001262,0.0,157.117493
1.302019,1.466295,-0.212951,-1.915621,-1.915605,1.954243,2.393519,2.150149,1.681041,1.274898,-6.3e-05,-1.0,154.107742
-0.991762,0.246441,-1.11799,1.222922,1.222909,0.226011,1.009804,0.933267,0.492464,0.173335,0.00072,1.0,155.99234
1.571554,1.60237,-0.00616,-2.470397,-2.470382,2.023906,3.14556,3.298401,2.989791,2.682489,-0.000148,-1.0,152.138733
0.599766,0.921292,-0.043277,-0.326636,-0.326641,1.68676,3.040867,3.4032,3.232544,2.940236,-0.000133,0.0,151.641785
-1.143069,0.030403,-1.155222,1.694185,1.694164,-0.384251,1.011749,1.574363,1.512447,1.24182,0.000368,1.0,154.210846
0.78653,1.013883,-0.589902,-1.051861,-1.051862,0.475614,1.722392,2.433751,2.494174,2.249723,-0.000428,-1.0,152.58876
-1.582339,0.036097,-1.582339,2.132237,2.132248,-1.6413,-0.659407,0.190922,0.362492,0.143096,0.001052,1.0,155.842331
0.785489,0.791575,-0.517561,-1.191271,-1.191253,-0.215565,0.292261,1.200337,1.49058,1.360397,0.000219,-1.0,153.985855
-1.988344,0.288338,-2.655132,1.363944,1.363934,-0.988774,-1.098701,-0.25831,0.097009,0.036757,0.000366,1.0,156.086121
0.301823,0.332007,-0.488952,-0.486572,-0.486565,-0.360991,-0.730424,0.070413,0.543268,0.554375,0.00043,0.0,155.32666
-0.24026,0.384407,-0.660704,0.501027,0.501018,-0.40723,-1.097367,-0.514949,-0.006911,0.067026,0.000245,0.0,156.104874
0.421355,0.469511,-0.180583,-0.216229,-0.216236,-0.201039,-0.897486,-0.474725,0.129118,0.28845,0.000269,0.0,155.767319
-0.444928,0.799655,-0.474993,0.114369,0.114367,-0.063726,-0.766591,-0.666582,-0.069441,0.159455,0.000554,0.0,155.945465
2.175789,2.347884,-0.024581,-2.176533,-2.176527,1.696379,1.500925,1.36079,1.96374,2.272406,-0.000369,-1.0,152.55127
-0.362873,0.479734,-0.848754,-0.06761,-0.067596,1.387531,1.453956,1.225159,1.816831,2.230878,-0.000328,0.0,152.448151
-0.697247,0.244645,-0.905196,0.559692,0.559682,0.457491,0.935782,0.626707,1.092661,1.548868,-0.000431,1.0,153.301376
-1.114126,0.433605,-1.114126,1.559635,1.559628,-1.094847,-0.623902,-0.931442,-0.593793,-0.077082,8.3e-05,1.0,155.692307
0.278877,0.636558,-0.200062,-0.662455,-0.662453,-0.601389,0.082456,-0.162064,-0.031519,0.488153,-0.000335,-1.0,154.660919
1.08909,1.242917,-0.381498,-1.473169,-1.473156,0.862653,1.335825,1.363102,1.32044,1.833854,-0.000922,-1.0,152.382523
0.356267,0.718672,-0.417695,0.172286,0.172291,0.714974,0.985857,1.120378,0.999677,1.491384,-0.000803,0.0,152.645065
-2.308431,0.3082,-2.465556,1.646187,1.646173,-0.676814,-0.710657,-0.406893,-0.602186,-0.228908,-0.00046,1.0,155.157867
-0.487343,0.818242,-0.559538,0.441148,0.44114,-1.093791,-1.141926,-0.844309,-1.043557,-0.770348,-0.000449,0.0,155.842331
-0.036084,0.571358,-0.637515,0.036097,0.0361,-0.970705,-1.180607,-0.798297,-0.95868,-0.854272,-0.000499,0.0,155.89859
-0.323756,0.233827,-1.025236,0.312738,0.312735,-0.767421,-1.243468,-1.094779,-1.115764,-1.172242,-0.000349,0.0,156.386139
0.257373,0.377081,-0.508772,0.167884,0.167891,-0.422584,-1.140843,-1.20429,-1.203691,-1.349858,-0.000435,0.0,156.648697
0.554751,0.916549,-0.144712,-0.736225,-0.736217,0.359376,-0.266526,-0.497673,-0.377476,-0.582494,-0.000492,-1.0,155.495422
-0.403638,0.295193,-1.096456,0.090454,0.090447,0.24218,-0.360264,-0.593211,-0.474127,-0.68149,-0.000827,0.0,155.636063
0.168228,0.540732,-0.348475,0.271099,0.271084,-0.008401,-0.540121,-0.857153,-0.676807,-0.849543,-0.000301,0.0,156.057968
-0.096451,0.458132,-0.476215,-0.330451,-0.330436,0.214599,-0.007235,-0.400266,-0.365002,-0.420521,-0.000191,0.0,155.542297
1.743857,1.750038,-0.358668,-2.519737,-2.519753,2.142114,2.510056,2.137993,2.088316,2.085224,-0.001113,-1.0,151.623016
-0.917874,0.534924,-1.082001,1.731487,1.731489,0.241939,0.706351,0.440514,0.290574,0.390751,0.000103,1.0,154.248352
1.006094,1.036584,-0.23171,-0.310009,-0.309977,0.310952,0.884735,0.669492,0.53748,0.649005,-0.000408,0.0,153.770218
-0.522257,0.133601,-1.275272,0.408535,0.408515,-0.312139,0.377118,0.24858,0.07834,0.2502,0.000551,0.0,154.398392
-0.075167,1.121128,-0.657649,-3.042445,-3.042441,2.035569,3.08029,3.27487,3.123507,3.225348,-0.000354,-1.0,149.700912
0.515751,0.515751,-0.717026,-0.419641,-0.419629,2.123391,3.006461,3.550309,3.444853,3.492528,-0.001058,0.0,149.072723
0.949487,1.322959,-0.107607,-0.635266,-0.635295,1.949637,3.167506,3.895869,3.931528,3.938744,-0.00092,-1.0,148.125671
-0.404219,0.018947,-1.357929,0.221551,0.22157,1.008018,2.455624,3.33438,3.457962,3.5119,-0.001556,0.0,148.453873
0.286677,0.611577,-0.503286,-0.858966,-0.858983,0.902095,2.740026,3.834714,4.100159,4.170491,-0.001446,-1.0,147.17868
0.274959,0.978323,-0.242985,-0.369499,-0.369488,0.858112,2.51359,3.776458,4.290238,4.395424,-0.002024,0.0,146.634872
-0.564434,0.260022,-0.564434,0.824857,0.824861,-0.133184,1.419333,2.530443,3.274671,3.416796,-0.001586,1.0,147.844406
-0.389894,0.521948,-0.71689,0.849829,0.849829,-0.843924,0.219467,1.380534,2.201291,2.432646,-0.00147,1.0,149.10083
0.601607,0.975235,-0.316636,-0.698025,-0.698032,-0.200114,0.538283,1.752054,2.656895,2.946491,-0.001631,-1.0,148.060059
0.177619,0.913476,-0.691446,-0.170987,-0.170984,0.055825,0.264529,1.554176,2.558997,2.937329,-0.001726,0.0,147.8069
-0.870062,0.371979,-0.870062,0.615327,0.61534,-0.276158,-0.414865,0.627104,1.673906,2.209181,-0.000795,1.0,148.716415
-0.217936,0.498125,-0.336244,1.254653,1.254643,-1.148196,-1.548573,-0.66584,0.212636,0.887916,-0.000354,1.0,150.582275
0.225141,0.687934,-0.062533,-0.435873,-0.435869,-0.605377,-0.997499,-0.42318,0.465602,1.189993,-0.000686,0.0,149.925934
-0.849628,0.206152,-1.286944,0.106325,0.106335,-0.44107,-0.993958,-0.692631,0.173967,0.929074,-0.001171,0.0,150.085358
-0.545537,0.266572,-0.588926,0.774655,0.774624,-0.751328,-1.48594,-1.594841,-0.75505,0.03027,-0.000692,1.0,151.247955
-0.649708,0.091945,-0.827454,1.140658,1.140657,-1.31411,-2.182634,-2.56204,-1.9583,-1.187108,0.00018,1.0,152.973175
-0.091861,0.287814,-0.398046,0.091945,0.091958,-1.074098,-1.92835,-2.475606,-1.999691,-1.370236,0.000153,0.0,153.113846
0.079821,0.442071,-0.343831,-0.263324,-0.263332,-0.448202,-1.433031,-2.017956,-1.79129,-1.182769,-0.000484,0.0,152.710648
-0.030645,0.288132,-0.349431,0.153497,0.153516,-0.226841,-1.264719,-1.972378,-1.968801,-1.404615,-0.00058,0.0,152.945084
0.321188,0.722676,-0.037059,-0.747916,-0.120309,0.091442,-0.82148,-1.610678,-1.904309,-1.372181,-0.000632,0.0,152.761078
-0.098731,0.178951,-0.160431,0.098829,0.098828,-0.015373,-0.645016,-1.434145,-1.89616,-1.538361,-0.000703,0.0,152.912048
0.627413,0.838617,-0.198777,-0.666421,-0.666434,0.494677,0.107853,-0.595167,-1.145139,-0.870667,-0.000981,-1.0,151.89299
0.870982,1.084035,-0.344635,-0.863461,-0.863452,1.087163,1.023299,0.336174,-0.202596,-0.104684,-0.001024,-1.0,150.581467
-0.745247,0.180098,-0.925354,0.896051,0.896062,0.055881,0.24757,-0.385071,-0.974478,-1.040287,-0.000755,1.0,151.930771
-0.323236,0.012435,-0.783237,-0.093162,-0.093171,0.021137,0.376718,-0.117266,-0.730255,-1.016757,-0.000876,0.0,151.789215
0.854916,1.074925,-0.213727,-1.112695,-1.112694,0.771935,1.314771,1.068091,0.502178,0.107658,-0.001137,-1.0,150.100266
0.075487,0.490627,-0.257887,-0.062865,-0.062865,0.583724,1.171315,1.106053,0.637446,0.195515,-0.000318,0.0,150.005905
-0.502894,0.502894,-0.710338,0.062905,0.062905,0.456374,0.933804,1.050235,0.607472,0.185147,-0.000874,0.0,150.100266
-0.343408,0.212285,-0.736768,0.678905,0.678908,-0.328427,0.132361,0.414436,0.030266,-0.419879,-0.000545,1.0,151.119308
0.732547,1.28197,-0.1642,-1.130119,-1.130116,0.492574,1.052722,1.480265,1.227342,0.778132,-0.001058,-1.0,149.411484
0.267378,0.56659,-0.070029,-0.802023,-0.802026,1.05042,1.552709,2.086637,2.028799,1.635529,-0.000311,-1.0,148.213165
-0.057472,0.523666,-0.185193,-0.311947,-0.311943,1.061372,1.590139,2.164101,2.252248,1.951033,-0.000275,0.0,147.750824
-0.082807,0.81539,-0.242063,0.249058,0.249055,0.542748,1.171489,1.703614,1.937214,1.671229,2e-05,0.0,148.118805
-1.314132,0.333258,-1.314132,1.312267,1.312264,-0.900396,-0.26345,0.25822,0.616094,0.407692,0.000383,1.0,150.062515
-0.462909,0.312774,-0.537971,0.515599,0.515604,-1.219821,-0.838237,-0.341137,0.086327,-0.027024,0.000842,0.0,150.836243
1.145288,1.233872,-0.101233,-1.138501,-1.13851,0.039238,0.237924,0.636977,1.109709,1.135084,0.000585,-1.0,149.118958
0.776292,0.93027,-0.307946,-1.373069,-1.373076,1.339587,1.433901,1.819479,2.311925,2.447591,-0.000147,-1.0,147.071442
-0.639018,0.351452,-0.715707,0.397774,0.397781,0.875451,0.866509,1.284002,1.735414,1.980209,-0.000298,0.0,147.656464
-0.222995,0.407773,-0.764573,0.293943,0.29395,0.313471,0.366357,0.814271,1.273333,1.627435,3.3e-05,0.0,148.0905
-1.27177,0.388429,-1.397066,1.701177,1.70116,-1.394552,-1.232914,-0.924262,-0.492091,-0.089441,0.000657,1.0,150.609756
0.257945,0.585095,-0.006288,-0.419746,-0.419741,-0.86442,-0.698955,-0.512101,-0.170485,0.251798,0.000312,0.0,149.977585
0.106471,0.63878,-0.144036,0.459261,0.459277,-0.840437,-0.959425,-0.937712,-0.667588,-0.271507,4.6e-05,0.0,150.666397
0.356612,0.644394,-0.206457,0.100202,0.100192,-0.52052,-0.879627,-1.005166,-0.75919,-0.421541,0.000225,0.0,150.817352
1.358385,1.536127,0.0,-1.438941,-1.438926,1.006717,0.472251,0.329221,0.579211,0.916585,-0.00029,-1.0,148.647202
1.237819,1.539257,0.0,-1.028307,-1.028307,1.581571,1.263456,1.267733,1.465485,1.811688,-0.000891,-1.0,147.118652
-0.592012,0.572926,-0.738432,0.750384,0.750386,0.588191,0.448775,0.513919,0.646434,0.926846,-0.001021,1.0,148.22261
1.279637,1.617412,-0.019486,-1.998854,-1.998874,1.895432,2.372857,2.449721,2.535898,2.802738,-0.001718,-1.0,145.259827
0.45366,0.648088,-0.149058,0.22735,0.227359,0.94621,1.9987,2.101529,2.148409,2.432402,-0.001554,0.0,145.590088
0.308391,0.501124,-0.636036,0.874913,0.874925,-0.172185,1.030508,1.070769,1.117563,1.405966,-0.001314,1.0,146.863892
0.450506,0.450506,-0.308927,-0.173459,-0.173467,-0.068223,0.933191,1.054181,1.197701,1.440848,-0.001332,0.0,146.609131
-0.767348,0.322414,-0.806036,-0.193077,-0.193075,-0.134128,0.878898,1.122424,1.328984,1.533912,-0.001429,0.0,146.326065
-0.186575,0.128683,-1.460458,0.225684,0.225692,-0.168567,0.378301,0.875842,1.063492,1.213915,-0.001132,0.0,146.656311
0.897122,1.172152,-0.006555,-1.749975,-1.749977,1.401343,1.69929,2.507571,2.723775,2.849832,-0.001427,-1.0,144.089859
0.546339,1.138211,0.0,0.681025,0.681017,0.468297,0.764881,1.675446,1.856908,1.98738,-0.001499,1.0,145.071136
-0.135522,0.587289,-0.290414,0.780486,0.780489,-0.365276,-0.078089,0.687102,0.909645,1.109774,-0.001208,1.0,146.2034
-0.031957,0.191732,-0.524067,0.980964,0.980944,-1.155476,-1.088371,-0.396652,-0.120776,0.111984,-0.00051,1.0,147.637573
-0.184969,0.191353,-0.318918,0.19812,0.198138,-1.178723,-1.103456,-0.716928,-0.289261,-0.081136,-0.000423,0.0,147.930099
0.365389,0.641026,-0.064106,-0.497512,-0.497527,-0.262812,-0.499986,-0.384601,0.193602,0.393344,-0.000609,0.0,147.194107
0.260867,0.489918,-0.305399,0.749999,0.750001,-0.570079,-1.143973,-1.141852,-0.54526,-0.401594,-0.000586,1.0,148.298065
-0.12126,0.433973,-0.165938,-0.305399,-0.305386,-0.043409,-0.757552,-0.806267,-0.334104,-0.177427,-0.000311,0.0,147.845184
-0.222754,0.337321,-0.540982,0.274423,0.27443,-0.234226,-0.899321,-1.076467,-0.665104,-0.474042,4.8e-05,0.0,148.250916
0.635596,0.911658,-0.269645,-0.86558,-0.865593,0.505908,-0.012837,-0.135246,0.076404,0.392145,-0.000137,-1.0,146.967667
0.115818,0.579109,-0.624157,-0.224699,-0.224696,0.656325,0.386069,0.137268,0.159253,0.590433,-0.000295,0.0,146.637436
1.618728,2.802677,-0.321068,-3.802847,-3.802849,3.609369,4.070233,3.82163,3.849835,4.367626,-0.002,-1.0,141.061035
-0.31474,0.984398,-0.421888,-0.113711,-0.11371,2.741579,3.812358,3.669724,3.747405,4.210807,-0.002209,0.0,140.900635
-0.047077,0.195006,-0.679181,-0.415184,-0.415191,2.038869,3.723355,3.816378,3.898194,4.36985,-0.001968,0.0,140.315628
-1.495596,0.403679,-1.846333,1.613875,1.61388,-0.197206,1.700748,1.976927,2.154062,2.485344,-0.000973,1.0,142.580154
-0.0066,0.158471,-0.488604,0.224999,0.225007,-0.94421,1.172,1.692522,1.830634,2.033671,-0.00103,0.0,142.90097
-0.376068,0.105555,-0.818107,0.079241,0.079219,-0.74948,0.722449,1.51614,1.615436,1.795353,-0.001102,0.0,143.014175
0.786311,0.971324,-0.204835,-0.151752,-0.15173,-0.333031,0.521999,1.51138,1.636377,1.82899,-0.001719,0.0,142.79718
0.446308,1.105785,-0.786033,-0.806133,-0.806135,0.6648,0.872633,2.054354,2.29716,2.470822,-0.001848,-1.0,141.646042
0.352393,0.757978,-0.192815,0.186517,0.186515,0.382979,0.328458,1.58156,1.939495,2.18564,-0.001939,0.0,141.910233
0.556262,1.47673,-0.059597,0.405586,0.40557,-0.080778,-0.368174,0.950945,1.471439,1.685732,-0.001837,0.0,142.485779
1.092057,1.313149,-0.241191,-1.158864,-1.158852,0.781189,0.783869,1.781235,2.510721,2.70669,-0.001744,-1.0,140.834579
-0.275373,0.745518,-0.490291,-0.247887,-0.247883,0.702526,1.004764,1.684909,2.561954,2.787558,-0.001484,0.0,140.485474
-0.819892,0.105785,-0.892625,1.57835,1.578345,-0.714102,-0.397385,-0.154283,0.795421,1.088863,-0.001208,1.0,142.70282
1.02371,1.02371,-0.148169,-1.82492,-1.824924,0.872849,1.276946,1.374828,2.389554,2.780719,-0.00115,-1.0,140.098602
-0.861836,0.127931,-1.649607,0.026945,0.026957,0.51036,1.052373,1.038234,2.110144,2.640173,-0.001217,0.0,140.136368
0.40706,0.786977,-0.217091,-0.754114,-0.754118,1.021712,1.537314,1.710991,2.554615,3.247761,-0.00176,-1.0,139.079575
-0.418124,0.155109,-0.647418,0.597018,0.597023,0.339893,0.728345,1.060149,1.662389,2.455077,-0.001503,1.0,139.909912
-1.21282,0.0469,-1.92978,0.647428,0.647422,-0.573576,0.021437,0.433748,0.744433,1.602246,-0.001223,1.0,140.81572
0.215769,0.411301,-0.289929,-0.623162,-0.623178,0.026987,0.507735,0.937691,1.125024,2.010938,-0.001506,-1.0,139.938187
0.22623,1.151716,-0.404467,-1.645205,-0.960714,0.774677,1.201873,1.709635,1.815782,2.752262,-0.001243,-1.0,138.593781
0.809201,1.060334,-0.006983,-1.727558,-1.727546,2.123292,2.640601,3.164041,3.427147,4.203241,-0.002045,-1.0,136.199509
1.00641,2.273215,-0.119641,-0.878975,-0.878986,2.301865,3.144646,3.693955,4.125867,4.746772,-0.002599,-1.0,135.002335
-1.053548,2.532829,-3.304952,-2.470261,-2.470277,3.503403,4.919012,5.815118,6.434801,6.896045,-0.003749,-1.0,131.667404
3.065971,3.211275,-0.181633,-0.678311,-0.678274,2.808759,4.922506,5.970046,6.71027,7.130739,-0.004041,-1.0,130.774338
-1.90583,0.049041,-2.93582,3.690789,3.690761,-1.292032,0.853431,1.859669,2.642858,2.991977,-0.002645,1.0,135.600906
-0.104235,0.729675,-1.785957,0.826789,0.826805,-2.025022,-0.146023,0.823865,1.571055,2.020474,-0.002619,1.0,136.722061
-0.825188,0.076278,-0.977744,0.215436,0.21543,-1.941619,-0.571841,0.438345,1.141766,1.687775,-0.002446,0.0,137.016602
0.605038,1.188971,-0.08442,-1.435412,-1.435411,-0.012661,0.449202,1.52326,2.370496,3.012704,-0.003016,-1.0,135.04985
0.707578,1.436827,-0.404331,-2.560855,-2.560846,2.739342,2.454864,3.760453,4.668868,5.386006,-0.003581,-1.0,131.591431
-0.495619,0.0,-1.416029,1.978343,1.978322,0.536685,0.139487,1.452384,2.329433,3.082066,-0.002846,1.0,134.194733
0.141101,0.818392,-0.303377,0.354007,0.354024,-0.122766,-0.327369,0.876185,1.739555,2.470572,-0.001461,0.0,134.669815
0.071515,0.593537,-0.486264,-1.340489,-1.340491,0.60927,0.86599,1.893285,2.835104,3.563815,-0.00187,-1.0,132.864578
-0.962135,0.083671,-1.331652,2.567218,2.567215,-1.729061,-1.320499,-0.879171,0.025363,0.814018,-0.000876,1.0,136.275497
2.839699,3.187566,-0.205874,-1.791809,-1.791802,0.39897,0.708497,0.625199,1.616264,2.411973,-0.002011,-1.0,133.83371
0.156273,0.802674,-0.44751,-0.056795,-0.056813,0.390692,0.627942,0.441361,1.435586,2.209177,-0.002105,0.0,133.757675
-0.46014,0.049559,-1.054786,0.340955,0.340956,-0.018398,0.09912,0.001426,0.909638,1.66455,-0.002018,0.0,134.21373
0.50423,0.546839,-0.553937,-0.318559,-0.31856,0.438894,0.177553,0.260407,1.00326,1.789149,-0.002073,0.0,133.786179
-1.420618,0.167124,-1.782739,1.981399,1.981418,-1.488873,-1.667145,-1.454516,-1.119618,-0.372231,-0.001144,1.0,136.437042
-0.478503,0.180312,-0.68654,0.417821,0.417803,-1.435502,-1.680991,-1.561248,-1.637994,-0.877005,-0.001067,0.0,137.00708
0.60161,1.818822,-0.3008,-0.866852,-0.866833,-0.270035,-0.701653,-0.68976,-0.880037,-0.137398,-0.001491,-1.0,135.819458
1.110158,1.203272,-0.293646,-2.329487,-2.329486,1.87365,1.514816,1.47447,1.350442,2.050665,-0.001881,-1.0,132.655563
0.328483,0.742651,-0.492707,0.300815,0.300815,1.458153,1.224643,0.97162,0.973286,1.538512,-0.001698,0.0,133.054611
0.181133,0.355014,-0.557893,-1.442437,-1.44243,2.134458,2.314137,2.250378,2.430787,2.729292,-0.002705,-1.0,131.135391
0.631988,0.900763,-0.581144,-0.260832,-0.260853,1.451411,2.349267,2.477118,2.699405,2.718292,-0.002184,0.0,130.79332
-0.690505,0.32708,-1.591803,-0.058116,-0.05811,0.729761,2.176187,2.359352,2.572319,2.536993,-0.002212,0.0,130.717316
0.04299,0.401259,-0.709366,1.43916,1.439155,-0.70793,0.604765,0.803004,0.961598,0.973635,-0.001481,1.0,132.598541
-0.057813,0.953889,-0.057813,-0.845509,-0.845491,-0.101182,1.287022,1.592216,1.611847,1.727398,-0.001962,-1.0,131.477432
-2.069946,0.430944,-2.204175,2.290792,2.290755,-1.839615,-1.126083,-0.77144,-0.684545,-0.466813,-0.001414,1.0,134.489258
0.529026,1.029831,-0.89582,0.155423,0.155436,-1.412143,-1.450934,-0.882646,-0.723351,-0.504757,-0.001155,0.0,134.698303
1.001423,1.207384,-0.866478,-0.684207,-0.684207,-0.275566,-0.924709,-0.198859,-0.055038,0.12614,-0.001063,-1.0,133.776688
-2.877092,0.069837,-3.233233,1.704541,1.704548,-1.438548,-2.335193,-1.781189,-1.679119,-1.571507,8.2e-05,1.0,136.056976
-1.380538,0.191361,-1.838438,2.178778,2.178772,-2.454898,-3.988517,-3.624474,-3.554196,-3.612629,0.001101,1.0,139.021347
0.137192,0.583035,-0.267507,-0.362229,-0.362226,-1.51862,-3.106518,-3.173965,-3.122636,-3.162076,0.001803,0.0,138.517776
-0.542218,0.677782,-0.955665,1.200357,1.200355,-1.904564,-3.586141,-4.171515,-4.045337,-4.065602,0.00243,1.0,140.180481
-1.893231,0.05352,-1.933369,1.3149,1.314898,-2.016321,-4.04134,-5.123978,-4.999659,-5.090173,0.001638,1.0,142.023712
-0.226815,0.500334,-0.400261,0.280973,0.280983,-1.396937,-3.620418,-4.932624,-4.977654,-5.138362,0.001456,0.0,142.422775
0.133278,0.3332,-0.346531,0.10674,0.10673,-1.003598,-2.944822,-4.588827,-4.770753,-4.967076,0.00142,0.0,142.574783
-0.134127,0.596874,-0.254849,-0.633078,-0.633063,0.072417,-1.819476,-3.485136,-3.979288,-4.209253,0.001687,-1.0,141.672195
0.458463,0.90345,-0.0944,-0.529806,-0.529811,0.710617,-0.85492,-2.491921,-3.32896,-3.497853,0.002364,-1.0,140.9216
0.301627,0.462499,-0.784234,0.586566,0.586556,0.084462,-0.8707,-2.541724,-3.683554,-3.835107,0.0019,1.0,141.748184
0.719574,0.726296,-0.820445,-0.328444,-0.328442,0.252865,-0.174172,-1.810801,-3.060856,-3.318085,0.001673,0.0,141.282623
-0.02027,0.283782,-0.520273,-0.470744,-0.470748,0.448657,0.411491,-0.91306,-2.33344,-2.66648,0.001963,0.0,140.617538
-1.113275,0.37556,-1.327876,0.750001,0.750018,-0.299118,-0.113351,-1.31269,-2.688631,-3.243254,0.001357,1.0,141.672195
-0.213594,1.047919,-0.614079,0.476163,0.476163,-0.571366,-0.434535,-1.422167,-2.743975,-3.551743,0.002113,0.0,142.346786
-2.987182,0.666662,-3.429491,4.124945,4.12493,-3.637174,-3.960892,-4.677775,-6.006408,-7.037945,0.003507,1.0,148.218491
0.481417,0.898651,-0.828033,-0.13462,-0.134615,-2.59708,-3.453362,-4.010524,-5.358814,-6.497462,0.003348,0.0,148.018967
-0.306628,0.14054,-0.574929,0.481417,0.481415,-1.972651,-3.501973,-4.035173,-5.232206,-6.523823,0.003615,0.0,148.731552
-0.465767,0.172273,-1.052762,0.121377,0.121388,-1.119127,-3.132782,-3.686176,-4.862829,-6.159645,0.002995,0.0,148.912094
-1.005818,0.158148,-1.189274,0.861358,0.86135,-0.918526,-3.342614,-4.064189,-5.159416,-6.444336,0.003143,1.0,150.194748
0.088826,0.190345,-0.463166,-0.297318,-0.297323,-0.418753,-2.520142,-3.434212,-4.343314,-5.657,0.003332,0.0,149.748184
0.375292,0.935046,0.0,-0.253787,-0.253773,0.015254,-1.730819,-2.878541,-3.654363,-4.967893,0.004024,0.0,149.368164
-1.507005,0.106302,-1.613308,1.723803,1.723794,-1.256875,-2.650698,-4.113305,-4.861806,-6.039521,0.004499,1.0,151.942963
0.45984,0.661419,-0.050395,-0.731615,-0.731623,-0.274638,-1.325976,-3.001778,-3.752435,-4.913632,0.004736,-1.0,150.831314
0.056633,0.358689,-0.188788,0.10079,0.10079,-0.270589,-0.85331,-2.655168,-3.491595,-4.577934,0.004856,0.0,150.983337
0.245298,0.371091,-0.452859,0.050344,0.050339,-0.147172,-0.715133,-2.293219,-3.241077,-4.168306,0.004892,0.0,151.059341
-0.778595,0.0,-0.960693,0.169816,0.169831,-0.059028,-0.66558,-2.016829,-3.111266,-3.927417,0.004469,0.0,151.315887
0.762048,0.762048,-0.457231,-1.123945,-1.123949,0.765856,0.522639,-0.502106,-1.774624,-2.552106,0.004376,-1.0,149.615173
-0.228441,0.03173,-0.736089,0.076202,0.076205,0.54191,0.500666,-0.219134,-1.580367,-2.326798,0.003638,0.0,149.729187
-0.748194,0.276644,-0.949393,0.926459,0.926447,-0.363403,-0.360886,-0.748186,-2.146488,-2.933913,0.003895,1.0,151.116348
0.946894,1.273186,-0.089571,-1.729016,-1.729004,1.045421,1.308376,1.010871,-0.197381,-1.051572,0.003547,-1.0,148.50354
0.224867,0.815936,-0.032116,-0.415873,-0.415872,1.003533,1.631222,1.426705,0.44266,-0.490587,0.00284,0.0,147.885956
-1.643389,0.031596,-1.643389,1.644724,1.644711,-0.537258,-0.121355,-0.144108,-0.859928,-1.894692,0.002662,1.0,150.318253
0.846973,0.955231,-0.324776,-0.745849,-0.745834,0.138821,0.519639,0.618984,0.13723,-0.955746,0.002534,-1.0,149.197128
-0.768795,0.069891,-0.832325,0.229256,0.887768,-0.821374,-0.395561,-0.25194,-0.472383,-1.572178,0.00243,1.0,150.521652
-0.473545,0.082075,-1.054425,0.629015,0.629028,-1.049844,-0.991173,-0.799744,-0.987243,-1.930751,0.002201,1.0,151.468475
-0.169867,0.559924,-0.383769,0.359889,0.359901,-0.861625,-1.30033,-1.039468,-1.210922,-2.000068,0.002228,0.0,152.013611
0.15758,0.705963,-0.30885,-0.18874,-0.18875,-0.488493,-0.974516,-0.86183,-0.925403,-1.521871,0.002129,0.0,151.726685
-0.240891,0.374007,-0.545167,-0.567283,-0.567282,0.300473,-0.334208,-0.294697,-0.295409,-0.716275,0.002151,-1.0,150.865967
0.272786,0.532891,0.0,-0.076067,-0.076058,0.407274,-0.282566,-0.22907,-0.201061,-0.417702,0.002302,0.0,150.751221
-0.303823,0.316476,-0.664601,0.228383,0.228369,0.129127,-0.338227,-0.454802,-0.383867,-0.568436,0.002183,0.0,151.09549
0.970752,1.20705,-0.006383,-0.892463,-0.892459,0.728063,0.683503,0.371753,0.525822,0.3731,0.001995,-1.0,149.747025
-0.312294,0.490761,-0.465262,0.204363,0.204355,0.299566,0.460497,0.186511,0.257836,0.203629,0.00222,0.0,150.05304
0.757873,0.995506,-0.122031,-0.764816,-0.764816,0.809256,1.215165,0.921777,0.965865,0.975729,0.001715,-1.0,148.905411
1.412095,1.632329,-0.433993,-0.847779,-0.84777,1.250153,1.885602,1.627843,1.716021,1.769958,0.001274,-1.0,147.643036
-2.167873,0.107444,-2.306911,2.487366,2.487357,-1.178104,-0.597263,-0.714766,-0.744153,-0.658557,0.000728,1.0,151.315445
-0.139462,0.158479,-0.595881,-0.297055,-0.297047,-0.735346,-0.377181,-0.287279,-0.463349,-0.322875,0.000674,0.0,150.865967
-0.223223,0.682447,-0.707953,-0.608562,-0.608557,-0.141594,0.114163,0.306778,0.157191,0.23421,0.000311,-1.0,149.947861
0.076895,1.403398,-0.711311,-0.471963,-0.471976,0.376807,0.479979,0.784368,0.615766,0.666888,0.000113,0.0,149.240143
-1.136369,0.742762,-1.225246,0.942006,0.942017,-0.161256,-0.464711,-0.150675,-0.338818,-0.281519,0.00014,1.0,150.646011
0.465027,1.01401,-0.264809,-1.707721,-1.707723,1.135437,1.060514,1.431244,1.378164,1.370321,-0.000331,-1.0,148.073395
-1.484497,0.088815,-2.087172,1.808437,1.808445,-0.676276,-0.668033,-0.426327,-0.327605,-0.445324,0.000357,1.0,150.751221
2.605819,3.301154,-0.708839,-6.026771,-6.026773,4.524398,5.110366,5.486162,5.759289,5.714949,-0.002227,-1.0,141.665787
-1.200402,0.393462,-1.473819,1.228645,1.228635,2.442158,3.451158,3.85907,4.273763,4.255501,-0.001573,1.0,143.406342
0.873354,1.350349,-0.013439,-0.733572,-0.73356,2.034256,3.844128,4.233332,4.757462,4.779728,-0.001851,-1.0,142.35437
0.878035,1.143485,-0.108905,-1.296613,-1.29662,2.297855,4.439154,5.100282,5.743603,5.928569,-0.0023,-1.0,140.508575
0.06781,0.576353,-0.535662,0.381158,0.381165,0.532953,3.346215,4.289843,4.95321,5.332307,-0.00223,0.0,141.044144
-0.570589,0.349066,-1.134458,1.01031,1.010292,-0.359794,1.787621,2.891869,3.578584,4.058412,-0.001518,1.0,142.469101
-0.972481,0.27785,-1.084943,1.470097,1.470099,-1.643286,-0.010576,1.200942,1.859956,2.422604,-0.001054,1.0,144.563538
-0.244722,0.403466,-0.403466,0.019845,0.019854,-1.353267,-0.449103,1.040192,1.62676,2.238243,-0.001356,0.0,144.592239
-0.059513,0.36371,-0.628222,0.019842,0.01984,-0.804127,-0.707575,0.711549,1.382755,2.02857,-0.000773,0.0,144.620926
-0.451306,0.242001,-0.582117,1.10435,1.10434,-1.179927,-2.102154,-0.600419,0.154698,0.755588,-0.000266,1.0,146.218033
0.579283,1.178325,-0.118496,-0.64098,-0.640957,-0.15537,-1.22179,-0.173361,0.636547,1.228081,-0.001028,-1.0,145.280838
0.723577,0.982472,-0.006634,-0.836025,-0.836036,0.617367,-0.343202,0.428839,1.317049,1.892725,-0.001058,-1.0,144.066238
