-1.033661,0.55874,-1.773985,-0.236909,-0.236914,1.313033,2.561811,3.193187,3.265824,3.182573,-0.001256,0.0,62.54808
0.250487,0.403564,-0.389645,0.377155,0.377158,0.489835,1.856378,2.546612,2.801971,2.690226,-0.001033,0.0,62.783985
0.956669,0.984802,-0.436135,-1.085443,-1.085449,1.13112,2.474673,3.342711,3.771103,3.666291,-0.00141,-1.0,62.102497
-0.559677,0.0,-1.259271,0.548676,0.54868,0.114733,1.47474,2.402869,2.95998,2.978029,-0.001166,0.0,62.443241
-1.000279,0.083354,-1.166996,0.713589,0.713581,-0.533479,0.500139,1.396685,2.074884,2.163937,-0.000536,1.0,62.888824
-0.716545,0.330712,-1.088605,0.819668,0.81967,-1.072064,-0.563591,0.427175,1.081718,1.282628,-0.000412,1.0,63.404305
0.152779,1.083332,-0.027774,-0.785449,-0.785456,-0.249991,0.022232,1.02223,1.697927,2.031678,-0.00172,-1.0,62.906292
0.730138,1.046979,-0.151526,0.819439,0.819454,-0.644718,-0.80865,0.013776,0.733573,1.161044,-0.000929,1.0,63.42178
-0.535935,0.178652,-0.700831,0.247969,0.247961,-0.533183,-1.103469,-0.40309,0.296834,0.789895,-0.001243,0.0,63.579041
-0.440527,0.137664,-0.495595,-0.178642,-0.178642,-0.173458,-0.805338,-0.333146,0.313192,0.883265,-0.001152,0.0,63.465462
0.231953,0.532131,-0.463916,0.894827,0.894844,-0.862344,-1.453146,-1.314428,-0.635164,-0.101529,-0.000728,1.0,64.033379
-0.39661,0.232492,-0.437637,-0.231953,-0.231956,-0.325504,-1.051709,-1.115076,-0.475261,0.047032,-0.001359,0.0,63.88485
0.973569,1.961051,-0.013912,-1.668491,-1.668505,1.173856,0.741309,0.486789,1.023645,1.594995,-0.001803,-1.0,62.818928
1.071276,1.171261,-0.228544,-2.628651,-2.628646,3.116699,3.252388,2.90244,3.421649,4.023993,-0.002447,-1.0,61.167641
0.790236,0.90518,-0.531602,-0.585636,-0.585635,2.850581,3.518678,3.301725,3.72773,4.325862,-0.002708,-1.0,60.809422
-0.803851,0.438473,-1.096171,-1.695402,-1.695402,3.200822,4.697457,4.774433,5.082578,5.790118,-0.00372,-1.0,59.778458
-0.217678,0.145114,-0.84168,0.716174,0.716169,1.245099,3.504568,3.74401,4.005945,4.733124,-0.003403,1.0,60.206573
0.229846,0.933775,-0.215489,1.015813,1.015809,-0.430968,2.035632,2.559981,2.73668,3.39147,-0.002495,1.0,60.818157
-0.170399,0.710026,-0.241406,1.163622,1.163625,-1.459808,0.528266,1.280891,1.362545,1.963651,-0.002307,1.0,61.525852
0.226282,0.947529,-0.452553,0.411816,0.411809,-1.549985,-0.156967,0.745779,0.872589,1.369547,-0.001596,0.0,61.779221
0.056443,0.634961,-0.211658,0.226282,0.226303,-1.080867,-0.723874,0.358387,0.59403,0.943684,-0.001066,0.0,61.919029
-0.537794,0.707614,-0.608549,-0.296316,-0.296321,-0.291547,-0.77697,0.530229,0.808084,1.085751,-0.00144,0.0,61.73555
-0.989825,0.197964,-1.06052,0.084909,0.084907,-0.062219,-1.028001,0.268662,0.697111,0.886873,-0.000588,0.0,61.787968
-0.014143,0.325221,-0.579755,0.0,0.0,0.022624,-0.927605,0.075413,0.644085,0.750562,-0.000485,0.0,61.787968
0.18295,0.39403,-0.239233,0.480765,0.480757,-0.357431,-1.196164,-0.551637,0.097812,0.22911,-0.00044,0.0,62.085018
0.435207,0.477323,-0.477333,0.239241,0.239241,-0.494171,-1.037483,-0.981794,-0.235153,-0.030323,0.000136,0.0,62.233551
-0.608578,0.318113,-0.788382,1.502176,1.502186,-1.513147,-2.033203,-2.52283,-1.69088,-1.485486,0.00055,1.0,63.168415
-0.06805,0.081652,-0.721293,1.632088,1.632088,-2.343501,-3.079755,-3.944844,-3.209043,-2.936861,0.00095,1.0,64.199379
-0.380175,0.0,-0.583844,0.231354,0.231356,-1.773257,-2.864906,-3.837074,-3.372715,-3.042506,0.000694,0.0,64.347908
-0.122095,0.040699,-0.732602,0.081462,0.081454,-1.134167,-2.536961,-3.543612,-3.378776,-3.027536,0.001071,0.0,64.400322
-0.204166,0.231384,-0.272225,-0.325598,-0.325587,-0.201446,-1.864712,-2.770299,-3.050912,-2.661775,0.000573,0.0,64.190643
0.493964,0.603736,-0.370467,-0.803054,-0.803052,0.765641,-0.765645,-1.620019,-2.282524,-1.825472,0.000116,-1.0,63.675159
-0.16518,0.275287,-0.605648,-0.31558,-0.315599,0.856168,-0.185815,-1.029587,-1.921535,-1.51135,5.6e-05,0.0,63.474201
-0.633869,0.344495,-0.68899,-0.11012,-0.110117,0.669704,0.179144,-0.722973,-1.637034,-1.413801,-0.00038,0.0,63.404305
-0.562729,0.137247,-0.658803,0.399616,0.399613,0.035691,0.027458,-0.921393,-1.804824,-1.794118,-0.000106,0.0,63.657677
-0.192571,0.247593,-0.46767,-0.219605,-0.21959,0.044012,0.449793,-0.535535,-1.294362,-1.610456,0.000524,0.0,63.517891
0.371344,0.398846,-0.508875,0.013758,0.013758,-0.016512,0.492363,-0.361257,-1.046628,-1.646546,0.001673,0.0,63.52663
-0.429191,0.069218,-1.052197,-0.660151,-0.660164,0.531636,0.987127,0.440263,-0.207667,-0.974662,0.001641,-1.0,63.10725
-1.044568,0.027851,-1.183852,-0.59532,-0.595314,0.919216,1.334257,1.142057,0.486069,-0.281899,0.002119,-1.0,62.731564
0.196297,0.911387,-0.028038,-0.668528,-0.668533,1.166579,1.68116,1.847079,1.205138,0.485703,0.001517,-1.0,62.312183
0.337455,0.421815,-0.168733,-0.280422,-0.280432,1.006758,1.636678,2.123182,1.507322,0.920144,0.000953,0.0,62.13744
-0.195503,0.57254,-0.349113,0.688974,0.688994,0.00837,0.763851,1.360138,0.87906,0.380386,0.000747,1.0,62.565563
0.527922,0.639065,-0.416787,0.51669,0.516676,-0.575157,0.152823,0.700199,0.448046,-0.003886,0.000792,0.0,62.888824
-0.247491,0.288738,-0.522487,1.041956,1.041956,-1.344698,-0.857965,-0.422564,-0.449604,-0.908012,0.001147,1.0,63.544098
-0.220755,0.234546,-0.455299,-0.343737,-0.343727,-0.684334,-0.568439,-0.192243,-0.008284,-0.468548,0.001126,0.0,63.32568
0.996183,1.105345,-0.054587,1.103747,1.103735,-1.17903,-1.574772,-1.299117,-0.960006,-1.42357,0.001569,1.0,64.024628
0.162749,0.284822,-0.379772,0.614088,0.614109,-1.207121,-2.037177,-1.824691,-1.467531,-1.858688,0.001836,1.0,64.417809
0.2306,0.325553,-0.17635,-0.013566,-0.013585,-0.721643,-1.821752,-1.71459,-1.437867,-1.682576,0.001622,0.0,64.409058
0.299647,0.599296,-0.245165,-0.406949,-0.406955,-0.128016,-1.199932,-1.235797,-1.050788,-1.133735,0.001341,0.0,64.146942
-0.054639,0.273194,-0.204891,-0.286024,-0.286012,0.357873,-0.658379,-0.920638,-0.801118,-0.732684,0.000563,0.0,63.963474
-0.609917,0.04066,-1.124969,0.778582,0.778577,-0.281915,-1.065324,-1.5885,-1.546484,-1.361337,0.000192,1.0,64.461479
0.217327,0.51616,-0.203752,-0.216856,-0.216852,-0.09509,-0.577293,-1.292224,-1.282263,-1.075253,-3e-06,0.0,64.321693
-0.559035,0.109084,-1.199887,-0.380341,-0.380344,0.182715,-0.012263,-0.814462,-0.858322,-0.705198,-0.000204,0.0,64.077049
0.672716,0.81,-0.27457,-0.681756,-0.681753,0.71115,0.689186,-0.038436,-0.159247,-0.068088,-0.000359,-1.0,63.640202
0.178322,0.425236,-0.123462,0.082381,0.082377,0.543207,0.663922,0.023777,-0.238682,-0.194786,2.6e-05,0.0,63.692627
0.321153,0.562022,-0.200724,2.510289,2.510289,-1.664662,-1.607121,-2.103573,-2.545832,-2.57139,0.001255,1.0,65.291496
0.242424,0.727274,-0.228954,-0.642316,-0.642307,-0.859266,-0.901018,-1.233676,-1.812126,-1.867749,0.001024,-1.0,64.872124
-0.093658,0.240835,-0.254208,0.65993,0.659926,-1.134599,-1.414237,-1.635001,-2.28793,-2.399249,0.001137,1.0,65.300232
-0.70273,0.092814,-0.795542,0.909821,0.909834,-1.341828,-2.037933,-2.28411,-2.928943,-3.128094,0.001628,1.0,65.894356
0.559039,0.798624,-0.146413,-0.384515,-0.384525,-0.367361,-1.404234,-1.67177,-2.30068,-2.633302,0.001455,0.0,65.640976
0.282675,0.753799,-0.269222,-1.118057,-1.118067,0.640739,-0.220752,-0.469328,-0.982631,-1.446758,0.001256,-1.0,64.907066
-0.136146,0.258682,-0.394817,-1.130709,-1.130707,1.573867,0.897215,0.643527,0.275024,-0.279366,0.001023,-1.0,64.173157
-0.427052,0.3444,-0.482157,-1.170866,-1.170859,2.184876,1.989256,1.732102,1.505029,0.921892,0.000804,-1.0,63.42178
-0.274053,0.205528,-0.493286,0.537274,0.537267,0.970126,1.463414,1.148258,0.979719,0.447245,0.00116,0.0,63.762524
0.963987,1.044315,-0.321335,2.343106,2.343104,-1.459365,-0.619892,-1.035389,-1.184226,-1.671975,0.001879,1.0,65.256546
-0.16084,0.268057,-0.268057,-0.107111,-0.107105,-1.26793,-0.529421,-0.855115,-0.989146,-1.379441,0.001608,0.0,65.186653
-0.200188,0.213527,-0.480448,0.428896,0.428902,-1.294547,-0.863479,-1.16198,-1.331917,-1.623389,0.001341,0.0,65.46624
-0.882505,0.237092,-1.001046,1.32123,1.321231,-1.704428,-2.000793,-2.224275,-2.473661,-2.698634,0.002065,1.0,66.3312
-0.131993,0.27719,-0.567582,-0.210743,-0.210752,-0.762934,-1.748945,-1.760823,-2.113253,-2.333158,0.001494,0.0,66.191406
-0.249774,0.249773,-0.28921,0.409184,0.409194,-0.804525,-2.025772,-1.883359,-2.324182,-2.542402,0.001405,0.0,66.462257
-0.444672,0.156949,-0.457753,0.512684,0.512677,-0.826572,-2.241693,-2.232974,-2.647134,-2.873135,0.001634,0.0,66.802994
0.196905,0.761357,-0.039378,-0.366203,-0.366195,-0.133898,-1.524029,-1.704742,-2.1213,-2.387512,0.001651,0.0,66.558365
-0.262463,0.196852,-0.459316,0.02625,0.026249,-0.086615,-1.076117,-1.602802,-1.959321,-2.282944,0.001787,0.0,66.575836
0.942894,0.942894,-0.092961,-1.181095,-1.181094,0.985385,0.414334,-0.437373,-0.624181,-1.015151,0.000935,-1.0,65.789513
-0.239362,0.106386,-0.385629,-0.13281,-0.132818,0.888305,0.615698,-0.298755,-0.339091,-0.777656,0.000972,0.0,65.702133
-1.668838,0.091265,-1.968703,1.994681,1.99468,-1.022157,-1.079523,-2.039108,-2.159708,-2.565836,0.002004,1.0,67.01268
0.131386,0.210217,-0.262774,-0.769226,-0.769216,-0.273296,-0.157674,-1.046739,-1.279079,-1.679684,0.001966,-1.0,66.497208
0.523219,0.627865,0.0,0.446717,0.44671,-0.651403,-0.532371,-1.150204,-1.606277,-1.954217,0.002125,0.0,66.794258
0.312751,0.364867,-0.586392,0.379334,0.379322,-0.651541,-0.780544,-1.197103,-1.892091,-2.121437,0.001198,0.0,67.047623
0.288062,0.445196,-0.261889,-0.482141,-0.482132,0.136175,-0.260576,-0.57178,-1.335606,-1.4655,0.001268,0.0,66.724365
0.353214,0.470959,-0.130829,0.091658,0.091668,-0.023558,-0.354536,-0.503237,-1.285333,-1.466259,0.001021,0.0,66.78553
0.482529,0.547728,-0.339074,0.313969,0.313959,-0.187793,-0.601197,-0.662491,-1.383671,-1.647886,0.000762,0.0,66.995209
-0.077848,0.012966,-0.467049,0.521651,0.521648,-0.542292,-1.002852,-1.077665,-1.604175,-2.036843,0.001156,0.0,67.344688
0.078214,0.495368,-0.221611,-0.480025,-0.480026,-0.070387,-0.34154,-0.51796,-0.886448,-1.49706,0.001433,0.0,67.021416
-0.026074,0.234621,-0.404063,0.013039,0.013033,0.007829,-0.156405,-0.474443,-0.767065,-1.426998,0.00193,0.0,67.030151
0.645074,0.710902,-0.315953,-0.990618,-0.990612,0.882045,0.745134,0.477451,0.314646,-0.352811,0.002009,-1.0,66.366142
0.488259,0.554233,-0.13196,-0.236967,-0.236954,0.884128,0.940873,0.680912,0.608994,0.006856,0.001672,0.0,66.208885
-0.250852,0.211254,-0.277263,-0.052786,-0.0528,0.583579,0.900455,0.693609,0.65026,0.226045,0.00063,0.0,66.173927
-0.199072,0.199074,-0.291972,-0.514919,-0.514922,0.743204,1.238231,1.219208,1.144005,0.870615,0.000453,-1.0,65.833183
0.853203,1.083428,-0.013535,-2.003984,-2.003977,2.023295,2.965876,3.16631,3.061355,2.88733,-0.000605,-1.0,64.513901
0.109652,0.726424,-0.068524,-1.191762,-1.191751,2.431458,3.730799,4.068886,4.064547,4.03782,-0.001697,-1.0,63.745056
-1.595457,0.216339,-1.608981,1.370614,1.370597,0.554356,1.960523,2.468006,2.507443,2.578699,-0.00101,1.0,64.618744
-0.346891,0.02669,-0.507001,1.338559,1.338559,-0.984652,0.329558,0.981106,1.070055,1.171991,-0.000606,1.0,65.483704
-0.758078,0.026595,-0.891083,0.32022,0.320234,-1.343275,-0.192858,0.521334,0.740113,0.818715,-0.000689,0.0,65.693405
0.582182,0.812345,-0.406178,-1.768854,-1.768861,0.438667,1.217164,2.10488,2.463441,2.514485,-0.001299,-1.0,64.53138
-0.608278,0.270339,-0.716418,0.162472,0.162479,0.55149,0.785336,1.717568,2.113397,2.214101,-0.00124,0.0,64.63623
-0.199365,0.093036,-0.81074,1.703156,1.703152,-0.792129,-0.974217,-0.113416,0.34556,0.452419,1.4e-05,1.0,65.737083
-0.639824,0.039997,-0.639824,-0.292399,-0.29241,-0.482523,-0.779781,-0.003544,0.544533,0.684096,-5.5e-05,0.0,65.544861
-0.650737,0.053112,-0.770255,0.373242,0.373259,-0.823383,-1.15539,-0.500235,0.075021,0.309682,-0.00076,0.0,65.789513
-1.298871,0.450102,-1.324587,3.266931,3.266922,-2.957819,-3.778293,-3.558816,-3.001546,-2.731998,0.000994,1.0,67.938805
-0.384028,0.128006,-0.537642,0.462964,0.462959,-2.345109,-3.561186,-3.81891,-3.341014,-3.107526,0.001001,0.0,68.253334
0.396935,0.460949,-0.115232,-0.025608,-0.025609,-1.587701,-3.006393,-3.596237,-3.225345,-2.980786,0.000825,0.0,68.235855
0.304267,0.393008,-0.342287,0.998718,0.998714,-1.582138,-3.467278,-4.284133,-4.068193,-3.816925,0.001469,1.0,68.917336
-0.063167,0.277909,-0.189492,0.354978,0.354982,-0.95503,-3.307225,-4.301835,-4.252779,-4.034865,0.001584,0.0,69.16198
0.303371,0.379223,-0.417143,-0.063167,-0.063155,-0.551142,-2.582487,-3.797251,-4.041216,-3.835679,0.00142,0.0,69.118301
0.874851,0.976285,-0.443776,-0.303373,-0.303384,-0.058325,-1.666032,-3.004943,-3.564725,-3.419804,0.001061,0.0,68.908607
0.709213,0.95422,-0.038692,-1.67364,-1.673628,1.500957,0.305599,-1.045356,-1.809165,-1.731023,0.000542,-1.0,67.755333
0.0,0.064729,-0.440124,-0.386851,-0.386857,1.473142,0.983819,-0.462566,-1.330098,-1.340584,0.000368,0.0,67.493217
-1.734695,0.165812,-1.823981,1.488676,1.488674,-0.209182,-0.102043,-1.64966,-2.582909,-2.701532,0.001446,1.0,68.497971
0.03896,0.454543,-0.220777,-1.785717,-1.785722,1.05715,1.615589,0.410396,-0.606487,-0.917916,0.000773,-1.0,67.274788
0.012828,0.308045,-0.462073,1.181823,1.181831,-0.369661,0.401739,-0.426139,-1.449755,-1.975105,0.00131,1.0,68.069862
0.208095,0.676297,0.0,-1.309209,-1.309205,0.780333,1.576274,1.037842,0.048117,-0.616989,0.000964,-1.0,67.178688
-1.061489,0.207125,-1.152102,0.468203,0.468198,0.31068,0.891911,0.759439,-0.269255,-1.001942,0.002039,0.0,67.493217
0.295663,0.359942,-0.30852,0.69903,0.699036,-0.542491,0.015422,0.273379,-0.794453,-1.563704,0.002861,1.0,67.965019
0.243467,0.47412,-0.153771,0.321378,0.321374,-0.594566,-0.442082,-0.023922,-0.844441,-1.663764,0.002405,0.0,68.183441
-1.090679,0.038046,-1.24286,1.037925,1.037928,-1.377297,-1.467342,-0.989222,-1.554218,-2.375144,0.002274,1.0,68.891136
-0.659403,0.101447,-0.697442,0.012686,0.012681,-0.890183,-1.313719,-0.937526,-1.33718,-2.13898,0.002141,0.0,68.899872
-0.480047,0.13895,-0.568475,0.380425,0.380419,-0.78322,-1.446434,-1.289368,-1.449593,-2.297117,0.003075,0.0,69.16198
0.72667,0.790408,-0.089239,-0.909553,-0.909556,0.293225,-0.536708,-0.444492,-0.344842,-1.234566,0.002609,-1.0,68.532913
-0.203801,0.025471,-0.34391,0.08924,0.089237,0.323533,-0.433055,-0.584204,-0.385928,-1.085711,0.001907,0.0,68.59407
0.689646,0.983393,-0.025548,-0.267481,-0.267463,0.452097,-0.116227,-0.36612,-0.107288,-0.599753,0.001918,0.0,68.410606
-0.1642,0.101051,-0.277884,1.111105,1.111098,-0.573448,-0.925851,-1.324571,-1.137421,-1.493491,0.002239,1.0,69.170715
0.815459,0.903276,-0.263454,0.682078,0.682072,-1.109016,-1.288413,-1.787304,-1.755103,-1.925471,0.001115,1.0,69.642509
0.553253,0.653846,-0.138314,-0.225819,-0.225816,-0.611088,-0.846217,-1.470299,-1.509487,-1.490752,0.000816,0.0,69.485245
0.214427,0.567614,-0.088295,-0.314347,-0.314343,-0.103431,-0.377145,-0.967875,-1.188191,-1.103429,0.00069,0.0,69.266823
0.788597,0.788597,-0.139915,-0.832487,-0.832487,0.816579,0.42991,-0.07632,-0.37459,-0.247778,-0.000106,-1.0,68.690186
0.101105,0.455005,-0.088473,0.63597,0.635961,0.166837,-0.171888,-0.519881,-0.904949,-0.826587,1.6e-05,1.0,69.127029
0.138873,0.391362,-0.025246,0.113746,0.113746,-0.073216,-0.278998,-0.467945,-0.893817,-0.9226,9.3e-05,0.0,69.205658
0.802248,0.891384,-0.229213,-0.858477,-0.858469,0.537373,0.595949,0.456726,-0.027377,-0.096776,-0.000148,-1.0,68.611549
-0.294687,0.192177,-0.474059,-0.611226,-0.611216,0.840473,1.155655,1.075364,0.654695,0.46328,0.000314,-1.0,68.192184
0.320677,0.538735,-0.128268,-0.115316,-0.115315,0.787575,1.228825,1.115947,0.774106,0.532573,0.000432,0.0,68.113548
-0.710748,0.088844,-0.913823,1.064651,1.064644,-0.357915,0.114223,0.04484,-0.166904,-0.463514,0.000247,1.0,68.838715
-0.102082,0.216917,-0.344526,-0.53306,-0.533071,-0.038272,0.479779,0.513805,0.439585,0.127094,0.000792,-1.0,68.471756
0.128187,0.487113,-0.307659,-0.459361,-0.459346,0.289703,0.748613,0.940895,0.91718,0.569148,7.8e-05,0.0,68.157234
1.457308,1.508896,-0.128964,-0.602488,-0.602485,0.76605,1.134889,1.469338,1.496635,1.206592,0.000386,-1.0,67.746597
0.874339,1.057034,-0.274043,-1.173593,-1.1736,1.61556,2.076213,2.529036,2.557093,2.341643,-0.000328,-1.0,66.951523
0.156173,0.20823,-0.520554,0.274043,0.274037,0.830306,1.50053,2.046685,2.145374,2.059352,-0.000513,0.0,67.134995
-0.103993,0.467959,-0.324971,0.117132,0.117131,0.337975,1.085408,1.686385,1.880933,1.92331,-0.000602,0.0,67.213631
0.195585,0.365105,-0.430305,-0.311969,-0.311947,0.307715,1.161803,1.757706,2.085648,2.184878,-0.001189,0.0,67.00396
-0.670704,0.335357,-1.199537,1.095315,1.095299,-0.781633,-0.001288,0.504751,0.916418,1.051462,-0.000718,1.0,67.737854
-0.623645,0.165454,-0.700017,1.341418,1.341415,-1.601119,-1.247294,-0.829833,-0.40219,-0.300371,-0.0003,1.0,68.6465
0.472423,0.587333,-0.102148,-0.318188,-0.318184,-0.909091,-0.992086,-0.581378,-0.138539,-0.009709,-4.3e-05,0.0,68.428078
0.368666,0.44495,-0.152559,0.434122,0.434117,-0.897532,-1.38317,-1.057719,-0.636923,-0.467333,0.000107,0.0,68.725136
-0.17771,0.025392,-0.317339,0.152549,0.152554,-0.517899,-1.435644,-1.187273,-0.835875,-0.601679,0.000289,0.0,68.829979
-0.088652,0.126645,-0.379933,0.228484,0.228472,-0.382462,-1.480487,-1.335687,-1.082184,-0.805462,-9.4e-05,0.0,68.987236
-0.17415,0.199035,-0.447817,1.811044,1.811055,-1.701705,-2.76527,-2.889249,-2.731685,-2.465981,0.000397,1.0,70.236633
-0.124469,0.04979,-0.709483,-0.062201,-0.062198,-1.137665,-2.269105,-2.70019,-2.59522,-2.347026,0.000468,0.0,70.192947
-0.19905,0.0,-0.435429,0.04979,0.049781,-0.758891,-1.888521,-2.581895,-2.570906,-2.362273,0.000626,0.0,70.22789
0.406504,0.749488,-0.228659,-2.065185,-2.065181,1.318592,0.438259,-0.467482,-0.504321,-0.344515,9e-05,-1.0,68.777557
-0.240176,0.290728,-0.417143,0.495427,0.495429,0.85703,0.142834,-0.825859,-0.927826,-0.844399,2.9e-05,0.0,69.118301
0.126277,0.555619,-0.050511,0.101126,0.101121,0.452077,0.119964,-0.710528,-0.950246,-0.915773,2.3e-05,0.0,69.188194
0.314584,0.453002,-0.151004,0.353579,0.353582,-0.120802,-0.088086,-0.839731,-1.256451,-1.247265,0.00055,0.0,69.432831
0.112914,0.376368,-0.238367,0.301998,0.301987,-0.589626,-0.257172,-0.905772,-1.469691,-1.519497,0.000948,0.0,69.642509
-1.249839,0.284622,-1.905706,1.380001,1.380002,-1.425558,-1.363684,-1.914769,-2.637658,-2.747173,0.001598,1.0,70.603577
-0.872878,0.036891,-0.922056,0.655857,0.655856,-1.51954,-1.713783,-2.241607,-3.038468,-3.219067,0.00142,1.0,71.066635
0.684168,1.007586,-0.074632,-1.167933,-1.167921,-0.057229,-0.552312,-0.935443,-1.658791,-1.954474,0.001144,-1.0,70.236633
-0.260093,0.247714,-0.433489,0.435376,0.435365,-0.175872,-0.933856,-1.165049,-1.843563,-2.282874,0.001533,0.0,70.542419
-0.098953,0.309253,-0.408206,0.123852,0.123869,-0.019802,-0.999512,-1.107544,-1.723162,-2.281548,0.001849,0.0,70.629799
-0.122278,0.122277,-0.33015,1.162794,1.162797,-0.93178,-1.763279,-1.999686,-2.541586,-3.220358,0.002865,1.0,71.45108
0.492735,0.566641,-0.184776,-0.733675,-0.733692,-0.238969,-0.782209,-1.09304,-1.596447,-2.325691,0.002426,-1.0,70.926849
0.012282,0.307239,-0.245797,0.234051,0.234055,-0.231045,-0.745979,-1.243705,-1.654175,-2.320759,0.002477,0.0,71.092857
0.061883,0.247552,-0.198049,-0.712796,-0.712792,0.497586,0.129961,-0.497591,-0.795276,-1.423942,0.002303,-1.0,70.586113
0.048907,0.281203,-0.415704,1.237777,1.237772,-0.498835,-0.839956,-1.599217,-1.816847,-2.391488,0.002365,1.0,71.459808
0.713938,0.826658,-0.237968,-2.384161,-2.384154,1.445391,1.460421,0.897629,0.647545,0.150301,0.000745,-1.0,69.756096
0.863163,0.875859,-0.17771,-1.327652,-1.32765,2.201064,2.500632,2.227294,1.990348,1.561306,0.000306,-1.0,68.829979
-0.226246,0.087983,-0.615885,0.990098,0.990092,0.744096,1.391406,1.256077,0.938288,0.615387,0.000548,1.0,69.511459
-0.176612,0.441537,-0.542451,-0.364506,-0.364504,0.729155,1.576893,1.609689,1.240067,1.031413,0.000323,0.0,69.258087
-0.312735,0.075054,-0.35026,0.845219,0.845205,-0.577926,0.612969,0.777257,0.364031,0.248695,0.000591,1.0,69.84346
-0.328825,0.518532,-0.809409,-1.088319,-1.088292,0.32122,1.377246,1.739372,1.490436,1.366369,-0.000669,-1.0,69.083359
1.589926,1.653517,-0.152637,-0.569112,-0.569128,0.854742,1.631899,2.09107,2.04019,1.929278,-0.00089,-1.0,68.690186
0.294121,0.370845,-0.383625,-0.534223,-0.534223,1.048599,1.772385,2.452692,2.524941,2.364711,-0.001144,-1.0,68.323227
-0.025467,0.254611,-0.229153,0.447578,0.44758,0.41502,1.033733,1.810309,2.009543,1.817437,-5.1e-05,0.0,68.629028
0.416564,0.4923,-0.164106,0.852957,0.852952,-0.616,-0.145162,0.81293,1.115883,0.897756,0.000104,1.0,69.214401
-1.520015,0.01236,-1.532375,2.145919,2.145916,-2.246656,-2.109482,-1.375835,-1.001597,-1.113189,0.000993,1.0,70.699684
-0.459051,0.148887,-0.558308,-0.395452,-0.395446,-1.367246,-1.495035,-1.032255,-0.654463,-0.646648,0.000668,0.0,70.420105
-0.91516,0.160768,-0.9399,0.322584,0.322585,-1.026469,-1.651004,-1.392532,-0.944844,-0.883505,0.000677,0.0,70.64727
-1.294742,0.0,-1.30695,1.249075,1.249077,-1.436431,-2.546727,-2.521076,-2.097843,-1.989014,0.00062,1.0,71.529709
-0.449678,0.048616,-0.534763,0.500789,0.500771,-1.183751,-2.747919,-2.967089,-2.498161,-2.35244,0.000552,0.0,71.887909
-0.458167,0.0,-0.542566,0.802143,0.802145,-1.482993,-3.055213,-3.490064,-3.204114,-3.026757,0.001409,1.0,72.464554
-0.145071,0.265959,-0.157163,-0.265253,-0.265233,-0.708424,-2.301751,-2.91587,-2.853611,-2.702136,0.001104,0.0,72.272354
0.562621,0.966244,-0.085616,-1.16054,-1.160554,0.677594,-0.719176,-1.596539,-1.689086,-1.492657,0.000546,-1.0,71.433594
-0.51045,0.364612,-0.71706,0.636004,0.635996,0.14099,-0.89328,-1.974545,-2.219845,-2.040335,0.000317,1.0,71.887909
0.459766,0.54446,-0.157296,0.449688,0.4497,-0.21779,-0.921964,-2.194799,-2.605567,-2.391289,0.000831,0.0,72.211189
-0.371166,0.574716,-0.47892,1.052626,1.052619,-1.118288,-1.642713,-2.858389,-3.399775,-3.324703,0.001187,1.0,72.971298
0.155128,0.632457,-0.214797,0.335256,0.335261,-1.190937,-1.589502,-2.770886,-3.423033,-3.522674,0.001643,0.0,73.215942
0.479552,0.635413,-0.095914,-0.465393,-0.465385,-0.333306,-0.823654,-1.899863,-2.740689,-2.973753,0.000902,0.0,72.875206
-0.339196,0.084797,-0.448217,-1.031053,2.303845,-1.862517,-2.6514,-3.579216,-4.575751,-4.945856,0.002941,1.0,74.554138
0.528977,0.540992,-0.565041,0.76317,0.763174,-1.830563,-2.958059,-3.785143,-4.947089,-5.470734,0.00385,1.0,75.123116
0.984125,1.168652,-0.209125,-2.27218,-2.272181,0.573081,-0.572204,-1.301463,-2.442013,-3.073504,0.002431,-1.0,73.416183
-0.036332,0.375435,-0.314887,1.574608,1.574615,-0.622263,-1.805132,-2.4603,-3.559978,-4.268054,0.003274,1.0,74.572205
0.108308,0.348978,-0.180507,0.641877,0.641875,-0.676293,-1.949424,-2.691224,-3.726849,-4.583379,0.003186,1.0,75.050865
0.572659,0.656172,-0.107369,0.866428,0.866427,-1.226438,-2.287944,-3.159733,-4.086714,-5.062547,0.004036,1.0,75.701126
0.67356,0.757756,-0.324749,-0.811263,-0.811273,-0.428184,-1.105753,-2.083635,-2.911178,-4.006715,0.003931,-1.0,75.086983
0.277437,0.277437,-0.494577,-0.288666,-0.288657,0.248489,-0.565831,-1.585965,-2.351594,-3.419653,0.004037,0.0,74.870239
0.471013,0.772946,-0.12078,-0.120626,-0.120631,0.425121,-0.236593,-1.243553,-1.942148,-2.977264,0.00379,0.0,74.779922
-0.253745,0.193325,-0.38666,-0.04831,-0.048308,0.391493,0.061624,-0.900573,-1.620717,-2.586767,0.003398,0.0,74.743797
1.628697,1.947093,-0.195939,-1.329142,-1.329135,1.214784,1.300506,0.60269,-0.144958,-0.996808,0.001888,-1.0,73.750351
-0.147071,0.367696,-0.183839,-0.085731,-0.085738,0.92169,1.192556,0.82255,0.062814,-0.669056,0.002022,0.0,73.687119
-0.511259,0.36518,-0.523434,0.686366,0.686371,0.051122,0.607421,0.245018,-0.502831,-1.157857,0.00218,1.0,74.192886
-0.181511,0.665541,-0.338817,0.596466,0.596456,-0.580824,0.019369,-0.222563,-0.934462,-1.517996,0.001897,1.0,74.635414
1.058984,1.342204,-0.615688,-1.730397,-1.730397,0.788087,1.547846,1.57699,0.940181,0.36321,0.000927,-1.0,73.343925
-0.725614,0.18448,-0.824006,0.123136,0.123142,0.578034,1.114256,1.350391,0.921321,0.343514,0.000631,0.0,73.434242
0.697418,0.942123,-0.244713,0.516548,0.516541,0.095437,0.422125,0.711289,0.511242,-0.067786,0.000971,0.0,73.81356
0.578098,0.738006,-0.651914,-0.526123,-0.526113,0.415735,0.756452,1.244767,1.073752,0.513086,0.001247,-1.0,73.425217
-0.244296,0.293145,-0.806161,0.701107,0.701112,-0.471489,-0.058639,0.482869,0.419009,-0.096501,0.001275,1.0,73.94001
0.912338,1.306864,0.0,-0.928303,-0.928312,0.436447,0.674394,1.26084,1.385774,0.938988,0.000676,-1.0,73.253616
0.024574,0.356398,-0.36869,0.320555,0.320555,0.13027,0.317068,0.736552,0.989307,0.703574,0.000358,0.0,73.488434
0.502517,0.77216,-0.208356,0.270361,0.270362,-0.174033,0.04658,0.338283,0.619568,0.512162,0.00033,0.0,73.687119
-0.329333,0.247008,-0.564568,4.203948,4.203941,-3.326266,-3.652073,-3.54347,-3.220408,-3.344177,0.00236,1.0,76.784882
0.035498,0.414151,-0.615317,-0.599853,-0.599851,-2.118093,-2.849365,-2.826487,-2.521592,-2.597985,0.001097,-1.0,76.324287
-0.520283,0.141897,-0.591226,0.070995,0.071002,-1.369285,-2.520991,-2.752751,-2.503845,-2.483624,0.000796,0.0,76.378479
0.587457,0.599448,-0.3357,-1.37164,-1.37163,0.491531,-0.913575,-1.260457,-1.172537,-1.086216,0.001188,-1.0,75.330849
0.484792,1.199852,-0.278758,-1.07901,-1.079021,1.810688,0.261786,-0.10908,-0.132713,-0.039754,3.4e-05,-1.0,74.518013
0.169664,0.593802,-0.302957,0.012114,0.012113,1.192446,0.397485,-0.091287,-0.167833,0.007761,-0.00024,0.0,74.527039
-0.179814,0.191805,-0.515464,1.090646,1.090648,-0.160629,-0.499879,-1.106848,-1.207743,-1.030447,-0.000142,1.0,75.339867
-1.118652,0.095206,-1.142448,0.731241,0.731244,-1.013923,-0.874691,-1.601018,-1.849342,-1.704632,0.000529,1.0,75.890785
0.751517,0.97817,-0.095434,-0.238007,-0.238017,-0.677559,-0.344742,-1.165847,-1.485742,-1.469637,0.000551,0.0,75.710152
0.278219,0.943509,-0.108862,-1.383758,-1.383748,0.754806,1.184226,0.296762,-0.038104,-0.109835,1e-06,-1.0,74.662514
-0.656093,0.190858,-0.799234,1.403174,1.403165,-0.326849,-0.357863,-0.889892,-1.321123,-1.447688,0.000632,1.0,75.710152
0.417709,0.692209,-1.097981,-0.047717,-0.047706,-0.190959,-0.396233,-0.689826,-1.205401,-1.353389,0.00119,0.0,75.674034
0.047379,0.118467,-0.47388,0.739949,0.739942,-0.834027,-1.146785,-1.158633,-1.741502,-1.999766,0.001549,1.0,76.233978
-0.377938,0.259833,-0.637771,0.308013,0.308012,-0.940115,-1.301519,-1.20231,-1.844804,-2.158493,0.001384,0.0,76.468788
-0.877604,0.046807,-1.123331,0.933035,0.933042,-1.202904,-1.868714,-1.813717,-2.533936,-2.881819,0.00153,1.0,77.182274
-0.150183,0.25416,-0.439,1.287151,1.287153,-1.827636,-2.649033,-2.942856,-3.468696,-3.912204,0.002842,1.0,78.175728
0.870373,0.928401,-0.116047,-0.450555,-0.450557,-0.830916,-1.88929,-2.37515,-2.782292,-3.313452,0.002593,0.0,77.823502
0.035473,0.319193,-1.040309,-1.833587,-1.83359,1.063959,0.009461,-0.5501,-0.760725,-1.347673,0.001571,-1.0,76.396538
0.461702,0.520899,-0.295963,-0.141855,-0.14186,1.160178,0.227303,-0.325162,-0.436247,-1.057887,0.001738,0.0,76.288162
0.398308,0.421743,-1.05436,1.053628,1.05363,0.082006,-0.502576,-1.14183,-1.253513,-1.919399,0.001892,1.0,77.091957
-0.809713,0.161942,-0.821283,1.27694,1.276944,-1.205321,-1.454017,-2.085211,-2.415845,-2.917754,0.00285,1.0,78.076378
-0.563613,0.034505,-0.793653,0.566807,0.566798,-1.584998,-1.647108,-2.367144,-2.826081,-3.231649,0.002957,1.0,78.518913
-0.103444,0.287356,-0.517238,0.069011,0.069018,-1.098852,-1.417241,-2.206896,-2.753447,-3.027585,0.00287,0.0,78.573105
0.251833,0.446427,-0.206045,0.413794,0.413798,-0.844785,-1.515572,-2.34051,-2.928117,-3.152934,0.001222,0.0,78.898239
-0.672208,0.05697,-0.93426,0.469318,0.46932,-0.758803,-1.712432,-2.409329,-3.08192,-3.323688,0.001687,0.0,79.268524
0.672983,0.73001,-0.091254,-0.113933,-0.113938,-0.367285,-1.473707,-2.006005,-2.677652,-3.092503,0.001606,0.0,79.178207
-0.237799,0.045295,-0.566187,0.73001,0.730023,-0.779081,-1.945429,-2.374976,-3.106113,-3.622701,0.00252,1.0,79.756226
0.716639,0.739386,-0.193386,-0.452943,-0.452955,-0.120579,-1.121605,-1.665343,-2.444549,-3.032195,0.002792,0.0,79.394966
0.090481,0.316704,-0.271469,0.568763,0.568772,-0.44792,-1.235165,-1.939459,-2.737258,-3.354383,0.003034,1.0,79.846542
0.101564,0.112852,-0.304712,0.226215,0.226208,-0.483012,-1.091298,-1.923786,-2.6216,-3.297145,0.002659,0.0,80.027161
0.158246,0.259971,-0.180856,-0.157996,-0.15799,-0.144682,-0.706458,-1.624661,-2.205272,-2.875104,0.002272,0.0,79.900726
-0.022408,0.31376,-0.212903,0.870348,0.870345,-0.797844,-1.305465,-2.244135,-2.743724,-3.452263,0.002754,1.0,80.596138
-0.61159,0.033358,-0.77838,0.773198,0.7732,-1.109751,-1.736906,-2.598319,-3.183034,-3.930615,0.003692,1.0,81.219307
0.133515,0.144643,-0.422783,-0.055602,-0.05561,-0.727629,-1.401859,-2.142849,-2.839333,-3.607914,0.003057,0.0,81.174141
-0.145217,0.033519,-0.424484,-0.400534,-0.40052,-0.125116,-0.809878,-1.439534,-2.221855,-2.914214,0.002904,0.0,80.849022
-0.123486,0.179609,-0.392904,-0.491505,-0.491515,0.505163,-0.16165,-0.755874,-1.597441,-2.198923,0.002369,0.0,80.451637
-0.212309,0.055876,-0.36875,0.460256,0.460258,0.100571,-0.487202,-1.020595,-1.862776,-2.392221,0.002435,0.0,80.821922
-0.433437,0.100019,-0.500116,0.547553,0.547553,-0.433434,-0.799069,-1.338818,-2.097692,-2.676154,0.002267,0.0,81.264465
-0.188447,0.210623,-0.343639,0.255608,0.255607,-0.61412,-0.852454,-1.379741,-2.029153,-2.678638,0.001819,0.0,81.472183
-0.044308,0.166151,-0.387682,0.077597,0.077593,-0.522814,-0.744347,-1.270856,-1.832627,-2.540536,0.002048,0.0,81.5354
0.300373,0.411618,-0.022245,-0.431989,-0.431992,0.089002,-0.155741,-0.677858,-1.215368,-1.969512,0.002658,0.0,81.183174
0.099818,0.121998,-0.277285,0.300373,0.300371,-0.062112,-0.352705,-0.838507,-1.332628,-2.086067,0.00285,0.0,81.427025
-0.666221,0.044415,-0.777256,-0.110921,-0.110918,0.066624,-0.227622,-0.569244,-1.053181,-1.734394,0.002344,0.0,81.336708
0.202521,0.202521,-0.438793,-1.310239,-1.310237,1.09586,0.984478,0.786083,0.345978,-0.231318,0.001219,-1.0,80.271004
0.14627,0.225028,-0.337528,0.0,0.0,0.780829,0.912469,0.806335,0.408421,-0.072902,0.000972,0.0,80.271004
0.203529,0.282678,-0.237448,-0.495044,-0.495044,0.954316,1.34215,1.305592,0.951493,0.514247,0.000727,0.0,79.873627
-0.439634,0.135276,-0.619992,0.305288,0.305286,0.320146,0.945781,0.957431,0.666785,0.288136,0.00068,0.0,80.11747
0.157286,0.22469,-0.202224,0.338184,0.338181,-0.253903,0.496575,0.548256,0.389287,0.04045,0.000623,0.0,80.388412
0.0,0.246887,-0.246888,0.112346,0.112351,-0.31422,0.26035,0.37781,0.315902,0.006734,0.000721,0.0,80.478729
-0.29824,0.0,-0.574392,1.593534,1.593543,-1.513317,-1.284665,-1.122287,-1.151558,-1.43997,0.001097,1.0,81.761192
0.513908,0.547423,-0.067037,-1.126695,-1.1267,-0.151943,-0.202218,0.036489,0.032952,-0.234614,0.000804,-1.0,80.839989
0.044799,0.257583,-0.156791,-0.245784,-0.245786,0.223989,-0.05376,0.268038,0.282224,0.0551,0.00045,0.0,80.641296
-0.212664,0.223869,-0.33579,0.055992,0.056,0.241772,-0.190289,0.164162,0.193078,0.063126,0.000376,0.0,80.686455
-0.276579,0.066377,-0.365086,1.175289,1.175284,-0.63945,-1.182655,-0.986101,-0.942585,-1.011619,0.000955,1.0,81.63475
-0.077899,0.144666,-0.322725,-0.586346,-0.586353,-0.202533,-0.49076,-0.433265,-0.339415,-0.372132,0.000322,-1.0,81.156082
-0.376111,0.055304,-0.707965,0.600936,0.600933,-0.601766,-0.868359,-0.99041,-0.861723,-0.881855,0.000247,1.0,81.643776
-0.110069,0.11007,-0.275179,0.497783,0.497794,-0.75069,-1.123832,-1.4302,-1.277934,-1.301929,0.000488,0.0,82.050194
-0.241812,0.120898,-0.329746,0.143099,0.143084,-0.531981,-1.048575,-1.503622,-1.364031,-1.396785,0.000724,0.0,82.167595
0.055263,0.077374,-0.386866,-0.560565,-0.560564,0.046428,-0.340437,-0.831208,-0.793628,-0.814849,0.000694,-1.0,81.706993
0.38661,0.397658,-0.066274,0.066318,0.066333,0.128127,-0.406501,-0.775439,-0.845583,-0.835972,0.000523,0.0,81.761192
-0.332073,0.044278,-0.42063,-0.209878,-0.20988,0.325435,-0.10516,-0.426538,-0.612134,-0.571621,0.000193,0.0,81.589592
-0.199579,0.166309,-0.67635,-0.166033,-0.166036,0.345931,0.160767,-0.151536,-0.445177,-0.375213,1e-05,0.0,81.454124
-0.287668,0.177035,-0.520019,0.210661,0.210662,0.002213,0.065279,-0.260382,-0.636757,-0.566941,6.8e-05,0.0,81.625717
0.0,0.143604,-0.353474,0.165968,0.165971,-0.150228,-0.08506,-0.321077,-0.710267,-0.717558,0.000328,0.0,81.761192
-0.229582,0.207722,-0.393572,1.038332,1.038324,-0.970807,-0.935825,-1.27692,-1.589045,-1.685799,0.000649,1.0,82.610138
-0.3279,0.043722,-0.502786,0.021862,0.021861,-0.741059,-0.838338,-1.15422,-1.443869,-1.637333,0.000707,0.0,82.628197
-0.404683,0.032811,-0.524995,-0.065579,-0.065576,-0.404681,-0.709833,-0.933319,-1.23045,-1.517227,0.001248,0.0,82.574013
0.143977,0.287963,-0.099683,-1.246854,-1.246856,0.832872,0.467383,0.38764,0.087496,-0.263595,0.000706,-1.0,81.544434
0.983026,1.016536,-0.145217,-0.852812,-0.852801,1.474525,1.22542,1.186321,0.971286,0.622871,0.00055,-1.0,80.849022
-0.899298,0.044411,-0.910403,0.614391,0.61437,0.544031,0.556246,0.584001,0.3292,0.061297,0.000684,1.0,81.345734
-0.812823,0.066813,-0.812823,-0.288667,-0.288657,0.460975,0.788335,0.831388,0.636347,0.411985,0.000412,0.0,81.110924
-0.726088,0.223418,-0.815456,-0.322905,-0.322894,0.359689,1.039985,1.058975,0.975195,0.773452,0.000223,0.0,80.849022
-0.022157,0.199446,-0.155124,0.815464,0.815453,-0.460942,0.208311,0.187628,0.208865,0.013297,-0.000116,1.0,81.508308
0.49922,0.676726,-0.210785,-0.121885,-0.12188,-0.201913,0.287327,0.285479,0.31728,0.181049,0.000321,0.0,81.408966
0.444248,0.444248,-0.066635,-0.110936,-0.110932,-0.097741,0.239884,0.360572,0.438685,0.270538,0.00038,0.0,81.318657
-0.158138,0.700331,-0.451827,-1.677035,-1.677049,1.317078,1.61528,1.936075,2.046207,1.936527,-0.000374,-1.0,79.954903
-0.258955,0.213918,-0.529162,0.327574,0.32759,0.828636,0.989634,1.500404,1.59873,1.582517,-0.000742,0.0,80.216827
-0.15803,0.383795,-0.237046,-0.258955,-0.258964,0.715663,1.059944,1.629233,1.727627,1.812399,-0.0006,0.0,80.009094
-0.280081,0.168051,-0.369709,0.7563,0.756293,-0.237503,0.272243,0.771533,0.896264,0.99754,-0.000532,1.0,80.614197
-0.011228,0.202202,-0.381933,-0.268883,-0.268874,-0.197709,0.424626,0.859733,1.083466,1.232084,-0.000866,0.0,80.397446
0.089759,0.246832,-0.19073,0.123568,0.123574,-0.186248,0.224389,0.558731,0.89083,1.050147,-0.000874,0.0,80.496796
0.407186,0.407186,-0.226224,-0.807801,-0.807801,0.533865,0.915045,1.149934,1.611797,1.762685,-0.000982,-1.0,79.846542
0.444351,0.444351,-0.307619,-0.723908,-0.723911,1.080097,1.36835,1.6961,2.204056,2.358437,-0.001325,-1.0,79.268524
0.351432,0.408118,-0.102025,0.501313,0.501315,0.337829,0.643915,1.089819,1.562743,1.745376,-0.001016,0.0,79.665909
0.14699,0.214829,-0.497515,0.260745,0.260736,-0.05427,0.201267,0.704057,1.127318,1.386251,-0.00083,0.0,79.873627
0.977685,1.219229,0.0,-1.696065,-1.696072,1.16633,1.74719,2.221464,2.610428,2.979073,-0.001659,-1.0,78.518913
-0.932113,0.529343,-0.932113,-0.046009,-0.045998,0.865359,1.573069,2.067507,2.397004,2.875025,-0.001752,0.0,78.482796
0.29875,0.29875,-0.586007,0.149594,0.149588,0.544644,1.242106,1.668396,2.056767,2.567396,-0.002138,0.0,78.600197
0.913718,0.959984,-0.127228,-0.654947,-0.654942,0.802682,1.585706,2.054901,2.552626,3.055286,-0.002432,-1.0,78.085411
-0.986763,0.185749,-0.986763,-0.370113,-0.370109,0.643134,1.628742,2.132184,2.705476,3.190616,-0.002565,0.0,77.79641
0.316712,0.492666,-0.105567,-1.033201,-1.033203,1.297359,2.234603,2.941934,3.510263,3.97513,-0.002472,-1.0,76.992615
-0.808429,0.199179,-1.089631,0.1173,0.117306,0.815461,1.756292,2.550277,3.144693,3.56836,-0.00205,0.0,77.082932
0.548811,0.618869,-0.058387,0.339779,0.339776,0.149462,1.163005,1.973374,2.52627,3.000463,-0.002169,0.0,77.344841
-0.55684,0.162412,-0.638045,0.653898,0.653894,-0.56148,0.272624,1.074249,1.631674,2.177265,-0.00176,1.0,77.850594
-0.28845,0.196144,-0.588432,0.545245,0.545244,-0.978421,-0.475365,0.345374,0.886121,1.466253,-0.001382,0.0,78.27507
-0.183188,0.068704,-0.423626,0.773045,0.773037,-1.259435,-1.193027,-0.561014,0.044093,0.574778,-0.001401,1.0,78.880165
0.920284,1.069827,-0.770733,-0.469425,-0.469427,-0.430226,-0.723563,-0.205521,0.407233,0.929953,-0.001552,0.0,78.50988
-0.308568,0.137146,-0.308568,0.6557,0.655715,-0.653724,-1.316577,-0.876197,-0.309149,0.146737,-0.001218,1.0,79.024681
-0.451308,0.146683,-0.643122,1.291425,1.291417,-1.371994,-2.329906,-2.108386,-1.6157,-1.198234,7.2e-05,1.0,80.045219
-0.169301,0.395033,-0.293456,-0.033847,-0.033846,-0.902936,-2.019186,-2.063204,-1.606092,-1.229794,-8.5e-05,0.0,80.018127
0.033734,0.449692,-0.056206,0.395033,0.395028,-0.930855,-1.988751,-2.297913,-2.003365,-1.599542,0.000199,0.0,80.334221
0.326027,0.438447,-0.134902,0.0,0.0,-0.476668,-1.584031,-2.144269,-1.973011,-1.593697,-0.000129,0.0,80.334221
-0.314217,0.415219,-0.314217,0.179881,0.179883,-0.294023,-1.371342,-2.164366,-2.073841,-1.747054,6.6e-05,0.0,80.478729
-0.245236,0.267526,-0.312116,0.673323,0.673318,-0.720096,-1.639725,-2.577187,-2.645184,-2.384119,0.000305,1.0,81.020607
0.277778,0.31111,-0.222219,0.323265,0.323272,-0.728894,-1.586671,-2.605188,-2.872224,-2.655112,0.000797,0.0,81.282524
-0.490362,0.156024,-0.590668,-0.299997,-0.299994,-0.256333,-1.024192,-1.979279,-2.424503,-2.335457,0.000981,0.0,81.038681
-0.055649,0.166966,-0.367313,0.122582,0.122586,-0.180323,-0.821464,-1.766107,-2.380346,-2.391365,0.000816,0.0,81.138023
-0.811015,0.010673,-0.896378,4.307662,4.307647,-3.320877,-4.254611,-5.248812,-6.055377,-6.168812,0.002576,1.0,84.633163
0.435202,0.477662,-0.063684,0.533561,0.53357,-2.878676,-4.170473,-5.184874,-6.142662,-6.41206,0.003545,0.0,85.08474
0.5143,0.600018,-0.375012,-0.93408,-0.934083,-1.249331,-2.760102,-3.81514,-4.872498,-5.320049,0.003159,-1.0,84.289978
-0.450305,0.160824,-0.578958,-0.064293,-0.064292,-0.426717,-2.234372,-3.329401,-4.381365,-4.987668,0.003066,0.0,84.235786
-0.021438,0.343052,-0.225128,0.010724,0.010725,0.30017,-1.780661,-2.885936,-3.966554,-4.724272,0.003355,0.0,84.24482
0.053283,0.447616,-0.138554,0.589626,0.589632,-0.262184,-1.85336,-3.005445,-4.093051,-4.992868,0.003773,1.0,84.741554
-0.425488,0.09573,-0.499948,0.191836,0.19183,-0.495693,-1.583876,-2.809634,-3.861296,-4.853529,0.004305,0.0,84.904114
-0.233152,0.095375,-0.392118,0.3723,0.372294,-0.646456,-1.486854,-2.763174,-3.810405,-4.857988,0.004416,0.0,85.220207
0.01066,0.117322,-0.405295,-0.635862,-0.635864,0.093863,-0.426616,-1.798915,-2.852492,-3.886088,0.003992,-1.0,84.678322
-0.573371,0.222976,-0.668929,0.44795,0.447961,-0.161395,-0.409857,-1.866642,-2.900832,-3.939694,0.003902,0.0,85.057648
-0.466195,0.233101,-0.720492,0.212356,0.212357,-0.256412,-0.549905,-1.702339,-2.742109,-3.772836,0.003758,0.0,85.238274
0.348397,0.823479,-0.116132,0.36025,0.360245,-0.464529,-0.853041,-1.702562,-2.769744,-3.758448,0.003578,0.0,85.545341
-0.654012,0.0,-0.685655,0.084462,0.084459,-0.455697,-0.781646,-1.447961,-2.52479,-3.496626,0.003819,0.0,85.617592
-0.063904,0.287536,-0.276893,-0.949368,-0.94937,0.528225,0.236425,-0.20731,-1.326941,-2.292224,0.003121,-1.0,84.804764
0.372109,0.425262,-0.520942,0.17039,0.170383,0.331714,0.148854,-0.077952,-1.223143,-2.155208,0.002634,0.0,84.949257
0.010699,0.428213,-0.053531,-0.691042,-0.691025,0.822171,0.800761,0.59593,-0.305652,-1.221293,0.002348,-1.0,84.362236
-0.13899,0.138998,-0.545282,0.128461,0.128456,0.438361,0.620122,0.418405,-0.229337,-1.138458,0.002232,0.0,84.470604
0.591656,0.731497,-0.032271,-0.60943,-0.609426,0.658344,1.086485,1.007599,0.541628,-0.344668,0.001967,-1.0,83.955818
0.021461,0.354155,-0.515135,0.236662,0.236654,0.266154,0.78558,0.762685,0.489379,-0.398366,0.001992,0.0,84.154503
-0.042754,0.320653,-0.245827,0.407811,0.407813,-0.247965,0.309964,0.373382,0.280037,-0.605812,0.001876,0.0,84.497696
-0.095608,0.541806,-0.148729,0.609234,0.609239,-0.699035,-0.324022,-0.213182,-0.304899,-0.994371,0.002001,1.0,85.012489
1.373095,1.383824,-0.182362,-0.966744,-0.966744,0.203814,0.488087,0.704421,0.615206,0.122715,0.001711,-1.0,84.190636
0.98882,0.98882,-0.440675,-0.193092,-0.193103,0.41488,0.493342,0.804678,0.794288,0.447126,0.001574,0.0,84.028061
-0.443871,0.303128,-0.508824,-0.720118,-0.720111,0.967843,1.056616,1.435528,1.476667,1.290026,-0.000612,-1.0,83.422966
-0.216003,0.194407,-0.475207,0.238165,0.238166,0.518418,0.657742,1.080033,1.198297,1.168164,-0.000741,0.0,83.621651
0.813547,0.980718,-0.055726,-3.088879,-3.088877,2.741553,3.455917,3.956307,4.195357,4.215306,-0.001678,-1.0,81.038681
-1.994276,0.077126,-2.016309,1.147887,1.147883,1.033494,1.976641,2.485675,2.833846,2.880563,-0.001151,1.0,81.96891
1.471411,1.718521,-0.168485,-1.906129,-1.906126,2.095924,3.516791,4.045078,4.532741,4.68651,-0.001984,-1.0,80.406479
0.832473,1.140381,0.0,-1.505107,-1.505109,2.588663,4.472572,5.162882,5.784009,6.0317,-0.002895,-1.0,79.196274
1.431025,1.659994,-0.091587,-0.387734,-0.38773,1.788209,4.168288,5.060102,5.804807,6.172866,-0.003147,0.0,78.889206
0.575573,1.116603,-0.08058,-0.549508,-0.549507,1.692179,3.908132,5.138706,5.95717,6.439039,-0.003548,-1.0,78.455704
0.197168,0.382744,-1.774529,-0.748247,-0.748249,1.405706,3.879609,5.366116,6.263045,6.880071,-0.003596,-1.0,77.86866
-0.882145,0.717478,-0.999764,-1.391793,-1.391803,1.893684,4.402506,6.230703,7.187732,7.9492,-0.004396,-1.0,76.784882
-0.161606,0.704145,-0.669507,1.893672,1.893674,-0.244711,1.799617,3.752367,4.776069,5.61377,-0.003665,1.0,78.238937
-1.501706,0.102385,-1.6041,1.466011,1.466017,-1.560868,-0.20478,1.824041,2.91183,3.802045,-0.003185,1.0,79.385933
-1.128541,0.078997,-1.263969,0.807735,0.807735,-1.956894,-1.130799,0.592859,1.816385,2.709851,-0.00287,1.0,80.027161
0.487528,0.997738,-0.011332,-0.462706,-0.462709,-1.052153,-0.961446,0.681034,1.987535,2.891616,-0.002658,0.0,79.656868
-0.100847,0.369792,-0.414607,1.179139,1.179145,-1.259528,-2.092112,-0.776184,0.590542,1.443298,-0.00222,1.0,80.596138
-0.377154,0.133106,-0.510261,1.019727,1.019728,-1.475324,-2.807549,-1.941954,-0.592906,0.252906,-0.001476,1.0,81.417999
-0.365815,0.443412,-0.432323,0.066552,0.06655,-1.028711,-2.55515,-2.183054,-0.844696,0.015519,-0.001503,0.0,81.472183
0.346508,0.389822,-0.487272,2.372241,2.372242,-2.512181,-4.219817,-4.260602,-3.238765,-2.348023,-0.000207,1.0,83.4049
0.416169,0.821378,-0.361401,-1.126151,-1.126157,-0.720615,-2.571455,-3.129991,-2.24126,-1.333035,-0.000799,-1.0,82.46563
-1.348557,0.30452,-2.120715,0.700908,0.70092,-0.822189,-2.495926,-3.592536,-2.980972,-2.063734,-0.000672,1.0,83.043648
-0.291298,0.258925,-0.485494,0.804791,0.80478,-1.065919,-2.620562,-4.002589,-3.738267,-2.866759,-0.000587,1.0,83.711967
0.032722,0.163578,-0.567063,-1.068082,-1.06808,0.327157,-1.154849,-2.649942,-2.747542,-1.899232,-0.000631,-1.0,82.817856
0.15229,0.315459,-0.663548,0.250821,0.250822,-0.01523,-1.041009,-2.52656,-2.871206,-2.240399,-0.000438,0.0,83.025581
0.291488,0.323872,-0.313075,0.761446,0.761446,-0.485801,-1.310587,-2.801826,-3.504261,-3.004639,0.000206,1.0,83.657776
0.119526,0.619362,-0.108659,-0.647736,-0.64774,0.180379,-0.364007,-1.660324,-2.712154,-2.416163,-0.000179,-1.0,83.115891
-0.087186,0.119879,-0.621186,-0.293379,-0.293369,0.27244,0.104612,-0.998265,-2.204128,-2.155632,0.001037,0.0,82.872055
-0.345459,0.010798,-0.798875,0.94812,0.948113,-0.468528,-0.574326,-1.587676,-2.837631,-3.072867,0.00095,1.0,83.657776
-0.269484,0.043118,-0.711433,0.151139,0.151142,-0.437642,-0.679099,-1.437246,-2.666272,-3.088067,0.001844,0.0,83.784218
-0.032384,0.507223,-0.19426,-0.118565,-0.11857,-0.312974,-0.4155,-0.999355,-2.203219,-2.891002,0.002447,0.0,83.684875
-0.752277,0.233101,-0.773464,1.856241,1.856248,-1.631702,-1.972878,-2.440491,-3.489619,-4.433992,0.003423,1.0,85.238274
-0.180945,0.212885,-0.553483,-0.455605,-0.455616,-0.715267,-1.390094,-1.724314,-2.658321,-3.730061,0.003464,0.0,84.849915
-0.296672,0.392035,-0.360242,0.45769,0.457701,-0.796782,-1.555417,-1.877519,-2.758532,-3.870738,0.003988,0.0,85.238274
-0.533587,0.230175,-0.63821,1.271461,1.271451,-1.454278,-2.409498,-2.884144,-3.614771,-4.713118,0.005146,1.0,86.322037
-0.156692,0.302929,-0.553647,0.156938,0.156941,-0.967307,-2.23859,-2.72851,-3.372508,-4.465061,0.004391,0.0,86.457512
0.12596,0.356885,-0.209927,-0.480524,-0.480526,-0.302295,-1.426467,-2.026516,-2.589477,-3.573418,0.003544,0.0,86.042061
-0.126344,0.094754,-0.379027,-0.304392,-0.304388,0.21899,-0.786486,-1.56665,-2.037802,-2.927357,0.003061,0.0,85.780159
0.073862,0.358768,-0.211034,-0.221105,-0.221116,0.523383,-0.340814,-1.132555,-1.580129,-2.422273,0.003166,0.0,85.590485
-0.326176,0.063128,-0.462966,0.284905,0.284922,0.124149,-0.38511,-1.195295,-1.718233,-2.428881,0.002777,0.0,85.834351
-0.481373,0.188363,-0.512765,0.547135,0.547132,-0.456261,-0.623695,-1.528536,-2.030664,-2.651739,0.002572,0.0,86.303978
-0.144853,0.331091,-0.227628,1.140649,1.140652,-1.293334,-1.50958,-2.320409,-2.892404,-3.442947,0.003039,1.0,87.288406
0.477227,0.529104,-0.165988,-0.269015,-0.269013,-0.734521,-0.990773,-1.736702,-2.438539,-2.923548,0.00189,0.0,87.053589
-0.906441,0.125021,-1.125235,-0.425351,-0.425362,-0.058341,-0.401125,-1.084254,-1.798813,-2.26839,0.002195,0.0,86.683296
-0.114992,0.188158,-0.648132,-0.333402,-0.333399,0.405603,-0.059589,-0.551959,-1.275355,-1.803057,0.001745,0.0,86.394295
0.020888,0.448992,-0.396782,0.114983,0.114987,0.334137,-0.170199,-0.449689,-1.22481,-1.729561,0.001445,0.0,86.493637
-0.448711,0.229574,-0.563499,0.062655,0.062645,0.100183,-0.174261,-0.411141,-1.088381,-1.629131,0.001937,0.0,86.547821
-0.083528,0.271486,-0.187951,-0.062616,-0.062606,0.033413,-0.029236,-0.22206,-0.817063,-1.438865,0.001801,0.0,86.493637
0.710204,0.879799,-0.699593,-1.493162,-1.493161,1.202035,1.440536,1.287541,0.776976,0.167054,0.00082,-1.0,85.202148
0.817067,0.838286,-0.191002,-0.105997,-0.106002,1.008065,1.463289,1.300229,0.961908,0.371394,0.001056,0.0,85.111832
-0.074199,0.752604,-0.180197,0.10611,0.106115,0.597836,1.226416,1.094622,0.943925,0.337502,0.00123,0.0,85.202148
1.251075,1.336613,0.0,-0.869196,-0.869192,0.985881,1.779294,1.856283,1.783036,1.281004,0.00044,-1.0,84.461578
1.59319,1.887826,-0.098206,-2.010263,-2.01027,2.156264,3.348975,3.702896,3.74509,3.353557,-0.0005,-1.0,82.763672
-0.501909,1.287507,-0.589199,0.010916,0.010914,1.558101,2.865247,3.46463,3.584832,3.299507,-0.000444,0.0,82.772705
-0.650124,0.42258,-0.877666,0.698308,0.698311,0.431247,1.786755,2.548486,2.688262,2.562354,-0.000947,1.0,83.350716
-0.930526,0.0,-1.205456,2.470472,2.470465,-1.941413,-0.794116,0.00635,0.151216,0.17046,0.000325,1.0,85.409866
-0.211391,0.412218,-0.644753,0.042298,0.042297,-1.752454,-0.96501,-0.179681,0.073992,0.137833,0.000144,0.0,85.445992
-0.031486,0.251834,-0.28332,0.729312,0.729312,-1.695697,-1.731373,-0.978662,-0.633786,-0.530534,-9.1e-05,1.0,86.06916
1.533512,1.694372,-0.428957,-2.151105,-2.151107,0.808584,0.312071,1.003045,1.469177,1.607728,-0.001095,-1.0,84.21772
-0.66021,0.138427,-0.66021,0.707779,0.707781,0.445104,-0.428069,0.168956,0.69588,0.822491,-0.000578,1.0,84.813797
0.138156,0.255046,-0.340063,0.202315,0.202317,0.142403,-0.654619,-0.151608,0.414989,0.549633,-0.000358,0.0,84.98539
0.24504,0.490091,-0.191776,-0.255045,-0.255045,0.238652,-0.364372,-0.036223,0.523121,0.746646,-0.000373,0.0,84.768639
0.225297,0.439871,-0.257481,-0.692523,-0.692517,0.489213,0.49887,0.477771,1.053533,1.373241,-0.000798,-1.0,84.181602
0.679902,1.251884,-0.140303,-0.59006,-0.590066,0.95834,1.2044,0.953304,1.474205,1.883876,-0.001292,-1.0,83.684875
0.628728,0.867212,-0.26016,-0.442482,-0.442475,1.047151,1.649859,1.258171,1.740375,2.215715,-0.00198,0.0,83.31459
1.060036,1.081666,-0.292047,0.216799,0.2168,0.471606,1.200646,0.902828,1.340723,1.860031,-0.001769,0.0,83.495216
0.774516,1.156327,-0.752694,-0.843698,-0.843703,0.8487,1.741029,1.626852,1.976112,2.509439,-0.001951,-1.0,82.790764
-0.782016,0.249813,-0.890627,0.43635,0.436352,0.162919,0.948189,1.216463,1.332137,1.876397,-0.001616,0.0,83.152023
-1.154612,0.41986,-1.33305,3.475613,3.475608,-2.653505,-2.230497,-1.929948,-2.022666,-1.575306,-0.000155,1.0,86.042061
0.35372,0.717847,-0.405743,0.892207,0.892211,-2.709117,-2.865172,-2.531562,-2.791306,-2.426554,0.000205,1.0,86.809738
0.544614,0.649345,-0.30373,-0.665834,-0.665835,-1.42229,-2.069545,-1.814694,-2.080019,-1.784669,-5.7e-05,-1.0,86.231728
0.259444,0.788711,-0.716068,0.921657,0.921657,-1.349108,-2.704441,-2.590287,-2.8269,-2.65961,0.000993,1.0,87.026489
-0.3512,0.268569,-0.609438,0.466996,0.466996,-0.828425,-2.784834,-2.939088,-3.011567,-3.069102,0.001242,0.0,87.432899
-1.849275,0.238614,-3.131837,3.89423,3.894231,-3.489761,-5.641282,-6.091339,-6.203025,-6.454168,0.002889,1.0,90.837738
-1.396727,0.257555,-2.05052,0.367861,0.367865,-2.886578,-5.12531,-5.970613,-6.117882,-6.531155,0.003427,0.0,91.171898
1.034683,1.093805,-0.788336,0.525018,0.525017,-2.211277,-4.730986,-5.97688,-6.267743,-6.737884,0.004529,0.0,91.650566
0.860757,1.154429,-0.65823,-2.690188,-2.690201,0.976212,-1.380243,-3.047416,-3.466826,-3.947737,0.003355,-1.0,89.184982
-0.764145,0.278816,-1.011973,-1.934181,-1.93418,2.973988,1.057426,-0.885297,-1.483363,-1.838485,0.00221,-1.0,87.459984
1.176834,1.228445,-0.165174,0.030986,0.030994,2.176108,1.191285,-0.626271,-1.327039,-1.653353,0.00115,0.0,87.487091
1.585656,1.585656,-0.456001,-0.392283,-0.392278,1.654053,1.628145,0.058035,-0.804749,-1.091929,0.000961,0.0,87.143898
-0.454864,0.616599,-0.929948,2.528762,2.528759,-1.368649,-0.52967,-1.973114,-3.007178,-3.355101,0.001743,1.0,89.347557
1.359282,2.018329,-0.082383,-1.839684,-1.839687,0.142106,1.411801,0.237532,-1.022036,-1.44084,0.001879,-1.0,87.703842
-0.958053,0.050419,-1.240424,2.111011,2.111006,-1.460263,-0.447759,-1.358072,-2.76825,-3.322708,0.002489,1.0,89.555275
0.513347,1.149892,-0.01027,-1.774911,-1.774899,0.429152,1.024633,0.570151,-0.767974,-1.405346,0.001629,-1.0,87.965759
-0.419871,0.010243,-1.331289,0.256674,0.256665,0.409629,0.42806,0.417138,-0.745518,-1.504555,0.001851,0.0,88.191536
0.133453,0.256647,-0.903403,-0.245774,-0.245765,0.344927,0.257664,0.796624,-0.24639,-1.125971,0.002046,0.0,87.974792
0.855829,0.967902,-0.295467,0.759674,0.759664,-0.19969,-0.559345,0.158264,-0.668362,-1.696584,0.002633,1.0,88.643105
-0.347688,0.0,-0.991922,-0.366787,-0.366782,-0.112484,-0.096124,0.593789,-0.010227,-1.147357,0.002665,0.0,88.317978
0.678479,1.00253,-0.455693,0.981694,0.981685,-0.810118,-0.876952,-0.50767,-0.806066,-1.861661,0.002998,1.0,89.184982
-0.195195,1.015031,-0.312317,3.756961,3.756972,-3.462815,-3.883467,-4.011973,-4.088425,-5.016592,0.004998,1.0,92.535637
-0.283557,0.068445,-0.801799,-0.18544,-0.185442,-2.333039,-3.378309,-3.782143,-3.57827,-4.456045,0.004728,0.0,92.364037
-0.84083,0.048888,-0.87016,0.00978,0.00978,-1.535003,-2.882283,-3.561464,-3.298298,-4.050448,0.003221,0.0,92.37307
-1.875555,0.0,-1.943935,0.087998,0.088003,-0.726784,-2.654104,-3.286126,-3.111759,-3.732351,0.002871,0.0,92.454361
-0.205478,0.313112,-0.459877,-0.16607,-0.166065,0.113498,-2.022511,-2.777566,-2.871337,-3.300985,0.003089,0.0,92.300827
-0.127136,0.048903,-0.743278,0.048927,0.048917,0.023473,-1.620538,-2.449551,-2.855257,-3.10846,0.002709,0.0,92.345978
0.019579,0.185968,-0.743852,-0.078242,-0.078239,0.082218,-1.077616,-2.161756,-2.745425,-2.770677,0.002472,0.0,92.273727
0.048903,0.440095,-0.244499,0.078303,0.078301,-0.001953,-0.754034,-1.903178,-2.650367,-2.616333,0.000813,0.0,92.345978
-1.247561,0.214427,-1.44249,0.342296,0.342301,-0.298246,-0.623784,-2.014297,-2.701756,-2.72281,0.000802,0.0,92.662079
0.271844,0.388351,-0.504851,0.389866,0.38986,-0.530095,-0.597085,-2.032361,-2.782037,-3.006601,0.000743,0.0,93.023331
-0.4189,0.331219,-0.584509,-0.339804,-0.339808,-0.113002,-0.239645,-1.373596,-2.150508,-2.609641,0.001765,0.0,92.70723
-0.009745,0.321514,-0.574821,-0.009745,-0.009745,-0.011687,-0.193875,-1.024286,-1.960243,-2.554944,0.002602,0.0,92.698196
-0.69903,0.0,-0.854366,0.350741,0.350746,-0.215535,-0.472814,-1.05631,-2.016989,-2.730485,0.002741,0.0,93.023331
0.507809,0.839844,-0.019536,-0.582522,-0.582518,0.330072,0.113277,-0.176437,-1.284672,-1.943364,0.002658,-1.0,92.481453
-0.249825,0.379731,-0.449682,-2.275393,0.489031,-0.177471,-0.305825,-0.393312,-1.497787,-2.186127,0.001771,0.0,92.933716
0.948922,1.261862,-0.171612,-1.009295,-1.009292,0.685624,0.67257,0.583137,-0.286715,-0.977874,0.002132,-1.0,91.995743
-0.656302,0.181745,-1.363085,-0.020187,-0.020186,0.549169,0.660653,0.575403,-0.049008,-0.843522,0.001206,0.0,91.977173
0.192018,0.555839,-0.474981,-0.090876,-0.090879,0.394749,0.702986,0.632103,0.21877,-0.570954,0.001938,0.0,91.893585
0.461733,1.077368,-0.102604,-1.505809,-1.50581,1.493948,2.004774,2.027371,1.87203,0.991335,0.001172,-1.0,90.509842
-0.591891,0.183692,-0.898048,0.543812,0.543812,0.520464,1.230946,1.380389,1.420871,0.578563,0.001515,0.0,91.002045
0.311853,0.540545,-0.405404,-1.826718,-1.826722,1.796263,2.737626,3.042452,3.129156,2.501446,0.00039,-1.0,89.339691
-0.145529,0.353435,-0.478169,0.0,0.0,1.205824,2.361701,2.823509,2.959895,2.562557,0.00055,0.0,89.339691
-0.432809,0.072135,-0.845012,0.873185,0.873191,-0.063897,1.153439,1.768753,1.943626,1.740286,0.000503,1.0,90.119797
-0.680136,0.072135,-0.927455,0.0,0.0,-0.150458,0.891381,1.580686,1.8141,1.82026,-0.001131,0.0,90.119797
-0.612993,0.429103,-0.653861,0.865618,0.865623,-1.029837,-0.198206,0.553192,0.863278,1.021908,-0.000674,1.0,90.899895
-0.040984,0.307381,-0.563519,-0.286064,-0.286065,-0.459018,-0.061479,0.689607,1.058526,1.228064,-0.000802,0.0,90.639862
-2.121519,0.109562,-2.270915,2.868857,2.868856,-2.398409,-2.713154,-2.07972,-1.708016,-1.557446,0.000407,1.0,93.240189
-0.520682,0.290378,-0.520682,-0.527887,-0.527887,-1.313711,-2.104743,-1.57986,-1.16472,-1.018853,0.000249,-1.0,92.747986
0.314713,0.580249,-0.432732,1.812353,1.812348,-2.157745,-3.432335,-3.194334,-2.83052,-2.697162,0.001016,1.0,94.428902
-0.04885,0.527551,-0.449393,0.668766,0.668766,-1.932392,-3.646931,-3.688289,-3.368893,-3.227448,0.001341,1.0,95.06041
0.952009,1.167929,-0.029442,-0.459166,-0.459159,-0.637945,-2.644031,-3.058859,-2.821876,-2.684763,0.001107,0.0,94.623932
1.962934,2.152248,-0.049824,-1.501617,-1.501628,0.868877,-0.745311,-1.493287,-1.313293,-1.16129,0.000305,-1.0,93.203033
0.421861,0.4319,-0.512249,-0.797133,-0.797122,1.617111,0.305341,-0.660912,-0.550777,-0.362157,-0.000211,-1.0,92.460091
-0.488046,0.199199,-0.547813,0.843716,0.843713,0.511949,-0.199206,-1.296817,-1.342136,-1.170981,0.000304,1.0,93.240189
-0.917976,0.246767,-0.957459,0.90637,0.906369,-0.598162,-0.75708,-1.964925,-2.16711,-2.013541,0.000702,1.0,94.085289
0.212959,1.10536,0.0,-2.665084,-2.665086,1.45827,2.062672,0.882264,0.488794,0.620054,-0.000609,-1.0,91.577835
0.170236,0.260367,-0.941321,1.26762,1.267619,0.088125,0.731025,-0.136189,-0.728019,-0.637712,0.000195,1.0,92.738693
0.531168,0.821807,-0.110244,-0.080114,-0.080112,0.212469,0.802767,0.126948,-0.606835,-0.573541,-5.2e-05,0.0,92.664398
-0.50873,0.289278,-0.718205,0.471037,0.471039,-0.287283,0.18753,-0.129011,-0.933667,-1.013069,0.000592,0.0,93.100883
0.454006,1.046187,-0.148048,1.067332,1.067327,-1.338332,-0.973151,-0.957359,-1.815532,-2.009078,0.001064,1.0,94.094574
0.46333,0.581622,-0.473189,0.118439,0.118445,-0.897087,-1.134665,-0.822165,-1.673407,-2.031156,0.001155,0.0,94.206024
0.029246,0.146243,-0.497223,1.113957,1.11395,-1.460462,-2.00838,-1.773744,-2.44613,-2.972796,0.002294,1.0,95.255432
-0.251016,0.212397,-0.4441,0.984695,0.984701,-1.687587,-2.57579,-2.492762,-3.081678,-3.740108,0.002486,1.0,96.193413
0.322457,0.683999,-0.195424,-1.197148,-1.197143,-0.087944,-1.205787,-1.268323,-1.648428,-2.383039,0.00276,-1.0,95.04184
-0.329326,0.242154,-0.47462,0.879424,0.879418,-0.58698,-1.880084,-2.072193,-2.24622,-3.030607,0.003142,1.0,95.877655
0.135633,0.290637,-0.581281,-0.019369,-0.019368,-0.222827,-1.414457,-1.967321,-1.955049,-2.739781,0.002754,0.0,95.859085
-0.309747,0.425905,-0.48398,0.087189,0.08719,-0.166488,-1.166393,-1.862356,-1.899623,-2.549221,0.002792,0.0,95.942665
0.146401,0.341596,-0.575831,-0.822765,-0.822765,0.443099,-0.084912,-0.859524,-0.9594,-1.529183,0.002058,-1.0,95.153282
0.224964,0.596635,-0.136933,-0.214719,-0.214722,0.639674,0.324729,-0.52621,-0.718894,-1.113847,0.002089,0.0,94.948967
0.221008,0.56693,-0.086477,1.789908,1.78991,-0.970501,-1.175171,-2.098589,-2.382532,-2.614779,0.00162,1.0,96.648468
-0.067666,0.338334,-0.270661,-0.595756,-0.595757,-0.332525,-0.388591,-1.199933,-1.722085,-1.804927,0.00159,-1.0,96.072678
-0.379149,0.303318,-1.317535,1.981637,1.981633,-1.854026,-2.046442,-2.763346,-3.388148,-3.519618,0.001664,1.0,97.976486
0.239739,0.479478,-0.316458,-1.156399,-1.156395,-0.356733,-0.833334,-1.338064,-2.03155,-2.221711,0.00087,-1.0,96.843491
1.039355,1.530166,-0.048121,-0.354809,-0.354813,0.319505,-0.329133,-0.751934,-1.513811,-1.787702,0.000916,0.0,96.499878
-0.519474,0.529103,-1.010096,0.038488,0.038487,0.25782,-0.299177,-0.621446,-1.424717,-1.764304,0.001585,0.0,96.537018
0.691064,2.170531,-0.136266,-1.16402,-1.164013,1.300366,0.828301,0.633311,-0.062782,-0.574268,0.001426,-1.0,95.413315
0.618858,1.355596,-0.157175,-0.914926,-0.914928,1.508836,1.610996,1.51211,0.955299,0.400388,0.000661,-1.0,94.540352
-1.21916,0.14514,-1.21916,1.522588,1.522581,-0.193511,0.173204,-0.02515,-0.38606,-0.958677,0.000929,1.0,95.979805
-0.328158,0.125468,-0.472925,0.251575,0.251577,-0.501881,0.05405,-0.194316,-0.47389,-1.083291,0.002197,0.0,96.221268
1.996673,2.055397,-0.137026,-1.38983,-1.389829,0.552024,1.278264,1.142544,0.970445,0.344528,0.001042,-1.0,94.883957
0.423104,1.161076,-0.393579,-0.528532,-0.528528,0.867853,1.637311,1.57565,1.516285,0.996557,0.000847,-1.0,94.382469
0.206753,0.551341,-0.137836,-0.059035,-0.059033,0.882144,1.310422,1.521442,1.527022,1.123556,0.000616,0.0,94.326752
-0.223471,0.563546,-0.233189,1.329131,1.329128,-0.524679,-0.150602,0.219588,0.163234,-0.080838,0.00073,1.0,95.580475
-0.497944,0.566298,-0.517476,-0.485814,-0.485811,-0.271434,0.191366,0.720559,0.656119,0.491698,0.000468,0.0,95.116135
-0.166015,0.351562,-0.449219,-0.019524,-0.019524,-0.207036,0.059564,0.631504,0.634759,0.553509,-2.5e-05,0.0,95.097565
0.194804,0.623356,-0.107139,0.263668,0.263666,-0.266873,-0.210383,0.316223,0.343332,0.337002,-0.000339,0.0,95.348305
0.250243,0.298361,-0.404234,1.198017,1.198016,-0.999039,-1.189609,-0.974017,-0.816173,-0.799618,0.000703,1.0,96.490593
-0.472287,0.192768,-0.751806,-0.144372,-0.144372,-0.695902,-1.008193,-0.864901,-0.610604,-0.64964,0.000258,0.0,96.351288
0.288298,0.470887,-0.288291,0.298793,0.298789,-0.676527,-1.259845,-1.150614,-0.819234,-0.879488,0.000396,0.0,96.639175
0.096338,0.462424,-0.086709,-0.249851,-0.249852,-0.157995,-0.855489,-0.912651,-0.583814,-0.609633,0.000249,0.0,96.39772
-0.309179,0.260867,-0.43478,-0.28902,-0.289013,0.291785,-0.387442,-0.576493,-0.29324,-0.310728,0.000481,0.0,96.119118
-0.276745,0.295827,-0.515317,1.246378,1.246375,-0.772976,-1.306423,-1.610206,-1.554539,-1.481441,0.001117,1.0,97.317123
0.096292,0.683678,-0.038517,-0.897035,-0.897036,0.144441,-0.32354,-0.687527,-0.684157,-0.536156,-5.2e-05,-1.0,96.444153
1.267066,1.286715,-0.03929,-1.964372,-1.964374,1.70907,1.613796,1.184565,1.202735,1.439942,-0.000647,-1.0,94.549629
-0.67613,0.183524,-0.753404,1.689422,1.689424,-0.032839,0.034775,-0.408896,-0.498887,-0.266201,-0.000774,1.0,96.146973
-0.354919,0.076741,-0.719424,0.695452,0.695451,-0.579376,-0.504555,-0.929174,-1.113667,-0.924315,3.1e-05,1.0,96.815628
1.323852,1.781364,-0.457511,-1.458031,-1.458027,0.4906,0.853689,0.611956,0.394719,0.433754,-0.000448,-1.0,95.40403
0.532536,0.619674,-0.484121,0.53538,0.535379,-0.154919,0.271107,0.099407,-0.143299,-0.139814,-0.000232,0.0,95.914803
0.14571,0.41772,-0.194292,-0.329199,-0.329207,0.394409,0.493496,0.463706,0.153978,0.152327,0.000131,0.0,95.599045
0.028931,0.66544,-0.135017,0.72858,0.72859,-0.300901,-0.244002,-0.180029,-0.497159,-0.582125,0.000845,1.0,96.29557
0.058222,0.815134,-0.446392,-0.617223,-0.617225,0.085392,0.331873,0.464495,0.18971,0.047351,-8.5e-05,-1.0,95.70121
-0.630789,0.206977,-0.798341,-1.542944,-1.542952,1.403516,1.575997,1.87858,1.754394,1.601821,-0.000865,-1.0,94.224586
-0.128159,0.256304,-0.443616,-0.019709,-0.0197,1.060721,1.358433,1.74684,1.701494,1.546525,-0.000269,0.0,94.206024
-0.029838,0.318281,-0.338178,-0.887225,-0.887229,1.487966,2.139447,2.424242,2.518401,2.3334,-0.000425,-1.0,93.370201
-0.516417,0.253339,-0.945136,2.078771,2.078767,-0.785339,-0.02825,0.262438,0.441886,0.267376,0.000504,1.0,95.31115
0.038927,0.214092,-0.729856,0.126673,0.126675,-0.967303,-0.299726,0.087583,0.319191,0.184509,-1.9e-05,0.0,95.431885
0.274993,0.383028,-0.304457,-0.914755,-0.91475,0.017676,0.531328,0.817126,1.143192,1.119228,-0.000205,-1.0,94.558922
-0.889022,0.169811,-1.068824,-1.679433,-1.679439,1.460394,1.931877,2.290149,2.689044,2.734195,-0.000927,-1.0,92.970863
0.098803,0.355697,-0.494022,1.098789,1.098788,0.490073,0.653102,1.138891,1.432176,1.569811,-0.000564,1.0,93.992416
-0.286845,0.187936,-0.623142,-0.108686,-0.108679,0.296734,0.506428,1.08869,1.409,1.628881,-0.001132,0.0,93.890266
-0.846791,0.443092,-0.88617,0.454995,0.454992,-0.393855,-0.095509,0.454249,0.854177,1.124855,-0.000871,0.0,94.317459
0.788503,0.878329,-0.3693,-1.348952,-1.348947,0.642772,1.14382,1.658841,2.003686,2.35951,-0.001588,-1.0,93.045166
-0.283981,0.509201,-0.48962,1.926341,1.926331,-0.865647,-0.701135,-0.338162,-0.008811,0.361146,-0.000642,1.0,94.837524
-0.107026,0.311344,-0.223775,0.646295,0.646303,-1.196732,-1.120844,-0.988522,-0.603719,-0.333141,-0.000235,1.0,95.450462
-0.186948,0.875726,-0.186948,-1.118897,-1.118898,0.025584,-0.100364,-0.00328,0.427532,0.70924,-0.001263,-1.0,94.382469
0.505854,0.87284,-0.128941,-0.797006,-0.797007,0.682405,0.509818,0.652647,1.064272,1.41202,-0.00122,-1.0,93.630234
0.580466,0.910733,-0.260202,-0.892682,-0.892685,1.535231,1.224983,1.456502,1.833971,2.130508,-0.000754,-1.0,92.794411
1.217907,1.431039,-0.09134,-1.391112,-1.391117,2.238919,2.492649,2.690896,3.029542,3.355331,-0.002093,-1.0,91.503532
1.14908,1.14908,-0.498269,-0.192838,-0.192836,1.533461,2.398829,2.740161,2.994721,3.413879,-0.00248,0.0,91.32708
-0.121798,0.771419,-0.304503,0.183039,0.183051,0.7166,1.949854,2.274323,2.54415,3.021515,-0.001766,0.0,91.494255
0.030059,0.170339,-0.440884,1.299235,1.29923,-0.779566,0.465927,0.764858,1.066127,1.521839,-0.001434,1.0,92.682976
-1.105257,0.365038,-1.196513,-1.182365,-1.18237,0.143986,1.508822,1.754208,2.131414,2.569865,-0.001805,-1.0,91.58712
-0.524348,0.151257,-1.794897,0.557691,0.557699,-0.282345,0.648379,1.126683,1.450537,1.835231,-0.001879,1.0,92.0979
0.393819,0.747246,-0.282742,-0.141171,-0.141176,-0.002016,0.411998,1.122895,1.517724,1.821269,-0.001672,0.0,91.96788
0.989807,1.339736,-0.029993,0.999695,0.9997,-0.691861,-0.742853,0.049989,0.382423,0.666666,-0.000567,1.0,92.887283
0.629725,0.707223,-0.222828,3.199364,3.199364,-3.107928,-3.587488,-2.944523,-2.707328,-2.447592,0.000833,1.0,95.859085
0.451447,0.518683,-0.345789,0.862236,0.862227,-2.881563,-4.009217,-3.523192,-3.429061,-3.179709,0.001594,1.0,96.685608
-0.72696,0.066088,-0.925223,1.738543,1.738553,-3.266619,-4.951853,-4.932656,-4.805044,-4.665033,0.001446,1.0,98.366539
0.853635,0.920774,-0.230199,-1.567217,-1.567218,-0.723196,-2.870712,-3.324387,-3.143109,-3.004417,0.000709,-1.0,96.824921
-0.23625,0.264598,-0.36855,1.496257,1.496252,-1.090528,-3.612736,-4.485603,-4.347948,-4.313739,0.001757,1.0,98.273666
-0.614303,0.0,-0.652108,-0.009452,-0.009448,-0.591626,-3.03563,-4.162178,-4.138078,-4.189396,0.002484,0.0,98.264381
0.574821,0.678471,-0.405203,0.292983,0.292981,-0.503205,-2.61214,-4.052648,-4.138714,-4.307202,0.002133,0.0,98.552277
2.91197,2.91197,-0.80031,-2.271018,-2.271015,1.382701,0.088708,-1.490054,-1.834444,-1.944655,0.001193,-1.0,96.31414
1.391901,1.470877,-0.296153,-2.323784,-2.323788,3.210266,2.693978,1.04837,0.427935,0.391706,-1.5e-05,-1.0,94.076004
0.543424,0.543424,-0.368758,1.727542,1.727546,0.919939,1.244052,-0.37458,-1.208642,-1.237463,0.001322,1.0,95.70121
1.473477,1.581533,-0.216111,-1.213003,-1.213002,1.371313,2.347736,0.979694,0.052548,-0.01533,-4.2e-05,-1.0,94.540352
0.925746,0.945439,-0.236358,-0.255405,-0.255407,0.728778,2.356707,1.429978,0.388516,0.293873,-0.000435,0.0,94.298889
-0.554529,0.019454,-1.021503,1.231042,1.231041,-0.675161,0.807473,0.431301,-0.625061,-0.899699,0.000587,1.0,95.459747
-0.096447,0.279681,-0.202526,0.875573,0.875576,-1.076287,-0.122484,-0.140808,-1.229631,-1.724761,0.001314,1.0,96.29557
-0.116304,0.174453,-0.804421,-0.491853,-0.491852,-0.562125,0.115331,0.556954,-0.515606,-1.178914,0.001489,0.0,95.821938
0.722892,0.963855,-0.134939,0.552433,0.552431,-0.732529,-0.633252,0.038554,-0.871808,-1.608869,0.002334,1.0,96.351288
0.105404,0.143734,-0.718666,0.587953,0.587951,-0.772325,-1.382712,-0.530214,-1.176216,-2.013798,0.002673,1.0,96.917786
0.579316,0.685526,-0.241383,-0.756996,-0.756998,0.135179,-0.644004,0.077247,-0.209999,-1.071736,0.002264,-1.0,96.18412
-0.368036,0.387411,-0.406778,-0.30897,-0.308962,0.360287,-0.147218,0.322192,0.303628,-0.574919,0.001565,0.0,95.886948
0.967456,1.104268,-0.254082,-0.891039,-0.891042,1.09645,0.68015,0.996773,1.318281,0.467895,0.001692,-1.0,95.032555
-0.450053,0.068486,-0.880541,-0.117271,-0.117268,0.913803,0.838468,0.880539,1.387827,0.680166,0.001398,0.0,94.921112
-0.786406,0.233008,-0.796117,0.772919,0.772922,-0.124275,0.206792,-0.09515,0.556306,0.078053,0.001796,1.0,95.654778
0.920669,0.999025,-0.303621,-0.873788,-0.8738,0.468178,1.022535,0.680387,1.25564,1.075032,0.000981,-1.0,94.818947
-0.36257,0.146981,-1.303285,-0.048967,-0.048962,0.282213,0.911316,0.778702,1.19696,1.242918,-0.000431,0.0,94.772522
0.009791,0.293681,-0.362215,0.09799,0.097996,0.148796,0.711693,0.621303,0.918252,1.227208,-0.000763,0.0,94.865395
-0.01952,0.117091,-0.439114,0.323055,0.323052,-0.121002,0.263463,0.341526,0.430812,0.872361,-0.001379,0.0,95.17186
-0.735794,0.096813,-1.200501,0.790396,0.790389,-0.848093,-0.626386,-0.332392,-0.49375,0.049574,-0.000354,1.0,95.924088
0.145323,0.348771,-0.242201,-0.06777,-0.067765,-0.563843,-0.592908,-0.237034,-0.45001,0.012788,-0.001034,0.0,95.859085
-0.067961,0.349516,-0.737866,-0.213138,-0.213133,-0.166993,-0.404858,-0.068613,-0.154859,0.177471,-0.001122,0.0,95.654778
1.2916,1.460508,-0.009938,-2.281551,-2.281558,1.865872,1.753602,2.097036,2.057129,2.310979,-0.002242,-1.0,93.472359
1.834768,2.531776,-0.030749,-3.070049,-3.070054,4.083649,4.499805,4.907759,5.072273,5.213212,-0.002589,-1.0,90.602707
0.01055,1.265694,-2.953271,-2.818778,-2.818776,5.31379,6.667024,7.279126,7.765011,7.787793,-0.002804,-1.0,88.04882
3.573683,3.605214,-0.147151,0.348066,0.348072,3.249945,5.565482,6.316305,6.989173,7.053605,-0.003404,0.0,88.355293
0.411821,0.453004,-2.491504,2.091652,2.091651,-0.074128,2.896121,3.718044,4.45949,4.688565,-0.001967,1.0,90.203377
-0.74006,0.334552,-1.206409,1.55462,1.554621,-2.011359,0.965124,1.880913,2.630271,2.907136,-0.00118,1.0,91.605698
-0.9151,0.081344,-1.047278,-0.293999,-0.294006,-1.561766,0.842913,1.919681,2.658369,3.070266,-0.001843,0.0,91.336372
0.792015,1.080021,-0.185147,-1.148955,-1.148949,0.078169,1.390656,2.707944,3.484362,4.090513,-0.002723,-1.0,90.286964
0.580907,0.918888,-0.295731,-2.612632,-2.612637,2.665824,3.208705,4.940857,5.791089,6.54035,-0.003646,-1.0,87.928093
-0.962341,0.010463,-1.328448,0.971692,0.971695,1.357741,1.441423,3.481173,4.37291,5.176571,-0.003463,1.0,88.782486
0.922816,1.101094,-0.230707,-0.251043,-0.251046,0.924916,1.141988,3.26692,4.270136,5.113257,-0.003828,0.0,88.559601
0.02115,0.486514,-0.78266,-0.849411,-0.849412,0.985722,1.690111,3.592456,4.75833,5.624539,-0.003868,-1.0,87.807365
-0.270153,0.197425,-0.97672,1.787409,1.787414,-0.991272,0.052993,1.284983,2.567541,3.432254,-0.002957,1.0,89.376846
2.296215,2.400588,-0.146123,-0.4468,-0.446801,-0.311031,0.571967,1.223952,2.699617,3.572491,-0.002764,0.0,88.977509
0.249304,0.727126,-0.270069,0.480116,0.480112,-0.648172,0.002083,0.274234,1.908701,2.787584,-0.002504,0.0,89.404701
-1.470747,0.041422,-1.470747,0.290855,0.290858,-0.689802,-0.504406,-0.299676,1.323146,2.250024,-0.002713,0.0,89.664742
0.104579,0.250991,-0.533363,-0.963231,-0.96323,0.499891,0.177783,0.534751,1.949902,2.968832,-0.002752,-1.0,88.801064
-0.601778,0.12451,-0.830043,0.794807,0.794805,-0.263537,-0.699312,-0.149405,0.787512,1.882138,-0.002386,1.0,89.506859
-0.695795,0.194408,-0.961836,1.400712,1.400717,-1.248344,-1.758935,-1.352032,-0.885611,0.295911,-0.001819,1.0,90.760597
-0.939157,1.010615,-0.939157,0.235338,0.235328,-1.13515,-1.748667,-1.527148,-1.375555,-0.106567,-0.001857,0.0,90.974182
0.465593,1.262288,-0.18624,-1.337277,-1.337275,0.225557,-0.283497,-0.329711,-0.245732,1.019763,-0.002782,-1.0,89.757607
1.658665,1.846439,-0.417277,-0.817383,-0.817377,1.101602,0.674938,0.318516,0.487686,1.576044,-0.003108,-1.0,89.023949
0.60325,0.883335,-0.764838,-3.160859,-3.160865,3.636757,3.593667,3.277677,3.660995,4.440807,-0.00439,-1.0,86.210022
0.465309,0.725028,-0.194785,-0.452438,-0.452436,2.956387,3.696567,3.583303,3.984414,4.447568,-0.003595,0.0,85.819977
0.544662,0.697167,-0.68628,-0.660103,-0.6601,2.298473,3.89869,3.995639,4.385072,4.65359,-0.002547,-1.0,85.253479
2.836496,2.96791,-0.503778,-0.533774,-0.533776,1.677806,3.882383,4.258026,4.543865,4.806049,-0.001553,-1.0,84.798416
3.105868,3.105868,-0.500952,-1.620848,-1.620845,2.010462,4.949346,5.625437,5.792048,6.188575,-0.002409,-1.0,83.423965
-0.424484,0.915995,-0.703751,-0.345102,-0.345107,1.624225,4.546478,5.490773,5.728336,6.319936,-0.003469,0.0,83.136063
0.043517,0.152306,-0.77241,2.680966,2.680968,-1.135767,1.18473,2.454313,2.817672,3.403834,-0.002979,1.0,85.364914
0.457016,0.565828,-1.153434,-0.021754,-0.021754,-1.092494,0.547334,2.159594,2.638738,3.198694,-0.002861,0.0,85.346344
-2.20864,0.0,-2.519566,1.490745,1.49075,-2.125015,-1.291948,0.424574,1.019085,1.452557,-0.001713,1.0,86.618645
-0.467086,0.318475,-0.467086,0.997105,0.997104,-2.163483,-2.442674,-0.667373,0.003186,0.274736,-0.000144,1.0,87.482323
0.931771,1.188819,-0.706869,-0.881098,-0.881099,-0.469105,-1.517622,0.000711,0.738456,1.001175,-0.000949,-1.0,86.711517
0.218346,1.146293,-0.447594,-1.895689,-1.895692,1.384283,0.296947,1.486904,2.455245,2.818345,-0.001664,-1.0,85.067734
-1.015012,0.107978,-1.371348,1.102623,1.102627,0.431916,-0.70943,-0.005042,1.140263,1.567863,-0.000816,1.0,86.005714
0.446133,0.718168,-0.500544,-0.766655,-0.766658,0.909684,0.121871,0.422923,1.668662,2.201959,-0.001926,-1.0,85.346344
-0.779644,0.238226,-0.779644,0.489658,0.489661,0.017327,-0.093124,-0.319797,0.996211,1.608664,-0.001519,0.0,85.764252
1.109648,1.340366,-0.076906,-1.440174,-1.440182,0.962433,1.53154,1.004184,2.177553,2.863996,-0.002354,-1.0,84.529091
-0.445164,0.358308,-0.608032,1.186554,1.186563,-0.112923,0.360476,-0.20268,0.673723,1.496633,-0.001964,1.0,85.532082
-1.576821,0.010656,-1.576821,1.91097,1.910959,-1.719579,-1.312588,-1.927689,-1.432447,-0.509263,-0.000715,1.0,87.166565
-0.557718,0.084186,-0.631379,1.246535,1.246536,-2.270859,-2.342413,-2.874175,-2.731237,-1.798163,-0.000518,1.0,88.253128
0.456864,0.541855,-0.467491,-0.957588,-0.957586,-0.949855,-1.406716,-1.631252,-1.883234,-0.912452,-0.001544,-1.0,87.408028
1.505468,1.505468,-0.270768,-1.901828,-1.901823,1.254191,0.392066,0.478713,-0.008127,0.833095,-0.002473,-1.0,85.745682
0.676933,0.818867,-0.9608,-0.801479,-0.801478,1.960912,1.202096,1.266514,0.754996,1.379628,-0.00224,-1.0,85.058449
-1.44975,0.270475,-1.795957,0.917135,0.91714,0.724866,0.262893,0.384427,-0.126591,0.218969,-0.001486,1.0,85.838554
-0.602285,0.645299,-0.699076,0.595048,0.595039,-0.311895,-0.214027,-0.230159,-0.627557,-0.531729,0.000147,1.0,86.349327
0.07584,0.758393,-0.303365,-0.73134,-0.731332,0.028163,0.515699,0.367632,0.238343,0.046794,2.6e-05,-1.0,85.717827
-0.055473,1.03173,-0.244066,-2.340199,-2.340206,1.93921,2.826716,2.533838,2.67473,2.32483,-0.000704,-1.0,83.711853
0.834701,0.91158,-1.197149,1.009545,1.009544,0.801759,1.683689,1.468788,1.600767,1.242392,-3.3e-05,1.0,84.556961
-0.692609,0.26385,-0.736585,-0.098851,-0.098854,0.578283,1.465486,1.448261,1.649632,1.305634,0.000628,0.0,84.473373
0.619261,1.183236,0.0,-0.582673,-0.582671,0.603785,1.551481,1.934464,2.088358,1.860447,0.000525,-1.0,83.981171
-0.395432,0.120827,-0.494294,0.674556,0.674562,-0.347105,0.532731,1.155532,1.230774,1.231103,-0.000347,1.0,84.547676
-0.033255,0.254964,-0.39907,-0.911689,-0.91169,0.5853,1.222703,2.026382,1.987029,2.193104,-0.000734,-1.0,83.776863
0.923353,1.012353,-0.400489,-0.354728,-0.354728,0.685281,1.393927,2.225683,2.254978,2.46657,-0.001537,0.0,83.479683
0.764291,0.764291,-0.376603,0.433864,0.433866,0.099688,0.717765,1.519714,1.684202,1.952146,-0.001782,0.0,83.841873
0.4686,0.479751,-0.446272,-0.719985,-0.71999,0.64711,1.074422,1.854296,2.294995,2.529068,-0.001711,-1.0,83.23822
0.135551,0.553482,-0.327574,-1.227265,-1.227264,1.330623,1.90444,2.698899,3.350278,3.546821,-0.001421,-1.0,82.216667
-0.690436,0.181102,-0.803621,-0.203322,-0.203325,1.11602,1.909456,2.607816,3.409739,3.530509,-0.001989,0.0,82.0495
1.000338,1.136751,-0.125043,-0.430104,-0.430104,1.116289,1.999546,2.776706,3.621691,3.812665,-0.001842,0.0,81.696602
0.172693,1.185814,0.0,-1.261794,-1.261798,1.621001,2.830997,3.662604,4.542948,4.874516,-0.002604,-1.0,80.665756
-0.509971,0.498377,-0.579509,-0.667743,-0.667737,1.527583,3.041261,3.841756,4.738643,5.318962,-0.002268,-1.0,80.127121
-0.505459,0.091894,-0.597362,0.892448,0.892451,0.289481,1.671446,2.521149,3.406083,4.143819,-0.002396,1.0,80.842216
0.034316,1.109587,-0.080073,0.425037,0.425042,-0.347751,0.921981,1.879809,2.687596,3.538316,-0.003042,0.0,81.185829
-0.305193,0.158246,-1.00599,1.201102,1.201098,-1.417432,-0.43631,0.47624,1.292525,2.145356,-0.003062,1.0,82.16095
0.496784,0.632265,-0.146774,0.113032,0.113028,-1.142596,-0.741786,0.182907,0.960258,1.791127,-0.002596,0.0,82.253815
0.679116,0.905494,-0.033954,-0.248393,-0.248396,-0.427837,-0.639497,0.275425,0.949637,1.742168,-0.001877,0.0,82.0495
0.76168,1.084817,-0.092328,-1.924161,-1.924154,1.433348,1.092897,1.904976,2.604148,3.393416,-0.002365,-1.0,80.470741
-0.578704,0.416667,-0.659722,-0.288517,-0.288515,1.490735,1.159715,1.905856,2.684598,3.418048,-0.00289,0.0,80.238571
0.895874,0.907511,0.0,-0.520839,-0.520841,1.435719,1.454335,2.133798,2.925537,3.697033,-0.003375,-1.0,79.820656
0.710626,1.036821,-0.151441,-0.127983,-0.127984,0.92964,1.465521,1.919853,2.759206,3.522836,-0.003112,0.0,79.718498
0.598313,0.903336,-0.058653,-0.698973,-0.698976,0.910376,2.057724,2.293919,3.178089,3.888319,-0.002399,-1.0,79.161285
0.197796,0.232699,-0.779521,0.832941,0.832946,-0.086097,1.086679,1.248788,2.029668,2.734612,-0.002476,1.0,79.820656
0.505763,0.788056,-0.317569,-1.082024,-1.082023,0.68219,1.910138,2.095192,2.840506,3.6175,-0.002903,-1.0,78.956978
1.702935,1.821192,-0.331125,-0.541048,-0.541054,0.901137,2.002132,2.381744,3.084795,3.874175,-0.002885,-1.0,78.529778
-1.206218,0.127582,-1.345399,1.963107,1.96311,-0.953379,-0.234288,0.361089,0.864645,1.654369,-0.002325,1.0,80.071404
0.724462,0.852998,-0.16359,-0.742286,-0.742289,-0.13321,0.188127,1.0571,1.38233,2.187892,-0.002251,-1.0,79.477043
0.129459,0.564901,-0.553138,-0.712785,-0.712782,0.353064,0.70966,1.619393,1.900668,2.63575,-0.002407,-1.0,78.910545
1.024298,1.238686,-0.357307,-1.188657,-1.188662,1.30777,1.630542,2.5671,2.86506,3.572658,-0.003112,-1.0,77.972565
0.117508,0.881316,-0.44653,1.357788,1.357796,0.077555,0.169211,0.929102,1.318448,1.960045,-0.002209,1.0,79.031273
0.638903,1.254147,-0.1893,-0.681552,-0.681557,0.362048,0.70043,1.30226,1.875301,2.387131,-0.001972,-1.0,78.49263
0.141913,0.496695,-0.946069,0.047327,0.047327,0.073323,0.572378,0.955538,1.725406,2.098868,-0.001863,0.0,78.529778
-0.598032,0.457316,-0.609753,0.851468,0.851467,-0.698874,-0.355298,-0.003906,0.762785,1.08443,-0.001305,1.0,79.198433
-0.127153,0.161831,-1.248413,1.442311,1.442311,-1.521214,-1.599816,-1.417179,-0.722461,-0.437869,-0.00013,1.0,80.340721
0.844073,1.617816,-0.070346,-1.398681,-1.398682,-0.077377,-0.117235,-0.06956,0.499999,0.849237,-0.000448,-1.0,79.21701
0.648818,1.22685,-0.047179,-0.621343,-0.621334,0.606343,0.3362,0.471074,0.904208,1.381146,-0.001106,-1.0,78.724808
0.743975,0.95654,-0.555032,-0.106166,-0.106177,0.741619,0.336564,0.533778,0.794761,1.413325,-0.001337,0.0,78.64122
0.400712,0.436067,-0.565698,0.200753,0.200753,0.438426,0.121395,0.24593,0.486747,1.106429,-0.001772,0.0,78.799095
-1.581258,0.080794,-1.604339,2.109606,2.109611,-1.606648,-1.637812,-1.700523,-1.575485,-1.018467,-0.000904,1.0,80.461449
-0.208165,0.451023,-0.208165,-0.196212,-0.196212,-1.142595,-1.285998,-1.360011,-1.351916,-0.916389,-0.000881,0.0,80.303574
0.587899,0.587899,-0.242074,0.323811,0.323811,-1.00519,-1.347552,-1.637658,-1.617869,-1.320116,9.7e-05,0.0,80.563606
-0.204429,0.12493,-0.397508,1.498563,1.498566,-1.701313,-2.40773,-2.902904,-2.910854,-2.790694,0.000874,1.0,81.770905
1.062493,1.096766,0.0,-0.590578,-0.590584,-0.504966,-1.570887,-2.131077,-2.2438,-2.172967,0.000843,-1.0,81.287979
0.453276,0.929794,-0.02325,-1.702271,-1.702273,1.078571,0.079035,-0.275065,-0.49163,-0.495582,0.000159,-1.0,79.904236
