-1.570227,0.029087,-1.91916,1.805802,1.805809,-0.296584,-0.017433,-0.226796,-0.751658,-1.38062,0.002511,1.0,32.36047
0.526932,1.727166,-0.585483,-0.668796,-0.668788,0.158083,0.439112,0.51913,0.011713,-0.491801,0.002147,-1.0,32.144047
-0.05862,1.436114,-0.351697,-0.117099,-0.117085,0.111364,0.269629,0.724887,0.254976,-0.218061,0.002245,0.0,32.106411
1.889062,1.889062,-0.659661,-2.256744,-2.256758,1.829087,2.353832,2.922551,2.553234,2.108555,0.000732,-1.0,31.381847
-0.650698,0.650689,-1.449278,1.379319,1.379339,0.461383,0.837014,1.411795,1.174192,0.733493,0.000817,1.0,31.814709
-0.205577,0.117477,-0.675474,0.709843,0.709841,-0.446408,0.126277,0.50513,0.465483,0.102193,0.000475,1.0,32.040543
0.268097,1.727739,-0.238302,-1.409689,-1.409695,0.625558,1.271966,1.67808,1.870714,1.540656,0.000287,-1.0,31.588869
0.924827,1.04415,-0.059666,-0.148943,-0.148958,0.417673,1.160511,1.515523,2.000309,1.72316,8e-05,0.0,31.541815
-2.277369,0.20438,-2.452555,2.177804,2.177814,-1.197076,-1.0219,-0.622871,-0.135765,-0.3527,0.001205,1.0,32.228737
1.125265,1.628664,-0.207282,-1.40146,-1.401479,0.183612,0.382013,0.698865,1.194867,1.071977,0.000434,-1.0,31.777058
-0.700324,1.050484,-0.787861,1.480604,1.480631,-1.149704,-1.117602,-0.727563,-0.392479,-0.373512,0.000728,1.0,32.247559
-0.406988,0.55232,-0.552334,0.379346,0.379343,-1.04071,-1.42152,-1.127916,-0.84158,-0.677916,0.000508,0.0,32.369888
0.99736,1.466706,-0.029328,-0.901169,-0.901186,0.193616,-0.533868,-0.289417,-0.087989,0.274581,0.000433,-1.0,32.078175
2.017471,2.439027,-0.542005,-2.581405,-2.581384,2.222215,2.059617,2.125859,2.422458,2.837696,-0.000434,-1.0,31.250114
1.891175,2.322498,-0.530853,-9.244204,-9.244197,10.225605,11.237545,11.723056,12.176497,12.751148,-0.004355,-1.0,28.361292
-0.165724,0.894932,-0.464034,0.099539,0.099519,7.398084,9.840905,10.679488,11.421947,11.994701,-0.004747,0.0,28.389517
1.802407,1.902543,-0.233645,-0.696059,-0.696042,5.186907,9.405863,10.520685,11.440244,12.120149,-0.005753,-1.0,28.191914
0.165899,0.29861,-0.928991,0.600801,0.600803,1.937619,7.631044,8.980303,10.068004,10.79229,-0.00538,1.0,28.361292
-0.459777,2.266003,-0.525452,1.02854,1.028507,-0.912955,5.287371,7.235922,8.308716,9.182281,-0.005204,1.0,28.65299
-1.400189,0.325627,-1.49788,0.853852,0.853859,-1.380646,3.39956,5.655067,6.891906,7.799429,-0.003802,1.0,28.897646
2.590495,2.889402,-0.13285,-1.953755,-1.953754,0.544674,4.078386,6.888083,8.3112,9.424119,-0.004678,-1.0,28.333057
-0.033223,0.830565,-0.498336,-0.033215,-0.033194,0.671084,2.684375,6.155027,7.672747,8.87175,-0.004488,0.0,28.323652
-2.11727,0.325726,-2.149837,1.993359,1.993341,-0.931598,-0.426705,3.467973,5.011405,6.261893,-0.004264,1.0,28.888239
-0.641234,0.032062,-2.084001,1.596091,1.596096,-2.013469,-2.638667,1.188414,3.01539,4.18852,-0.003505,1.0,29.349323
-0.947867,0.0,-1.263823,1.474828,1.474835,-2.843605,-3.576623,-0.728807,1.176932,2.405051,-0.002871,1.0,29.782177
-0.063452,0.253807,-0.920051,-0.410742,-0.410736,-1.54823,-2.750644,-0.901025,1.192883,2.463188,-0.002401,0.0,29.659851
0.41627,0.672434,-0.576372,-0.920051,-0.541422,-0.215242,-1.778067,-1.010304,1.389567,2.662343,-0.003304,-1.0,29.499266
-0.910235,0.439419,-0.910235,2.017294,2.017287,-1.38683,-3.14443,-3.407192,-0.855795,0.364867,-0.002271,1.0,30.094351
2.08,2.4,-0.032,-1.91463,-1.914615,0.652483,-0.960723,-1.912873,0.62035,2.071429,-0.002962,-1.0,29.51816
-1.655726,0.124964,-2.15557,2.431994,2.431994,-1.437048,-2.869517,-3.828351,-2.023462,-0.560851,-0.001159,1.0,30.23604
-0.03125,0.468756,-0.437497,-0.031234,-0.031238,-1.031253,-2.212719,-3.393121,-2.327149,-0.769825,-0.001702,0.0,30.226595
-0.279851,0.870644,-0.342043,0.5,0.50001,-0.945283,-2.023053,-3.394064,-3.140991,-1.422994,-0.001782,0.0,30.377731
-0.156198,1.405814,-0.624802,-0.466424,-0.46643,-0.387375,-1.118158,-2.527995,-2.99172,-1.133791,-0.001419,0.0,30.23604
0.533578,0.533578,-1.098559,-0.468594,-0.46861,0.46454,-0.405042,-1.749783,-2.727013,-0.952006,-0.001542,0.0,30.094351
-0.25102,0.094129,-0.533417,0.031387,0.031398,0.34515,-0.329465,-1.513511,-2.468128,-1.205427,-0.002368,0.0,30.1038
-0.623633,0.374178,-0.81073,0.627546,0.627559,-0.23699,-0.742138,-1.696445,-2.762246,-2.079681,-0.001588,1.0,30.292719
-0.030868,0.52486,-0.277864,0.997814,0.997807,-1.080581,-1.36462,-2.17271,-3.330183,-3.279136,-0.001773,1.0,30.594982
0.123574,0.123574,-1.235712,-0.061747,-0.061749,-0.797033,-1.146122,-1.744255,-2.908276,-3.41588,-0.001943,0.0,30.57609
-0.553165,0.184379,-1.167797,0.525184,0.525191,-0.897365,-1.266145,-1.956679,-3.076572,-3.987299,-0.001394,0.0,30.736673
-0.277097,0.246308,-0.95444,-0.184392,-0.184399,-0.338668,-0.93904,-1.580461,-2.607042,-3.507618,-0.000472,0.0,30.679995
0.153607,0.491551,-0.184323,0.215514,0.215502,-0.258051,-0.98309,-1.556568,-2.424058,-3.408526,0.003166,0.0,30.746111
0.710986,1.236482,-1.236467,-0.614442,-0.614426,0.333848,-0.312211,-0.717157,-1.455351,-2.501754,0.002891,-1.0,30.557199
-0.39695,0.244281,-1.068696,1.236482,1.236471,-0.659538,-1.303813,-1.748597,-2.328124,-3.359775,0.003635,1.0,30.93503
0.153512,0.399143,-0.276328,-0.549618,-0.549607,-0.092118,-0.540381,-0.935429,-1.558265,-2.551098,0.003192,-1.0,30.765009
-0.579619,0.366086,-0.701647,0.644762,0.644752,-0.549113,-0.899933,-1.413458,-1.998164,-2.908517,0.003045,1.0,30.963367
-0.757576,0.66667,-0.909088,0.671144,0.671135,-0.939385,-1.278778,-1.868676,-2.409081,-3.19159,0.002974,1.0,31.171173
-0.152346,0.548446,-0.426569,-0.545455,-0.545443,-0.109692,-0.606339,-1.196426,-1.631628,-2.315188,0.003516,-1.0,31.001152
-0.333131,0.242271,-0.787408,0.609385,0.609381,-0.55118,-1.011506,-1.590952,-2.051784,-2.611655,0.003763,1.0,31.190067
-0.030371,0.577166,-0.668278,-0.302853,-0.302862,-0.036441,-0.595368,-1.077342,-1.50059,-2.091172,0.00288,0.0,31.095604
-1.323305,0.270677,-1.503759,1.002436,1.00245,-0.745872,-1.350381,-1.782458,-2.291732,-2.855942,0.002652,1.0,31.407322
0.42105,0.631576,-0.42105,0.0,0.0,-0.595494,-1.139854,-1.545868,-2.103762,-2.633386,0.002084,0.0,31.407322
-0.92345,0.238314,-1.012809,0.962406,0.962435,-1.096244,-1.718826,-2.250054,-2.826958,-3.282722,0.002613,1.0,31.709597
1.55821,1.55821,-0.580504,-2.502234,-2.502246,1.264883,0.797418,0.331993,-0.223054,-0.694181,0.001858,-1.0,30.916145
0.586233,1.3576,-0.339405,-0.977696,-0.977712,1.950024,1.743289,1.295895,0.846961,0.429497,0.000706,-1.0,30.613874
1.060515,1.996257,-0.155967,-1.079911,-1.079909,2.320654,2.629441,2.314405,1.977538,1.532122,0.001027,-1.0,30.283272
-0.434783,0.68322,-0.621121,0.436681,0.43669,1.223602,1.934773,1.797089,1.554335,1.115515,0.00026,0.0,30.415516
-0.340557,0.990712,-0.619198,0.310553,0.310545,0.123846,1.458208,1.471622,1.226007,0.819815,0.000392,0.0,30.50997
0.061716,0.401225,-0.833336,0.309607,0.3096,-0.388888,0.953705,1.086419,0.918208,0.556788,0.000318,0.0,30.604429
1.920054,2.801385,0.0,-1.94445,-1.944441,1.183505,2.593643,2.923088,2.798231,2.539497,-0.00025,-1.0,30.009344
-1.793445,0.803952,-1.793445,1.794145,1.794135,-0.426708,0.504031,1.018353,0.964754,0.790358,0.00062,1.0,30.547752
-0.409065,1.321586,-0.566397,-1.731599,-1.731587,1.063554,1.812458,2.542472,2.62271,2.529883,-5.8e-05,-1.0,30.018791
0.410616,0.78964,0.0,-0.377599,-0.377613,1.042334,1.595084,2.686892,2.902725,2.826288,-0.000445,0.0,29.905436
-0.410098,0.883278,-0.441647,0.126346,0.126352,0.473186,1.141957,2.279707,2.607255,2.611986,-0.00078,0.0,29.943222
-0.376651,0.753286,-0.470816,0.504732,0.504719,0.025119,0.461407,1.544272,1.980552,2.011311,-0.000562,0.0,30.094351
0.468451,1.093064,-0.62461,0.502194,0.502207,-0.674579,-0.05309,0.780767,1.352282,1.444099,-0.000571,0.0,30.245487
-0.959165,0.525996,-1.113864,0.936914,0.936903,-1.26237,-0.943678,-0.346519,0.306325,0.474022,-0.000139,1.0,30.528858
0.371987,0.805958,-0.309975,-0.18565,-0.185637,-0.706757,-0.77185,-0.431901,0.406082,0.649727,-0.000294,0.0,30.472185
0.310553,0.807447,-1.08696,-0.18598,-0.18597,-0.211197,-0.649083,-0.35612,0.465827,0.768931,-0.000129,0.0,30.415516
-1.343508,0.427478,-1.526718,1.708071,1.708056,-1.343509,-2.018318,-1.9603,-1.247321,-0.901369,5.2e-05,1.0,30.93503
-0.182599,0.395621,-0.334757,0.335881,0.335894,-1.162518,-2.188082,-2.126202,-1.637257,-1.223382,0.000393,0.0,31.038939
-0.454273,0.635978,-0.847965,0.486911,0.486898,-1.217438,-2.28649,-2.434884,-2.14869,-1.69957,0.000332,0.0,31.190067
0.670927,0.975907,-0.152482,-0.696545,-0.696542,-0.201278,-1.256482,-1.650911,-1.581274,-1.013723,-0.000194,-1.0,30.972815
1.170675,1.263093,-0.338882,-1.00641,-1.006395,0.973498,-0.018494,-0.638744,-0.622313,-0.07641,-0.000371,-1.0,30.661106
-0.394301,0.545954,-0.576288,1.571171,1.571166,-0.454965,-1.228399,-1.933081,-2.074623,-1.616023,-1e-06,1.0,31.142843
-0.811774,0.511131,-0.992177,0.879578,0.879579,-1.082381,-1.716778,-2.603731,-2.748047,-2.47264,0.000454,1.0,31.416769
-1.948627,0.118102,-2.184818,1.834038,1.834049,-2.361981,-3.029241,-3.946477,-4.253041,-4.155903,0.000774,1.0,31.992968
-0.737681,0.324582,-1.88846,0.059049,0.059038,-1.77043,-2.605488,-3.564477,-4.074952,-4.174686,0.000796,0.0,32.011856
-0.323054,0.234954,-1.116009,0.472116,0.472097,-1.298074,-2.519808,-3.5575,-4.283393,-4.469883,0.000608,0.0,32.162983
-0.412493,1.178553,-0.559809,-0.323054,-0.323058,-0.406584,-1.853252,-2.836361,-3.653491,-3.979948,0.001446,0.0,32.059078
0.564813,0.743163,-0.14863,-0.883913,-0.883878,0.707474,-0.746152,-1.648848,-2.601088,-2.935808,0.001482,-1.0,31.775715
-0.324774,0.649545,-0.501913,0.68371,0.683708,0.023605,-1.169188,-2.011626,-2.953957,-3.397712,0.00216,1.0,31.992968
0.502807,1.330958,-0.35493,-0.177142,-0.177173,0.153809,-0.69209,-1.532079,-2.463759,-3.04761,0.001924,0.0,31.936285
-0.444044,0.503262,-0.799293,-0.088737,-0.088749,0.082912,-0.213117,-1.132793,-2.069246,-2.79808,0.001771,0.0,31.907942
0.964739,1.085321,-0.391911,-1.805805,-1.805792,1.459163,1.682257,0.769788,-0.070832,-0.84171,0.000957,-1.0,31.331751
-0.895519,0.149251,-1.31343,0.994881,0.994901,0.376104,0.752227,-0.095533,-0.834339,-1.680011,0.002087,1.0,31.643471
-1.098572,0.148456,-1.247037,0.537313,0.537308,-0.273172,0.157356,-0.498817,-1.162415,-1.979816,0.001604,0.0,31.813494
0.872434,1.29361,-0.481348,-1.306407,-1.306436,0.70398,1.287619,0.908562,0.293339,-0.492161,0.001768,-1.0,31.397871
-0.090331,0.843129,-0.451665,-0.090262,0.271741,0.161241,0.797202,0.809174,0.191102,-0.566176,0.002017,0.0,31.483192
0.060904,1.218033,-0.15225,-1.114119,-1.114109,1.161675,1.635199,1.942723,1.351621,0.687482,0.00154,-1.0,31.132435
1.421078,1.699101,-0.308925,-1.431185,-1.43116,2.007028,2.75606,3.264303,2.765822,2.206939,0.000796,-1.0,30.68688
0.80771,0.83877,-0.590242,-0.55607,-0.556091,1.727242,2.846755,3.519145,3.230083,2.776826,0.000389,-1.0,30.516233
-1.545929,0.030306,-1.9703,2.485253,2.485261,-0.818442,0.141169,0.851664,0.775015,0.387128,0.000984,1.0,31.274641
-0.541179,0.360803,-0.962114,0.818418,0.818391,-1.593482,-0.791404,-0.100707,0.094855,-0.286303,0.00137,1.0,31.53059
-0.811301,0.210334,-1.171875,0.060135,0.060135,-1.388204,-0.781993,-0.268413,0.099154,-0.268318,0.001465,0.0,31.549551
1.190837,1.557246,-0.152669,-1.592545,-1.592523,0.439685,0.631567,1.189089,1.659523,1.346688,0.000195,-1.0,31.047117
-0.333131,0.545127,-0.393704,0.824427,0.824434,0.121125,-0.354345,0.214746,0.718066,0.532425,0.000383,1.0,31.30308
-0.760572,0.547612,-1.064798,-0.454273,-0.454278,0.505011,0.024334,0.506184,1.041148,1.015346,2.1e-05,0.0,31.160877
-0.455933,0.273556,-1.063839,0.091278,0.091284,0.194513,-0.161111,0.260917,0.792908,0.990962,0.000324,0.0,31.189322
0.849769,1.365709,-0.364185,0.151973,0.151978,-0.157824,-0.279228,0.088492,0.508324,0.849733,0.00077,0.0,31.236723
0.577501,0.729474,-0.151988,-0.151742,-0.151748,0.085102,0.03342,0.143532,0.56707,0.973833,0.000107,0.0,31.189322
0.489297,0.581034,-0.795113,-0.607906,-0.607932,0.50155,0.801238,0.581052,1.021985,1.463277,-0.000465,-1.0,30.999712
-0.997877,0.5443,-1.028122,1.131495,1.131504,-0.501952,-0.302382,-0.554372,-0.201723,0.243675,-0.000735,1.0,31.350475
0.180986,1.025641,-0.422335,0.241917,0.241942,-0.591267,-0.576188,-0.806456,-0.51922,-0.092034,-0.000665,0.0,31.426325
0.301759,0.965601,-0.150872,-0.030175,-0.030188,-0.446587,-0.588407,-0.716152,-0.475638,-0.143635,-0.000858,0.0,31.416838
-1.394236,0.059333,-1.394236,1.719976,1.719998,-1.649379,-1.984588,-2.129951,-2.109423,-1.809404,-7.2e-05,1.0,31.957207
0.8649,1.252616,-0.328067,-0.533966,-0.533992,-0.626294,-1.306282,-1.338099,-1.588126,-1.308233,6.2e-05,-1.0,31.786558
0.0,1.223881,-0.179107,-0.089469,-0.089456,-0.280598,-1.029855,-1.148268,-1.443294,-1.242308,-0.000235,0.0,31.758123
0.507015,0.8649,-0.298237,0.089549,0.089536,-0.143146,-0.9305,-1.183012,-1.483739,-1.345928,-0.000132,0.0,31.786558
-0.029659,0.148321,-0.74162,0.536833,0.536859,-0.338191,-1.234071,-1.625645,-1.880765,-1.794446,0.000108,0.0,31.957207
0.149251,0.567161,-0.268657,-0.622958,-0.622971,0.16119,-0.435827,-0.859706,-1.097023,-1.164379,0.000563,-1.0,31.758123
-1.203405,0.792486,-1.320813,1.701493,1.701467,-1.197516,-1.699423,-2.312866,-2.475769,-2.757838,0.000835,1.0,32.298477
0.529412,1.352938,-0.176474,-0.205459,-0.205437,-0.700004,-1.223531,-1.890198,-2.126477,-2.454124,0.000549,0.0,32.232124
-1.25182,0.0,-1.717613,1.029406,1.029417,-1.234358,-1.880648,-2.60845,-2.965075,-3.315294,0.001448,1.0,32.563927
-0.174565,0.75648,-0.261856,0.058227,0.058196,-0.907753,-1.579848,-2.389663,-2.862943,-3.193466,0.001366,0.0,32.582878
-0.691648,0.432268,-1.239196,0.960146,0.96017,-1.158515,-2.230559,-2.972154,-3.505774,-3.845546,0.002163,1.0,32.895729
-1.142863,0.0,-1.171429,0.86455,0.864553,-1.474293,-2.64858,-3.365723,-4.050009,-4.348583,0.003046,1.0,33.18013
-0.610829,0.552644,-0.930774,-1.771426,-1.771458,0.523578,-0.63698,-1.368993,-2.100039,-2.46188,0.002579,-1.0,32.592358
-1.603657,0.028643,-1.746841,1.570672,1.570687,-0.704461,-1.775476,-2.556308,-3.324731,-3.780058,0.002227,1.0,33.104282
-0.143141,0.572577,-0.314916,0.028643,0.028637,-0.412245,-1.454329,-2.24257,-3.068985,-3.618655,0.001923,0.0,33.113762
0.661692,0.661692,-0.373984,-0.486693,-0.486674,0.109313,-0.609902,-1.563103,-2.327391,-2.915997,0.001713,0.0,32.952606
0.258993,0.633096,-0.230222,-0.028763,-0.028766,-0.005768,-0.385618,-1.300725,-2.004322,-2.688926,0.002315,0.0,32.943127
-0.286202,0.314825,-0.658271,0.54676,0.546742,-0.228955,-0.65826,-1.562666,-2.269591,-2.981096,0.002208,0.0,33.123241
-0.028717,0.401949,-0.430669,-0.314817,-0.314797,0.034438,-0.206735,-1.002981,-1.719795,-2.453071,0.002261,0.0,33.01897
0.402527,0.517539,-0.517542,-0.143563,-0.143557,0.091999,0.054618,-0.655561,-1.342736,-2.102368,0.002171,0.0,32.971569
-0.687091,0.65846,-0.916115,0.431285,0.431259,-0.240469,-0.309181,-0.809228,-1.591744,-2.290284,0.002278,0.0,33.113762
-0.651743,0.311706,-0.765092,1.030636,1.030635,-0.952104,-1.243974,-1.590622,-2.346265,-2.993474,0.002733,1.0,33.455044
-0.538405,0.368368,-0.708416,0.0,0.0,-0.753746,-0.986109,-1.346928,-2.092653,-2.741844,0.002967,0.0,33.455044
0.826673,0.883686,-0.342084,-0.595067,-0.595049,-0.017116,-0.347789,-0.617649,-1.285644,-1.939578,0.002303,-1.0,33.25597
-0.228109,0.11406,-0.655831,-0.028512,-0.028515,0.176784,-0.279443,-0.456233,-1.063591,-1.691476,0.002199,0.0,33.246487
-0.484739,0.313658,-0.71286,0.0,0.0,0.256627,-0.191048,-0.385899,-0.839753,-1.536359,0.002211,0.0,33.246487
0.918221,0.918221,-0.086077,-0.627322,-0.627354,0.637045,0.46775,0.214282,-0.101833,-0.763238,0.001308,-1.0,33.037914
-0.930096,0.084549,-1.071032,1.807753,1.80779,-1.04285,-1.164044,-1.358521,-1.667145,-2.30215,0.002208,1.0,33.63517
-0.337073,0.421354,-0.561787,0.338213,0.338211,-1.084274,-1.280901,-1.563672,-1.823036,-2.398877,0.002373,0.0,33.748928
1.781606,1.925293,-0.086204,-2.247188,-2.247206,1.034491,0.994263,0.674343,0.495703,-0.029872,0.001474,-1.0,32.99052
1.128472,1.446759,-0.405101,-0.689649,-0.689653,1.440974,1.588549,1.334887,1.173331,0.787047,0.001002,-1.0,32.763
0.744048,0.892869,-0.92261,-2.777786,-2.777789,3.595254,3.988113,4.002004,3.855675,3.610736,0.000174,-1.0,31.852913
1.294011,1.414388,-0.03009,-1.101185,-1.10118,3.394524,4.526038,4.816942,4.83901,4.671693,-0.000904,-1.0,31.502155
-0.417409,1.013715,-0.566497,0.932895,0.932914,1.210475,3.100759,3.591718,3.664269,3.60762,-0.000466,1.0,31.796043
0.0,0.475766,-0.743384,0.268336,0.268335,0.243816,2.396655,3.086517,3.193567,3.242333,-0.000759,0.0,31.881363
-2.109824,0.462428,-2.601148,2.88432,2.884315,-2.543352,-0.609828,0.13295,0.27746,0.336419,0.000328,1.0,32.800922
-2.950814,0.983609,-3.005459,5.780347,5.780362,-6.229515,-5.562852,-5.100193,-4.949464,-4.971595,0.002182,1.0,34.696934
0.769874,1.182293,0.0,-0.628413,-0.628436,-3.909803,-4.720917,-4.302072,-4.151764,-4.151764,0.001607,-1.0,34.478886
-1.083133,0.243704,-1.110209,1.539733,1.539745,-3.531007,-5.805585,-5.419268,-5.320882,-5.387494,0.002881,1.0,35.009773
-0.964633,0.160774,-1.17899,1.056052,1.056062,-2.56164,-6.114698,-6.005731,-5.970004,-6.120056,0.002683,1.0,35.379498
-0.955153,0.159196,-1.034757,0.991423,0.991391,-1.878463,-6.205873,-6.465006,-6.526913,-6.730679,0.003053,1.0,35.730247
-0.236969,0.631914,-0.526596,0.769438,0.76946,-1.901007,-5.768829,-6.629811,-6.886525,-7.102691,0.003537,1.0,36.005177
-0.105293,0.31587,-0.473812,0.026335,0.026327,-1.073968,-4.540668,-6.213919,-6.555675,-6.806003,0.003558,0.0,36.014656
-0.83638,0.209101,-0.993197,0.710703,0.710716,-1.076846,-3.980662,-6.412273,-6.799535,-7.105076,0.003621,1.0,36.270618
-0.158565,0.502112,-0.766387,-1.097747,-1.097754,0.295979,-1.802328,-4.837918,-5.399053,-5.750533,0.00332,-1.0,35.872456
0.079753,0.637964,-0.159484,-0.581398,-0.26512,0.588922,-0.709363,-4.023267,-4.793884,-5.202198,0.003273,0.0,35.777351
0.453691,0.880699,-0.133448,-0.398719,-0.398705,0.783652,-0.04874,-2.93156,-4.048411,-4.578055,0.002954,0.0,35.634705
-0.501976,0.211366,-0.924698,1.014137,1.014127,-0.238478,-0.630706,-3.073774,-4.683772,-5.25367,0.002947,1.0,35.996086
0.185578,0.503709,-0.424178,-0.343453,-0.343454,-0.11665,-0.047755,-1.982154,-4.059293,-4.635384,0.002815,0.0,35.872456
0.531198,0.531198,-0.504656,-0.185575,-0.185585,0.031877,0.257168,-1.069207,-3.487768,-4.172154,0.002973,0.0,35.805882
-0.944637,0.078714,-1.364474,1.221777,1.221791,-0.918398,-0.811406,-1.630137,-4.172575,-4.998088,0.003454,1.0,36.243355
0.529804,1.192056,-0.132448,-0.944637,-0.944628,0.174825,0.105472,-0.468458,-2.694946,-3.773118,0.00309,-1.0,35.90099
-1.12536,0.104687,-1.308558,1.21854,1.218521,-0.8427,-1.010544,-1.325513,-3.200903,-4.63398,0.0038,1.0,36.338451
-0.54673,0.416558,-0.755014,0.523426,0.523415,-0.999725,-1.455333,-1.562098,-3.057132,-4.826152,0.003306,0.0,36.528652
0.26116,1.253588,-0.313406,-0.312416,-0.312393,-0.355192,-0.997657,-1.064129,-2.1309,-4.151789,0.003056,0.0,36.414539
-0.23554,0.680455,-0.471081,-0.208937,-0.20895,-0.09421,-0.63595,-0.745389,-1.439227,-3.557523,0.00384,0.0,36.338451
1.07583,1.07583,-0.81344,-0.261706,-0.261695,0.356851,-0.207302,-0.441152,-0.967283,-2.819924,0.004005,0.0,36.243355
0.131646,0.789887,-0.078986,-0.34112,-0.341133,0.579256,0.168517,-0.08097,-0.401156,-1.975914,0.004942,0.0,36.119717
0.052414,0.288325,-0.576676,0.447609,0.447617,-0.005247,-0.165143,-0.524251,-0.669746,-1.918224,0.005537,0.0,36.281395
2.182692,2.290482,0.0,-2.726084,-2.726069,2.161127,2.487184,2.15394,2.101603,1.217082,0.00413,-1.0,35.292339
2.110156,2.411611,0.0,-1.670706,-1.670722,2.954236,3.784596,3.683199,3.688372,3.156079,0.003384,-1.0,34.702702
-1.347709,0.080871,-1.401607,1.67168,1.671674,0.716995,1.902977,1.911963,1.881173,1.526421,0.002918,1.0,35.282818
0.568025,0.757368,-0.703278,-0.350396,-0.350377,0.524741,1.925873,2.111609,2.117741,1.960794,0.00056,0.0,35.159195
-0.561505,0.427805,-0.855615,1.163108,1.163095,-1.032085,0.483956,0.880568,0.844917,0.851321,0.001249,1.0,35.56813
0.352295,0.813005,-0.596211,-1.336898,-1.336896,0.195119,1.468831,2.11201,2.100266,2.185168,0.000143,-1.0,35.092621
3.487723,3.487723,-0.055804,-2.872634,-2.872627,2.795754,3.80859,4.709815,4.871645,5.014251,-0.001368,-1.0,34.084541
-0.862061,0.166855,-1.446051,0.334819,0.334794,1.81871,2.864315,4.02857,4.311756,4.452545,-0.001621,0.0,34.198654
-1.196108,0.83449,-1.335188,-0.027803,-0.027773,1.279541,2.328221,3.638371,4.07648,4.267987,-0.001928,0.0,34.189156
-1.633992,0.299567,-1.66122,2.141864,2.141849,-1.214596,-0.20697,1.158316,1.757897,1.927015,-0.001114,1.0,34.921436
-0.833552,0.107558,-1.29067,1.279951,1.279936,-2.307056,-1.446607,-0.31727,0.410076,0.581896,-0.000895,1.0,35.368408
-0.16085,0.375335,-0.616619,0.295778,0.295806,-1.812344,-1.520116,-0.773912,0.005353,0.25093,-0.000359,0.0,35.47303
-0.89852,0.158568,-1.18922,1.447724,1.447708,-2.219869,-2.72991,-2.237487,-1.40988,-1.140588,0.0003,1.0,35.986576
-0.709222,0.472813,-1.076963,0.607822,0.607835,-1.696883,-3.028639,-2.81237,-2.023911,-1.714744,0.000687,1.0,36.205315
-1.509625,0.182207,-1.665797,0.919354,0.919321,-1.707422,-3.646513,-3.650848,-2.91512,-2.537192,0.00065,1.0,36.538158
0.921543,0.921543,-0.157983,-1.145232,-1.145216,-0.152708,-2.245914,-2.381949,-1.831219,-1.373347,0.000342,-1.0,36.119717
0.237029,0.395043,-0.632081,-0.026327,-0.026329,0.226494,-1.659202,-2.096387,-1.83697,-1.362121,0.000403,0.0,36.110207
-0.105617,1.135463,-0.184843,-0.263371,-0.263352,0.506986,-0.895176,-1.702322,-1.60946,-1.088996,-0.000168,0.0,36.01511
-1.123596,0.209036,-1.489415,1.056248,1.056237,-0.438993,-1.3248,-2.503266,-2.599946,-2.11654,0.000602,1.0,36.395515
0.603685,1.023633,-0.052483,-0.444217,-0.444214,-0.162729,-0.522311,-1.945756,-2.171913,-1.712333,-3.8e-05,0.0,36.233841
0.052441,0.839014,-0.262187,0.10499,0.104985,-0.183531,-0.377554,-1.831845,-2.139482,-1.831144,-0.000199,0.0,36.271881
-0.36601,0.470588,-0.941179,0.288414,0.288416,-0.324184,-0.41569,-1.694121,-2.190851,-2.109281,3.2e-05,0.0,36.376495
-0.207797,0.857148,-0.389616,0.653595,0.653617,-0.644175,-0.890932,-1.892663,-2.644177,-2.704437,0.000364,1.0,36.614258
-1.15533,0.385101,-1.514762,1.168834,1.168821,-1.442882,-1.810025,-2.512635,-3.514774,-3.728893,0.000914,1.0,37.042213
-0.409103,0.664786,-1.176167,0.410783,0.410766,-1.329574,-2.035279,-2.504045,-3.690867,-4.024541,0.001203,0.0,37.19437
0.545321,1.24644,-0.337567,-1.534142,-1.534141,0.399911,-0.37132,-0.756503,-1.981294,-2.383786,0.000441,-1.0,36.623756
-0.685108,0.228368,-0.888097,2.337061,2.337071,-1.304237,-2.281149,-2.665995,-3.766815,-4.316675,0.002389,1.0,37.479679
-0.227848,0.506332,-0.506332,0.228368,0.228364,-1.022784,-2.091137,-2.607595,-3.537974,-4.291644,0.003119,0.0,37.565269
0.557529,0.98834,-0.101371,-0.101268,-0.101264,-0.663967,-1.690319,-2.274035,-2.995441,-3.942221,0.002437,0.0,37.527229
1.905738,1.957244,-0.592336,-1.596546,-1.596537,0.803486,0.092697,-0.618095,-1.149902,-2.236433,0.001958,-1.0,36.928093
-0.102936,0.231601,-0.540399,0.077257,0.077247,0.905816,0.200719,-0.543836,-1.011327,-2.110144,0.00154,0.0,36.956619
0.257064,0.308478,-0.719802,0.102936,0.102931,0.539848,0.264783,-0.486719,-0.907458,-1.896147,0.002094,0.0,36.994659
0.778816,0.778816,-0.623056,-0.976869,-0.976868,1.022852,1.25909,0.60748,0.158361,-0.662511,0.002823,-1.0,36.63327
2.576353,2.682597,-0.345291,-2.258562,-2.25857,2.395759,3.253657,2.822494,2.417002,1.81355,0.001826,-1.0,35.805882
0.239364,1.063835,-0.265952,-0.132813,-0.132822,1.87768,2.989385,2.870593,2.444173,2.042576,0.001785,0.0,35.758324
-1.098906,0.680269,-1.098906,1.648944,1.64895,-0.109887,1.242814,1.215779,0.81372,0.495038,0.001596,1.0,36.347961
-1.210095,0.257464,-1.750772,1.622185,1.622193,-1.735328,-0.52008,-0.298657,-0.683569,-0.950564,0.001727,1.0,36.937595
-1.945525,1.063554,-2.983131,-0.746656,-0.746651,-0.980551,-0.018157,0.46001,0.151753,-0.131776,0.001326,-1.0,36.6618
0.338809,0.833985,-0.938236,-0.466926,-0.466908,-0.140755,0.166781,0.830494,0.634595,0.367979,0.00059,0.0,36.490623
3.200003,3.599995,0.0,-2.267394,-2.267421,2.122674,2.136007,2.883564,2.889344,2.59841,-0.000516,-1.0,35.663227
-1.807224,0.419068,-2.095335,1.813333,1.813358,0.282859,0.1388,0.993525,1.062061,0.792024,-0.000172,1.0,36.309929
-0.703128,0.260411,-0.78126,0.576223,0.576198,-0.520825,-0.565102,0.239589,0.502611,0.259381,0.00049,1.0,36.519146
-1.74002,0.972357,-1.842377,1.770833,1.770846,-1.980556,-2.152005,-1.576261,-1.171962,-1.361317,0.001181,1.0,37.165844
-0.637105,0.815492,-1.121312,0.409417,0.4094,-1.936791,-2.145763,-2.014942,-1.537963,-1.664619,0.00144,0.0,37.318001
-0.126358,0.732881,-0.960326,0.840973,0.840986,-1.708362,-2.463986,-2.707438,-2.300984,-2.336111,0.001357,1.0,37.63184
-2.835493,1.271083,-3.128817,3.386404,3.386409,-3.593257,-5.001224,-5.560177,-5.207776,-5.264241,0.002831,1.0,38.906208
-1.084601,1.229207,-1.277423,1.417751,1.417753,-3.451442,-5.690535,-6.464218,-6.282245,-6.276219,0.003335,1.0,39.457802
0.583511,1.19134,-0.680776,-0.867681,-0.867684,-1.609534,-4.237784,-5.222471,-5.263802,-5.200101,0.002891,-1.0,39.115433
1.659653,1.907357,-0.07431,-1.847804,-1.847818,0.802591,-1.939545,-2.989006,-3.367586,-3.274696,0.001929,-1.0,38.392651
1.55077,1.875938,-0.8004,-0.966061,-0.6708,1.747283,-0.629122,-1.918358,-2.556743,-2.522806,0.001221,-1.0,38.135113
0.836073,1.140099,-1.089435,-1.275635,-1.275638,2.39393,1.010452,-0.420705,-1.205752,-1.154393,0.000573,-1.0,37.648647
-1.988079,0.27335,-2.186881,1.950851,1.950864,-0.125388,-0.436794,-2.075119,-2.915344,-2.951687,0.001913,1.0,38.383121
-1.002935,0.09784,-1.712331,1.590455,1.590454,-1.751476,-1.526781,-3.209525,-4.132603,-4.324513,0.001626,1.0,38.993587
2.764509,3.16662,-0.779093,-2.66634,-2.666364,0.708736,1.33834,-0.301017,-1.223431,-1.658608,0.000512,-1.0,37.953876
1.359666,2.308879,-0.025652,-2.03569,-2.035652,2.288337,3.322919,2.042867,1.020451,0.412116,-0.000232,-1.0,37.181267
-1.238307,0.45489,-1.238307,1.513597,1.513596,0.813737,1.474439,0.774685,-0.300851,-1.001607,0.000965,1.0,37.744041
-0.075507,0.629247,-1.23332,0.404347,0.404331,0.151023,0.653849,0.611189,-0.575807,-1.305071,0.00109,0.0,37.896652
-0.473466,0.049841,-1.544986,1.006798,1.006807,-1.221038,-0.568163,-0.197943,-1.3557,-2.116942,0.001438,1.0,38.278198
-0.299409,0.249496,-1.721564,-0.124593,-0.124591,-0.953097,-0.486538,0.08568,-1.005094,-1.741152,0.001766,0.0,38.230507
0.0,0.49701,-0.447319,0.399202,0.399194,-0.720674,-0.817597,-0.18178,-1.044396,-1.8583,0.002788,0.0,38.383121
-0.469597,0.395452,-0.790905,0.546712,0.546706,-0.820553,-1.112199,-0.778636,-1.286667,-2.159244,0.003049,0.0,38.592964
1.23146,1.382254,-0.10053,-1.655952,-1.65597,0.879639,0.439831,0.62794,0.564531,-0.404641,0.001778,-1.0,37.953876
0.025152,0.276732,-1.836478,-0.10053,-0.100488,0.78992,0.256587,0.51822,0.764577,-0.172173,0.001116,0.0,37.915737
0.912548,0.912548,-0.55767,-0.754714,-0.754724,1.236998,0.93282,1.147433,1.572255,0.708051,0.001113,-1.0,37.629578
-0.946925,0.37378,-1.19611,1.723701,1.723697,-0.533273,-0.490908,-0.541579,-0.064447,-0.725177,0.001955,1.0,38.278198
0.349038,1.246572,-0.099728,-0.049838,-0.049869,-0.658168,-0.306633,-0.385582,-0.099153,-0.471857,0.002808,0.0,38.259109
-1.932488,0.122307,-2.103721,1.919721,1.919747,-1.996085,-1.903132,-2.157535,-2.040397,-2.092725,0.002849,1.0,38.993587
-0.610203,0.536973,-0.805472,0.220157,0.220154,-1.615817,-1.913595,-2.357822,-2.260191,-2.111932,0.002712,0.0,39.079433
0.85763,0.980147,0.0,-0.39053,-0.390533,-0.563587,-1.350157,-1.808375,-1.808377,-1.562832,0.001881,0.0,38.926815
-0.194123,0.121327,-1.0677,0.980147,0.980162,-1.004621,-2.07232,-2.400717,-2.612236,-2.347708,0.0021,1.0,39.308361
-0.024379,0.682768,-0.09753,-0.485322,-0.485334,-0.082899,-1.460612,-1.690636,-1.949516,-1.849842,0.00159,0.0,39.117584
0.219194,0.535796,-1.38821,0.121929,0.121927,-0.116901,-1.271307,-1.594412,-1.969067,-1.999244,0.000335,0.0,39.165279
0.538295,0.954243,-0.78297,-0.462742,-0.462757,0.298524,-0.538273,-1.01621,-1.514538,-1.557113,-0.000389,0.0,38.984039
-0.5848,0.536055,-1.218324,0.415958,0.415973,-0.004877,-0.562868,-1.270306,-1.770222,-1.887913,0.000105,0.0,39.146202
-1.740167,0.452915,-1.811685,2.217349,2.217359,-1.821229,-2.286067,-3.140256,-3.547088,-3.828375,0.001669,1.0,40.014214
0.310339,0.477443,-0.596801,-0.143032,-0.143049,-1.260437,-1.721164,-2.773921,-3.132,-3.459524,0.001872,0.0,39.956974
0.238775,0.334286,-0.405926,-0.023867,-0.023848,-0.845286,-1.458943,-2.41803,-2.852207,-3.279857,0.002353,0.0,39.947445
-0.214643,0.572378,-0.691631,0.119386,0.119384,-0.45791,-1.347492,-2.18778,-2.753405,-3.295021,0.001649,0.0,39.995136
0.479731,0.671629,-0.887501,-0.572385,-0.572387,0.426962,-0.568484,-1.266494,-2.000482,-2.556009,0.000817,-1.0,39.766209
-1.612903,0.094879,-1.778937,1.127371,1.127357,-0.59297,-1.451606,-2.046166,-2.865267,-3.340597,0.002276,1.0,40.214516
1.227139,1.299319,-0.264678,-1.423148,-1.423148,0.683358,0.10347,-0.399416,-1.3306,-1.753602,0.002511,-1.0,39.642204
-0.023997,0.263918,-0.479846,0.288737,0.288743,0.297506,-0.035987,-0.558219,-1.387952,-1.849325,0.00204,0.0,39.756668
0.192673,1.011558,-0.02409,-0.383877,-0.38388,0.486514,0.505786,-0.086701,-0.794792,-1.337181,0.001737,0.0,39.60405
-1.18624,0.189794,-1.565836,1.517346,1.517342,-0.797154,-0.733092,-1.368127,-1.957292,-2.615417,0.001934,1.0,40.204979
0.835118,1.049864,-0.429492,-0.5694,-0.569392,-0.348368,-0.174183,-0.691959,-1.183489,-1.898353,0.001762,-1.0,39.976055
1.010349,1.491458,-0.024053,-0.811262,-0.811261,0.471491,0.565311,0.210086,-0.199664,-0.989175,0.001297,-1.0,39.651745
-0.971564,0.023692,-1.398104,1.515518,1.515517,-0.781994,-0.860192,-1.105848,-1.533177,-2.238863,0.00167,1.0,40.252674
0.142794,0.42837,-0.404574,-0.426543,-0.426536,-0.118997,-0.414096,-0.499768,-0.986442,-1.604004,0.002142,0.0,40.080982
-0.023831,0.11913,-0.857756,-0.118989,-0.118987,-0.085783,-0.228746,-0.233509,-0.730294,-1.246615,0.002135,0.0,40.033291
0.071751,0.263088,-0.550105,-0.381225,-0.38123,0.248744,0.069357,0.125962,-0.278647,-0.70797,0.002279,0.0,39.880672
0.215827,0.215827,-0.887288,-0.263095,-0.263102,0.575546,0.36691,0.359716,0.067149,-0.293522,0.001515,0.0,39.775745
-0.593824,0.546328,-0.855097,0.959225,0.959225,-0.427542,-0.486926,-0.558977,-0.760086,-1.124931,0.001903,1.0,40.157284
-0.79756,0.0,-0.891393,1.258915,1.258915,-1.379308,-1.463755,-1.685822,-1.787471,-2.19845,0.001649,1.0,40.66283
-0.117094,0.257611,-0.679159,0.164204,0.164211,-1.199069,-1.496491,-1.689311,-1.754103,-2.181738,0.001627,0.0,40.729603
-0.21097,0.515708,-0.398495,-0.093679,-0.093689,-0.70792,-1.22831,-1.518982,-1.578756,-1.95405,0.001741,0.0,40.691444
-0.258459,0.75188,-0.469925,-0.234409,-0.234413,-0.070485,-0.76362,-1.130946,-1.268789,-1.578001,0.001274,0.0,40.596058
1.261902,1.476188,-0.380952,-1.315792,-1.315785,1.214286,0.511908,0.238098,0.061907,-0.176188,0.000955,-1.0,40.061901
-0.213574,0.094924,-1.020408,0.333331,0.333337,0.645465,0.206454,0.003164,-0.245611,-0.38728,0.001036,0.0,40.195442
-0.355877,0.189794,-0.901547,0.023738,0.023727,0.360617,0.225387,-0.020558,-0.214707,-0.305572,0.001223,0.0,40.204979
-0.307186,0.897923,-0.803403,0.403317,0.403311,-0.203205,-0.056701,-0.35758,-0.596632,-0.671064,0.001218,0.0,40.36713
-1.004438,0.116795,-1.191315,1.157847,1.157863,-1.228692,-0.941376,-1.304995,-1.588418,-1.722031,0.000811,1.0,40.834526
0.988008,1.599626,-0.188186,-0.700778,-0.70077,-0.291702,-0.145855,-0.559873,-0.796288,-0.969189,0.000596,-1.0,40.54837
-1.371881,0.293971,-2.180304,-3.975531,-3.975533,3.189606,3.544823,3.36109,3.225128,3.022041,-0.000924,-1.0,38.936356
-0.41362,0.55962,-0.851577,0.685933,0.685945,1.975658,2.450108,2.515801,2.394148,2.26276,-0.000706,1.0,39.203438
0.564289,1.545636,-0.245334,-0.827251,-0.827269,2.060854,2.838572,3.19922,3.107219,2.978416,-0.000804,-1.0,38.87912
0.667328,0.939202,-0.17301,-0.736013,-0.736015,1.655964,3.082061,3.760096,3.734558,3.633222,-0.00152,-1.0,38.592964
0.996256,0.996256,-0.423417,-0.766181,-0.766171,1.265246,3.417173,4.237429,4.280186,4.280933,-0.001268,-1.0,38.297276
-1.233654,0.320753,-1.233654,0.946443,0.94642,0.172729,2.05035,2.91473,3.118695,3.205544,-0.001015,1.0,38.659729
0.172709,0.715522,-0.098685,0.0,0.0,-0.108551,1.650645,2.557791,2.941047,3.045662,-0.000867,0.0,38.659729
-0.883002,0.34339,-0.883002,0.592156,0.592169,-0.691689,0.672064,1.645,2.207505,2.327203,-0.001223,1.0,38.88866
-0.048842,0.610501,-0.439563,0.441504,0.441517,-0.888904,-0.224677,0.936086,1.666651,1.816836,-0.000834,0.0,39.06036
-0.870827,0.048382,-0.895015,0.952378,0.952357,-1.248182,-1.448951,-0.122552,0.615635,0.773111,-0.000156,1.0,39.432354
0.293468,0.538034,-0.34238,-1.088537,-0.800574,-0.217592,-0.607514,0.499638,1.230004,1.487775,-0.001047,-1.0,39.116669
0.320508,0.714983,-0.443787,-0.807038,-0.807037,0.667051,0.097424,1.076076,1.805087,2.186444,-0.001193,-1.0,38.800983
0.869357,1.142581,-0.670631,-0.739652,-0.739667,1.222634,0.748523,1.508499,2.281032,2.805974,-0.001432,-1.0,38.513985
-1.066471,0.496032,-1.066471,0.149036,0.149034,0.818459,0.593002,0.966281,1.866367,2.528089,-0.001228,0.0,38.571384
0.897087,0.897087,-0.373788,-0.471228,-0.471225,0.752556,1.093321,1.069428,2.130857,2.829334,-0.001308,0.0,38.389626
-0.14819,0.469247,-0.568051,0.897087,0.897102,-0.340838,0.213655,0.13597,1.034137,1.715867,-0.001332,1.0,38.73402
-0.394672,0.666009,-0.444006,0.123485,0.123491,-0.473622,0.121542,-0.060008,0.726045,1.389519,-0.001768,0.0,38.781853
1.366128,1.539998,-0.322894,-0.690683,-0.690704,0.218592,0.720613,0.571879,1.186022,1.868544,-0.002097,-1.0,38.513985
0.751689,2.004508,-0.125279,-0.869344,-0.869347,0.892017,1.373098,1.381609,1.725644,2.508685,-0.002395,-1.0,38.179165
-0.05,0.4,-0.275002,0.225507,0.22551,0.600007,0.840005,1.14792,1.198431,2.090229,-0.002219,0.0,38.265263
0.04999,0.574866,-0.224944,0.024995,0.025002,0.334918,0.594854,1.055596,1.086718,1.863993,-0.001703,0.0,38.27483
-0.717292,0.667823,-1.162506,1.049743,1.049742,-0.761817,-0.482318,0.008704,-0.031514,0.647726,-0.001427,1.0,38.676617
0.29769,0.843466,-0.173652,-0.296807,-0.29681,-0.441581,-0.173655,0.249919,0.224944,0.760084,-0.001551,0.0,38.561821
-0.296523,0.494186,-0.296523,0.396924,0.396934,-0.558448,-0.531267,-0.205924,-0.155564,0.142714,-0.001553,0.0,38.714886
-0.148778,0.768651,-0.148778,-0.345933,-0.345939,-0.049594,-0.136379,-0.006618,0.227801,0.286372,-0.002131,0.0,38.580956
-0.591857,0.665847,-0.789147,0.545492,0.545484,-0.325513,-0.66337,-0.605005,-0.298987,-0.272652,-0.001652,0.0,38.791409
0.196894,0.713751,-0.319963,0.197292,0.197307,-0.423339,-0.836831,-0.789246,-0.468531,-0.50356,-4.7e-05,0.0,38.867947
-0.610352,0.170898,-0.927727,0.812203,0.812189,-0.908193,-1.464836,-1.474601,-1.232762,-1.274063,1e-06,1.0,39.183628
0.643731,1.361723,-0.099037,-1.391602,-1.391594,0.450607,0.044567,-0.072624,0.106463,0.123888,-0.000216,-1.0,38.638351
1.464272,2.322641,-0.100987,-1.931166,-1.931172,2.065135,1.916185,1.807627,1.874529,2.052765,-0.000675,-1.0,37.892178
-1.172062,0.299259,-1.421444,1.237054,1.237063,0.593516,0.693268,0.498753,0.531173,0.774578,9.5e-05,1.0,38.360928
0.125123,1.051056,-0.37537,-0.349125,-0.349113,0.610597,0.928417,0.754073,0.808295,1.082349,-0.000403,0.0,38.227005
-0.771917,0.473103,-0.946218,0.500503,0.5005,-0.288853,0.388437,0.235712,0.293813,0.529982,-0.000211,0.0,38.418331
1.588104,1.915811,-0.201659,-1.220125,-1.220131,0.579787,1.426772,1.433494,1.450719,1.654651,-0.000908,-1.0,37.949577
-0.525786,0.075118,-0.951422,0.680618,0.680614,0.065103,0.643467,0.737776,0.741114,0.839261,-0.000816,1.0,38.207867
0.175361,0.551105,-0.275544,-0.050078,-0.050071,0.025052,0.536071,0.773212,0.720188,0.792583,-0.001201,0.0,38.188736
-0.401002,0.350875,-0.42607,-0.05009,-0.050085,0.045101,0.403494,0.735156,0.690459,0.776925,-0.000913,0.0,38.169609
-0.298218,0.149098,-0.546725,0.85213,0.852115,-0.760436,-0.623756,-0.127568,-0.162775,-0.076542,-0.000275,1.0,38.494858
0.174043,0.447541,-0.596721,-0.049704,-0.049677,-0.437611,-0.616629,-0.119367,-0.074614,-0.036823,-9e-06,0.0,38.475735
-0.099297,0.769615,-0.744784,0.149175,0.149164,-0.41708,-0.598316,-0.276406,-0.188688,-0.170813,-9e-06,0.0,38.533127
-0.467515,0.319884,-0.590544,0.893744,0.893712,-0.944854,-1.345939,-1.14499,-0.995302,-1.040333,0.000516,1.0,38.877502
-1.666262,0.410534,-1.859457,1.894688,1.894715,-2.057477,-2.830238,-2.857609,-2.717949,-2.796434,0.0009,1.0,39.61412
0.800005,0.800005,-0.387879,-0.38638,-0.386377,-1.187883,-2.189097,-2.433946,-2.226675,-2.323404,0.000703,0.0,39.46106
-1.010106,0.553148,-1.010106,0.800005,0.799971,-1.317926,-2.505992,-3.017456,-2.869149,-2.937933,0.001277,1.0,39.776737
-0.696615,0.408355,-0.864763,0.120248,0.120271,-0.7879,-2.217151,-2.810473,-2.829692,-2.897912,0.001657,0.0,39.824577
0.0,0.718733,-0.239586,0.264235,0.264241,-0.522289,-2.038819,-2.804671,-2.943229,-2.988031,0.001672,0.0,39.92981
0.023896,0.382409,-0.143406,0.239574,0.239573,-0.554497,-1.809276,-2.737415,-3.030597,-3.08509,0.001755,0.0,40.025471
0.264171,0.384246,-0.528341,-0.478014,-0.478031,0.110482,-1.001426,-2.033287,-2.483175,-2.491821,0.001167,0.0,39.834137
0.969222,0.969222,-0.145386,-0.888566,-0.888562,0.857773,0.140543,-0.896527,-1.502294,-1.540095,0.00094,-1.0,39.480186
-0.698283,0.481582,-0.698283,0.629995,0.630002,0.178186,-0.185409,-1.261735,-1.887788,-2.040932,0.001029,1.0,39.728912
-0.144028,0.048008,-0.480079,0.313029,0.313019,-0.172823,-0.252032,-1.291396,-2.00671,-2.240028,0.001283,0.0,39.853271
-0.238671,0.119329,-0.668265,0.576097,0.576121,-0.716012,-0.706463,-1.538601,-2.336532,-2.678776,0.001295,1.0,40.082874
0.818291,1.299641,-0.433213,-0.835329,-0.835347,0.077021,0.20217,-0.49899,-1.346563,-1.802159,0.000897,-1.0,39.748043
0.823845,1.187298,-0.024236,-0.673884,-0.673887,0.756003,0.806888,0.345696,-0.483395,-1.050635,0.000326,-1.0,39.480186
0.910431,1.328743,-0.910431,-1.526535,-1.526548,1.879939,2.126004,1.960321,1.145446,0.584668,0.000274,-1.0,38.877502
-0.491282,0.491282,-0.687789,0.172244,0.172282,1.238009,1.697353,1.796429,1.068518,0.471614,0.001083,0.0,38.944481
-0.024559,0.245645,-0.343893,0.0,0.0,0.653386,1.419781,1.681798,1.168002,0.545306,0.000607,0.0,38.944481
-1.05703,0.02458,-1.179939,-0.07369,-0.07371,0.299904,1.258606,1.66339,1.296709,0.670603,0.000713,0.0,38.915775
0.592598,0.592598,-0.246909,-0.442478,-0.442471,0.36543,1.518514,1.937444,1.781476,1.199996,0.00035,0.0,38.743584
-0.393507,0.270536,-1.106741,0.395062,0.395062,-0.019672,0.905063,1.377271,1.427688,0.872599,0.000972,0.0,38.896645
-0.922549,0.339896,-1.675161,1.30349,1.303483,-1.073067,-0.507398,-0.016181,0.189372,-0.302009,0.001211,1.0,39.403656
0.121536,0.461845,-0.899366,-0.121389,-0.121372,-0.74381,-0.571231,-0.008114,0.278307,-0.060292,0.001184,0.0,39.355831
-0.48135,0.529485,-0.842354,0.996597,0.996579,-1.304445,-1.55234,-1.009219,-0.675085,-0.92033,0.001586,1.0,39.748043
1.959807,2.160807,-1.306533,-4.211793,-4.211767,2.683401,2.407018,3.097133,3.468573,3.393949,-0.000361,-1.0,38.073948
0.252648,0.404245,-0.85902,-0.552756,-0.552759,2.708421,2.70842,3.341732,3.784715,3.897902,-0.000555,-1.0,37.863491
1.725465,1.957244,-0.077268,-1.894896,-1.89492,3.476703,4.208092,4.851922,5.414628,5.71826,-0.001341,-1.0,37.146008
-1.648904,0.355157,-2.156261,1.519433,1.519439,1.055313,2.321165,2.863189,3.529939,3.934048,-0.0011,1.0,37.710419
1.522188,1.522188,-0.283787,-1.674277,-1.674291,1.336452,3.568133,4.134867,4.92133,5.446871,-0.002473,-1.0,37.079037
-0.462133,0.154036,-1.103982,0.490204,0.490202,0.405659,2.664969,3.229796,4.111695,4.662401,-0.002136,0.0,37.260799
0.338192,0.494282,-0.442245,-1.309376,-1.309365,1.14464,3.449539,4.217838,5.091058,5.719049,-0.002947,-1.0,36.772919
0.470219,0.757578,-0.365726,-0.416233,-0.416233,1.280039,3.121741,4.230241,5.088826,5.799379,-0.003154,0.0,36.619858
0.603833,0.840116,-0.367548,-0.49634,-0.49634,1.086894,2.835392,4.291594,5.112894,5.933318,-0.003446,0.0,36.438099
-0.313556,0.731641,-0.91456,0.472565,0.472569,0.355364,1.494643,3.381239,4.189966,5.082832,-0.003356,0.0,36.610294
-1.002826,0.591412,-1.259956,1.620065,1.620053,-1.275383,-0.357407,1.457115,2.222951,3.162781,-0.00255,1.0,37.2034
-0.281476,0.409417,-0.332654,0.488565,0.799588,-1.670278,-1.244513,0.40418,1.228526,2.106795,-0.0019,1.0,37.500874
1.24805,1.612072,-0.078001,-1.586497,-1.586491,0.069887,0.282438,1.571573,2.584215,3.433381,-0.002753,-1.0,36.905926
-0.512558,0.076881,-2.51153,1.456061,1.456081,-0.829377,-1.228136,-0.226684,0.911484,1.666942,-0.002313,1.0,37.443306
0.645328,1.213209,-0.593712,-0.717576,-0.717568,0.190994,-0.488546,0.032931,1.40664,2.124843,-0.002811,-1.0,37.174625
1.469822,2.624672,-0.026241,-1.652049,-1.652079,1.522326,0.991525,1.437338,2.811538,3.520928,-0.003125,-1.0,36.560471
-0.313887,1.438658,-0.967824,0.341213,0.341229,0.732406,0.62418,0.878259,2.160503,2.929849,-0.002734,0.0,36.685226
0.520023,1.508066,-0.104007,0.601619,0.601605,0.130019,0.099953,0.231632,1.211185,2.093376,-0.001916,1.0,36.905926
-0.835507,0.339428,-2.924279,-0.416017,-0.416004,0.172323,0.60363,0.476561,1.2798,2.281283,-0.002142,0.0,36.752396
1.144838,1.65069,-0.106499,-1.93211,-1.932116,1.517568,2.428113,2.264369,2.761114,3.97751,-0.002885,-1.0,36.042297
-0.47531,0.396095,-1.399522,0.825341,0.825347,0.565089,1.351992,1.258277,1.681315,2.861767,-0.002539,1.0,36.339771
-3.941794,0.02646,-5.238093,-0.184843,-0.184836,0.523801,1.201051,1.35383,1.650311,2.762876,-0.00244,0.0,36.272602
-0.156446,0.312915,-0.808336,1.455024,1.455002,-0.975213,-0.278992,-0.06702,0.145547,1.006154,-0.002033,1.0,36.800369
1.939426,2.098834,-0.159397,-1.851366,-1.851343,0.541967,1.235378,1.759095,1.814264,2.552942,-0.003246,-1.0,36.119068
-0.392357,0.706252,-0.57547,1.567484,1.567477,-0.659172,-0.460378,0.202278,0.189304,0.6363,-0.002597,1.0,36.685226
-1.058611,0.025825,-1.239349,1.307873,1.307889,-1.497562,-1.582771,-1.09822,-1.117028,-0.760744,-0.002477,1.0,37.165028
0.182149,0.754621,-0.208176,-0.774593,-0.774591,-0.400743,-0.762444,-0.438913,-0.330978,-0.093031,-0.001155,-1.0,36.877151
-0.802075,0.206981,-0.802075,0.572475,0.572468,-0.812425,-1.278151,-0.972849,-0.835157,-0.667939,-0.000722,1.0,37.088261
0.388797,0.414723,-0.31105,-0.181113,-0.181109,-0.145159,-1.026454,-0.869208,-0.576497,-0.562194,-6.3e-05,0.0,37.021091
-0.259735,0.415584,-0.285717,-0.207367,-0.207368,0.202601,-0.57663,-0.704774,-0.324689,-0.370148,-0.000727,0.0,36.944321
-0.435334,0.0,-0.563373,1.428569,1.428558,-1.044801,-1.674769,-1.941099,-1.692701,-1.750818,0.000466,1.0,37.472092
0.076938,0.128235,-0.589905,-0.153641,-0.15364,-0.605281,-1.218263,-1.660261,-1.55297,-1.531042,0.000219,0.0,37.41452
-0.511119,0.051114,-0.587782,0.359064,0.359045,-0.715546,-1.372329,-1.897932,-1.819563,-1.784361,0.00086,0.0,37.548855
0.127256,0.559931,-0.458132,0.408893,0.408891,-0.75845,-1.354014,-2.129448,-2.18502,-2.050187,0.001178,0.0,37.702389
-1.48204,0.125597,-1.758352,1.323492,1.323513,-1.396643,-2.245666,-3.031067,-3.328316,-3.163032,0.001878,1.0,38.201385
-0.625939,0.075118,-0.826234,0.326546,0.326546,-1.271911,-2.260887,-3.001166,-3.412619,-3.361043,0.001822,0.0,38.32613
-1.18665,0.09889,-1.38443,1.27692,1.276902,-1.794802,-2.993805,-3.787377,-4.355983,-4.443993,0.00169,1.0,38.815517
0.148253,0.296513,-0.296523,0.049444,0.049465,-1.181132,-2.59205,-3.485713,-4.154936,-4.29257,0.001401,0.0,38.834717
1.046343,1.121079,-0.224215,-0.815424,-0.81543,0.054811,-1.402589,-2.277024,-3.137763,-3.394117,0.001698,-1.0,38.518047
-1.350695,0.122787,-2.038315,1.444948,1.444946,-0.923381,-2.26179,-3.261293,-4.129419,-4.575639,0.001693,1.0,39.074612
0.048974,0.563173,-0.514199,0.294693,0.294693,-0.773751,-2.110675,-3.201105,-4.047498,-4.587656,0.002083,0.0,39.189762
-1.093297,0.097184,-1.287655,0.783546,0.783531,-1.20018,-2.344497,-3.511483,-4.385308,-5.044688,0.003019,1.0,39.496826
-0.169653,0.533209,-0.363541,0.242949,0.242974,-1.05672,-2.06496,-3.323642,-4.264421,-5.003395,0.002982,0.0,39.592793
0.562082,0.855332,-0.26881,-0.824043,-0.824039,0.146619,-0.852891,-2.139141,-3.068186,-3.957972,0.002433,-1.0,39.266533
-0.513194,0.219941,-0.757568,0.0,0.0,0.244372,-0.58163,-1.744876,-2.739495,-3.629526,0.002593,0.0,39.266533
-0.289573,0.14479,-0.651547,1.270775,1.270746,-0.723923,-1.467166,-2.593292,-3.632944,-4.49419,0.003825,1.0,39.765511
0.144827,0.506877,-0.168957,-0.024129,-0.024119,-0.569631,-1.206851,-2.177163,-3.24764,-4.120679,0.003499,0.0,39.75592
0.874838,1.190758,0.0,-0.675834,-0.675824,0.053454,-0.369391,-1.184296,-2.285549,-3.196118,0.00331,-1.0,39.48724
-1.647956,0.095536,-1.647956,1.749689,1.749687,-1.213281,-1.669454,-2.472733,-3.572964,-4.456649,0.003423,1.0,40.178143
-1.013912,0.235789,-1.226128,1.289709,1.289699,-1.768448,-2.522985,-3.305818,-4.339773,-5.278935,0.004631,1.0,40.69632
-0.166359,0.712925,-0.166359,-0.778114,-0.7781,-0.693926,-1.46389,-2.208504,-3.229574,-4.217689,0.003729,-1.0,40.379662
-0.663817,0.426745,-0.758651,0.237638,0.23763,-0.573728,-1.455664,-2.166902,-3.080844,-4.089139,0.003317,0.0,40.475616
-0.285311,0.1902,-0.998578,-0.284493,-0.284492,0.142653,-0.984309,-1.63576,-2.456017,-3.491203,0.003506,0.0,40.360466
0.549057,0.549057,-0.954875,-0.404189,-0.404198,0.558616,-0.350909,-0.958054,-1.74981,-2.783469,0.00313,0.0,40.19733
0.214643,0.214643,-0.810875,0.095491,0.095499,0.233724,-0.205105,-0.860164,-1.590746,-2.54901,0.003237,0.0,40.235718
1.305296,1.595359,-0.096681,-1.335562,-1.335572,1.247289,1.12885,0.567251,-0.085799,-1.005547,0.002803,-1.0,39.698341
-2.125625,0.143303,-2.340578,1.208605,1.20862,-0.109869,0.02627,-0.520661,-1.109388,-1.912589,0.002718,1.0,40.178143
1.906166,2.174983,-0.097744,-2.26893,-2.26892,1.651992,2.292268,1.733455,1.241437,0.53958,0.001904,-1.0,39.266533
0.883221,2.158982,-0.122667,-0.391007,-0.391015,1.496564,2.42149,2.106639,1.714916,1.078508,0.001616,0.0,39.112995
0.72591,2.077592,-0.075101,-1.987235,-1.987255,2.563214,3.882365,4.01503,3.680863,3.141939,0.000694,-1.0,38.33572
0.243245,1.313551,-0.827052,2.903629,2.903644,-0.457312,0.71515,1.026511,0.788126,0.345412,0.001302,1.0,39.448853
0.639916,1.796702,-0.049225,-1.167599,-1.167583,0.108279,1.523485,2.08875,1.913592,1.548591,0.000727,-1.0,38.988255
-0.242952,1.141888,-1.166181,1.304452,1.304421,-1.064127,-0.002417,0.775848,0.589179,0.30808,0.000738,1.0,39.496826
-3.3517,0.044104,-3.925023,10.179781,10.179813,-8.180824,-8.478509,-8.02353,-8.216106,-8.500119,0.004634,1.0,43.517529
-1.956526,0.326091,-2.217391,1.433301,1.433282,-6.84782,-8.886953,-8.802894,-8.960866,-9.333909,0.005499,1.0,44.141258
-0.175251,0.876226,-0.525744,-0.760865,-0.760853,-4.144586,-7.250831,-7.582341,-7.801763,-8.217317,0.004651,-1.0,43.805408
-1.043249,1.06499,-1.19539,0.7886,0.788597,-2.555965,-7.076721,-7.750489,-8.025429,-8.513801,0.004841,1.0,44.150856
0.281205,1.038285,-0.173043,0.478161,0.478172,-0.826312,-6.370334,-7.588159,-7.913705,-8.519156,0.004723,0.0,44.361973
0.19523,0.867683,-0.065072,-0.281207,-0.281223,-0.221249,-4.947932,-6.718721,-7.195222,-7.811708,0.004522,0.0,44.237217
0.898923,1.052399,-0.021932,-1.0629,-1.062906,0.679684,-2.685807,-5.178684,-5.847397,-6.409994,0.00443,-1.0,43.767017
0.463165,0.705779,-0.110276,-0.591978,-0.591975,1.142484,-1.17335,-4.030284,-4.927212,-5.508597,0.004202,-1.0,43.507927
1.067378,1.311986,0.0,-0.816054,-0.816056,1.512123,0.604852,-2.781108,-3.834775,-4.416273,0.0034,-1.0,43.152878
1.556503,1.939989,-0.812093,-1.423169,-1.423154,2.120446,2.772378,-0.864738,-2.190403,-2.749392,0.002862,-1.0,42.538746
1.307639,1.514109,-0.022936,-1.669303,-1.402404,2.478576,3.858562,0.995009,-0.5912,-1.197912,0.002582,-1.0,41.942181
2.132596,2.410758,-0.347698,-1.032349,-1.032362,2.459691,4.307849,2.5582,0.599159,-0.088946,0.001512,-1.0,41.509186
0.417149,0.857469,-0.324459,0.023187,0.023176,1.477772,3.732941,2.866809,0.795084,-0.002348,0.001025,0.0,41.518806
0.506798,1.220915,-0.069106,0.602545,0.602561,0.207327,2.541382,2.694513,0.381803,-0.477427,0.001556,1.0,41.768982
1.359763,1.636319,-0.299611,-0.046075,-0.046075,-0.124453,1.96296,3.1016,0.725467,-0.298446,0.001447,0.0,41.749737
-0.023115,1.155535,-0.947536,-0.276559,-0.276569,0.004626,1.620547,3.085982,1.307604,0.116116,0.00145,0.0,41.63427
1.723732,2.375963,-0.838574,-0.785764,-0.785749,0.698804,1.829842,3.444987,2.469604,1.012759,0.001303,-1.0,41.307129
-1.393409,0.255451,-1.393409,0.302821,0.302824,0.352986,1.021418,2.750817,2.399589,0.875185,0.001383,0.0,41.432217
1.993899,2.369219,-0.140748,-0.998607,-0.998619,0.999299,1.520059,3.278154,3.679961,1.974651,0.001512,-1.0,41.018467
-2.34428,0.252818,-2.895882,2.064267,2.064273,-0.988275,-0.694091,0.791741,1.865868,0.16048,0.001842,1.0,41.8652
-0.77449,0.296121,-1.5262,0.896355,0.896351,-1.580865,-1.505698,-0.418822,0.809737,-0.433175,0.003059,1.0,42.240459
0.459869,1.011722,-0.643833,-0.933941,-0.933939,-0.395495,-0.49667,0.213921,1.485859,0.841024,0.00285,-1.0,41.845959
-0.22701,2.905796,-1.975026,1.287645,1.287658,-1.212266,-1.557329,-1.236744,0.028095,-0.163882,0.00411,1.0,42.384792
-0.475218,0.792039,-0.611,0.317821,0.317805,-0.819183,-1.692684,-1.648933,-0.480629,-0.147962,0.003115,0.0,42.519493
0.615025,0.706143,-0.820048,-0.65625,-0.65625,0.013668,-0.927108,-1.046319,-0.074343,0.771457,0.003312,-1.0,42.240459
-0.898627,1.082942,-1.889401,-1.138952,-1.13896,0.935491,0.244248,0.064522,0.780199,1.764017,0.002372,-1.0,41.759357
2.928086,3.021787,-0.046852,-1.635952,-1.63594,2.239401,1.855238,1.658469,2.128783,3.158027,-0.002172,-1.0,41.076199
-0.093329,0.373306,-1.259918,0.398224,0.398231,1.278571,1.404564,1.210133,1.448693,2.5,-0.002571,0.0,41.239777
0.477443,1.503941,-0.167102,-2.263187,-2.263191,2.525663,3.576033,3.311849,3.444737,4.491969,-0.003148,-1.0,40.306442
-1.101221,0.070288,-2.624178,1.885894,1.885892,0.056232,1.464387,1.28866,1.350749,2.236858,-0.002726,1.0,41.066578
-0.232347,0.232337,-1.16171,0.843489,0.843491,-0.947958,0.415888,0.40582,0.439121,1.108923,-0.002586,1.0,41.412971
1.296565,1.744465,-0.235733,-1.440527,-1.440537,0.372478,1.631317,1.793191,1.822264,2.297563,-0.003032,-1.0,40.816402
-1.529194,0.185361,-1.529194,1.744465,1.744478,-1.209459,-0.31743,0.063324,0.077612,0.352939,-0.001952,1.0,41.528435
0.651461,1.140067,-0.232664,-0.417053,-0.417071,-0.288497,-0.181469,0.536695,0.446731,0.599361,-0.001885,0.0,41.355232
-1.774196,0.529952,-1.774196,0.977203,0.977204,-0.921656,-1.262668,-0.453143,-0.524187,-0.448842,-0.001195,1.0,41.759357
-0.454651,0.159125,-0.977497,1.359447,1.359465,-1.818609,-2.452841,-1.774657,-1.776551,-1.747682,-0.000125,1.0,42.327061
1.383759,1.476012,-0.622696,-1.432146,-1.432157,0.041514,-0.880994,-0.367464,-0.299813,-0.299814,-0.000136,-1.0,41.720871
-0.934151,0.387337,-1.093641,1.22232,1.222333,-0.83391,-1.843251,-1.594903,-1.409211,-1.436324,0.000731,1.0,42.230839
-0.295928,0.682905,-0.295928,0.091139,0.091142,-0.491698,-1.468255,-1.723965,-1.351023,-1.478726,0.000757,0.0,42.269329
-0.387778,0.136866,-0.684304,-0.204871,-0.204889,-0.086669,-1.001362,-1.53132,-1.110851,-1.235395,0.000447,0.0,42.182724
-0.884352,0.022683,-1.020399,0.593061,0.593058,-0.625838,-1.344659,-2.006034,-1.671188,-1.74239,0.000692,1.0,42.432892
0.045341,0.589431,-0.249379,0.022683,0.02269,-0.308321,-0.983905,-1.813648,-1.623215,-1.657674,0.000808,0.0,42.44252
0.662557,0.731094,-0.70825,-0.770803,-0.770812,0.411248,-0.075385,-0.912335,-0.891011,-0.828868,0.000813,-1.0,42.115368
-0.730927,0.228419,-1.096391,0.022844,0.022861,0.319772,0.08451,-0.647179,-0.960488,-0.746463,0.000706,0.0,42.124996
-0.205105,0.182311,-1.139471,0.228419,0.22843,0.109371,-0.0342,-0.691297,-1.188486,-0.938942,0.001178,0.0,42.221222
0.228681,0.823233,-0.800364,-0.341844,-0.341875,0.283573,0.249272,-0.245431,-0.811784,-0.614665,0.000252,0.0,42.076878
-0.205058,0.592397,-0.410116,0.365879,0.365904,-0.18228,0.00455,-0.385819,-1.036689,-0.940539,4.8e-05,0.0,42.230839
-0.114103,0.661801,-0.319489,-0.159487,-0.159495,1e-06,0.148332,-0.126276,-0.769057,-0.803288,0.000346,0.0,42.163483
-0.499655,0.022716,-1.249146,0.479231,0.47923,-0.363385,-0.306609,-0.443635,-0.999317,-1.290936,3.5e-05,0.0,42.365543
1.037347,1.152605,-0.484101,-1.476262,-1.476273,0.899037,1.08115,1.045037,0.564785,0.140165,-0.000655,-1.0,41.740112
-0.940151,0.11465,-1.811513,0.530198,0.5302,0.31186,0.435686,0.45403,0.099754,-0.368716,-0.000199,0.0,41.961418
-0.319632,0.205479,-1.232879,0.435675,0.435676,-0.164378,-0.070768,0.085245,-0.176931,-0.699534,0.000407,0.0,42.144234
2.902312,2.902312,-0.188773,-3.242005,-3.241995,2.501171,2.949499,3.20119,3.075738,2.582345,-0.000211,-1.0,40.77792
-1.030684,0.234252,-1.171235,0.731472,0.731472,1.129066,1.946592,2.258139,2.293278,1.912392,-8.3e-05,1.0,41.076199
1.004309,1.745574,-0.09565,-2.037946,-2.037932,2.486833,3.574827,4.063429,4.232409,3.950247,4e-06,-1.0,40.239094
1.109233,1.663851,-0.144685,-0.836918,-0.83695,2.319763,3.904041,4.518943,4.808309,4.676166,-0.001043,-1.0,39.902313
-0.384431,0.336374,-0.864971,0.361702,0.361716,0.903417,2.984146,3.743397,4.221533,4.222014,-0.001229,0.0,40.046646
-1.982067,0.212364,-2.052862,1.82605,1.826056,-0.906092,0.797539,1.664302,2.174369,2.279372,2.8e-05,1.0,40.77792
-1.359134,0.276432,-1.543419,2.430389,2.430389,-2.925594,-1.736931,-0.804732,-0.30984,-0.107811,0.000292,1.0,41.768982
0.559837,1.09634,-0.023322,-1.243955,-1.243959,-1.212969,-0.618145,0.287694,0.832753,1.101007,-2.6e-05,-1.0,41.249393
0.385221,1.835481,-1.767512,2.939123,2.939137,-2.828019,-3.337878,-2.515309,-2.042841,-1.772957,0.000728,1.0,42.461769
-0.362319,0.747287,-0.362319,0.067979,0.067962,-1.743652,-3.322005,-2.540757,-2.103709,-1.767205,0.000232,0.0,42.490627
-0.630486,0.720558,-0.788109,0.566123,0.566118,-1.382562,-3.409132,-3.000817,-2.582742,-2.273352,0.001,1.0,42.731174
0.20339,0.836156,-0.20339,-0.360279,-0.360264,-0.646333,-2.707349,-2.616955,-2.177406,-1.891079,0.000391,0.0,42.577229
1.418447,1.807369,0.0,-1.220341,-1.220345,0.965456,-1.072982,-1.363532,-0.988333,-0.690917,-0.000113,-1.0,42.05764
1.74703,1.910086,0.0,-1.784486,-1.784482,2.24085,1.064518,0.323001,0.717441,1.00442,-0.000721,-1.0,41.307129
-0.488493,0.558265,-1.232852,0.139767,0.13977,1.553839,1.242138,0.057366,0.472189,0.759233,-0.000895,0.0,41.364864
0.680115,1.125704,-0.51595,-0.81415,-0.814179,1.557247,2.134169,0.919347,1.158558,1.480323,-0.001217,-1.0,41.02808
-0.483423,0.43739,-0.736648,1.876173,1.876198,-0.686006,0.260127,-0.824127,-0.772333,-0.419892,-0.000199,1.0,41.797848
0.370797,0.973344,-0.046352,-0.667581,-0.667599,-0.278092,0.99885,0.047903,-0.132089,0.1817,-0.000464,-1.0,41.518806
0.116449,0.41919,-0.512338,-0.486681,-0.486661,0.214246,1.215644,0.765405,0.278291,0.598039,-0.000739,0.0,41.31675
0.868144,1.1497,-0.328482,-0.745226,-0.397306,0.51083,1.294245,1.346512,0.557809,0.894512,-0.000761,0.0,41.152596
-1.582868,0.325882,-1.74581,0.797748,0.797772,-0.066344,0.191134,0.657377,-0.153329,0.030152,-0.000595,1.0,41.4809
0.069839,1.210431,-0.046555,0.0,0.0,-0.21916,-0.073163,0.611077,-0.104547,-0.055154,-0.000533,0.0,41.4809
-0.603115,0.533517,-0.603115,0.349167,0.349153,-0.514961,-0.524607,0.321286,-0.285562,-0.413892,-0.000583,0.0,41.625732
-0.532407,0.25463,-1.064812,0.208768,0.208763,-0.532403,-0.634629,-0.007441,-0.276296,-0.645215,6.5e-05,0.0,41.712631
-0.988269,0.873365,-0.988269,0.717586,0.717605,-0.831996,-1.188572,-0.795837,-0.75292,-1.365703,0.000137,1.0,42.011963
1.090986,1.648094,-0.11607,-0.988269,-0.98828,0.213554,-0.065576,0.012554,0.336137,-0.302449,-0.000411,-1.0,41.596767
0.725488,0.772293,-0.514865,-0.812447,-0.812436,0.926741,0.622331,0.618716,1.096156,0.531869,0.000524,-1.0,41.25882
-2.364176,0.454642,-2.636963,2.948753,2.948734,-1.563987,-2.03455,-2.197706,-1.655192,-2.137039,0.001377,1.0,42.475433
0.529222,1.150483,-0.483201,-1.204826,-1.204831,-0.243888,-0.685674,-0.90068,-0.515202,-0.747087,0.001697,-1.0,41.963676
0.139537,0.930237,-0.325579,-1.058442,-1.058439,0.586053,0.465125,0.184279,0.432102,0.45658,0.001612,-1.0,41.519516
-0.023082,1.13112,-0.161588,0.744186,0.744197,-0.046173,-0.193908,-0.428209,-0.417691,-0.185027,0.001759,1.0,41.828503
0.207278,1.036391,-0.046053,0.230836,0.230823,0.041463,-0.317814,-0.637288,-0.7248,-0.400002,0.001145,0.0,41.925053
-0.091851,0.459245,-0.482202,0.299404,0.299415,-0.459249,-0.514353,-0.849599,-1.021997,-0.621117,0.000326,0.0,42.050583
0.276559,0.553127,-0.921865,-0.367394,-0.367396,-0.124455,-0.10371,-0.391795,-0.586726,-0.308665,0.000663,0.0,41.896091
0.766012,1.160631,-0.766021,-0.714443,-0.714444,0.631377,0.515314,0.396157,0.156512,0.322744,-0.000742,-1.0,41.596767
-1.169463,0.779638,-1.23825,1.230267,1.230264,-0.458612,-0.58473,-0.724604,-0.932411,-0.955639,-0.000295,1.0,42.108517
-1.775283,0.17978,-2.359548,2.040814,2.040813,-1.964041,-2.175281,-2.479398,-2.777608,-2.900156,0.000272,1.0,42.967873
-0.737755,0.380063,-2.347418,0.516854,0.516851,-1.940527,-2.512852,-2.739395,-3.084055,-3.294569,0.000609,0.0,43.189953
0.985786,1.811098,-0.25218,-2.481558,-2.481561,0.660256,0.004593,-0.200204,-0.522686,-0.756672,0.000124,-1.0,42.118168
-2.096011,0.022542,-2.096011,1.719395,1.719405,-0.459774,-1.377058,-1.757946,-2.006987,-2.296277,0.001472,1.0,42.84235
-0.089708,0.583086,-0.784925,0.495833,0.49582,-0.511321,-1.578822,-2.016887,-2.307683,-2.590032,0.001609,0.0,43.054771
1.252284,1.593809,-0.068304,-1.502584,-1.502574,0.742258,0.036433,-0.341528,-0.708102,-1.046511,0.001344,-1.0,42.407841
2.172915,2.265382,-0.601013,-1.502732,-1.502741,1.599637,1.495618,1.06643,0.824099,0.487299,4.4e-05,-1.0,41.770561
-0.712976,0.413983,-1.057958,0.508558,0.508571,1.02115,1.002752,0.558104,0.346131,0.042313,0.000497,0.0,41.982994
-0.408989,0.522618,-0.727105,1.218947,1.218944,-0.359011,-0.002273,-0.499886,-0.805497,-1.036125,0.001153,1.0,42.494743
0.296535,0.82117,-0.54745,-0.386271,-0.386274,-0.314784,0.437953,-0.034978,-0.334171,-0.57208,0.001157,0.0,42.330597
0.183617,0.275417,-0.665598,-0.615876,-0.615876,0.142298,0.84691,0.607451,0.379847,0.100069,0.000613,-1.0,42.069893
-0.068516,0.639413,-0.388221,0.504937,0.504934,-0.118747,0.125598,0.13854,-0.147295,-0.340716,0.000807,0.0,42.282318
-0.608382,0.045068,-0.856244,1.34734,1.347341,-1.04101,-1.034252,-1.044016,-1.371115,-1.559261,0.001191,1.0,42.852005
0.588897,0.656845,-0.475658,-0.518249,-0.518267,-0.462049,-0.568505,-0.366918,-0.727053,-0.988434,0.000912,-1.0,42.629917
-0.678126,0.384263,-0.813745,0.203851,0.20388,-0.48374,-0.849925,-0.4747,-0.825061,-1.085006,0.000714,0.0,42.716831
0.225627,0.315882,-0.361011,0.180827,0.180819,-0.324911,-0.93863,-0.681411,-0.902529,-1.120038,0.001164,0.0,42.794071
-0.158049,0.699925,-0.451571,-0.067687,-0.067685,-0.031615,-0.638975,-0.680372,-0.751869,-1.025972,0.00145,0.0,42.765106
-0.135497,0.383925,-0.745253,-0.022583,-0.022586,-0.054198,-0.435861,-0.558566,-0.628951,-0.929538,0.000307,0.0,42.755447
0.614616,0.773959,-0.113815,-0.790422,-0.790419,0.641931,0.339173,0.166927,0.259499,-0.055548,0.000467,-1.0,42.4175
0.946227,1.153935,-0.415417,-1.365805,-1.365809,1.615507,1.61089,1.3601,1.615503,1.329328,0.000349,-1.0,41.838158
-1.359307,0.249209,-1.653826,1.869368,1.869375,-0.330767,-0.124607,-0.466701,-0.289992,-0.464889,0.000781,1.0,42.62027
0.501598,0.889191,-0.501601,-0.634341,-0.634344,0.109436,0.528952,0.259913,0.247371,0.198808,0.000449,-1.0,42.349911
0.689811,0.804778,-0.298922,-0.843591,-0.843586,0.597832,1.179572,1.114421,1.085294,1.060461,9e-06,-1.0,41.992653
0.114179,0.616579,-0.342549,0.689811,0.689799,-0.15528,0.404208,0.38822,0.32656,0.432977,0.000416,1.0,42.282318
-0.434789,0.709375,-1.281469,-0.205526,-0.205511,0.219673,0.487405,0.573597,0.431338,0.648042,0.000611,0.0,42.195423
-0.523082,0.272911,-0.864228,0.617849,0.617832,-0.473041,-0.209226,0.016684,-0.179664,-0.018191,0.000376,1.0,42.45612
-0.068536,0.77679,-0.594019,-0.454858,-0.45486,-0.059391,0.127952,0.470652,0.334713,0.350933,-0.000584,0.0,42.263004
0.045654,0.47934,-0.730425,0.091389,0.09138,-0.004553,-0.070744,0.292186,0.280773,0.276663,-0.000748,0.0,42.301624
1.647339,1.832949,-0.046394,-1.620641,-1.620607,1.322492,1.382819,1.781892,1.827133,1.810659,-0.000417,-1.0,41.616081
0.6501,0.696538,-0.58045,-0.069601,-0.069617,1.10053,1.393081,1.671698,1.808683,1.740421,-0.001105,0.0,41.587109
-1.502048,0.250341,-2.002726,2.019965,2.019948,-0.914872,-0.659974,-0.399011,-0.16498,-0.272172,-0.000518,1.0,42.427147
-0.248421,0.316168,-0.564589,0.773782,0.773797,-1.445349,-1.327911,-1.165309,-0.876239,-0.945796,0.000357,1.0,42.755447
-0.811908,0.112763,-0.992327,0.135504,0.13551,-1.339654,-1.269741,-1.290037,-1.01489,-1.002261,0.000987,0.0,42.813385
0.411713,0.617569,-0.70906,-1.398284,-1.398292,0.34309,0.114363,0.077768,0.339663,0.375114,0.000254,-1.0,42.214729
-1.635302,0.537639,-1.971328,2.104295,2.10432,-1.021524,-1.738371,-1.789145,-1.683485,-1.621882,0.000594,1.0,43.103062
-0.111332,0.734807,-1.202407,0.604841,0.60482,-1.184588,-2.119796,-2.265271,-2.208862,-2.093966,0.000975,1.0,43.363758
-1.941979,0.56153,-4.141322,-4.831882,-4.831876,3.111835,2.608787,2.522217,2.574861,2.778651,-0.000646,-1.0,41.268475
3.1498,3.630676,-0.07213,-2.690692,-2.690705,4.640551,4.912248,5.052504,5.08777,5.352256,-0.001875,-1.0,40.158062
0.747161,1.132796,-0.096411,-0.240438,-0.240435,3.817792,4.777055,4.936129,5.047,5.349724,-0.002486,0.0,40.061508
0.551427,0.839132,-0.551424,0.530241,0.53023,1.865276,3.898363,4.06459,4.298748,4.551445,-0.002083,0.0,40.273926
0.825243,1.383493,0.0,-1.222724,-1.222707,1.325237,4.519414,4.904525,5.233006,5.542715,-0.002631,-1.0,39.781494
0.438385,0.998539,0.0,-0.339806,-0.339809,0.852406,4.091574,4.82221,5.250851,5.587919,-0.002831,0.0,39.646313
0.268348,0.927048,-0.048795,-0.17048,-0.17049,0.731889,3.452069,4.542578,5.125646,5.447189,-0.002871,0.0,39.57872
0.519552,1.187541,-0.098953,-1.390593,-1.390578,1.622956,4.09451,5.574799,6.191243,6.58684,-0.003397,-1.0,39.028347
0.744414,1.116628,-0.471459,-0.29688,-0.296882,1.225806,3.327542,5.430934,6.085607,6.603474,-0.003207,0.0,38.912479
0.919481,1.143139,-0.770383,-0.148876,-0.148873,0.899592,2.321062,4.975139,5.780306,6.374741,-0.002739,0.0,38.854549
0.049554,0.148655,-0.520315,0.298208,0.298199,0.252727,1.427155,4.015529,5.04336,5.711597,-0.003344,0.0,38.970413
-0.54795,0.34869,-0.946456,-0.520315,-0.149208,0.059993,1.258563,3.502599,4.764815,5.552913,-0.003157,0.0,38.912266
-0.298802,0.273904,-0.796813,0.024902,0.0249,-0.019584,0.940578,2.912838,4.392642,5.181294,-0.002823,0.0,38.921955
0.326885,1.1818,-0.17601,-0.971116,-0.971131,0.769664,1.481629,3.133505,5.021611,5.83382,-0.003462,-1.0,38.543972
0.149333,0.74664,-0.074659,1.030928,1.03095,-0.214044,0.230332,1.323992,3.502368,4.392827,-0.002986,1.0,38.941341
0.49554,0.718536,-0.37166,0.447987,0.447981,-0.584741,-0.352307,0.505213,2.575523,3.605416,-0.003052,0.0,39.115791
-0.686272,0.147064,-1.029407,1.090183,1.090184,-1.338236,-1.436164,-0.68249,1.055692,2.208973,-0.002457,1.0,39.542225
0.07357,0.294269,-0.490429,-0.04902,-0.049036,-0.985765,-1.262694,-0.724627,0.764721,2.047265,-0.002511,0.0,39.522835
-0.392253,0.318698,-0.392253,0.024527,0.024545,-0.509935,-1.130076,-0.874015,0.288401,1.814337,-0.001879,0.0,39.532536
0.146487,0.146487,-0.976558,0.416764,0.416743,-0.541978,-1.328109,-1.299543,-0.589613,1.116726,-0.001691,0.0,39.697285
0.866332,1.138611,-0.594064,-1.36718,-1.367169,0.85643,0.086632,-0.015166,0.518388,2.150461,-0.002994,-1.0,39.154556
1.076887,1.152014,-0.150265,-1.163371,-1.163372,1.607812,1.209619,1.01018,1.513047,2.927573,-0.003739,-1.0,38.699043
0.480157,1.061415,-0.454893,-0.901578,-0.901573,1.920644,1.981296,1.811248,2.213464,3.460898,-0.004138,-1.0,38.350143
-0.152199,0.634196,-0.431248,-0.37908,-0.379089,1.6134,2.280579,2.075176,2.331618,3.341751,-0.003746,0.0,38.204762
1.410254,1.538456,-0.102567,-1.065444,-1.065438,1.702562,3.079485,2.988034,3.171219,3.865616,-0.004965,-1.0,37.797714
0.256405,0.435892,-0.512823,0.0,0.0,0.984613,2.730766,2.781196,2.92668,3.498317,-0.005198,0.0,37.797714
0.545321,0.804991,-0.103861,-1.256415,-1.256423,1.532078,3.44327,3.805083,3.934114,4.511378,-0.003823,-1.0,37.322815
-1.247449,0.229124,-2.138493,1.999483,1.999498,-0.605915,1.033598,1.620835,1.770702,2.253291,-0.002019,1.0,38.069084
-1.055547,0.201051,-1.332,1.298376,1.298361,-1.69389,-0.51269,0.321693,0.421021,0.765261,-0.001427,1.0,38.563358
0.958378,1.13492,-0.252214,-0.351845,-0.351829,-1.018929,-0.491817,0.586787,0.720037,0.980113,-0.001766,0.0,38.427681
-0.450679,0.450676,-0.600896,0.731392,0.731397,-1.266909,-1.329505,-0.213666,-0.045078,0.150025,-0.001015,1.0,38.70874
0.604387,0.755475,-0.629564,-0.575864,-0.57587,-0.090656,-0.813401,0.181309,0.478464,0.616511,-0.001105,-1.0,38.485828
-0.1765,0.857287,-0.327789,-0.12591,-0.125911,0.226929,-0.665663,0.119342,0.542102,0.681858,-0.001088,0.0,38.43737
0.655911,0.95863,-0.025222,-0.050431,-0.050435,0.201824,-0.560038,-0.023545,0.576439,0.681177,-0.000573,0.0,38.417984
0.788405,1.322482,-0.432345,-0.807263,-0.807265,0.849445,0.330623,0.512039,1.285606,1.422178,-0.000769,-1.0,38.107849
-0.505561,0.32861,-0.834178,0.610379,0.610365,0.045512,-0.136489,-0.239288,0.570031,0.741164,-0.000477,1.0,38.340446
-0.325899,0.401103,-0.476305,0.834171,0.83419,-0.691906,-0.616696,-1.071281,-0.376037,-0.118328,-0.000271,1.0,38.660278
0.919073,1.302022,-0.382941,-1.804966,-1.804972,0.883332,1.182034,0.679097,1.249686,1.616549,-0.000908,-1.0,37.962471
-1.374738,0.203671,-1.985741,0.28083,0.280838,0.417508,0.768837,0.373384,0.773925,1.282073,-0.000809,0.0,38.069084
-0.228949,0.63597,-0.81404,0.07638,0.076387,0.335776,0.605429,0.349344,0.487137,1.116238,-0.000407,0.0,38.098164
-0.202989,0.228368,-0.583608,0.254386,0.254364,0.005084,0.215689,0.164095,0.106579,0.763265,-0.000705,0.0,38.195072
-0.780466,0.025174,-1.586105,0.786605,0.78662,-0.861034,-0.563957,-0.414576,-0.701167,-0.131934,-0.000575,1.0,38.495522
-0.778313,0.502127,-0.803425,0.276941,0.276928,-0.80341,-0.795882,-0.597537,-0.942756,-0.503138,-0.000888,0.0,38.602127
0.430058,1.037187,-0.556534,-0.753209,-0.753212,0.075905,-0.070821,0.113008,-0.177069,0.124473,-0.001159,-1.0,38.311371
1.449645,2.252133,-0.077668,-2.276747,-2.276739,2.055394,2.078694,2.269393,2.100698,2.215893,-0.002044,-1.0,37.439121
2.050602,3.249004,0.0,-2.79576,-2.795757,4.000001,4.479363,4.786509,4.84421,4.852199,-0.003279,-1.0,36.392414
-0.970072,1.441231,-2.60533,-3.914772,-3.914769,6.219501,7.680146,8.38506,8.779093,8.697329,-0.004259,-1.0,34.967735
4.287729,4.964733,-0.197461,-1.746122,-1.746104,5.636084,8.544405,9.519484,10.172048,10.164148,-0.004483,-1.0,34.357162
-2.38418,0.298022,-3.549179,4.118474,4.118448,0.037938,3.608783,4.694304,5.424009,5.534546,-0.002552,1.0,35.772144
1.43943,1.873976,-2.199897,-0.243836,-0.243829,-0.700704,3.185765,4.497552,5.297389,5.555672,-0.0025,0.0,35.684921
-1.601703,0.080093,-1.81527,1.738183,1.738174,-2.445263,0.902305,2.338503,3.167386,3.587835,-0.001422,1.0,36.305187
0.18873,1.132375,-0.431383,-0.987718,-0.987696,-0.927483,1.19977,2.856101,3.843337,4.468035,-0.001802,-1.0,35.946602
0.888653,1.499586,-0.333238,-2.911841,-2.91185,2.354901,3.174118,5.35592,6.450984,7.237988,-0.002439,-1.0,34.899891
-1.034016,0.0,-1.741494,2.05499,2.054992,0.206798,0.340131,2.775503,3.914277,4.747747,-0.002417,1.0,35.617081
-0.243905,1.002705,-0.352309,0.408169,0.408147,-0.157172,-0.536575,1.922321,3.163964,4.023856,-0.00276,0.0,35.762451
0.220562,1.130411,-0.496278,-1.707322,-1.707302,0.920869,0.838155,3.115516,4.502336,5.425964,-0.003281,-1.0,35.151878
-2.521231,0.37155,-2.521231,3.88751,3.887496,-2.542457,-2.510607,-1.104028,0.298573,1.265398,-0.002067,1.0,36.518406
2.183882,2.938798,-0.215697,-1.565817,-1.565797,-0.409826,-0.517673,-0.02338,1.613629,2.599068,-0.002448,-1.0,35.946602
-1.542148,0.877421,-1.542148,1.401998,1.401988,-1.329438,-1.706997,-1.745994,-0.0133,0.964629,-0.00186,1.0,36.450569
-1.239444,0.105488,-1.371298,0.824241,0.824234,-1.598091,-2.220455,-2.674041,-1.013969,-0.008432,-0.001524,1.0,36.751007
0.665602,1.011709,-0.505863,-0.949359,-0.949351,0.031943,-1.256661,-1.739445,-0.311509,0.736946,-0.001579,-1.0,36.402111
-0.579105,0.500126,-1.55304,1.144838,1.144835,-0.937091,-2.13741,-2.516457,-1.667551,-0.603324,-0.001373,1.0,36.818855
-0.026135,0.653253,-0.888424,0.737031,0.737011,-1.045189,-2.262852,-2.738421,-2.590786,-1.424598,-0.00141,1.0,37.090214
4.164393,4.164393,-0.653244,-3.997904,-3.997882,2.602057,1.804562,1.281064,1.086,2.403908,-0.002254,-1.0,35.607391
-0.247389,1.649255,-0.32986,-0.979861,-0.979861,2.770748,2.669043,2.202668,1.777068,3.095098,-0.002739,-1.0,35.258488
-0.624502,0.624488,-1.113234,1.236946,1.236931,1.118659,1.566663,0.839901,0.435792,1.555258,-0.002292,1.0,35.694611
0.414482,0.828967,-0.607897,-1.737722,-1.737713,1.912133,2.951097,2.457405,2.22714,2.961043,-0.003058,-1.0,35.074341
0.555702,0.639064,-0.444568,-0.552631,-0.552635,1.21145,3.217561,3.023062,2.870242,3.106418,-0.003574,-1.0,34.880508
-0.582371,0.471434,-1.85802,0.194496,0.194495,0.637828,2.587357,2.69551,2.552693,2.521357,-0.003605,0.0,34.948349
0.416094,0.748963,-0.388347,-0.027737,-0.027724,0.482657,2.097083,2.566801,2.474337,2.263519,-0.003326,0.0,34.93866
0.790073,1.975169,-0.112858,-1.692094,-1.692103,1.427768,3.256211,4.176076,3.953165,3.785558,-0.003101,-1.0,34.347462
-0.563213,0.422422,-0.760338,0.197514,0.197523,0.84483,2.354264,3.563315,3.525766,3.516755,-0.00195,0.0,34.415306
-0.636766,0.193798,-0.941307,1.717829,1.717835,-0.786276,0.030446,1.63528,1.792626,1.842736,0.000216,1.0,35.006504
-0.027599,0.496678,-1.07617,0.332234,0.332233,-1.015463,-0.438756,1.04671,1.385194,1.431552,0.001016,0.0,35.122807
-3.198699,0.054218,-3.388452,1.79359,1.793567,-2.304132,-2.054743,-0.919837,-0.402533,-0.348047,0.000121,1.0,35.752758
-0.877898,0.372439,-1.516361,1.897536,1.897546,-2.979512,-3.676508,-2.759597,-2.081668,-2.189942,0.000945,1.0,36.431183
-0.556586,0.318044,-0.583096,0.372439,0.372442,-2.162734,-3.625762,-3.166358,-2.438378,-2.485025,0.00042,0.0,36.566868
0.23898,0.849708,-0.82316,-0.185529,-0.185545,-1.163025,-3.003172,-3.094338,-2.181345,-2.128503,0.000728,0.0,36.49902
-1.319609,0.26393,-1.451568,0.610725,0.610723,-0.892046,-3.108983,-3.480232,-2.738172,-2.602251,0.002083,1.0,36.721928
-0.314955,0.262475,-1.15485,0.554233,0.953904,-1.116675,-3.448983,-4.066077,-3.613867,-3.381233,0.00166,1.0,37.07222
-0.315465,0.2103,-0.920089,-0.157472,-0.157476,-0.645879,-2.576324,-3.677155,-3.379207,-3.027623,0.001442,0.0,37.01384
0.237969,1.004762,-0.211523,-0.578341,-0.57833,0.058639,-1.361659,-2.80427,-2.819762,-2.432957,0.001876,-1.0,36.799778
-0.241546,0.858841,-0.322059,-1.480703,-1.480702,1.427799,0.465166,-1.090737,-1.474388,-0.932555,-0.000188,-1.0,36.254883
0.0,0.319571,-0.772306,0.778317,0.778303,0.543282,0.076354,-1.564725,-2.108072,-1.688177,0.000713,1.0,36.537056
1.150656,1.150656,-0.615467,-0.479361,-0.47936,0.63688,0.725916,-0.829651,-1.484829,-1.257442,-1e-05,0.0,36.361912
-0.027117,0.623811,-0.813667,-1.337972,-1.33798,1.366976,1.936963,0.799156,-0.123645,0.022903,-0.000842,-1.0,35.875397
-0.651118,0.379813,-0.651118,-0.027117,-0.027116,0.873577,1.769105,1.096088,0.013764,-0.056274,-0.000487,0.0,35.865669
0.983072,1.365374,-0.136535,-0.651118,-0.651118,1.185149,2.192799,1.875712,0.774711,0.435063,-0.001178,-1.0,35.632141
-2.487438,0.185234,-2.487438,3.194981,3.194989,-1.820595,-0.957929,-0.979682,-2.09756,-2.547942,-0.000233,1.0,36.770584
0.131334,0.236407,-0.735485,0.740934,0.740935,-2.174946,-1.694249,-1.475751,-2.533574,-3.071988,0.00159,1.0,37.04303
-1.120667,0.651551,-1.120667,0.788019,0.788024,-2.15794,-2.37686,-2.084697,-2.895537,-3.65409,0.00227,1.0,37.334938
-0.026077,0.286909,-0.78247,-0.078183,-0.078195,-1.309333,-2.164837,-1.876033,-2.432148,-3.339438,0.001764,0.0,37.305744
-0.643004,0.025715,-1.311734,1.408453,1.408461,-1.517493,-3.107003,-3.004121,-3.413941,-4.369973,0.002974,1.0,37.831181
-0.849207,0.128664,-0.849207,-0.05144,-0.051458,-0.916099,-2.720012,-2.762041,-3.008649,-4.017831,0.003167,0.0,37.811714
0.205968,0.514936,-0.875386,-0.051469,-0.051442,-0.468601,-2.291466,-2.584976,-2.688898,-3.6664,0.003072,0.0,37.792263
-1.761009,0.075469,-2.13836,2.342945,2.342935,-2.052832,-3.803776,-4.528304,-4.626223,-5.423934,0.003984,1.0,38.677711
-1.268662,0.174127,-1.542286,1.132078,1.132081,-2.223885,-4.049758,-5.202329,-5.368053,-6.001972,0.00507,1.0,39.115574
-0.321151,0.222332,-1.037547,0.696515,0.696505,-2.109678,-3.759876,-5.32773,-5.655875,-6.207186,0.005262,1.0,39.388016
-0.470875,0.619579,-0.495653,-0.321151,-0.321143,-1.055757,-2.815363,-4.560098,-5.028499,-5.48335,0.004478,0.0,39.261524
-0.73855,0.049237,-1.206297,0.669147,0.669149,-0.837027,-2.833581,-4.661089,-5.349583,-5.729915,0.004608,1.0,39.524242
0.773072,0.997511,-0.798003,-1.28016,-1.280169,0.62345,-1.142136,-2.887772,-3.865328,-4.242231,0.003425,-1.0,39.018265
-0.225441,0.626253,-0.325644,-0.448878,-0.448869,0.936872,-0.3006,-1.938878,-3.168838,-3.576061,0.002523,0.0,38.843124
0.512298,1.434419,-0.153691,-2.204401,-2.2044,2.474377,1.987697,0.684761,-0.758205,-1.24591,0.001532,-1.0,37.986866
0.051776,1.216663,-0.310647,-1.050205,-1.050208,2.671495,3.01061,1.898348,0.43489,-0.105622,0.001199,-1.0,37.587925
3.163542,3.485252,-0.214472,-3.442925,-3.442935,4.552289,6.270789,5.394113,4.006713,3.370521,-0.00036,-1.0,36.293797
-1.128017,0.70829,-1.46904,2.198391,2.198406,1.264426,3.557184,3.083243,1.933365,1.155296,0.000119,1.0,37.091682
0.262258,1.022814,-0.419617,0.026238,0.026227,0.298981,2.987151,3.019498,2.073173,1.161293,0.000189,0.0,37.10141
-1.317835,0.077517,-1.421186,1.494886,1.494884,-1.354002,1.01034,1.47115,0.838506,-0.179841,0.000987,1.0,37.656033
-0.896981,0.768836,-1.025118,0.826871,0.826879,-1.9631,-0.158895,0.666324,0.169143,-0.847772,0.001874,1.0,37.967403
-0.228775,0.610071,-0.355869,0.820092,0.820101,-1.723445,-1.2964,-0.067795,-0.484249,-1.454001,0.00189,1.0,38.278774
0.766479,0.996423,-0.229944,-0.508391,-0.508394,-0.700054,-1.037305,0.33895,0.122633,-0.718451,0.001879,-1.0,38.084167
-1.723264,0.405474,-1.723264,0.817578,0.817586,-0.831229,-1.956421,-0.599775,-0.547401,-1.260022,0.002708,1.0,38.395538
0.534903,0.866021,-0.050932,-0.506845,-0.506866,-0.040739,-1.400905,-0.300549,0.007653,-0.488017,0.002524,-1.0,38.200924
-0.102095,0.408372,-0.255227,-0.203765,-0.203762,0.245029,-1.05921,-0.296066,0.252685,-0.142926,0.002696,0.0,38.123085
0.359251,0.821144,0.0,-0.535985,-0.535974,0.595322,-0.097519,-0.041066,0.809588,0.487546,0.001261,-1.0,37.918755
-0.35687,0.127451,-0.815702,0.667177,0.667179,-0.025496,-0.476682,-0.851396,0.07519,-0.090755,0.001233,1.0,38.171741
1.162793,1.782941,-0.129196,-1.351004,-1.35102,0.950909,1.033599,0.296303,1.251943,1.314735,0.00041,-1.0,37.656033
3.041518,3.041518,-0.158691,-2.299742,-2.299738,2.560172,3.176412,2.440273,3.282202,3.586354,-0.000445,-1.0,36.790043
-2.911134,0.204295,-3.268639,3.570481,3.570474,-0.985689,-0.344728,-1.001011,-0.430275,0.045976,0.000387,1.0,38.103622
0.875837,1.081922,-0.824317,-0.868233,-0.868217,-0.195782,0.394122,0.127077,0.209938,0.920139,7.3e-05,-1.0,37.7728
-1.136068,0.361474,-1.213535,-0.231839,-0.231852,-0.222047,0.521566,0.464763,0.265951,1.049323,3e-06,0.0,37.685223
0.129598,1.995842,-0.648004,-0.387292,-0.38729,0.103678,0.684291,0.933126,0.482116,1.274235,-0.001047,0.0,37.539272
1.09977,1.649649,-0.209474,-1.010894,-1.010893,1.324957,1.432318,1.874844,1.396969,2.068611,-0.001871,-1.0,37.15979
1.101854,1.719965,-0.483741,-2.566117,-2.566118,2.94545,3.574315,4.233637,3.876653,4.41925,-0.003126,-1.0,36.206226
-1.328021,0.079676,-2.124845,1.182486,1.18249,1.120842,2.013274,2.716241,2.709159,2.883395,-0.002547,1.0,36.634361
-0.287885,0.837477,-0.680445,1.487376,1.48738,-0.633344,0.25124,1.04859,1.21565,1.177702,-0.002233,1.0,37.179253
-0.616813,0.591105,-1.439224,1.831984,1.831984,-2.251354,-1.498334,-0.863535,-0.505014,-0.74634,-0.001036,1.0,37.860371
3.141078,3.438941,-1.056049,-5.088666,-5.088664,2.307063,3.544537,4.031044,4.589759,4.346596,-0.00282,-1.0,35.933784
1.48556,2.008264,-0.110033,-1.570544,-1.570547,3.466305,4.423661,5.171942,5.891338,5.760663,-0.002576,-1.0,35.369427
0.823732,1.153218,-0.878638,0.192572,0.19257,2.591988,3.563979,4.503024,5.286935,5.460741,-0.002099,0.0,35.437538
-0.5466,0.327956,-0.929216,0.466782,0.466785,1.229842,2.497946,3.53648,4.449299,4.803495,-0.000595,0.0,35.602955
-0.731113,0.785272,-0.758186,0.929216,0.929218,-0.774442,1.107495,2.263736,3.145133,3.708633,-0.001083,1.0,35.933784
-0.756547,0.594439,-0.756547,0.216621,0.216618,-0.945688,0.570119,1.898588,2.618214,3.301814,-0.00101,0.0,36.011623
0.108728,0.190269,-0.869802,-0.594426,-0.594433,-0.11416,1.057355,2.078465,2.907042,3.677088,-0.001813,-1.0,35.797558
-0.053998,0.458958,-0.16199,0.679532,0.67953,-0.453559,0.210588,1.069118,1.951948,2.728946,-0.00187,1.0,36.040813
0.43338,0.65006,-0.243759,-0.323982,-0.323977,0.04876,0.186898,1.07079,1.970483,2.822326,-0.00231,0.0,35.924049
0.84862,1.149745,-0.273745,-1.056335,-1.056334,0.897892,0.604985,1.775712,2.762116,3.599236,-0.002521,-1.0,35.544571
