-0.845646,0.162298,-1.042113,1.201591,1.201596,1.00111,2.793133,4.294947,5.467632,5.56959,-0.002972,1.0,104.929436
0.64752,0.749763,-0.800889,0.25626,0.25625,0.243679,1.792301,3.506169,4.915664,5.037004,-0.002095,0.0,105.198318
1.133295,1.351236,-0.069743,-2.266341,-2.266336,1.820244,3.25731,5.212888,6.822439,7.091561,-0.003074,-1.0,102.814171
-0.363484,0.0,-1.410649,0.732285,0.732291,0.455207,1.949798,3.818826,5.431959,6.040291,-0.002534,1.0,103.56707
-0.269095,0.677089,-0.946177,-0.302904,-0.302908,0.677085,1.844621,3.639841,5.160557,6.077422,-0.003097,0.0,103.253357
0.530972,0.778758,-0.265489,-1.90972,-1.909718,1.916812,3.277875,4.969274,6.517761,7.796429,-0.004902,-1.0,101.281509
-0.107965,0.602787,-0.530818,-1.637166,-1.637162,2.493921,4.173632,5.823725,7.597283,9.128203,-0.006628,-1.0,99.623367
1.178599,1.233002,-0.308254,-0.764731,-0.764736,2.484133,4.187666,5.751859,7.685649,9.371539,-0.006658,-1.0,98.861511
-1.635623,0.281688,-1.771926,-0.226655,-0.226655,1.717401,3.596545,5.269117,7.184909,8.904412,-0.006677,0.0,98.637436
1.588652,1.70213,-0.122929,-3.907317,-3.90732,4.066199,6.869979,8.652485,10.692504,12.459546,-0.007688,-1.0,94.783356
0.274101,0.502515,-0.776609,3.498815,3.49882,-0.1005,2.560988,4.384956,6.255333,7.958025,-0.006194,1.0,98.099655
-0.442636,0.099369,-0.587167,1.142074,1.142057,-1.309832,0.800378,2.628141,4.362988,6.165791,-0.005633,1.0,99.220009
2.469481,2.478872,-0.028168,-3.794035,-3.79402,1.86854,4.004693,5.892955,7.61101,9.596073,-0.00635,-1.0,95.455582
2.435476,2.493692,-0.6404,-3.230049,-3.230047,3.912279,6.26431,8.386051,10.284783,12.346201,-0.008079,-1.0,92.372322
0.396177,0.686056,-1.420428,0.417233,0.417215,3.043783,4.69129,7.150465,9.029875,11.096602,-0.008374,0.0,92.757713
-0.719427,0.561742,-2.158275,-1.951877,-1.95186,3.522214,5.6391,8.258593,10.3262,12.393776,-0.00886,-1.0,90.947212
0.663738,0.829679,-0.614931,0.965799,0.965788,0.921432,3.779413,6.252166,8.399718,10.39791,-0.007397,1.0,91.825569
-0.135803,0.378317,-1.290129,0.624694,0.624705,-0.366673,2.435733,4.841077,6.955087,8.863113,-0.006411,1.0,92.399208
-0.453757,0.695116,-0.656497,0.475319,0.475314,-0.737599,1.326507,3.574691,5.697045,7.637381,-0.005926,0.0,92.838394
-2.304143,0.433725,-3.126411,6.844947,6.844953,-5.799226,-4.720344,-3.333637,-1.300716,0.405166,-0.003347,1.0,99.193138
0.818109,1.127168,-1.036269,-0.596364,-0.596365,-3.681489,-4.097816,-2.93489,-1.029457,0.673025,-0.003137,-1.0,98.601585
0.399217,0.931508,-0.73634,2.463411,2.46342,-4.174955,-6.224283,-5.175668,-3.615164,-2.016335,-0.002124,1.0,101.030556
-0.008812,0.563876,-1.215856,0.691979,0.691973,-2.999119,-6.251986,-5.639359,-4.330841,-2.883528,-0.000553,1.0,101.72966
0.298688,0.360183,-1.2914,0.290751,0.290747,-1.479397,-5.577618,-5.691531,-4.683741,-3.35237,-0.000949,0.0,102.025436
0.649064,0.868343,-0.324536,0.158131,0.158136,-1.049033,-4.80397,-5.357432,-4.88642,-3.563554,-0.000992,0.0,102.186775
-0.103739,0.544657,-0.449551,1.456009,1.456007,-1.490444,-4.942509,-6.357168,-6.135992,-4.995939,0.000626,1.0,103.674622
0.103202,0.533198,-0.464397,0.527363,0.527359,-1.394905,-4.251802,-6.528492,-6.407808,-5.531818,0.000537,0.0,104.221359
-0.514227,0.099529,-1.268972,3.689371,3.689367,-3.730607,-6.208834,-9.076327,-9.312014,-8.698676,0.002273,1.0,108.066467
0.269724,0.404589,-0.876602,-1.600731,-1.600728,-1.353672,-3.413683,-6.721732,-7.474711,-7.109235,0.002407,-1.0,106.336617
0.713682,0.832628,-0.322852,-0.792315,-0.792309,0.061171,-2.045028,-5.171906,-6.228123,-6.282413,0.002775,-1.0,105.494102
0.101922,0.246306,-0.662476,0.033986,0.033984,0.378799,-1.421775,-4.282882,-5.907933,-6.153219,0.003122,0.0,105.529953
0.059041,0.371122,-0.320511,0.69645,0.696442,0.069168,-1.610991,-4.039015,-6.22722,-6.552287,0.003523,1.0,106.264908
-0.066958,0.3013,-0.636091,0.775983,0.775999,-0.883842,-1.868107,-3.863419,-6.406105,-6.964525,0.00556,1.0,107.089523
0.632111,0.868098,-0.126424,-0.694678,-0.694684,-0.188794,-0.775394,-2.344153,-5.0944,-6.023773,0.003736,-1.0,106.345589
-0.666281,0.083283,-0.691265,1.196796,1.196792,-0.974429,-1.444157,-2.97715,-5.526358,-6.658116,0.00376,1.0,107.618324
0.239097,0.420481,-0.651332,1.016075,1.016083,-1.385115,-1.97214,-3.333064,-5.659583,-7.206537,0.005851,1.0,108.711815
1.430259,1.624914,-0.787069,-2.580589,-2.580595,1.159446,0.78368,-0.465473,-2.495771,-4.495941,0.006134,-1.0,105.906403
-0.530345,0.126274,-0.976517,0.533173,0.533168,0.506782,0.099339,-0.696463,-2.352045,-4.588598,0.006184,0.0,106.471062
-0.184999,0.0,-1.597714,0.109434,0.109434,0.44232,0.013461,-0.519671,-1.813818,-4.15943,0.00708,0.0,106.587578
0.810439,0.836031,-0.221807,-1.42953,-1.429518,1.412722,1.422958,1.105605,-0.110483,-2.30098,0.006039,-1.0,105.063889
1.222432,1.59856,-0.478719,-0.204742,-0.204757,0.883917,1.566087,1.387707,0.392381,-1.570177,0.005678,0.0,104.848763
0.25733,0.634756,-0.720539,-0.34194,-0.341933,0.958997,1.744727,1.752731,0.902385,-0.74764,0.005323,0.0,104.49025
-1.00747,0.083954,-1.343295,2.170183,2.170184,-1.131728,-0.447485,-0.490303,-1.005373,-2.317857,0.003291,1.0,106.757881
0.585386,0.593872,-0.449654,-1.041053,-1.041051,-0.269791,0.533636,0.512992,0.207428,-0.805297,0.003097,-1.0,105.646477
0.573585,0.573585,-0.385238,-0.8993,-0.899302,0.565022,1.166855,1.374315,1.236626,0.305114,0.001635,-1.0,104.696396
1.01563,1.01563,-0.564231,-1.378308,-1.378308,1.661462,2.052087,2.644102,2.63108,1.887158,0.000735,-1.0,103.253357
0.335331,0.582424,-0.503,-1.631942,-1.631929,2.772669,3.318025,4.0387,4.203129,3.598647,-0.000101,-1.0,101.568336
-1.366406,0.34813,-1.74935,1.394283,1.394279,0.626626,1.558739,2.342319,2.52349,2.222794,0.000437,1.0,102.984482
-0.667994,0.268938,-1.119106,0.322015,0.322001,-0.14747,0.91612,1.818349,2.048244,1.944661,-5.7e-05,0.0,103.316093
-0.118866,0.466975,-0.365088,2.177498,2.17751,-2.110717,-1.186962,-0.481126,-0.123114,-0.099851,0.000661,1.0,105.565811
-0.350612,0.150263,-0.617746,1.706573,1.706575,-2.986897,-2.610407,-2.234473,-1.713421,-1.638541,-0.000201,1.0,107.367371
0.217502,0.376441,-0.610677,-0.208699,-0.208707,-1.743347,-2.159108,-1.953041,-1.466871,-1.32374,0.000404,0.0,107.143288
0.143762,0.524315,-1.378433,-1.079138,-1.079148,-0.104852,-1.164469,-0.913871,-0.443962,-0.325738,0.000279,-1.0,105.987053
0.412268,0.584043,-0.395086,-1.539112,-1.539102,1.655932,0.256809,0.49243,1.016922,1.156406,-0.000405,-1.0,104.355804
1.039842,1.267037,-0.09612,-1.70918,-1.709174,2.83991,1.793075,2.077939,2.52752,2.801463,-0.001451,-1.0,102.572182
-0.142917,1.152301,-0.723536,-2.175817,-2.175815,3.726659,3.766859,4.048829,4.390797,4.881105,-0.002734,-1.0,100.340401
0.813965,1.474177,-0.515511,-1.232691,-1.232697,3.398751,4.813242,4.985079,5.350458,5.90106,-0.002968,-1.0,99.103508
1.636658,1.700305,-0.600112,-0.533596,-0.5336,2.449539,4.92817,4.99485,5.515096,6.123661,-0.00372,-1.0,98.574692
0.896118,1.36247,-0.192025,-0.563741,-0.563737,1.737382,4.982626,5.071324,5.676207,6.385516,-0.004407,-1.0,98.01899
-0.36692,0.599612,-0.545911,2.176296,2.176299,-0.912833,2.206013,2.530876,3.18015,3.821371,-0.002339,1.0,100.152176
0.0,0.0,0.0,0.0,0.0,-0.950421,1.48559,2.324444,2.945678,3.479506,-0.002571,0.0,100.152176
-1.372662,0.871825,-2.346503,-3.508142,-3.508135,2.140597,4.088286,5.704561,6.282221,6.858087,-0.004144,-1.0,96.638702
0.530479,1.135413,-0.260585,-0.343167,-0.343177,2.02141,3.441606,5.606332,6.105635,6.803913,-0.003671,0.0,96.30706
-0.65258,0.43198,-1.277573,1.256404,1.256405,0.652572,1.4568,3.899507,4.37224,5.106615,-0.003036,1.0,97.517067
-0.918261,0.008997,-1.368387,2.095587,2.095588,-1.53223,-0.928162,1.36478,1.972,2.728121,-0.001976,1.0,99.560623
-0.255924,1.005391,-0.667219,-1.503419,0.868471,-2.325642,-1.772712,0.031189,0.953223,1.667449,-0.002542,1.0,100.425278
0.179692,0.575022,-0.260558,1.727446,1.727433,-2.903326,-3.141516,-1.99263,-0.732102,-0.150202,-0.001338,1.0,102.160057
0.28399,0.905216,-0.665602,1.239889,1.239888,-2.715716,-3.858617,-3.357963,-1.92646,-1.501897,-0.000408,1.0,103.426727
-0.473685,0.0,-1.105265,1.171459,1.171459,-2.481047,-4.339241,-4.458976,-2.998867,-2.68094,0.0007,1.0,104.638329
-0.253254,0.078592,-1.091608,0.44737,0.447373,-1.860099,-4.293938,-4.723754,-3.452743,-3.098775,0.001604,0.0,105.106453
0.722996,0.722996,-0.379574,-3.370885,-3.370882,1.787615,-0.816302,-1.319786,-0.370446,0.215044,-0.000467,-1.0,101.563438
1.000001,1.063063,-0.252251,0.316311,0.316314,1.412608,-0.614149,-1.448958,-0.94266,-0.08853,-0.00047,0.0,101.884697
-1.120999,0.088966,-1.120999,1.261263,1.261256,0.099646,-1.186864,-2.379533,-2.313004,-1.325792,-0.000868,1.0,103.169724
1.05581,1.455061,-0.141954,0.275798,0.275796,-0.404572,-0.884742,-2.297773,-2.625252,-1.591841,-0.00149,0.0,103.454262
0.434787,0.851825,-0.266189,-0.008874,-0.008865,-0.716949,-0.500445,-2.076894,-2.574427,-1.66512,-0.001404,0.0,103.445091
-1.614163,0.069422,-2.360497,2.244903,2.244896,-2.101884,-2.179989,-3.87297,-4.45696,-3.88468,4.2e-05,1.0,105.767326
1.167583,1.167583,-1.343172,-1.145534,-1.145527,-0.456508,-0.81732,-2.254245,-3.089073,-2.869887,0.000213,-1.0,104.555733
2.31957,2.729955,-0.303324,-1.59776,-1.597773,1.10448,0.740488,-0.240888,-1.306035,-1.413365,0.000261,-1.0,102.88517
0.185519,0.406367,-0.441696,0.990277,0.990281,0.199652,-0.318015,-0.809298,-1.990603,-2.397469,0.001638,1.0,103.904022
0.635972,1.05697,-0.03583,-1.37809,-1.378084,1.409886,0.817806,0.766152,-0.507878,-1.037534,0.001575,-1.0,102.472137
0.792005,0.801007,-0.189001,-0.474738,-0.474751,1.152018,1.340122,1.348822,0.056604,-0.500939,0.0016,0.0,101.985649
-0.339684,0.116204,-0.804507,0.684009,0.684012,0.100115,0.729421,0.694262,-0.328816,-1.037453,0.002143,1.0,102.683243
-0.508111,0.285256,-0.606169,0.277105,0.27711,-0.160459,0.431449,0.386284,-0.280814,-1.140271,0.001317,0.0,102.967789
0.509327,0.636658,-0.13642,-1.987879,-1.987872,1.273301,2.217367,2.176743,1.91032,0.97981,0.000453,-1.0,100.920921
-1.220059,0.152506,-1.282856,1.38245,1.382449,-0.13816,0.71319,0.601651,0.655328,-0.312551,0.002579,1.0,102.316101
-0.702449,0.180113,-0.846544,-0.385754,-0.385772,0.235962,0.725875,1.014661,1.118528,0.142939,0.002561,0.0,101.921394
0.831149,1.147346,-0.523987,-0.315201,-0.315179,0.339678,0.753443,1.315374,1.410686,0.6549,0.001877,0.0,101.600159
-0.519157,0.0,-1.02936,0.930526,0.930514,-0.667738,-0.208556,0.340734,0.43278,-0.029728,0.001371,1.0,102.545563
-0.45041,0.80173,-0.81975,-0.635516,-0.635518,0.158547,0.232414,0.880404,0.940459,0.781483,0.000717,-1.0,101.893867
0.661894,1.86046,-0.161002,0.711648,0.711651,-0.490163,-0.46154,0.113892,0.105992,0.188551,0.000275,1.0,102.618996
-0.026223,0.244753,-0.926579,2.32558,2.32559,-2.164341,-2.436197,-2.209799,-2.005253,-1.913994,0.000747,1.0,105.005493
-1.704355,0.025693,-2.012674,2.062937,2.062931,-3.102091,-3.989381,-4.023642,-3.739297,-3.709492,0.001135,1.0,107.171684
-0.421867,0.370211,-0.723206,-0.522439,-0.522431,-1.830399,-3.143358,-3.286565,-3.072331,-3.084298,0.000713,-1.0,106.611786
-1.548992,0.419339,-1.548992,0.602666,0.602656,-1.418907,-3.133073,-3.657678,-3.475821,-3.567306,0.002441,1.0,107.254288
0.519344,1.237774,-0.025966,-1.129653,-1.129646,0.353155,-1.674893,-2.332443,-2.250502,-2.430196,0.001812,-1.0,106.042694
-0.550476,0.135498,-0.973918,2.207222,2.207217,-1.190717,-3.202066,-4.048104,-4.240771,-4.285571,0.002223,1.0,108.383286
-0.683173,0.068319,-0.982067,-0.829949,-0.829952,-0.305716,-1.844572,-2.947334,-3.303157,-3.276171,0.001743,-1.0,107.483757
-0.702195,0.126904,-0.702195,0.939367,0.939366,-0.886628,-2.209807,-3.510992,-3.94458,-3.980029,0.002155,1.0,108.493423
-0.059788,0.375807,-0.503932,-0.947542,-0.947543,0.100787,-0.75589,-2.181981,-2.860008,-2.912195,0.000767,-1.0,107.465401
-0.346105,0.303901,-0.56559,1.178679,1.178684,-0.570659,-1.349822,-2.928134,-3.703783,-3.848727,0.001777,1.0,108.732079
0.025942,0.544792,-0.415077,-2.38055,-2.380561,1.432036,1.163102,-0.295736,-1.159624,-1.489787,0.001437,-1.0,106.143646
0.577735,0.577735,-0.49895,-1.210655,-1.210648,2.174369,2.182251,1.13329,0.155378,-0.271006,0.00048,-1.0,104.85862
-0.5365,0.448551,-1.16095,-0.47269,-0.472686,1.868071,2.452065,1.729698,0.69789,0.259278,0.000874,0.0,104.362968
0.035215,0.51061,-0.572228,-0.096747,-0.096754,1.352236,2.26429,1.979642,0.955638,0.37011,0.001038,0.0,104.261993
1.142351,1.142351,-1.045696,0.184882,0.184885,0.346216,1.923546,1.90861,0.871703,0.260806,0.000821,0.0,104.454758
0.207844,0.779425,-0.59756,1.467485,1.467486,-1.134496,0.223431,0.49652,-0.395342,-1.038193,0.001339,1.0,105.987617
1.677409,1.677409,0.0,-1.90526,-1.90526,0.614462,1.831906,2.24302,1.653132,0.933348,0.001375,-1.0,103.968277
-0.431951,0.079334,-0.872712,0.150088,0.150103,0.417828,1.25968,1.930519,1.576589,0.826501,0.000839,0.0,104.124336
0.529567,0.600177,-0.979701,-0.123412,-0.123419,0.490727,1.051182,1.847592,1.803168,1.069364,0.000953,0.0,103.995827
1.994073,1.994073,-0.07186,-1.738748,-1.738751,1.825204,2.198863,3.398299,3.583485,2.852774,0.000334,-1.0,102.187599
-0.844484,0.970264,-0.844484,-0.017968,-0.017971,1.096044,1.828229,3.01141,3.463302,2.880964,-7.9e-05,0.0,102.169235
1.858601,1.858601,-0.236882,-1.392504,-1.392499,1.884111,2.858049,4.020279,4.605496,4.29992,-0.000408,-1.0,100.746529
-0.233857,0.062961,-0.782517,1.29373,1.293709,0.176307,1.317699,2.270807,3.045976,2.948387,-0.000155,1.0,102.049896
-0.079854,0.195209,-0.621115,1.36715,1.367169,-1.28128,-0.127773,0.632355,1.472047,1.619874,-0.000571,1.0,103.445091
1.062489,1.296598,-0.234103,-1.45519,-1.4552,0.127864,1.100315,1.674177,2.76923,3.093831,-0.002101,-1.0,101.939758
-0.931451,0.162778,-0.940496,-0.432195,-0.432191,0.430454,1.096944,1.810453,2.876196,3.403146,-0.002062,0.0,101.499184
-0.377019,0.260323,-1.15799,0.741545,0.741545,-0.014367,0.18492,0.891082,1.863104,2.44955,-0.002001,1.0,102.251846
-2.583188,0.196728,-2.583188,4.946142,4.946139,-3.746472,-4.240013,-3.680893,-2.992901,-2.352922,0.00064,1.0,107.309364
-0.59662,0.563474,-1.176664,3.224699,3.224706,-5.430894,-6.619989,-6.2982,-5.874215,-5.276436,0.001083,1.0,110.769775
-0.724047,0.341684,-0.748453,1.856147,1.856136,-5.224528,-7.378776,-7.511109,-7.408062,-6.762114,0.002251,1.0,112.825813
0.593885,0.870485,-0.325416,0.0,0.0,-3.21672,-6.43426,-7.107053,-7.111935,-6.604613,0.001842,0.0,112.825813
-0.326691,0.114342,-0.726886,-0.390495,-0.390498,-1.033972,-5.031848,-6.243594,-6.412929,-6.064024,0.002084,0.0,112.385231
-0.38439,0.302611,-0.858752,-0.138848,-0.13884,-0.019629,-3.992801,-5.631795,-5.932358,-5.800274,0.001512,0.0,112.229195
1.191374,1.191374,-0.436282,-2.519011,-2.51901,2.313946,-0.967366,-2.863777,-3.266633,-3.295244,0.001451,-1.0,109.40213
0.464249,0.464249,-0.472691,-0.604078,-0.604077,2.184514,0.259978,-1.871644,-2.481642,-2.707185,0.001715,-1.0,108.741257
-0.117588,0.327565,-0.663532,0.498014,0.498016,1.02973,0.475388,-1.923962,-2.814128,-3.074417,0.002137,0.0,109.282806
0.092407,0.739245,-0.60484,-0.016796,-0.016818,0.475485,1.134087,-1.387754,-2.555426,-2.896824,0.002172,0.0,109.264427
0.926238,1.087695,-0.144458,-1.142474,-1.142456,0.856558,2.368284,0.120098,-1.24915,-1.63936,0.001595,-1.0,108.016129
0.119976,0.119976,-0.574175,-0.841263,-0.841262,1.283739,2.894844,1.197471,-0.266092,-0.698604,0.000591,-1.0,107.10743
0.138693,1.092235,-0.710818,-1.139773,-1.139779,1.912276,3.425799,2.612694,1.05843,0.500352,0.000924,-1.0,105.886642
0.638699,0.79406,-0.189886,0.433426,0.433432,0.920071,2.370098,2.473672,0.818658,0.080096,0.001047,0.0,106.345589
-0.823049,0.293943,-1.016208,2.770584,2.770578,-1.795579,-0.672711,0.140536,-1.508353,-2.423107,0.002305,1.0,109.291977
0.427022,0.427022,-0.136644,-1.662891,-1.662883,-0.235717,0.564522,1.844164,0.409513,-0.64839,0.002338,-1.0,107.474579
-0.472471,0.420924,-0.549787,-0.580743,-0.580745,0.298938,0.913146,2.194535,1.155393,0.038823,0.002094,-1.0,106.850426
2.065563,2.155368,0.0,-4.346711,-4.346717,4.136513,4.859458,6.145792,5.765162,4.585548,0.000809,-1.0,102.20594
0.260534,0.341393,-0.54802,-0.035923,-0.035913,3.356388,4.200876,5.488571,5.83595,4.623121,0.000231,0.0,102.169235
-0.089276,0.571378,-0.437465,0.628878,0.628875,1.449868,2.922057,4.208548,5.201763,4.049634,-9e-05,1.0,102.811752
-0.178958,0.662131,-0.671081,-0.223194,-0.223193,0.722975,2.62258,3.814717,5.206687,4.303145,0.000446,0.0,102.582283
1.089047,1.143955,-0.292853,-2.227993,-2.227989,1.711355,4.28205,5.575176,7.081993,6.554402,-0.000335,-1.0,100.296761
-0.448954,0.035917,-2.325585,1.921851,1.921848,-0.20293,1.957434,3.159432,4.544304,4.556337,0.000178,1.0,102.224312
-0.200805,0.41986,-0.912742,-1.625218,-1.625227,1.126333,3.066821,4.285634,5.661745,6.246447,-0.002679,-1.0,100.562935
0.385893,1.120913,-0.036745,-0.657176,-0.657175,1.212797,2.808718,4.350737,5.73595,6.855207,-0.004367,-1.0,99.902061
0.201854,0.917515,-0.137629,0.137819,0.137831,0.565183,1.924024,3.67556,4.981184,6.417462,-0.005114,0.0,100.039757
-0.082061,0.519741,-0.25531,0.62391,0.623913,0.014582,0.677479,2.605991,3.896225,5.356058,-0.004843,1.0,100.663918
-0.118759,0.292318,-0.529827,-0.182363,-0.182376,-0.149811,0.689691,2.434764,3.674981,5.057095,-0.004752,0.0,100.480331
-0.263583,0.009091,-0.727137,0.502417,0.502417,-0.565346,0.069085,1.568812,2.74587,4.062903,-0.004473,0.0,100.985161
-0.100246,0.656151,-0.519456,-0.263583,-0.263577,-0.140347,0.125759,1.269779,2.593179,3.874596,-0.003493,0.0,100.718987
0.009114,0.28249,-0.674319,0.009109,0.009097,-0.012747,-0.067421,0.814057,2.222082,3.408432,-0.003226,0.0,100.728149
1.20515,1.20515,-0.018545,-1.704023,-1.704022,1.386856,1.535186,2.033935,3.58534,4.781316,-0.004184,-1.0,99.011719
0.168753,0.168753,-0.618792,-1.12172,-1.121712,2.010119,2.245448,2.898303,4.352613,5.527091,-0.004664,-1.0,97.901093
0.80314,1.089977,-0.372884,-1.940754,-1.94076,2.990733,3.793871,4.506496,5.879158,7.062253,-0.005011,-1.0,96.001068
-0.076403,0.802296,-0.477555,0.105174,0.105181,1.921678,3.289399,3.931233,5.081664,6.401912,-0.0046,0.0,96.102043
1.06741,1.06741,-0.711605,-0.678127,-0.678128,1.511682,3.513799,4.142707,5.169249,6.60179,-0.004399,-1.0,95.450348
0.80629,0.80629,-0.631437,-1.009709,-1.009706,1.58927,3.915866,4.79502,5.587716,7.154842,-0.005026,-1.0,94.48658
-1.025394,0.421661,-1.13081,1.369726,1.369724,-0.226162,2.021082,2.930522,3.825589,5.284908,-0.005635,1.0,95.780785
1.014041,1.306556,-0.0585,-1.715381,-1.715373,1.11934,3.07429,4.271964,5.21109,6.603738,-0.005658,-1.0,94.137787
-0.818486,0.182959,-1.29995,1.2578,1.257794,-0.300431,1.227731,2.656396,3.511315,4.693308,-0.004859,1.0,95.321846
0.10629,0.396177,-0.608752,-0.346654,-0.346661,-0.050238,0.975946,2.659201,3.471841,4.531847,-0.00312,0.0,94.991402
0.513572,0.687991,-0.155035,-0.280221,-0.28021,0.281005,0.807167,2.529711,3.468504,4.313563,-0.003226,0.0,94.725227
0.801778,1.275115,-0.019317,0.310078,0.310073,-0.189334,0.192234,1.829599,2.769514,3.688565,-0.003364,0.0,95.018944
0.048101,0.500286,-0.740816,0.405724,0.405714,-0.327108,-0.275153,1.028163,2.0839,2.98596,-0.003091,0.0,95.404449
-0.670881,0.325862,-1.044658,0.384832,0.384851,-0.615304,-0.691975,0.296458,1.476895,2.297099,-0.001955,0.0,95.771614
1.305251,1.671119,-0.82072,-3.07648,-3.076482,2.072575,2.17739,2.912416,4.309298,5.123696,-0.004128,-1.0,92.825218
1.202402,1.202402,-0.100206,-1.315133,-1.315137,2.751497,3.224442,3.744815,5.204901,6.145082,-0.003993,-1.0,91.604439
-0.030065,0.611345,-0.771695,-0.020044,-0.020047,2.022452,2.787132,3.305939,4.740428,5.701743,-0.003716,0.0,91.586075
-0.10041,0.682801,-0.321316,-0.190422,-0.190423,1.343515,2.685012,3.168328,4.416611,5.502966,-0.003859,0.0,91.411674
0.596947,0.957176,-0.905728,-2.439996,-2.44,2.400167,4.564636,5.231234,6.381226,7.660765,-0.005191,-1.0,89.181229
0.061912,0.319857,-0.577793,-0.247021,-0.247007,1.784971,4.14568,5.005495,5.983276,7.429211,-0.005219,0.0,88.960945
0.0,1.042644,-0.333654,-1.04209,-1.042101,2.045666,4.482325,5.62263,6.475859,7.98665,-0.005891,-1.0,88.033882
1.551452,1.846966,0.0,-1.209471,-1.209479,2.233254,4.835894,6.240291,7.150932,8.68729,-0.006302,-1.0,86.969131
-0.94881,0.531742,-1.178193,1.224279,1.224286,0.22938,2.730684,4.493098,5.402457,6.784273,-0.005774,1.0,88.033882
-0.343923,0.729552,-1.094315,0.041698,0.041711,-0.064623,1.813438,3.900634,4.902545,6.165285,-0.005015,0.0,88.070602
-0.835307,0.443437,-0.855937,1.063058,1.063049,-1.105499,0.313497,2.35949,3.437142,4.521806,-0.004065,1.0,89.006836
-0.255833,0.429797,-0.337702,0.773435,0.773433,-1.494065,-0.66926,1.200027,2.376176,3.304133,-0.002885,1.0,89.695244
0.111302,0.556506,-0.586868,1.135899,1.135895,-1.77476,-1.881005,-0.252957,0.947083,1.826977,-0.002437,1.0,90.714088
-1.991171,0.284454,-2.187343,3.156931,3.156935,-3.595876,-4.652277,-3.435667,-2.172141,-1.392837,-0.000769,1.0,93.577873
0.361818,0.723644,-0.166249,0.304076,0.304074,-2.65402,-4.442597,-3.864006,-2.546451,-1.78721,-0.000198,0.0,93.862419
-1.024026,0.236318,-1.13233,-0.684534,-0.684531,-1.079165,-3.327097,-3.173164,-1.969771,-1.205986,-0.001091,-1.0,93.219902
-0.774587,0.402004,-1.343264,0.423395,0.42339,-0.658885,-3.138538,-3.438241,-2.442391,-1.659766,-0.000161,0.0,93.614586
0.343877,0.550203,-0.589506,-0.205902,-0.205896,0.125759,-2.247986,-3.108012,-2.326587,-1.557871,-0.000798,0.0,93.421837
-1.912307,0.762991,-1.912307,1.729222,1.729213,-1.269071,-3.172682,-4.500671,-4.006176,-3.193351,0.000105,1.0,95.0373
-0.322554,0.075888,-1.09098,1.806068,1.806076,-2.422926,-3.992985,-5.673091,-5.658386,-4.851537,0.001012,1.0,96.753746
0.191209,0.372849,-0.191201,-0.768434,-0.768429,-1.086046,-2.520081,-4.453159,-4.761954,-4.072279,0.000543,-1.0,96.010262
-0.690594,0.272345,-0.904582,-1.711281,-1.711289,0.795647,-0.327786,-2.342181,-2.957394,-2.417271,-0.000377,-1.0,94.367249
0.7102,0.779247,-0.256455,-1.390916,-1.390907,2.138485,1.329646,-0.528707,-1.509671,-1.125275,-0.001149,-1.0,93.054688
0.50663,0.516367,-0.35074,1.242851,1.242843,0.709278,0.152963,-1.312677,-2.570147,-2.38971,0.000729,1.0,94.211212
-1.042166,0.227378,-1.307442,2.835156,2.835157,-2.040741,-2.296546,-3.427131,-4.858838,-5.034963,0.002533,1.0,96.882248
-0.056815,0.501893,-0.482956,0.047366,0.04736,-1.897721,-1.960221,-2.928024,-4.492891,-4.910599,0.002562,0.0,96.928131
-1.047718,0.295271,-1.047718,-0.577652,-0.577642,-0.912469,-1.104869,-1.902406,-3.505574,-4.160398,0.002394,-1.0,96.368233
0.0,0.215513,-0.674664,1.647779,1.647764,-1.517984,-2.245118,-2.999741,-4.508986,-5.453889,0.004171,1.0,97.956154
-0.287489,0.086252,-0.872061,-2.220767,-2.220758,1.046478,0.05271,-0.643346,-1.93579,-3.124099,0.003313,-1.0,95.780785
-0.276402,0.552804,-0.543271,0.546239,0.546232,0.377435,-0.537545,-1.014098,-2.04107,-3.354547,0.004004,0.0,96.30397
0.660914,0.775859,-0.795021,-0.495612,-0.495596,0.647498,-0.061314,-0.339729,-1.197328,-2.5866,0.004314,0.0,95.826691
0.00971,0.621721,-1.379449,-1.398467,-1.398474,1.676699,1.368754,1.135285,0.457544,-0.931809,0.003174,-1.0,94.48658
1.822348,1.941849,-0.318662,-2.448032,-2.448035,2.973515,3.816972,3.582955,3.057661,1.780128,0.002091,-1.0,92.173515
-0.318979,0.099679,-0.897131,-0.09958,-0.099583,2.272732,3.689198,3.472227,3.079151,2.057421,0.001586,0.0,92.081726
1.519321,1.570308,-0.683183,-2.242823,-2.242816,3.222188,5.30539,5.347199,5.230445,4.485365,0.000274,-1.0,90.016502
0.030447,0.811939,-0.487157,0.469052,0.469054,1.548764,4.09621,4.444666,4.585402,4.060892,-1.6e-05,0.0,90.438728
-0.572346,0.251029,-0.733,1.075811,1.075807,-0.204837,2.446032,3.117452,3.351746,3.028421,-0.00092,1.0,91.411674
-0.431207,0.391095,-0.762136,0.13054,0.130535,-0.475328,1.610513,2.872045,3.113723,2.929808,-0.000996,0.0,91.530998
0.121485,1.255313,-0.617535,-0.942641,-0.942631,0.159948,2.013562,3.590466,3.854016,3.780924,-0.001108,-1.0,90.668198
0.733009,0.733009,-1.094483,0.820001,0.819996,-0.34943,0.648664,2.348967,2.717144,2.829605,-0.000936,1.0,91.411674
-0.699438,1.398868,-0.738296,3.363798,3.3638,-2.735579,-2.768607,-1.154075,-0.706241,-0.463187,0.000616,1.0,94.48658
0.037644,0.508188,-0.367023,3.22518,3.225181,-4.519108,-5.494076,-4.162751,-3.64625,-3.41239,0.001267,1.0,97.533943
-0.856449,0.316518,-0.856449,1.091658,1.091657,-4.11655,-5.862968,-5.154223,-4.405605,-4.245392,0.000956,1.0,98.598679
0.14853,0.69625,-0.129966,0.27928,0.279281,-2.72373,-5.438175,-5.209806,-4.436041,-4.356854,0.001412,0.0,98.874046
-0.312238,0.413258,-0.422444,1.086147,1.086152,-2.060797,-5.46056,-5.985249,-5.309492,-5.256686,0.002628,1.0,99.947968
-0.907359,0.535345,-0.961797,1.212233,1.212224,-1.914522,-5.53307,-6.759819,-6.234458,-6.18782,0.00376,1.0,101.159561
0.829495,0.921659,-0.01843,-1.551582,-1.551588,0.044247,-3.223033,-4.948687,-4.594923,-4.499531,0.002545,-1.0,99.589981
-0.712226,0.117206,-0.712226,2.230413,2.230428,-1.507397,-4.324742,-6.391397,-6.487112,-6.239096,0.002282,1.0,101.811264
-0.360849,0.108257,-0.811909,-0.063109,-0.063119,-0.880465,-3.175457,-5.698987,-6.134862,-5.883622,0.002234,0.0,101.747002
-0.054316,0.126742,-0.850989,-0.351826,-0.351826,-0.246242,-1.849534,-4.618259,-5.552685,-5.373526,0.002332,0.0,101.38903
0.854852,1.985749,-0.213718,1.665765,1.665766,-1.508462,-2.624221,-5.36361,-6.748442,-6.685308,0.00234,1.0,103.077934
0.348805,0.599235,-0.241478,-0.436336,-0.43633,-0.484753,-1.701102,-4.220256,-5.94312,-6.032378,0.003116,0.0,102.628174
0.284495,1.351349,-0.391182,0.599235,0.599249,-0.800159,-1.836789,-4.034512,-5.9673,-6.387286,0.003139,1.0,103.243172
0.124301,0.266362,-0.896736,0.133352,0.13334,-0.616175,-1.531564,-3.342508,-5.546036,-6.217883,0.003412,0.0,103.380836
0.517911,1.606392,-0.035113,1.145344,1.14533,-1.134116,-2.205046,-3.59842,-5.919933,-6.963823,0.004518,1.0,104.564888
-0.691649,0.534058,-1.068115,0.263345,0.263361,-1.057612,-2.110845,-3.193259,-5.48022,-6.864303,0.005697,0.0,104.840271
0.454225,0.829837,-0.340677,0.227633,0.227615,-0.815853,-1.810787,-2.934419,-5.044541,-6.672598,0.005839,0.0,105.078903
0.54689,0.806886,-0.690339,-2.568136,-2.568115,1.629897,0.832875,-0.129709,-2.011844,-3.813888,0.005698,-1.0,102.380356
-0.484584,0.405285,-1.02203,1.757216,1.757206,0.028193,-0.674888,-1.514831,-3.055506,-5.010396,0.006258,1.0,104.17939
0.291573,0.459442,-0.203219,-0.281938,-0.281948,0.180254,-0.153727,-0.983674,-2.181029,-4.207801,0.005668,0.0,103.885658
0.908204,0.908204,-0.27602,-0.768689,-0.768685,0.616156,0.620611,-0.092001,-1.006136,-2.974973,0.005277,-1.0,103.087105
0.63027,0.736796,-0.355084,0.302737,0.302749,-0.012435,0.391471,-0.147958,-1.021313,-2.804091,0.005818,0.0,103.3992
-0.132768,0.433703,-0.309795,0.292944,0.292945,-0.049576,0.142493,-0.31806,-1.064357,-2.618526,0.005589,0.0,103.702103
1.378393,1.378393,-0.213426,-0.469115,-0.469122,0.234773,0.59849,0.246631,-0.387726,-1.673275,0.003923,0.0,103.215614
-0.167876,0.123697,-0.56547,0.64918,0.649169,-0.411724,-0.115735,-0.239726,-0.840687,-1.827168,0.002802,1.0,103.885658
-0.683444,0.380658,-1.064102,2.129348,2.129357,-1.920577,-2.079762,-2.129938,-2.675401,-3.436279,0.003254,1.0,106.097755
0.461913,1.246296,-0.05229,-0.735356,-0.735349,-0.829707,-1.331711,-1.234679,-1.682504,-2.425314,0.002813,-1.0,105.317566
0.173428,0.650364,-0.277489,0.505492,0.505491,-0.922656,-1.500179,-1.567239,-1.986217,-2.642044,0.00256,0.0,105.849937
-0.388699,0.077744,-0.976072,0.390216,0.390214,-0.734215,-1.686966,-1.769026,-2.154703,-2.742334,0.002203,0.0,106.262978
0.13009,0.14744,-0.659152,-0.405972,-0.405971,0.038157,-1.102347,-1.288818,-1.545972,-2.12351,0.002701,0.0,105.831581
0.731294,0.793722,-0.276462,-2.749355,-2.74936,2.249182,1.677523,1.377572,1.229828,0.712035,0.000536,-1.0,102.92189
-0.186176,0.549641,-0.292555,0.597526,0.597524,1.297875,1.086881,0.676124,0.672431,0.266313,0.000823,1.0,103.536873
-0.166977,0.272429,-0.650319,0.877658,0.877657,0.147643,0.278586,-0.067959,-0.14588,-0.505138,0.001357,1.0,104.445572
0.428319,0.524474,-0.183566,0.536076,0.536089,-0.625883,-0.085674,-0.548378,-0.600972,-0.911548,0.000866,0.0,105.005493
0.200403,0.435654,-0.139406,0.323422,0.323412,-1.038595,-0.269229,-0.776621,-0.884373,-1.080765,0.001197,0.0,105.345093
-0.878539,0.0,-0.946777,2.152131,2.152133,-2.251789,-2.229611,-2.586714,-2.843737,-2.996244,0.001872,1.0,107.612259
-0.369936,0.260634,-0.706242,1.45002,1.450009,-2.616437,-3.27391,-3.626468,-4.044887,-4.142919,0.002444,1.0,109.172646
0.202941,0.617281,-0.228314,-0.571717,-0.571705,-1.300526,-2.469137,-2.774679,-3.209032,-3.396247,0.001698,-1.0,108.5485
0.339848,0.399321,-0.85811,-0.473537,-0.473542,-0.270175,-1.841115,-2.01472,-2.570086,-2.764309,0.001377,0.0,108.034477
0.36333,0.760458,-0.456274,0.552252,0.552256,-0.212929,-2.122517,-2.26165,-2.886773,-3.148624,0.001518,1.0,108.631104
0.461257,0.461257,-0.486409,0.752007,0.75201,-0.622278,-2.256795,-2.787096,-3.321033,-3.70312,0.002962,1.0,109.448021
0.370366,0.370366,-0.446133,-0.369,-0.369006,-0.277778,-1.38973,-2.199213,-2.704123,-3.201008,0.002038,0.0,109.044151
0.125127,0.225229,-0.342005,0.909086,0.909084,-0.905901,-1.770097,-2.826708,-3.292869,-3.794787,0.002555,1.0,110.035454
0.140112,0.37913,-0.387374,1.209547,1.209556,-1.491805,-2.372874,-3.682523,-4.082671,-4.686396,0.003415,1.0,111.366394
0.58764,0.747145,-0.411355,-1.821478,0.268514,-1.212137,-2.068308,-3.592163,-3.991181,-4.66296,0.003401,0.0,111.665428
1.227777,1.227777,-0.677388,-0.856284,-0.856273,-0.131089,-0.94276,-2.29058,-2.953712,-3.56417,0.002901,-1.0,110.709267
0.294984,0.353981,-0.337128,0.46571,0.465698,-0.201899,-1.217421,-2.282696,-3.138004,-3.729753,0.003307,0.0,111.224838
0.084032,0.277313,-0.268908,0.294984,0.294984,-0.223357,-1.238628,-2.145345,-3.167273,-3.731389,0.003153,0.0,111.552933
0.8074,0.8074,0.0,-0.084032,-0.08402,-0.1228,-0.848316,-1.677045,-2.852745,-3.354593,0.002191,0.0,111.459206
-0.24148,0.341414,-0.549584,1.000836,1.000823,-0.950945,-1.480505,-2.223195,-3.515887,-4.003519,0.002946,1.0,112.574715
-0.505804,0.12438,-0.704808,0.424683,0.424692,-0.955226,-1.578281,-2.315863,-3.475853,-4.163402,0.002911,0.0,113.052811
0.318283,0.393669,-0.108884,-1.003316,-1.003323,0.172547,-0.323958,-1.162278,-2.123135,-2.956186,0.002305,-1.0,111.918526
-0.322313,0.157026,-0.743803,1.348523,1.348529,-0.829755,-1.351159,-2.190621,-3.029527,-3.980207,0.003068,1.0,113.42778
0.523477,0.963859,-0.116327,-0.537192,-0.537196,-0.053178,-0.689653,-1.379661,-2.15953,-3.229181,0.00403,-1.0,112.818451
-0.427425,0.180826,-0.542499,1.088497,1.088505,-0.87129,-1.550232,-2.12503,-2.831577,-3.98307,0.004243,1.0,114.046486
-0.747668,0.073138,-0.902073,1.142527,1.142517,-1.592847,-2.260057,-2.889559,-3.59382,-4.636734,0.004358,1.0,115.349487
0.221635,0.270893,-0.246267,-0.999596,-0.999604,-0.200285,-1.01296,-1.608253,-2.400447,-3.300477,0.00369,-1.0,114.196449
-0.032844,0.739099,-0.114971,-0.041047,-0.041028,-0.032854,-0.744853,-1.32759,-2.115048,-2.920741,0.003532,0.0,114.149597
-0.626065,0.048789,-0.837466,1.00189,1.001884,-0.59517,-1.396863,-2.079302,-2.771217,-3.52679,0.003032,1.0,115.293243
-0.024287,0.05667,-0.550519,0.430929,0.430931,-0.720534,-1.542262,-2.261984,-2.879272,-3.579914,0.002589,0.0,115.790077
-0.493329,0.0,-0.630812,0.10525,0.105253,-0.727868,-1.399118,-2.065515,-2.702557,-3.394878,0.002883,0.0,115.911949
-0.817043,0.032042,-1.281639,0.962389,0.962383,-1.190319,-1.902432,-2.66848,-3.288919,-4.04725,0.003507,1.0,117.027466
-0.215814,0.079928,-0.239791,0.216281,0.216278,-0.869632,-1.785627,-2.552952,-3.188753,-3.956508,0.003361,0.0,117.280571
0.064089,0.28038,-0.032044,-0.223802,-0.2238,-0.35248,-1.206441,-2.017679,-2.730115,-3.433996,0.002937,0.0,117.018097
0.008009,0.088078,-0.736647,0.048063,0.048058,-0.180953,-0.99527,-1.808519,-2.545835,-3.191907,0.003118,0.0,117.074333
0.82651,0.964261,-0.024315,-1.185039,-1.185024,0.977218,0.221202,-0.479174,-1.161993,-1.815232,0.002208,-1.0,115.686974
-0.572811,0.225902,-0.661557,0.43756,0.437562,0.393701,-0.043572,-0.667481,-1.37879,-1.996871,0.001872,0.0,116.193176
-0.079188,0.38011,-0.316758,1.879792,1.879784,-1.27336,-1.530726,-2.22152,-2.910201,-3.523252,0.002573,1.0,118.377357
-0.340621,0.007923,-1.188213,-0.031676,-0.031683,-1.018687,-1.242072,-1.879483,-2.588715,-3.256966,0.002931,0.0,118.339851
0.669053,0.764635,-0.047794,-0.546574,-0.546572,-0.369571,-0.537634,-1.133679,-1.835923,-2.520431,0.002491,-1.0,117.693039
-0.433141,0.133879,-0.574896,1.138988,1.138986,-0.929278,-1.395493,-2.040739,-2.690186,-3.338477,0.002858,1.0,119.033546
0.148666,0.156492,-0.226918,0.645771,0.645772,-0.962441,-1.796555,-2.357327,-2.985523,-3.6723,0.003176,1.0,119.802231
-0.604209,0.0,-0.627749,-0.281691,-0.28169,-0.500628,-1.336313,-1.784891,-2.458803,-3.135278,0.002618,0.0,119.46476
0.436713,0.841669,-0.381136,-1.177024,-1.177023,0.63681,-0.07305,-0.458948,-1.075115,-1.757981,0.001922,-1.0,118.058632
0.775815,1.047746,-0.327918,-0.722569,-0.722565,1.286089,0.66544,0.346049,-0.220349,-0.884909,0.002044,-1.0,117.205582
-0.915606,0.039812,-1.050955,0.45589,0.45588,0.606695,0.38297,-0.00583,-0.571648,-1.17547,0.001655,0.0,117.739899
-1.053133,0.292979,-1.456967,0.549365,0.549376,-0.182126,0.01979,-0.475629,-0.937925,-1.496877,0.002128,0.0,118.386734
0.109666,0.258494,-0.250672,1.084807,1.084804,-1.218866,-0.945485,-1.410521,-1.770331,-2.345296,0.002126,1.0,119.670998
-0.578035,0.084779,-0.608858,1.637158,1.637154,-2.222733,-2.270517,-2.745789,-3.092096,-3.628512,0.002341,1.0,121.630196
0.131293,0.347542,-0.656465,-0.208096,-0.208088,-1.331481,-1.763208,-2.306662,-2.65987,-3.185975,0.002685,0.0,121.377098
-0.045695,0.403655,-0.243722,1.405628,1.405626,-1.830924,-2.795891,-3.260222,-3.717825,-4.276622,0.003314,1.0,123.083206
0.547169,0.824605,-0.208069,-1.172893,-1.172893,-0.131008,-1.491212,-1.813603,-2.385555,-2.895805,0.002369,-1.0,121.639572
0.038051,0.464196,-0.144588,1.271585,1.27158,-0.814246,-2.425995,-2.786191,-3.371508,-3.821626,0.002734,1.0,123.186317
-0.770803,0.128465,-0.967278,0.700097,0.700106,-1.113887,-2.621483,-3.15525,-3.759924,-4.207971,0.002993,1.0,124.048752
-0.272757,0.036862,-0.43494,2.508873,2.508875,-2.624401,-4.221896,-5.029121,-5.718763,-6.194768,0.003665,1.0,127.16098
-0.028719,0.201061,-0.294405,2.661261,2.661256,-4.005455,-5.723823,-6.903153,-7.593707,-8.178082,0.004728,1.0,130.545059
-0.419389,0.142175,-0.604202,1.019674,1.019683,-3.421953,-5.652549,-7.232494,-7.931836,-8.65454,0.005269,1.0,131.876205
0.222668,0.222668,-0.373512,-1.037811,-1.037831,-1.287162,-3.832774,-5.695533,-6.501572,-7.291185,0.004797,-1.0,130.507553
-0.065305,0.116104,-0.457155,-1.012788,-1.012786,0.518112,-2.263978,-4.156439,-5.125164,-5.965886,0.004872,-1.0,129.185791
2.083807,2.083807,-0.549158,-3.541111,-3.541102,3.798992,1.583543,-0.241729,-1.364625,-2.271869,0.003142,-1.0,124.611191
0.927373,1.316277,-0.448737,0.586786,0.58678,2.363319,1.171189,-0.419317,-1.688357,-2.533843,0.00258,1.0,125.342384
1.348099,1.588276,-0.007755,-3.470197,-3.470194,4.244201,4.75478,3.304146,1.895091,1.128685,0.001085,-1.0,120.99276
-0.20641,0.298142,-1.024384,1.348099,1.348106,1.57174,3.315491,2.090559,0.668522,-0.077981,0.001909,1.0,122.623871
-0.220975,0.076189,-1.181045,0.328726,0.328721,0.23773,2.89393,1.831754,0.540608,-0.252976,0.001556,0.0,123.026962
0.416706,0.586473,-0.378108,-1.257245,-1.257247,0.99854,3.736402,3.133991,1.996686,1.141758,0.000729,-1.0,121.480209
-0.185132,0.509105,-0.339403,0.038586,0.038587,0.33169,2.954335,3.008845,2.11316,1.18482,0.000868,0.0,121.527084
0.607034,0.607034,-0.591674,0.385683,0.385679,0.110655,1.748889,2.632554,1.868761,0.867993,0.001548,0.0,121.995789
-0.805311,0.029821,-1.0812,3.050562,3.050568,-2.360752,-1.644176,-0.271422,-0.906348,-1.919025,0.003188,1.0,125.717354
0.455979,0.558943,-0.61778,1.386921,1.386925,-3.000668,-3.12496,-1.457191,-2.033176,-2.965661,0.003593,1.0,127.46096
-0.193913,0.136446,-0.373459,2.404945,2.404929,-3.892554,-4.946848,-3.599536,-3.983405,-4.836249,0.0044,1.0,130.526306
0.615693,0.945022,-0.615683,0.315993,0.315998,-2.757725,-4.818863,-3.883154,-3.985888,-4.732809,0.004065,0.0,130.938766
-0.367733,0.057684,-0.641718,-0.708756,-0.708758,-0.830627,-3.445811,-3.292713,-2.978582,-3.695144,0.003045,-1.0,130.010727
0.448179,0.534918,-0.462628,-0.252366,-0.25236,0.031805,-2.65722,-3.090452,-2.48265,-3.14269,0.003026,0.0,129.682632
-0.593707,0.121601,-0.729617,1.055376,1.055375,-0.464955,-3.06152,-4.007632,-3.233908,-3.866668,0.002874,1.0,131.05127
-0.377143,0.21348,-0.377143,0.522172,0.522158,-0.798397,-2.786582,-4.145721,-3.562928,-4.051506,0.003611,0.0,131.735565
-0.517168,0.035917,-0.617727,-0.932184,-0.93218,0.068959,-1.183733,-2.979929,-2.656939,-2.921125,0.002653,-1.0,130.507553
0.122415,0.273641,-0.43926,-0.251405,-0.251411,0.347098,-0.306028,-2.264933,-2.476762,-2.41404,0.002239,0.0,130.179443
0.201308,0.575169,-0.323529,0.158422,0.158426,0.296215,-0.105679,-2.022661,-2.635693,-2.347533,0.001217,0.0,130.385681
-1.042034,0.034959,-1.174912,2.803946,2.803958,-1.99316,-2.339335,-4.147151,-5.110153,-4.712783,0.001279,1.0,134.041641
-0.103458,0.324183,-0.165534,1.391699,1.391682,-2.724505,-3.28389,-4.755125,-5.997019,-5.763262,0.001441,1.0,135.907074
0.45411,0.45411,-0.19265,0.24831,0.248327,-2.123304,-3.134035,-4.270907,-5.829779,-5.829366,0.002,0.0,136.244568
-0.344613,1.047887,-1.308109,-2.167328,-2.167316,0.511974,-0.741984,-1.58522,-3.282244,-3.700698,0.001498,-1.0,133.291718
0.275035,0.543021,-0.204519,-0.27428,-0.274286,1.170655,-0.224978,-0.952997,-2.628713,-3.363056,0.002918,0.0,132.926117
0.214725,0.450238,-0.166233,1.812406,1.812408,-0.439153,-1.68457,-2.328285,-3.907329,-4.901578,0.003451,1.0,135.335281
-0.155224,0.215973,-0.58716,2.632128,2.632115,-2.561913,-3.690353,-4.431395,-5.74475,-6.929064,0.006105,1.0,138.897461
0.474984,0.883066,-0.535191,0.884118,0.884125,-2.861917,-3.848009,-4.831864,-5.907147,-7.32272,0.005903,1.0,140.125488
-0.622485,0.026779,-0.769742,-0.05352,-0.053532,-1.8447,-3.091689,-4.302981,-5.212172,-6.728771,0.005737,0.0,140.050476
0.155665,0.263941,-0.453437,-1.097724,-1.097725,0.051443,-1.429333,-2.815818,-3.698217,-5.234694,0.005806,-1.0,138.513107
0.673274,0.832926,-0.354001,-2.497285,-0.670122,1.053449,-0.506801,-1.843585,-2.680608,-4.172124,0.005498,-1.0,137.5849
-0.354761,0.021285,-0.950756,-2.172558,-2.172576,2.658466,1.605343,0.477965,-0.368141,-1.654179,0.004386,-1.0,134.595764
-0.621837,0.354295,-0.788139,-1.873137,-1.873138,3.398965,3.229153,2.475082,1.576725,0.542579,0.002245,-1.0,132.0746
0.279621,0.434151,-0.456214,-1.735364,-1.735342,3.642668,4.781788,4.264397,3.361771,2.558146,0.000887,-1.0,129.782654
0.579881,0.951601,-0.126384,-1.02281,-1.022829,3.147731,5.516548,5.241674,4.382133,3.703235,-0.000603,-1.0,128.4552
-1.401497,1.320347,-1.711298,0.788054,0.788068,1.087248,4.238285,4.183248,3.504799,2.954368,-0.000398,1.0,129.467514
1.010983,1.010983,-0.21093,1.416241,1.416241,-0.82625,2.204089,2.494503,2.042847,1.54025,0.000526,1.0,131.301086
0.337744,0.337744,-0.234943,-0.938256,-0.938262,-0.195296,2.398959,3.148758,2.992491,2.475244,0.000228,-1.0,130.069138
0.869822,1.055682,-0.282499,-1.240824,-1.240831,0.851992,2.782851,4.193731,4.219396,3.714326,-0.00077,-1.0,128.4552
1.247027,1.323537,-0.405488,-2.82506,-2.825054,3.202508,4.674466,6.790241,7.026559,6.573872,-0.002226,-1.0,124.826271
0.436709,0.86576,-0.137916,-0.145362,-0.145368,2.578918,3.788694,6.373923,6.805424,6.523431,-0.001884,0.0,124.644814
-0.726946,0.274457,-1.142344,3.286848,3.286836,-1.082992,0.031173,2.462949,3.128333,3.04058,-0.000345,1.0,128.741684
0.428449,0.71408,-0.263072,-1.312963,-1.312951,-0.242029,0.966636,3.140107,4.13858,4.302638,-0.000985,-1.0,127.051369
-0.179755,0.5318,-0.367007,0.353279,0.353284,-0.743018,0.432179,2.120791,3.544854,3.851397,-0.002051,0.0,127.500221
0.239985,0.53414,-0.178043,-3.243204,-3.243211,2.347115,3.385983,4.7252,6.628087,7.104779,-0.004066,-1.0,123.36512
-0.054465,0.451328,-0.389075,-0.518655,-0.518643,2.567883,3.375607,4.46398,6.67024,7.294331,-0.004399,-1.0,122.725296
1.410235,1.679603,-0.324832,-1.781958,-1.781964,3.067654,4.358258,5.581785,7.844006,8.730963,-0.004232,-1.0,120.538376
0.366037,0.700251,-1.679001,-0.435749,-0.43575,2.345825,3.97708,5.373863,7.47807,8.665843,-0.004302,0.0,120.01313
0.666456,0.729183,-0.156817,1.488027,1.488033,-0.090959,1.906059,3.391868,5.152963,6.695134,-0.004443,1.0,121.798965
0.170372,0.875079,-0.116169,1.246671,1.246665,-1.328895,0.528917,1.841034,3.242077,5.069707,-0.005045,1.0,123.31739
1.132368,1.132368,-0.046861,-0.836368,-0.836368,-0.568528,1.183907,2.308469,3.487306,5.529043,-0.005793,-1.0,122.286003
-1.361704,0.100584,-2.638301,0.937132,0.937125,-1.022817,-0.185682,0.933595,2.07428,4.048103,-0.005363,1.0,123.431976
1.728669,1.728669,-0.055764,-2.878144,-2.878138,1.887997,2.173983,3.358027,4.590536,6.455949,-0.006137,-1.0,119.879433
0.880197,1.238797,-0.211895,-2.254443,-2.254443,3.449065,3.649554,5.100246,6.464957,8.130467,-0.006825,-1.0,117.176819
0.939698,1.903908,-0.049025,-0.260799,-0.260799,2.616442,3.364933,4.921284,6.247756,7.672499,-0.005994,0.0,116.871223
0.271049,1.232033,-0.377823,-0.514788,-0.514787,2.112523,3.344559,4.983981,6.229978,7.496344,-0.005404,-1.0,116.269585
-0.310581,0.310588,-3.416435,-2.151953,-2.151954,2.659281,5.022248,6.415403,7.795687,9.128182,-0.005585,-1.0,113.767517
-1.820603,0.789756,-2.003495,0.97373,0.973737,0.798064,3.562218,4.682565,6.094845,7.476923,-0.004717,1.0,114.875313
0.371383,0.759262,-0.280594,0.731563,0.73155,-0.186508,2.284402,3.243385,4.773879,6.210126,-0.004741,1.0,115.715683
-0.460487,0.238468,-0.789408,0.363129,0.363142,-0.674293,1.295938,2.454836,4.020631,5.401522,-0.005199,0.0,116.135895
-0.678272,0.212465,-0.866229,0.62495,0.624951,-1.189841,0.202655,1.484016,3.041585,4.315427,-0.00452,1.0,116.861687
1.003423,1.876322,-0.048952,0.17161,0.17161,-0.796218,-0.513141,1.112192,2.366202,3.650179,-0.003905,0.0,117.062233
0.258001,0.548254,-0.387,1.182898,1.182892,-1.352895,-1.797144,-0.158024,0.806258,2.045957,-0.002163,1.0,118.446953
0.153761,0.275151,-0.420812,-0.370877,-0.370871,-0.597233,-1.361176,-0.000545,0.77931,2.071693,-0.002261,0.0,118.007668
0.165116,0.272436,-0.404522,-1.974592,-1.974599,1.325855,0.522584,1.57352,2.477095,3.811445,-0.004548,-1.0,115.67749
-1.418608,0.176325,-1.683096,3.005036,3.005037,-1.245488,-2.167985,-1.56501,-0.662415,0.598543,-0.002671,1.0,119.153641
0.207729,1.470115,-0.942794,0.312581,0.312581,-1.140943,-1.991053,-2.089595,-1.014304,-0.023334,-0.002689,0.0,119.526093
0.315228,0.687034,-0.387975,-1.15053,-1.150524,-0.040419,-0.573073,-1.047532,0.058998,0.838985,-0.001779,-1.0,118.150917
-0.438249,0.350599,-0.59761,1.438732,1.438725,-1.150597,-1.638244,-2.302256,-1.441433,-0.846533,-0.000928,1.0,119.850784
1.47702,1.576034,-0.247548,-3.434261,-3.434268,2.374789,1.825241,1.106809,1.736123,2.416047,-0.001646,-1.0,115.734787
-0.097468,0.560425,-0.98278,1.592541,1.592548,0.501949,0.28996,-0.403942,-0.058887,0.635477,-0.000764,1.0,117.577919
-0.797306,0.016436,-1.676805,-1.185834,-1.185828,1.132658,1.417878,0.929907,0.828531,1.693236,-0.001927,-1.0,116.183647
1.088773,1.088773,-0.636518,-1.857638,-1.857644,2.323284,2.94975,2.790621,2.480319,3.408041,-0.003277,-1.0,114.025368
-1.054307,0.0,-1.204922,0.092127,0.092128,1.226676,2.515271,2.60341,2.252532,3.044097,-0.002873,0.0,114.130417
1.373576,1.551632,-0.271324,-1.313698,-1.313691,2.023059,3.609457,3.761795,3.425465,4.036283,-0.003852,-1.0,112.631096
0.094673,0.232375,-0.611067,-1.483805,-1.483806,2.366811,4.431531,4.970016,4.743949,5.194934,-0.003245,-1.0,110.959869
0.612808,1.286032,-0.207145,-0.284018,-0.284026,1.657177,3.926295,4.882333,4.901178,5.032284,-0.002389,0.0,110.644714
1.411949,1.411949,-0.639377,-2.80511,-2.80511,3.385139,5.939086,7.233228,7.587697,7.604657,-0.003495,-1.0,107.541008
-0.945545,0.323932,-1.269483,1.429713,1.429722,1.001573,3.458235,5.175972,5.766938,5.790925,-0.002649,1.0,109.078545
-0.419563,0.285662,-0.87484,-1.926111,-1.926112,1.928228,4.671489,6.6994,7.416088,7.498662,-0.002551,-1.0,106.97757
0.099512,0.135698,-0.687536,-1.321189,-1.321183,2.270662,4.934857,7.269757,8.319151,8.532286,-0.003549,-1.0,105.564201
-0.081681,0.526359,-0.617116,-0.316627,-0.316633,1.566384,4.227241,6.70478,8.101003,8.552497,-0.004005,0.0,105.22995
-0.33436,0.216879,-0.659682,0.426538,0.42653,0.782582,2.994763,5.46479,7.037776,7.743361,-0.003977,0.0,105.678787
-0.611753,0.809928,-0.611753,4.879806,4.879808,-3.589516,-2.094599,0.015516,1.734023,2.554203,-0.002127,1.0,110.835709
0.826084,0.895651,-0.10435,-0.913319,-0.913326,-2.182599,-1.447816,0.578562,2.405228,3.269577,-0.002599,-1.0,109.823418
1.868818,2.07547,-0.39533,-3.217389,-3.217376,1.205743,1.389033,3.214131,5.204397,6.304756,-0.004512,-1.0,106.289986
-0.344767,0.601132,-0.645336,1.63522,1.63522,0.095467,-0.484446,1.050208,2.979575,4.259896,-0.00364,1.0,108.028061
1.999633,2.111757,-1.055876,-5.392509,-5.39251,5.120538,4.665486,6.038749,8.069055,9.566812,-0.005126,-1.0,102.202637
-0.597834,0.370089,-1.1672,-1.532424,-1.532424,4.729552,5.455497,6.795094,8.796264,10.581517,-0.007099,-1.0,100.636459
-0.254642,0.999714,-0.490424,0.616817,0.616817,2.39555,4.244082,5.391556,7.414412,9.333963,-0.006967,1.0,101.257202
-0.852876,1.192095,-0.872263,-2.687918,-2.687925,3.649939,6.410163,7.462048,9.415108,11.516969,-0.007635,-1.0,98.535484
-0.794082,0.319465,-1.004015,6.183367,6.183377,-3.035782,0.156077,0.820859,2.491329,4.45345,-0.005572,1.0,104.628304
0.071867,0.422207,-0.691697,1.606428,1.606428,-3.796266,-1.368131,-0.850403,0.507993,2.356448,-0.00338,1.0,106.309082
2.191007,2.378271,-0.280902,-4.060364,-4.060364,0.541194,1.939134,2.882642,4.166663,5.988011,-0.005838,-1.0,101.992546
-0.34995,0.43507,-0.624234,-1.001873,-1.001872,1.501935,2.094009,3.527219,4.643427,6.475736,-0.005758,-1.0,100.970711
0.990481,1.446881,-0.504956,-2.600965,-2.600965,4.173625,4.012426,5.802417,6.796461,8.5368,-0.006081,-1.0,98.344498
0.405599,1.545146,-0.10623,0.553506,0.553505,2.439401,2.51569,4.792528,5.614193,7.239784,-0.005881,1.0,98.88884
1.470444,2.137045,-0.362712,-1.487205,-1.487213,2.16058,3.572205,5.80924,6.689056,8.176852,-0.005956,-1.0,97.418152
2.290079,2.96647,-0.231905,1.450834,1.450834,0.059918,1.908406,3.486336,4.644903,6.010639,-0.00468,1.0,98.831528
-1.827275,1.721479,-1.904215,0.473481,0.473481,-0.748219,1.231009,2.292111,3.76515,4.974037,-0.004351,0.0,99.299477
-3.087608,1.44332,-3.169819,5.279859,5.279868,-4.540061,-3.271218,-2.949365,-1.487625,-0.53604,-0.000836,1.0,104.542358
1.070153,1.070153,-1.426877,-0.127888,-0.127888,-3.360474,-3.168392,-3.056194,-1.400809,-0.647584,-0.001513,0.0,104.408661
-2.334945,0.375736,-2.862763,2.240919,2.240919,-3.730544,-5.249598,-4.89712,-3.51181,-2.854894,0.000299,1.0,106.748375
0.397725,1.238365,-0.144623,-1.028808,-1.028816,-1.439024,-3.91846,-3.592147,-2.754219,-1.974864,0.000426,-1.0,105.650131
-1.481027,0.044338,-2.110682,1.925341,1.925349,-1.74353,-5.109973,-5.015376,-4.690497,-3.800288,0.001401,1.0,107.684265
-0.053931,0.611236,-0.934832,-1.339129,-1.339136,-0.089884,-3.078649,-3.242542,-3.399097,-2.46903,0.000633,-1.0,106.242226
1.187856,1.319842,-0.36076,2.157305,2.157313,-1.439512,-4.236697,-5.045905,-5.415755,-4.406868,-0.000551,1.0,108.534203
1.310979,1.418001,-0.115934,-1.337444,-1.337444,-0.041025,-2.03603,-3.710574,-3.905735,-3.058593,-0.000735,-1.0,107.082619
0.072809,0.145617,-0.67346,-2.0066,-2.0066,1.869313,0.551511,-1.551996,-1.733254,-1.298507,-0.000209,-1.0,104.933899
0.351477,0.720983,-0.684933,0.982892,0.982885,0.553357,0.20188,-2.195982,-2.467551,-2.404825,-0.000492,1.0,105.965279
0.679348,1.105073,-0.226449,-0.504684,-0.504678,0.909417,0.794381,-1.251816,-1.645836,-1.942395,0.001633,-1.0,105.430496
1.606896,1.670446,-0.444846,-0.226449,-0.226456,0.502953,1.097597,-0.628232,-1.39582,-1.827686,0.002201,0.0,105.191742
1.683789,1.78555,-0.925155,-1.870182,-1.870183,1.670836,2.682957,1.640616,0.33399,0.082903,0.001119,-1.0,103.224464
-1.334401,0.346943,-1.467843,3.996677,3.996693,-1.786331,-1.104897,-1.736513,-3.272408,-3.513223,0.004026,1.0,107.350029
-0.236369,0.752861,-0.455225,1.619072,1.619066,-2.778609,-2.551875,-2.703907,-4.441484,-4.763378,0.002041,1.0,109.088097
0.972682,0.999209,-1.122996,-0.997993,-0.997993,-1.322838,-1.406843,-1.509711,-3.031214,-3.452824,0.000909,-1.0,107.999405
1.877088,2.129772,-0.631709,-2.016092,-2.0161,0.826648,0.365498,0.605849,-0.708413,-1.421164,0.001798,-1.0,105.822029
0.360056,0.992357,-1.993506,2.761488,2.761497,-0.867658,-2.178806,-1.975357,-2.855894,-3.980685,0.003434,1.0,108.744301
-0.273681,0.0,-2.242424,-0.526922,-0.52693,-0.190688,-1.361342,-1.300719,-1.909589,-3.24357,0.004336,-1.0,108.171295
0.487931,2.191271,-0.115334,-0.485562,-0.485554,0.028384,-0.723921,-0.821509,-1.043297,-2.523425,0.003884,0.0,107.646065
-1.648404,0.070139,-1.657167,1.179917,1.179909,-0.96975,-1.561594,-1.814407,-1.996491,-3.271897,0.005043,1.0,108.916191
0.48055,0.53495,-0.598426,-3.296801,-3.296795,2.312084,1.807052,1.329824,1.388155,0.270193,0.002979,-1.0,105.325447
-1.311214,0.508428,-1.43609,1.650195,1.650195,0.337166,0.512888,-0.316359,-0.243068,-0.997238,0.003491,1.0,107.063522
-0.63324,0.246267,-1.292871,1.418246,1.418247,-0.990324,-0.779243,-1.486367,-1.503078,-2.022515,0.001812,1.0,108.581947
0.061157,1.16198,-0.148522,0.668427,0.668428,-1.343702,-1.417964,-1.936631,-2.082825,-2.306834,0.002158,1.0,109.307739
-0.478681,0.165356,-0.852919,0.384416,0.384409,-1.573539,-1.637944,-2.051056,-2.298953,-2.491903,0.001351,0.0,109.727928
0.223974,0.465863,-0.680883,-2.854655,-2.854649,1.557065,1.325027,0.915005,0.481092,0.455469,0.000557,-1.0,106.595581
2.002029,2.038933,-0.064581,-2.89375,-2.89375,3.897038,3.838914,3.940708,3.302887,3.323922,-0.001538,-1.0,103.510971
-0.192043,0.109742,-1.920437,0.88569,0.885683,2.189307,2.568823,2.841647,2.371749,2.370011,-0.000571,1.0,104.42775
-0.26711,1.30791,-0.801329,-0.713304,-0.713298,1.838443,2.923458,3.232936,2.997144,2.95109,-0.001819,-1.0,103.682869
-0.586115,0.324617,-1.433728,2.146083,2.146076,-1.02254,0.47701,0.932375,0.855729,0.775477,-0.000304,1.0,105.907982
-1.907763,0.560083,-2.310318,3.038769,3.038777,-3.477729,-2.137919,-1.842419,-1.938391,-2.174849,0.001889,1.0,109.126289
0.376796,1.384502,-0.271648,-0.131263,-0.131255,-2.346664,-1.833169,-1.698808,-1.545314,-1.976528,0.001405,0.0,108.983055
-0.667676,0.142434,-1.032675,-1.568525,-1.568532,-0.25995,-0.390816,-0.188139,0.020027,-0.327254,0.000942,-1.0,107.273621
0.418257,0.927439,-0.045466,-2.092049,-2.092057,2.127664,1.330245,1.778508,1.963996,1.76687,0.000131,-1.0,105.029396
0.045008,0.666185,-0.387108,1.000181,1.000195,1.148716,-0.017114,0.592356,0.863782,0.783569,0.001379,1.0,106.079895
1.421546,1.421546,-0.391835,-1.206341,-1.206349,1.558234,1.032443,1.787257,2.046658,1.999273,-0.000883,-1.0,104.800201
0.237445,0.246573,-0.712328,-0.218697,-0.218696,0.936987,1.355251,1.851445,2.070775,2.274337,-0.001682,0.0,104.571007
-0.59235,0.592357,-0.735954,1.753423,1.753416,-0.965708,-0.205521,-0.040081,0.228871,0.476403,-0.000486,1.0,106.404572
-0.348868,0.268356,-0.429379,0.33208,0.332086,-0.969677,-0.247787,-0.530163,-0.144469,0.056532,0.000535,0.0,106.757927
-0.983407,0.193171,-1.15023,1.87852,1.878514,-2.302218,-1.824561,-2.423386,-1.992707,-1.76029,0.000151,1.0,108.76339
-0.155716,0.155724,-0.683444,1.492666,1.492666,-2.726875,-3.154244,-3.629488,-3.204855,-3.039702,0.001029,1.0,110.386864
0.333046,0.999124,-0.096407,-1.289037,-1.289031,-0.65031,-1.891324,-2.037395,-1.853638,-1.765469,0.00068,-1.0,108.963943
-0.51389,0.052265,-0.79261,0.622261,0.622261,-0.674159,-2.282032,-2.326162,-2.412246,-2.31931,0.000438,1.0,109.641983
0.405285,0.75771,-0.281938,-1.141014,-1.141014,0.773564,-0.844055,-0.909253,-1.328196,-1.164407,0.001375,-1.0,108.390953
-0.166188,0.586021,-0.402343,0.731279,0.731272,0.118955,-1.279628,-1.42861,-2.069445,-1.872121,0.000975,1.0,109.183586
-0.087665,0.333126,-0.333127,-0.227414,-0.227407,0.080651,-0.675027,-1.215629,-1.738846,-1.515913,0.00026,0.0,108.935295
0.121432,0.346952,-0.147453,1.06952,1.06952,-0.771969,-1.223875,-2.193313,-2.479403,-2.447744,0.000434,1.0,110.10038
-1.185877,0.52419,-1.185877,0.93677,0.93677,-1.424769,-1.715224,-2.869587,-3.082843,-3.261326,0.000674,1.0,111.131767
0.017393,0.304426,-0.417503,-1.203061,-1.203067,0.031317,-0.241799,-1.397463,-1.624333,-2.065579,0.001393,-1.0,109.794777
-0.335153,0.202861,-0.776148,-1.382973,-1.382959,1.266533,1.112183,0.120531,-0.135391,-0.745817,0.002049,-1.0,108.27636
0.081216,0.342896,-1.010651,-2.257891,-2.257899,3.019312,3.017506,2.498344,2.015881,1.518136,0.000683,-1.0,105.831589
0.100715,0.53104,-0.192272,-1.443782,-1.443775,3.416951,4.079831,3.982778,3.286019,3.035699,0.000365,-1.0,104.303619
1.537019,1.537019,-0.42174,-2.307273,-2.307281,4.046866,5.777887,6.143709,5.461578,5.369826,-0.001571,-1.0,101.897041
0.47442,0.65116,-0.148841,0.749769,0.74977,1.882793,4.432559,5.087751,4.561395,4.54586,-0.002566,1.0,102.661034
0.794706,0.813624,-0.350043,-1.674421,-1.674422,2.164621,5.394517,6.360773,6.087514,6.129426,-0.003237,-1.0,100.942055
0.483873,0.512334,-0.322584,-0.283817,-0.283818,1.426945,4.871917,6.018975,6.183585,6.094876,-0.002679,0.0,100.655563
0.959895,1.073937,-0.190082,-0.170779,-0.170778,0.840143,4.094279,5.637712,6.16185,5.938034,-0.001843,0.0,100.483665
0.142087,0.142087,-0.861984,0.332635,0.332635,0.29175,2.726155,4.70399,5.532823,5.330682,-0.002134,0.0,100.817909
2.139966,2.139966,-0.385581,-1.733449,-1.733449,1.336034,3.455759,5.923787,7.006461,6.948142,-0.002363,-1.0,99.070282
-0.960809,0.266361,-0.970324,1.330254,1.330254,-0.104644,1.311832,3.949136,5.184549,5.317349,-0.001689,1.0,100.388168
-2.204797,0.544277,-2.5369,3.120242,3.120243,-2.573802,-1.976939,0.455104,1.670202,2.081179,-0.001095,1.0,103.520523
0.157362,0.70351,-0.351751,-0.341331,-0.341324,-1.719898,-1.751372,0.351132,1.737475,2.37637,-0.001388,0.0,103.167183
-0.798901,0.275477,-0.798901,0.805335,0.80532,-1.893475,-2.334247,-0.907861,0.653358,1.465937,-0.001855,1.0,103.998009
0.476949,1.000655,-0.093517,-1.809001,-1.808993,0.510615,-0.588236,0.416472,2.200505,3.153464,-0.00329,-1.0,102.116692
0.905881,0.991705,-0.390964,-1.926491,-1.926485,2.437296,1.285393,1.847994,3.757024,4.835692,-0.003567,-1.0,100.149429
1.009053,1.310825,-0.320637,1.115665,1.115658,0.861941,0.228216,0.42374,2.233592,3.318748,-0.003353,1.0,101.266754
0.650632,1.357845,-0.848657,0.009432,0.009433,0.479018,0.297029,0.214991,1.788306,3.005373,-0.002853,0.0,101.276306
1.078699,1.18188,-0.440861,0.528051,0.528044,-0.478371,-0.13225,-0.317036,0.795899,2.156653,-0.002941,0.0,101.811089
-1.196475,0.251887,-1.214471,4.267895,4.267903,-3.790934,-3.552539,-4.177765,-3.501262,-2.109035,-0.000986,1.0,106.156288
-0.935169,0.305732,-0.953149,0.044976,0.044969,-2.693996,-3.048279,-3.89053,-3.642201,-2.265256,-0.001432,0.0,106.204025
-1.250447,0.381341,-1.250447,1.393762,1.39377,-2.839663,-3.994326,-4.776519,-4.880722,-3.655199,-0.001233,1.0,107.684265
-0.186054,0.522722,-0.194915,0.097553,0.097553,-1.725883,-3.65908,-4.417474,-4.811733,-3.834857,-0.000668,0.0,107.789314
-1.600622,0.441248,-1.600622,2.400991,2.400985,-2.477934,-5.34002,-6.081209,-6.659453,-6.116971,0.000978,1.0,110.377319
-0.578882,0.380164,-0.768965,0.138429,0.138436,-1.821325,-4.709694,-5.519843,-6.432521,-6.220148,0.002019,0.0,110.530121
-0.195358,1.367522,-1.318677,6.143079,6.143081,-5.608466,-8.761092,-10.025778,-11.149777,-11.339358,0.005318,1.0,117.320076
-2.279488,0.137233,-3.796597,6.772487,6.772488,-8.788597,-12.632464,-14.575489,-15.803158,-16.342458,0.009266,1.0,125.265564
-0.606334,0.138159,-1.366182,-0.670889,-0.670889,-5.498502,-10.181901,-12.859517,-14.272391,-15.130554,0.008648,-1.0,124.425171
1.277856,1.908989,-0.21037,-1.496659,-1.496665,-2.074173,-7.124041,-10.525682,-12.082744,-13.166584,0.008725,-1.0,122.562943
-0.436271,0.997194,-0.911498,0.015588,0.015587,-0.12309,-5.798535,-9.426611,-11.137424,-12.53007,0.008856,0.0,122.582047
-0.748156,0.251929,-1.252003,2.048928,2.048929,-0.885567,-6.179863,-9.915772,-11.934119,-13.514011,0.009821,1.0,125.093666
-1.033943,0.447313,-1.400593,4.107176,4.10717,-4.033138,-8.149878,-11.986988,-14.38292,-16.017591,0.011462,1.0,130.231476
-0.7806,0.112594,-1.553698,-2.302559,-2.302554,-1.33003,-4.456951,-8.552625,-11.419346,-13.197324,0.011214,-1.0,127.232826
-0.223777,1.010879,-0.632759,-2.732117,-2.732112,1.634382,-0.692185,-4.801813,-8.132959,-10.017749,0.009448,-1.0,123.756683
0.664231,0.961986,-0.114517,1.072614,1.072601,0.955878,-0.582523,-4.803269,-8.189791,-10.140775,0.008558,1.0,125.084099
0.289263,0.372997,-0.418656,0.297755,0.297773,0.714003,-0.229133,-4.062833,-7.453764,-9.608288,0.008836,0.0,125.456566
-0.579099,0.205722,-0.96008,-0.09895,-0.098955,0.031994,-0.124972,-3.029065,-6.40202,-8.822623,0.008442,0.0,125.33242
-0.322951,0.092268,-0.845833,-0.906737,-0.906737,0.458281,0.770465,-1.261061,-4.622844,-7.311041,0.008835,-1.0,124.195984
-0.312731,1.437076,-0.513777,3.267974,3.26798,-2.019367,-1.974695,-3.456453,-6.610212,-9.487725,0.011093,1.0,128.254684
0.0,0.365099,-0.935572,-2.107224,-2.10723,0.164299,0.371944,-0.580618,-3.827494,-6.792733,0.009692,-1.0,125.552063
-0.853584,0.115356,-1.338042,-1.087707,-1.087713,1.061224,1.402653,0.881275,-2.045902,-4.993534,0.009215,-1.0,124.186417
-0.387837,0.364568,-0.682598,-0.86127,-0.86127,1.57928,1.705714,1.641331,-0.568178,-3.458265,0.008611,-1.0,123.116837
-0.332041,0.447878,-0.72587,0.449893,0.449893,1.039385,0.962166,1.145433,-0.371427,-3.16633,0.006951,0.0,123.670731
-0.581881,0.27563,-0.71205,0.857144,0.857143,-0.38435,0.182225,0.401707,-0.642752,-3.254267,0.007304,1.0,124.730766
0.828512,1.109894,-0.336095,-2.044253,-2.044253,1.142721,2.035332,2.475119,1.907535,-0.710645,0.005809,-1.0,122.180954
1.846839,2.053808,-0.358227,-1.813349,-1.813344,2.306951,3.462025,4.082678,3.899851,1.581908,0.004978,-1.0,119.965393
-1.049431,0.144196,-1.978692,-0.628882,-0.628888,2.299128,3.603304,4.125079,4.303454,2.611553,0.003661,-1.0,119.210945
-0.103353,0.715536,-1.319761,0.761033,0.761032,0.93497,2.481321,2.94377,3.336385,2.247102,0.003932,1.0,120.118179
0.687795,1.064442,-0.122815,-2.901894,-2.901888,2.562843,4.547612,5.613145,6.170474,5.517399,-1e-06,-1.0,116.632484
-1.358314,0.130925,-1.636527,0.065506,0.0655,1.557977,3.721465,5.065603,5.849362,5.660097,-0.002917,0.0,116.708878
0.313503,0.635264,-0.264005,-0.818264,-0.818264,1.668181,3.848696,5.3736,6.319203,6.477688,-0.002981,-1.0,115.753891
0.189599,0.857308,-0.610006,0.082501,0.0825,1.004042,3.135772,4.741028,5.610838,6.064798,-0.002294,0.0,115.849388
-1.432115,0.248024,-1.592126,3.03355,3.033559,-2.096172,-0.261624,1.387309,2.171772,2.772379,-0.000982,1.0,119.363747
-0.584796,0.536059,-1.112738,-1.496116,-1.496123,-0.448345,0.644899,2.321854,3.460852,4.163743,-0.002524,-1.0,117.577919
0.420301,0.598123,-0.266733,0.487328,0.487335,-0.68704,-0.184292,1.408012,2.665693,3.508563,-0.004097,0.0,118.150917
-0.008105,0.37274,-0.421364,-0.250563,-0.250563,-0.081036,-0.11264,1.304587,2.60108,3.522884,-0.003205,0.0,117.854874
-0.171582,0.392192,-0.473896,-0.826517,-0.826517,0.928181,0.520465,1.793172,3.094614,3.92875,-0.002377,-1.0,116.880783
-0.569046,0.553019,-0.697279,1.944602,1.944595,-1.032293,-1.477914,-0.401267,0.916492,1.675088,-0.001998,1.0,119.153641
1.459266,1.540334,-0.129709,-1.138093,-1.138093,0.14431,-0.244828,0.352929,1.634377,2.643215,-0.002622,-1.0,117.797562
-0.476264,0.250246,-0.758795,0.429671,0.429677,-0.258315,-0.536811,-0.294911,0.893201,1.974814,-0.002392,0.0,118.303711
0.225129,0.225129,-0.967233,-3.188567,-3.188575,2.446429,2.632373,2.672673,3.794717,4.951893,-0.003384,-1.0,114.531509
0.776442,0.776442,-0.219424,-1.200702,-1.200696,3.033164,3.641657,3.563731,4.616,5.796944,-0.005327,-1.0,113.156334
0.612865,0.680964,-0.110661,-0.852388,-0.852388,2.677897,3.893424,3.983083,5.003824,6.27851,-0.004781,-1.0,112.191803
-0.506927,0.650554,-0.642111,0.749062,0.749055,1.071311,2.718828,2.997637,3.705647,4.949648,-0.003983,1.0,113.032181
0.29686,0.551316,-0.161156,-0.388644,-0.388637,0.451226,2.62595,3.155777,3.684474,4.898723,-0.003777,0.0,112.592896
0.599518,0.599518,-0.428229,-0.966921,-0.966928,0.889006,3.058412,3.908876,4.317405,5.467971,-0.004393,-1.0,111.504204
-0.337983,0.571977,-0.892623,-1.17335,-1.173336,1.549521,3.675353,4.800524,5.146884,6.251139,-0.005276,-1.0,110.195885
-0.171766,0.635519,-0.171766,0.90996,0.909953,0.455168,2.025074,3.365965,3.79766,4.844379,-0.003992,1.0,111.198616
0.156522,0.17391,-0.356525,-1.23669,-1.236704,1.128708,2.576534,4.189578,4.787403,5.614273,-0.003741,-1.0,109.823418
-0.49591,0.287102,-0.565513,-0.052172,-0.052158,0.666431,1.852267,3.734698,4.525835,5.216979,-0.00349,0.0,109.766136
0.113495,0.48891,-0.453993,-0.348009,-0.348016,0.630352,1.73739,3.580704,4.599708,5.19749,-0.003972,0.0,109.384132
0.043459,0.365089,-0.078237,0.436529,0.436522,0.132135,0.995317,2.704577,3.872578,4.399872,-0.002521,0.0,109.861618
0.822572,0.822572,-0.557224,-1.721143,-1.721137,1.287813,2.373082,3.812731,5.16408,5.778178,-0.003298,-1.0,107.970749
-0.652714,0.152008,-1.090838,-1.079075,-1.079075,1.827614,2.906838,4.259069,5.806965,6.564029,-0.003411,-1.0,106.805664
0.259997,0.44827,-0.735162,-0.268236,-0.268236,1.491839,2.613414,3.801927,5.545548,6.467997,-0.003564,0.0,106.519173
-0.188729,0.413414,-0.449357,-0.242069,-0.242063,1.15035,2.369011,3.534945,5.256133,6.369013,-0.004988,0.0,106.26133
-0.223714,0.259509,-0.429533,0.431386,0.431386,0.127063,1.603574,2.688139,4.32796,5.56993,-0.00415,0.0,106.719727
-0.12397,0.531302,-0.416188,1.055928,1.055936,-0.942187,0.231104,1.346546,2.713617,4.03966,-0.003903,1.0,107.846619
-0.069519,0.182481,-0.556135,1.903836,1.903821,-2.22975,-1.634515,-0.736877,0.435352,1.816478,-0.002966,1.0,109.899826
0.829487,1.188644,-0.239437,1.616267,1.616268,-2.861294,-3.02805,-2.370446,-1.458867,-0.034889,-0.001904,1.0,111.676102
0.683747,0.683747,-0.034621,-1.197196,-1.197197,-0.945123,-1.766487,-1.25786,-0.454818,0.903932,-0.00327,-1.0,110.339119
0.38151,0.674299,-0.399252,-2.44937,-2.449371,1.712364,0.493305,1.062908,1.788222,3.093963,-0.00384,-1.0,107.636505
0.537044,1.237939,-0.118331,-2.528612,-1.172147,2.642009,1.535179,1.959251,2.722063,3.836188,-0.004536,-1.0,106.374847
1.38074,1.38074,-0.43317,0.864734,0.864735,1.276436,0.710275,0.928013,1.574034,2.554427,-0.002774,1.0,107.294708
1.345779,1.657052,-0.210568,-1.42586,-1.425857,1.623568,2.095709,2.135705,2.72049,3.56364,-0.002872,-1.0,105.764839
0.831674,1.699509,-0.216964,1.272544,1.272542,-0.256196,0.892126,0.710819,1.224664,1.985185,-0.001948,1.0,107.110741
0.26679,1.885927,-0.165593,-1.735677,-1.735681,1.052444,2.534739,2.197716,2.777758,3.486178,-0.003028,-1.0,105.25164
-0.318647,0.571697,-2.867852,-1.839926,-1.83992,2.354264,4.018046,3.8129,4.322704,5.082255,-0.003659,-1.0,103.315094
2.353519,2.836038,-0.09848,-4.826611,-4.826611,5.721315,8.116399,8.502902,9.028795,9.813237,-0.005338,-1.0,98.328476
0.423976,0.915402,-0.626327,2.195959,2.19597,2.399296,4.679806,5.771265,6.224334,6.971732,-0.003873,1.0,100.48774
0.363494,0.554813,-1.262675,0.73232,0.732306,0.491679,3.018271,4.670539,5.049008,5.787814,-0.00395,1.0,101.223618
0.603337,0.73741,-0.038308,-0.114791,-0.114791,-0.212598,2.490906,4.420774,4.736818,5.549832,-0.003462,0.0,101.107422
-0.444486,0.512126,-0.444486,-0.890634,-0.890635,0.06378,2.79641,4.850878,5.290634,6.059584,-0.003827,-1.0,100.206924
0.91842,1.113825,-0.21495,-1.101556,-1.101549,1.334634,3.1148,5.29243,6.074766,6.808201,-0.004154,-1.0,99.103096
-0.307307,0.105638,-0.825891,1.739129,1.739124,-0.330355,0.862387,2.775197,3.979235,4.627777,-0.003588,1.0,100.826622
0.512472,0.512472,-0.232062,-0.681839,-0.681841,0.137306,0.858638,2.801718,4.387391,4.976784,-0.003136,-1.0,100.139145
0.46083,0.7942,-0.284343,-1.382711,-1.382712,1.064812,1.614869,3.643499,5.447721,5.998775,-0.003268,-1.0,98.754509
0.529361,1.323399,-0.009805,0.019614,0.019615,0.754825,1.135182,3.110151,4.967774,5.605545,-0.003143,0.0,98.77388
0.324606,0.678727,-0.21641,-0.343102,-0.343097,0.965957,1.494189,2.865098,4.746799,5.628972,-0.003187,0.0,98.43499
0.601342,0.601342,-0.335177,-0.21641,-0.216407,0.654567,1.483627,2.576227,4.289085,5.52016,-0.003468,0.0,98.22197
1.080867,1.391113,-0.350278,-1.498427,-1.498438,1.485196,2.565058,3.422745,5.173295,6.732141,-0.004579,-1.0,96.750175
0.546395,1.166335,-0.294209,-4.753803,-4.753801,5.117165,6.712203,7.636866,9.582331,11.426822,-0.007474,-1.0,92.150864
-0.715515,0.332556,-1.471335,4.266056,4.266062,0.255967,1.916753,2.731023,4.563129,6.378006,-0.006322,1.0,96.082077
-2.243461,0.399925,-2.272722,3.315523,3.315523,-2.7936,-1.3373,-0.502666,0.803258,2.535782,-0.00436,1.0,99.2677
0.539408,0.639296,-0.409553,-2.350757,-2.350764,-0.719207,0.636303,1.64819,2.774451,4.395853,-0.004317,-1.0,96.934151
1.260289,1.443235,-0.233759,-1.718112,-1.718119,0.705366,1.884349,3.008447,3.9496,5.5881,-0.004554,-1.0,95.268707
1.109721,1.235343,-0.387348,-2.916965,-2.916956,3.804441,4.26822,5.482276,6.382961,8.105532,-0.006198,-1.0,92.489761
0.674536,1.064505,-0.347801,-0.670017,-0.670026,3.587697,4.220079,5.588826,6.477669,8.203217,-0.00587,-1.0,91.870056
1.122878,1.91737,-0.042374,-0.505897,-0.505888,2.394061,3.980929,5.564263,6.640358,8.058049,-0.006643,-1.0,91.405296
0.021161,0.423283,-0.50794,0.10593,0.105938,1.098402,3.136498,4.773184,6.0365,7.320204,-0.005842,0.0,91.502129
0.984167,1.305086,-0.288836,-1.079362,-1.079372,1.151046,3.572954,5.20753,6.601946,7.757808,-0.005512,-1.0,90.514481
-0.964156,0.010482,-1.079437,2.075305,2.07531,-0.926431,1.493396,2.609515,3.963005,5.01027,-0.002511,1.0,92.392937
-0.689145,0.265055,-1.092026,-1.152796,-1.152796,0.110263,2.156484,3.262649,4.689352,5.709921,-0.003967,-1.0,91.327835
-1.244726,0.200417,-1.677219,0.508909,0.508901,-0.312232,0.824895,2.257386,3.761078,4.889876,-0.004064,0.0,91.792603
0.938719,0.938719,-0.073832,0.010543,0.010547,-0.257353,0.25525,1.780406,3.258626,4.500373,-0.004009,0.0,91.802284
-0.074675,0.394712,-0.437376,-1.128573,-1.128566,0.93663,0.903559,2.502663,3.920948,5.232341,-0.004113,-1.0,90.766235
-0.42749,0.22443,-1.13284,-0.181351,-0.181357,0.724592,0.878488,2.5749,3.659828,4.95971,-0.003713,0.0,90.601624
-0.323768,0.636732,-0.507233,-0.97253,-0.972529,1.355489,1.629611,3.109571,4.173318,5.522983,-0.004892,-1.0,89.720497
1.598759,1.598759,-0.932605,-2.795169,-2.795173,3.219722,4.071283,5.153032,6.525484,8.011995,-0.00581,-1.0,87.212654
1.272419,1.723545,-0.127242,-4.0191,-4.019084,5.607859,7.497967,8.502786,10.119134,11.716821,-0.006957,-1.0,83.707504
2.537269,2.861949,-0.024056,-3.80566,-3.80567,7.241458,10.509854,11.574468,13.468006,15.16209,-0.00862,-1.0,80.521873
-1.753057,4.679025,-2.459333,-4.653683,-4.65368,8.873752,13.869335,15.655604,18.004785,19.637778,-0.010494,-1.0,76.774643
4.700094,5.015115,-0.302417,0.088284,0.088274,5.425913,11.883825,14.249837,16.648819,18.390629,-0.010362,0.0,76.842415
0.328503,0.620507,-2.64023,3.566029,3.566034,-0.121668,6.497139,9.325545,11.395543,13.366586,-0.00816,1.0,79.582642
-3.456188,1.159722,-3.456188,5.961788,5.961793,-5.59421,-0.381213,2.607266,4.380526,6.329085,-0.003501,1.0,84.327194
-0.563771,0.634251,-0.951371,-2.23906,-2.239052,-2.966885,0.89029,4.304274,5.99306,8.069991,-0.006329,-1.0,82.439064
0.215466,0.790036,-2.082832,-1.879255,-1.879264,-0.090975,1.621977,5.35392,7.306078,9.582951,-0.008588,-1.0,80.889816
2.096739,2.649865,-0.43735,-6.942785,-6.942784,6.946233,7.28454,11.792299,14.209545,16.652944,-0.010584,-1.0,75.273811
0.345893,0.345893,-2.267483,0.411629,0.411624,5.44966,5.306181,9.904352,12.694727,14.921346,-0.009658,0.0,75.583656
-0.229504,2.244042,-0.357004,0.473997,0.473993,2.743855,3.786823,7.993547,11.138601,13.273497,-0.008184,0.0,75.941917
2.277684,2.277684,-0.436443,-6.515364,-6.515362,6.680307,9.678128,13.663398,17.509551,19.800331,-0.010725,-1.0,70.994026
-0.039214,0.274508,-1.058821,4.337152,5.747706,-0.667285,3.490338,6.106637,9.969141,12.360934,-0.008006,1.0,75.074554
3.462074,3.978806,-0.206697,1.189548,1.189554,-1.652355,2.158581,3.652371,7.665405,10.202725,-0.007535,1.0,75.967606
-0.181842,1.143012,-0.844268,-0.542573,-0.542592,-1.123293,2.182893,3.189267,7.178254,9.964825,-0.007302,-1.0,75.555412
0.08061,0.2284,-0.738953,-3.325105,-3.325097,1.483812,4.152584,5.765082,9.580495,12.736169,-0.00965,-1.0,73.043121
0.230631,0.312038,-1.04463,-0.967353,-0.967348,2.846288,3.773343,6.043817,9.376988,12.832185,-0.009569,-1.0,72.33654
-1.037462,0.646721,-1.199136,0.691903,0.691899,1.525195,1.954681,4.954739,7.405934,10.982911,-0.00949,1.0,72.837036
-1.093328,0.429522,-1.561896,3.516574,3.516578,-2.074717,-1.492312,1.261627,2.80747,6.367612,-0.007965,1.0,75.398407
-0.54219,1.798466,-0.87279,-1.574904,-1.574917,-0.870135,-0.101048,2.39937,3.576513,7.12196,-0.008159,-1.0,74.210945
1.250687,1.644914,-0.489398,-2.724154,-2.724145,1.669389,2.17673,4.146068,5.679329,9.035088,-0.009265,-1.0,72.189331
0.461774,0.719825,-0.624744,0.095159,0.095159,1.551001,2.25452,3.107734,5.007031,7.906868,-0.008801,0.0,72.258026
0.040852,0.939417,-0.953025,-0.244466,-0.244461,1.590196,2.089857,2.545736,4.938809,7.143564,-0.007692,0.0,72.081383
2.06955,2.154018,-0.183017,-3.294756,-3.294761,3.418273,4.669858,5.507028,8.002232,9.645486,-0.007377,-1.0,69.706474
-1.217808,0.181968,-1.959688,0.577225,0.57723,1.654527,3.292266,4.380903,6.706739,8.040368,-0.005471,1.0,70.108841
1.794795,2.063311,-0.056531,-0.951848,-0.951846,1.840015,3.766244,4.759931,6.660369,8.256872,-0.003862,-1.0,69.441513
1.069052,1.069052,-0.520081,-2.176372,-2.176374,2.831549,5.426173,6.78994,7.965418,9.923917,-0.004846,-1.0,67.930206
-0.842073,0.605697,-0.842073,-2.210342,-2.21035,3.453985,6.844439,8.336043,9.317304,11.785559,-0.007358,-1.0,66.428711
-0.071729,1.377342,-1.66427,2.969412,2.969412,0.088963,2.740323,4.474421,5.662462,8.068283,-0.008659,1.0,68.401253
0.383857,1.151558,-1.393226,0.91822,0.91822,-1.134482,1.054884,2.893573,4.226326,6.47348,-0.007286,1.0,69.029327
-3.182877,0.109757,-3.690495,3.625253,3.625253,-4.008779,-2.572366,-0.846935,0.271783,2.033077,-0.004893,1.0,71.531815
-0.667856,0.340739,-0.872291,0.658532,0.658534,-3.505526,-3.245198,-1.526513,-0.314164,0.785785,-0.001588,1.0,72.002876
-1.456567,0.423728,-1.509534,2.930345,2.930355,-4.179032,-5.72564,-4.215224,-3.217033,-2.449282,-0.000493,1.0,74.112816
1.660795,2.74283,-1.48465,5.243652,5.243648,-6.492206,-9.359593,-8.765315,-7.908916,-7.169881,0.001581,1.0,77.999031
-2.530235,0.086397,-3.727471,1.937587,1.937587,-5.633175,-9.900025,-10.055131,-9.41064,-8.736815,0.005256,1.0,79.51033
2.247475,2.509679,-0.374572,-1.147866,-1.147868,-2.739413,-7.688847,-8.467138,-8.005366,-7.541913,0.002258,-1.0,78.597656
1.432624,1.852538,-0.666915,1.09877,1.098773,-1.919232,-7.240959,-8.857606,-8.556878,-8.120544,0.002219,1.0,79.461266
1.097093,1.853712,-0.20177,-2.06249,-2.062497,1.099623,-3.823457,-6.446407,-6.310846,-6.04439,0.001558,-1.0,77.82238
0.395744,1.434573,-0.371015,1.967211,1.967219,-0.509528,-4.298794,-7.44085,-7.869163,-7.686379,0.003859,1.0,79.353317
-0.575336,0.0,-2.888653,3.178332,3.17833,-2.996525,-5.677815,-9.333975,-10.239126,-10.221267,0.005661,1.0,81.875427
-0.488273,0.095275,-1.941175,0.64725,0.647239,-2.696193,-4.964861,-8.868241,-10.196493,-10.344165,0.005642,1.0,82.405357
0.168958,0.856866,-0.675836,-1.321901,-1.321901,-0.936514,-2.546457,-6.549999,-8.436514,-8.701419,0.003538,-1.0,81.31604
0.414225,1.011211,-0.377686,-0.941346,-0.941336,0.682257,-0.821154,-4.493183,-7.040696,-7.450785,0.003814,-1.0,80.550583
2.405585,2.455433,0.0,-2.253897,-2.253899,2.846811,1.559264,-1.415933,-4.323823,-5.147206,0.004018,-1.0,78.735054
-1.514779,0.171022,-1.514779,2.031656,2.031655,0.415342,-0.360371,-2.440752,-5.592475,-6.731005,0.00486,1.0,80.334679
0.279199,0.582671,-1.031801,0.635226,0.635236,-0.60452,-0.711342,-2.288586,-5.483132,-6.891484,0.005243,1.0,80.844994
1.085175,1.312304,-0.189277,-3.799462,-3.799467,2.410094,2.993057,2.065192,-1.117355,-2.930477,0.005023,-1.0,77.773315
-0.318796,0.408059,-0.663091,-1.047321,-1.047331,2.560581,3.970935,3.392001,0.613372,-1.649571,0.004317,-1.0,76.958771
-0.98497,1.553221,-1.780532,0.981898,0.981904,1.300667,2.749082,2.362249,0.234244,-2.193714,0.005158,1.0,77.714432
1.355542,1.355542,-0.877872,-2.184623,-2.184625,2.427063,4.273176,4.34203,2.932485,0.301578,0.005154,-1.0,76.016663
-0.597727,0.610459,-1.144594,1.510454,1.510449,-0.050863,2.042488,2.66566,1.765877,-0.790528,0.006772,1.0,77.164856
-0.855899,0.1022,-1.405211,-0.44512,-0.445109,0.14818,1.913641,2.895586,2.534489,0.11599,0.005287,0.0,76.821388
-2.054714,1.058863,-2.155551,1.341343,1.341348,-0.94795,0.218066,1.536188,1.417486,-0.622223,0.005471,1.0,77.85183
1.319101,1.545231,-0.879392,0.340345,0.34034,-1.180905,-0.201006,1.086264,1.081029,-0.46181,0.004043,0.0,78.116791
0.177102,1.012011,-0.354214,-0.690949,-0.690951,-0.091084,0.137884,1.420194,1.659705,0.67147,0.003456,-1.0,77.577042
-0.103713,0.324128,-1.076098,-2.42885,-2.428853,2.00701,1.94996,3.353652,3.998451,3.397388,0.001126,-1.0,75.69281
1.365503,2.0814,-0.384464,-2.204067,-2.204056,3.550306,3.741208,5.026285,5.975067,5.836926,-0.002112,-1.0,74.024498
0.896449,0.896449,-0.414769,-0.914758,-0.914771,3.278038,4.20659,5.341191,6.648389,6.772285,-0.003352,-1.0,73.347343
2.053388,2.505125,-0.424374,-2.261165,-2.26117,3.874063,5.77687,7.12298,8.581114,8.890354,-0.003836,-1.0,71.688835
1.559113,2.453902,-0.406729,0.971936,0.971946,1.439799,4.257046,5.359721,6.880418,7.448477,-0.003891,1.0,72.385612
1.439954,1.439954,-0.433382,-3.023323,-3.023326,3.036491,6.514753,7.633164,9.342936,10.31959,-0.004309,-1.0,70.197159
-2.132923,0.178898,-2.889773,1.593736,1.593738,0.660519,4.071834,5.34104,6.926519,8.132106,-0.004472,1.0,71.315918
1.303618,1.331658,-0.182222,-1.830194,-1.830197,1.583969,4.892073,6.643312,8.167235,9.701718,-0.006649,-1.0,70.010696
-0.199572,0.327862,-1.482539,-1.66806,-1.668064,2.4804,5.324307,7.593255,9.28368,10.951963,-0.007656,-1.0,68.842873
-0.282242,0.395143,-0.522161,1.012115,1.012115,0.635056,3.113183,5.894256,7.412508,9.130684,-0.006641,1.0,69.539642
-0.055503,1.248787,-0.416266,1.707591,1.707594,-0.904677,0.679895,3.509553,4.893855,6.637993,-0.005489,1.0,70.727097
0.6218,0.994878,-0.165819,0.416266,0.416262,-1.398371,-0.160288,2.536044,3.983696,5.616142,-0.004328,0.0,71.021507
-1.601188,0.995692,-1.601188,2.694482,2.694488,-3.183532,-2.836384,-0.603696,0.979548,2.427342,-0.00404,1.0,72.935173
-0.779258,0.618029,-1.115144,0.148009,0.148005,-2.17654,-2.79457,-1.213666,0.51055,1.964265,-0.004252,0.0,73.043121
2.30507,2.30507,-0.042685,-5.57571,-5.575706,3.434832,2.450198,3.787706,5.934833,7.326125,-0.005024,-1.0,68.970451
0.182554,0.407248,-0.63193,1.323278,1.323283,1.842434,1.067261,1.878009,4.03033,5.297005,-0.003994,1.0,69.883125
-0.165362,0.564976,-0.785449,1.909846,1.909852,-0.011033,-0.840579,-0.29398,1.687326,2.955481,-0.00359,1.0,71.217789
1.643225,2.172406,-0.334213,-1.047267,-1.04728,0.348147,0.27434,0.489259,2.239944,3.676931,-0.003096,-1.0,70.471939
0.748753,1.4559,-0.457573,0.431702,0.431704,-0.723795,0.116469,-0.02866,1.281888,2.839154,-0.003565,0.0,70.776169
0.169151,0.436986,-1.198204,-1.636163,-1.636151,1.113608,1.793051,1.369218,2.394967,4.182111,-0.004083,-1.0,69.618164
2.930776,2.930776,-0.559654,-4.285311,-4.28533,4.665694,5.736383,5.551306,6.299711,8.214439,-0.006529,-1.0,66.634796
-1.164678,0.914042,-1.503765,-0.103093,-0.103092,3.376092,5.176181,5.184534,5.849185,7.709868,-0.006722,0.0,66.566101
-0.029805,2.101661,-0.87941,-1.090972,-1.090962,3.109261,5.258612,5.922396,6.446567,8.168136,-0.006896,-1.0,65.83989
0.589033,1.193175,-0.664555,-1.311666,-1.31167,2.69446,5.416104,6.933497,7.344814,8.796861,-0.00641,-1.0,64.976288
1.408452,1.533638,-0.422537,-3.488894,-3.488893,4.203436,8.228479,10.073027,10.453829,11.781529,-0.006969,-1.0,62.709335
-0.74212,0.154606,-1.669762,1.220654,1.220662,1.951136,5.913722,7.983912,8.592291,9.663565,-0.00604,1.0,63.474804
-0.934572,0.407002,-1.492309,2.566475,2.566459,-1.04913,2.324402,4.675925,5.397963,6.371433,-0.003941,1.0,65.103859
0.413649,0.871616,-1.270498,2.034981,2.034982,-2.845323,-0.325009,1.935295,3.026298,3.833359,-0.003479,1.0,66.428711
1.790865,2.261342,-0.273183,-2.659186,-2.659177,-0.288362,1.452418,3.855919,5.517526,6.235237,-0.003321,-1.0,64.662254
-1.395141,0.435033,-1.950199,1.168622,1.168617,-0.612066,-0.361542,2.294225,3.983643,4.582052,-0.003505,1.0,65.417908
-0.825212,0.750188,-1.080273,-0.015004,-0.014999,-0.006009,-0.534141,1.853457,3.592641,4.304868,-0.002716,0.0,65.408096
-1.160345,0.210969,-1.295963,-0.43511,-0.435125,0.43702,-0.320968,1.674712,3.592535,4.380358,-0.00218,0.0,65.123489
-3.408124,0.0426,-3.408124,6.118139,6.118149,-4.578241,-5.594998,-4.318845,-2.656912,-1.689858,4e-05,1.0,69.107841
0.344034,0.960433,-0.602073,-0.937228,-0.937227,-2.565943,-4.19295,-3.639147,-2.070674,-0.782114,-0.00111,-1.0,68.460144
0.0,1.047351,-0.191764,-2.823969,-2.823973,0.598909,-0.83493,-1.148645,0.591535,1.920049,-0.002519,-1.0,66.526848
0.536195,1.117069,-0.059578,-0.958846,-0.95884,1.718793,0.491508,-0.267106,1.262286,2.613046,-0.004107,-1.0,65.888962
1.079529,1.140338,0.0,-2.040515,-2.040516,3.658205,2.498102,1.601543,2.854647,4.349098,-0.005059,-1.0,64.544487
-0.487878,0.548866,-0.899521,-0.273683,-0.273689,2.469897,2.459226,1.727915,2.662763,4.103075,-0.002754,0.0,64.367836
