-0.081909,0.382251,-0.696248,0.301247,0.732302,1.076821,2.209862,2.630138,3.120298,2.735268,-0.000447,1.0,66.144707
0.39808,0.974605,-0.384349,-0.546078,-0.546074,1.020313,2.189228,2.840383,3.481693,3.251962,-0.00031,-1.0,65.783508
0.581876,1.288447,-0.110837,-0.919695,-0.919688,1.271078,2.504616,3.393099,4.138759,4.103334,-0.000981,-1.0,65.178505
-1.609823,0.0,-2.046385,1.551681,1.551654,-0.600947,0.671471,1.626299,2.277591,2.503184,-0.001168,1.0,66.18985
0.148791,0.568102,-0.865682,0.859477,0.859487,-1.119974,-0.338912,0.668487,1.203841,1.629566,-0.001046,1.0,66.758743
1.105045,1.487034,-0.259211,-0.852153,-0.852163,-0.256473,0.375706,1.341278,1.855988,2.388679,-0.001834,-1.0,66.18985
1.301793,1.637737,-0.181976,-2.537518,-2.537498,1.945678,2.479902,3.452634,4.139009,4.808404,-0.003333,-1.0,64.510284
1.67724,1.747717,-0.098661,-0.685897,-0.685897,2.303025,2.664881,3.622115,4.464916,5.215912,-0.003441,-1.0,64.06781
-1.863094,0.151809,-2.014903,2.128262,2.128253,-0.060721,0.245309,1.205432,2.088124,2.758454,-0.002273,1.0,65.431335
1.270955,1.508383,-0.069825,-1.186863,-1.186852,0.488821,1.29329,2.099099,3.080519,3.695519,-0.002914,-1.0,64.654762
-0.957587,0.451439,-0.957587,2.094972,2.094961,-1.627901,-0.805741,-0.109083,0.806929,1.382146,-0.001901,1.0,66.009254
-1.321472,0.593304,-1.483287,1.450077,1.4501,-2.300452,-2.046949,-1.619361,-0.831435,-0.20454,-0.000603,1.0,66.966454
1.171662,1.893732,0.0,-1.024814,-1.024846,-0.621241,-0.866476,-0.715035,-0.032797,0.658167,-0.000813,-1.0,66.280151
0.651514,0.942613,-0.457445,-1.716625,-1.716598,1.025775,0.704174,0.801899,1.497201,2.237915,-0.001831,-1.0,65.142387
-0.068657,0.411911,-1.400527,0.956478,0.956439,0.406448,-0.400913,-0.142778,0.382719,1.153014,-0.00238,1.0,65.765434
0.842221,1.038749,-1.389666,-2.183172,-2.183165,2.125229,1.532866,1.897829,2.405539,3.17617,-0.003138,-1.0,64.329666
-0.069351,1.248442,-0.305164,1.193147,1.193171,0.34678,0.425854,0.626066,0.990877,1.682258,-0.001773,1.0,65.097229
1.127984,1.281166,-0.278509,-0.388401,-0.388413,0.295225,0.937201,0.984084,1.186287,1.803566,-0.001827,0.0,64.844383
0.26415,0.848048,-0.111222,0.16711,0.16712,0.069499,0.695115,0.688627,0.839525,1.448725,-0.001339,0.0,64.952751
0.209313,0.86519,-0.083737,-0.375359,-0.375393,0.120026,1.082911,0.856845,1.14571,1.64135,-0.001933,0.0,64.708923
-0.810658,0.769438,-1.140426,1.562929,1.562927,-0.997506,-0.516599,-0.742849,-0.443087,-0.008552,-0.001011,1.0,65.720276
0.96405,0.96405,-0.495801,-0.233578,-0.23356,-0.622506,-0.497176,-0.40306,-0.226546,0.08961,-0.001014,0.0,65.56678
-0.712237,0.178054,-1.602528,0.55089,0.55091,-0.838262,-1.095759,-0.760641,-0.716355,-0.549124,0.00026,1.0,65.927994
-0.904303,0.391417,-1.498169,1.479241,1.479243,-1.700648,-2.274274,-2.060564,-2.110278,-2.020387,0.000584,1.0,66.903229
-0.2273,0.574943,-0.641801,0.944804,0.944778,-1.783655,-2.926856,-2.692864,-2.968969,-2.82657,0.001233,1.0,67.535316
-1.711521,0.326627,-1.711521,2.339885,2.339881,-3.046761,-4.453871,-4.618053,-4.975816,-4.87639,0.00265,1.0,69.115562
0.249413,0.472566,-0.288791,-0.470344,-0.470311,-1.651366,-3.465496,-3.990568,-4.215689,-4.25205,0.001771,0.0,68.790504
0.587244,0.769939,-0.809076,0.590702,0.590661,-1.284071,-3.403346,-4.273326,-4.407518,-4.581992,0.001654,1.0,69.196823
-0.546588,0.052058,-0.650703,0.274043,0.274076,-0.838116,-3.028381,-4.1272,-4.38379,-4.658516,0.002143,0.0,69.386475
-0.233707,0.376527,-0.817967,0.234254,0.234237,-0.490777,-2.55907,-3.988569,-4.25538,-4.720842,0.003349,0.0,69.549004
0.875595,1.319919,-0.757965,-0.649182,-0.649183,0.154214,-1.433604,-2.901196,-3.406291,-3.929943,0.003365,-1.0,69.097504
-1.095218,0.206154,-1.095218,1.424469,1.424462,-0.883905,-2.17368,-3.790742,-4.540644,-4.961206,0.003059,1.0,70.081772
-0.917432,0.471451,-0.917432,1.120992,1.121029,-1.511239,-2.56119,-4.290718,-5.275257,-5.631014,0.004062,1.0,70.867409
-1.849165,0.978976,-2.235919,5.428128,5.42808,-5.155893,-6.532494,-8.347416,-9.511706,-9.992728,0.005511,1.0,74.714149
-1.7301,1.443741,-1.897145,1.293208,1.29322,-4.746445,-6.649558,-8.551081,-10.011924,-10.559113,0.005443,1.0,75.680367
0.347016,1.076943,-0.20342,-0.28636,-0.286344,-2.785698,-5.540275,-7.427713,-9.015804,-9.801132,0.005764,0.0,75.463661
1.062167,1.146657,-0.627636,-0.861556,-0.861576,-0.675908,-3.914293,-5.799223,-7.575728,-8.597694,0.006136,-1.0,74.813484
-0.060558,0.859875,-0.666105,-0.337958,-0.337958,0.651571,-2.869072,-4.707916,-6.610745,-7.843517,0.005573,0.0,74.560646
0.439498,0.439498,-0.92785,-0.799317,-0.799298,1.259905,-1.467479,-3.30364,-5.249067,-6.623868,0.006175,-1.0,73.964684
-0.049293,0.45594,-0.431299,-0.92785,-0.927828,1.552653,-0.035767,-1.87557,-3.776987,-5.339278,0.005253,-1.0,73.278419
0.061406,0.552618,-0.233332,0.345038,0.345017,0.677879,0.223499,-1.812607,-3.576698,-5.164197,0.005571,0.0,73.531242
0.811504,0.983641,-0.270504,-0.122802,-0.122827,0.427905,0.804147,-1.269712,-2.922032,-4.593127,0.005445,0.0,73.440926
-1.436272,0.179526,-1.436272,2.729621,2.729644,-2.005985,-1.267515,-3.340922,-4.870745,-6.566137,0.006795,1.0,75.445602
0.72385,0.844489,-0.410177,-0.789951,-0.789933,-0.989274,-0.463283,-2.084711,-3.58248,-5.293301,0.005772,-1.0,74.849632
-0.024124,0.144774,-1.134035,0.0,0.0,-0.569442,-0.57427,-1.612598,-3.093879,-4.751377,0.005874,0.0,74.849632
0.620289,0.900022,-0.145954,-0.808298,-0.808302,0.432976,0.071746,-0.348673,-1.958786,-3.51595,0.005283,-1.0,74.244621
0.727941,0.925355,-0.789635,-1.423009,-1.423014,1.813695,1.294256,1.372803,-0.243075,-1.706615,0.004021,-1.0,73.18811
0.418561,0.984853,-0.135418,0.222085,0.222081,1.016871,0.904838,1.373868,-0.180977,-1.519646,0.003707,0.0,73.350647
0.807555,1.292087,-0.285745,-0.911,-0.910995,1.349241,1.656108,2.119514,0.963467,-0.296194,0.002293,-1.0,72.682426
-0.274145,0.598135,-0.560744,-0.298171,-0.298195,0.994413,1.847994,2.129197,1.466681,0.274156,0.002368,0.0,72.465691
-1.88519,0.340549,-1.994647,2.45483,2.454858,-1.425453,-0.496238,-0.42732,-0.617868,-1.852119,0.003179,1.0,74.244621
0.170398,0.705932,-0.206921,-0.072971,-0.07297,-1.083265,-0.322551,-0.410595,-0.268396,-1.489309,0.003028,0.0,74.190445
-0.451268,0.402491,-0.622021,-0.206921,-0.206957,-0.692743,-0.306104,-0.251221,0.152481,-1.023517,0.002836,0.0,74.036903
0.0,0.500493,-0.244137,-0.085376,-0.085366,-0.25878,-0.339339,-0.165185,0.188002,-0.690906,0.003081,0.0,73.973701
1.05708,1.853001,-0.1368,-1.843254,-1.843267,1.654038,1.223748,1.64824,1.857997,1.342636,0.00166,-1.0,72.610168
-0.186061,0.694613,-0.582983,0.26116,0.261181,0.992302,0.761596,1.316465,1.4097,1.282062,0.001287,0.0,72.799812
0.262335,1.099309,-0.062465,-0.707021,-0.707031,1.184256,1.35416,1.931305,1.956913,2.12518,-0.001381,-1.0,72.285095
-1.751614,0.523051,-2.067871,2.698308,2.698345,-1.420776,-1.189659,-0.85555,-0.743844,-0.376618,-0.00077,1.0,74.235596
1.028534,1.028534,-0.391821,-0.656856,-0.656892,-0.830158,-0.391808,-0.299561,-0.102221,0.229722,-0.000931,-1.0,73.747948
-0.08547,0.757015,-0.195365,0.281626,0.281628,-0.744803,-0.470079,-0.660145,-0.336986,-0.145045,-0.000434,0.0,73.955643
-0.086239,1.182702,-0.307996,-0.891336,-0.891318,0.283351,0.295668,0.147012,0.543302,0.634715,-0.000675,-1.0,73.296463
-1.548135,0.786166,-1.741657,1.860296,1.860288,-0.911948,-1.473154,-1.550556,-1.211292,-1.211414,0.000482,1.0,74.659988
1.348038,1.6054,-0.147053,-1.306243,-1.306245,0.25,-0.216911,-0.217317,-0.023277,0.048537,0.000317,-1.0,73.684746
0.765995,0.815414,-0.321228,-0.808819,-0.42749,0.577305,0.129168,0.273528,0.305098,0.445636,-1.9e-05,0.0,73.369751
-0.885703,0.497457,-0.897838,1.82851,1.828503,-1.026438,-1.387585,-1.32667,-1.505306,-1.281318,0.00083,1.0,74.711319
-0.905141,0.760315,-1.206855,0.533855,0.533864,-1.06907,-1.603649,-1.773829,-1.970723,-1.721457,-0.000125,0.0,75.110176
-1.17549,0.391833,-1.448588,1.641323,1.641317,-2.225718,-2.661033,-3.172027,-3.347088,-3.156418,0.000932,1.0,76.342972
-0.493303,0.916137,-1.667839,1.092375,1.092408,-2.377284,-3.331764,-3.947112,-4.143631,-4.11318,0.001407,1.0,77.176949
-1.469054,0.347025,-1.469054,1.53864,1.538621,-2.581841,-4.207482,-5.029078,-5.233613,-5.386752,0.002428,1.0,78.36441
-0.863061,0.0,-1.657081,0.520538,0.520544,-2.055244,-4.092072,-4.999367,-5.324051,-5.677513,0.003273,0.0,78.772331
-0.275709,0.068924,-0.987939,0.172613,0.172594,-1.261334,-3.546135,-4.646967,-5.191662,-5.603618,0.003251,0.0,78.908287
0.311846,0.692998,-0.669903,-0.539921,-0.539899,-0.180186,-2.535531,-3.602945,-4.403589,-4.82138,0.003412,-1.0,78.482262
-0.288284,0.219099,-0.738006,0.161699,0.161682,0.02307,-2.066417,-3.387639,-4.26708,-4.707441,0.003612,0.0,78.609154
0.413794,0.701151,-0.471269,0.322877,0.322862,-0.172395,-1.685039,-3.266163,-4.265186,-4.700633,0.002685,0.0,78.862953
-0.888989,0.547074,-1.230903,0.850572,0.850588,-0.822884,-1.907904,-3.614463,-4.637367,-5.148926,0.003087,1.0,79.533752
-1.472735,0.595847,-2.259691,1.379073,1.379069,-1.744794,-2.557606,-4.319207,-5.448998,-6.122393,0.003777,1.0,80.630577
0.056307,1.047415,-0.078838,-0.179872,-0.179876,-1.069939,-1.867317,-3.664256,-4.769181,-5.64037,0.003735,0.0,80.485542
1.875572,2.104297,0.0,-1.52044,-1.520437,0.622137,-0.089201,-1.707834,-2.981837,-3.919862,0.003876,-1.0,79.26181
0.137871,0.942096,-0.011491,-0.457458,-0.457464,1.093754,0.437739,-0.788899,-2.209529,-3.228599,0.003563,0.0,78.899216
-0.557395,0.693883,-1.524291,0.999544,0.999547,0.13195,-0.44136,-1.354412,-2.817651,-3.831032,0.004305,1.0,79.687851
-0.835495,0.756462,-1.196791,0.750763,0.750782,-0.700024,-1.011642,-1.659713,-3.106544,-4.174689,0.003459,1.0,80.286133
-0.06755,0.472811,-0.450301,0.293555,0.29354,-0.98165,-1.048071,-1.601557,-3.026143,-4.045984,0.003872,0.0,80.521805
-0.574197,0.315242,-0.788107,-0.01126,-0.011275,-0.659746,-0.800482,-1.31425,-2.591177,-3.723306,0.003744,0.0,80.512726
-0.984612,0.588497,-1.358077,-0.5179,-0.517873,0.15617,-0.130161,-0.656415,-1.664223,-2.905108,0.003907,-1.0,80.095772
-1.190348,0.606393,-1.201572,0.780899,0.780888,-0.363841,-0.756881,-1.265209,-2.053902,-3.322178,0.003438,1.0,80.72123
-0.946019,0.055653,-1.22426,0.898366,0.898377,-0.966061,-1.540352,-1.936568,-2.53701,-3.782716,0.004396,1.0,81.446411
0.212427,0.603758,-0.491952,-0.456312,-0.456322,-0.375671,-1.016324,-1.273854,-1.79841,-3.025156,0.004383,0.0,81.074753
-0.499949,0.511053,-1.1221,0.637299,0.637314,-0.742149,-1.357641,-1.655388,-2.149775,-3.251652,0.003866,1.0,81.591454
-0.011202,0.907153,-0.313584,-0.799912,-0.799927,0.266552,-0.310222,-0.69138,-1.201701,-2.097433,0.003286,-1.0,80.938782
1.569079,1.660042,-0.125072,-1.500732,-1.500734,1.544069,1.213198,0.837603,0.363281,-0.354284,0.00192,-1.0,79.724106
1.045492,1.194854,-0.850182,-1.034674,-1.034681,1.960027,2.095597,1.745566,1.412003,0.879606,0.000995,-1.0,78.899216
-1.621558,0.022371,-1.699839,2.734372,2.734377,-0.758214,-0.555798,-0.915524,-1.128378,-1.572794,0.001515,1.0,81.056618
-1.077532,0.299938,-1.666296,0.67099,0.671011,-1.417478,-1.085325,-1.38489,-1.604102,-2.01201,0.00158,1.0,81.600517
-2.018203,0.142596,-2.116924,1.277495,1.277476,-2.248545,-2.024784,-2.326784,-2.616537,-3.040908,0.00206,1.0,82.642944
0.0,0.79523,-1.005085,-0.691014,-0.691025,-0.996236,-1.178473,-1.453489,-1.784284,-2.205423,0.001995,-1.0,82.071861
-1.356043,0.238666,-1.442831,1.811353,1.811353,-1.64243,-2.683869,-2.945675,-3.356465,-3.722705,0.002712,1.0,83.558472
0.437495,0.459366,-0.787489,-0.813626,-0.81361,-0.395937,-1.667947,-1.959973,-2.419341,-2.720774,0.002218,-1.0,82.878632
-0.946909,0.946908,-1.063943,2.799954,2.799936,-2.264063,-3.922747,-4.263559,-4.72868,-5.060951,0.003065,1.0,85.199181
0.684638,1.52974,-0.609755,-0.542606,-0.542606,-1.236627,-2.950358,-3.376114,-3.864454,-4.265716,0.00223,-1.0,84.736885
-1.132755,0.465809,-1.238617,1.048348,1.048356,-1.431295,-3.268048,-3.996748,-4.515133,-4.974375,0.002764,1.0,85.625229
0.894013,0.980185,-0.236959,-1.715015,-1.714995,0.430835,-0.955421,-2.106862,-2.619033,-3.148653,0.002679,-1.0,84.156761
-0.04308,0.646202,-0.581583,0.010773,0.010761,0.725898,-0.596664,-1.872556,-2.413033,-2.984168,0.002883,0.0,84.165817
-0.462864,0.409039,-0.527447,0.053855,0.053863,0.437018,-0.340166,-1.71799,-2.245975,-2.801304,0.002472,0.0,84.211151
-0.15078,0.312333,-0.786209,-0.053826,-0.053834,0.355415,-0.105549,-1.409444,-1.951535,-2.498653,0.002122,0.0,84.165817
-0.808513,0.01064,-1.180852,1.238559,1.238531,-0.970188,-0.959554,-2.186504,-2.887743,-3.432317,0.002533,1.0,85.208237
0.585857,0.948019,-0.553894,-0.127663,-0.127646,-0.622064,-0.651889,-1.575763,-2.54899,-3.082649,0.002482,0.0,85.099472
0.170717,0.778912,-0.480158,-0.170426,-0.170411,-0.266763,-0.237954,-1.101874,-2.154299,-2.708502,0.002633,0.0,84.954453
1.021502,1.182794,-0.935487,-0.768247,-0.768261,0.526882,0.427962,-0.122577,-1.236017,-1.775477,0.00196,-1.0,84.301781
-0.117634,0.224574,-0.727195,0.548389,0.548391,0.119769,-0.116563,-0.500481,-1.549031,-2.090897,0.001808,0.0,84.764084
0.627776,0.779307,-0.573653,-1.197736,-1.197737,0.984959,0.87023,0.839201,-0.115267,-0.759383,0.001485,-1.0,83.748833
-0.171622,0.697194,-0.675753,0.909194,0.9092,-0.064361,0.003213,0.005716,-0.683261,-1.508531,0.001603,1.0,84.510277
1.738185,1.890275,-0.228144,-1.265687,-1.265685,0.853877,1.198255,1.332602,0.732748,-0.132542,0.001401,-1.0,83.440643
-2.047124,0.106619,-2.111102,1.890275,1.890281,-0.848712,-0.584295,-0.561548,-0.935079,-1.824085,0.002875,1.0,85.017906
-0.095882,1.00138,-0.38351,0.085299,0.085288,-0.856502,-0.560352,-0.618586,-0.875681,-1.712583,0.003362,0.0,85.090416
1.608874,1.71758,-0.760949,-2.002775,-2.002785,1.082742,1.253411,1.233482,1.228951,0.471804,0.001303,-1.0,83.386238
-1.525567,0.021483,-2.470996,1.184916,1.184929,-0.133221,-0.018267,0.065173,0.091853,-0.445212,0.001526,1.0,84.374306
-0.139318,0.203624,-0.685886,0.247095,0.247091,-0.109309,-0.308644,-0.148604,-0.054117,-0.523841,0.001078,0.0,84.582787
0.440951,0.957195,-0.699076,-0.353654,-0.353631,0.070961,0.042998,0.211491,0.246266,-0.043474,0.001225,0.0,84.283676
1.293199,1.391009,-0.423821,-1.032487,-1.032502,0.712889,0.9248,1.19684,1.21278,1.036295,-1.2e-05,-1.0,83.413445
0.427256,1.007886,-0.777825,-0.804171,-0.804177,1.373802,1.621391,1.818584,1.859119,1.887821,-8e-06,-1.0,82.742653
1.647325,1.680491,-0.154781,-0.909292,-0.909275,1.722492,2.246536,2.500082,2.66168,2.746257,-0.00162,-1.0,81.990295
-0.21976,0.142838,-0.681247,0.619132,0.619116,0.591149,1.503133,1.670879,1.928908,2.095593,-0.001115,1.0,82.49791
-1.531333,0.064702,-1.865635,1.889903,1.889918,-1.3286,-0.493921,-0.234386,0.029101,0.147509,-0.000749,1.0,84.057053
2.950675,3.217903,-0.345171,-3.148932,-3.148937,1.387374,2.289275,2.734659,3.11212,3.240169,-0.001373,-1.0,81.410149
0.45831,0.614803,-0.625975,-0.389711,-0.389745,1.377181,2.406693,2.918281,3.261822,3.420552,-0.001547,0.0,81.092857
1.557707,1.750996,-1.318927,-1.687907,-1.687881,2.549178,3.581586,4.285015,4.69756,4.973738,-0.002304,-1.0,79.724106
-0.327981,1.402404,-0.836912,0.534396,0.534374,1.418249,2.47797,3.457009,3.841349,4.215359,-0.002049,0.0,80.150131
1.187216,1.586758,-0.296806,-0.927392,-0.575978,0.909368,2.494996,3.610496,4.153459,4.592077,-0.002837,-1.0,79.688484
-0.547689,0.524873,-1.437702,0.045663,0.045649,0.440549,1.985565,3.114548,3.789897,4.321539,-0.002762,0.0,79.724861
0.103121,0.710361,-0.893674,-0.410771,-0.410758,0.427732,1.984874,3.204919,3.943951,4.459068,-0.002867,0.0,79.397385
-0.149655,1.197192,-0.356861,-0.469748,-0.469752,0.724638,2.090899,3.240686,4.087435,4.644579,-0.002737,0.0,79.024414
-0.056726,0.43108,-0.431089,1.473465,1.473476,-0.728315,0.320501,1.376247,2.373242,2.887336,-0.002335,1.0,80.18882
0.556626,0.556626,-1.238211,-0.136135,-0.13614,-0.495288,-0.039417,1.164461,2.204469,2.816701,-0.001873,0.0,80.079651
0.793007,1.252725,-0.183892,-1.158693,-1.158705,0.526385,0.847086,1.991455,3.027457,3.738386,-0.002772,-1.0,79.151764
0.998376,1.555612,-0.278613,-0.999888,-0.999877,1.276991,1.516905,2.648709,3.747317,4.511056,-0.002657,-1.0,78.360344
-0.839462,0.781969,-1.138452,0.951939,0.951937,0.342688,0.481541,1.437723,2.43605,3.252306,-0.003065,1.0,79.106285
1.169381,1.319902,-0.602067,-0.678468,-0.67849,0.615968,0.966786,1.797346,2.753146,3.709659,-0.003397,-1.0,78.569557
-0.011497,0.149422,-0.977009,0.729416,0.729424,-0.349419,0.166677,0.64622,1.684274,2.66171,-0.002209,1.0,79.142662
1.741873,2.314702,-0.105219,-1.67816,-1.678151,1.007712,1.630816,2.055993,3.060054,4.039921,-0.003453,-1.0,77.814529
-1.925281,0.057295,-2.693099,2.010756,2.010775,-0.726584,-0.374759,-0.099595,0.816737,1.78723,-0.002687,1.0,79.379204
0.659188,0.705448,-0.948305,-0.905341,-0.905368,0.067081,0.489197,0.722995,1.526184,2.426645,-0.002927,-1.0,78.66053
-0.870855,0.561482,-1.45525,0.925172,0.925182,-0.643976,-0.532827,-0.26431,0.399644,1.225973,-0.002075,1.0,79.388283
0.641316,0.927619,-0.057264,0.057297,0.057296,-0.627574,-0.671095,-0.342799,0.051137,0.923784,-0.001701,0.0,79.433769
-0.883251,0.215153,-1.064426,1.133759,1.133752,-1.114248,-1.637406,-1.409419,-1.137436,-0.360928,-0.000813,1.0,80.334351
-1.018006,0.190177,-1.107503,1.222966,1.222972,-1.832423,-2.462245,-2.443225,-2.318119,-1.634901,-0.00055,1.0,81.316818
-0.400446,0.100107,-0.945494,0.570537,0.570539,-1.626257,-2.688549,-2.771972,-2.746528,-2.203177,-0.001124,1.0,81.780762
0.897166,1.222389,-0.033642,-0.812018,-0.811994,-0.394771,-1.577906,-1.899764,-1.890792,-1.470681,-0.000108,-1.0,81.116707
-0.676951,0.110973,-1.154146,1.05417,1.054144,-0.814558,-2.259459,-2.769209,-2.774942,-2.600242,0.00052,1.0,81.971794
0.743079,1.463638,-0.236432,-1.431585,-1.4316,0.740842,-0.470599,-1.221182,-1.296426,-1.215907,0.000632,-1.0,80.798286
0.667803,1.131862,-0.15846,-0.529162,-0.529149,1.041318,0.182232,-0.528954,-0.710805,-0.726351,0.000169,-1.0,80.370743
0.977051,1.022496,-0.817989,-0.373516,-0.373502,0.99295,0.733915,-0.07575,-0.273242,-0.336865,0.000257,0.0,80.070557
0.617073,1.085587,-0.845623,-0.579408,-0.579419,1.202143,1.348414,0.593453,0.271394,0.216658,-1.5e-05,-1.0,79.606613
0.43688,0.78179,-0.689821,-0.605644,-0.605643,1.099097,1.926875,1.20487,0.822022,0.798799,-9.9e-05,-1.0,79.124481
1.202583,1.352913,-0.497225,-0.574845,-0.574833,1.14245,2.304566,1.862458,1.37429,1.327922,-0.000145,-1.0,78.669647
-2.370416,0.034024,-2.722015,1.954203,1.954179,-0.837003,0.2053,-0.021159,-0.453657,-0.573878,6.4e-05,1.0,80.206993
1.07478,1.234853,-0.194372,-0.805261,-0.80524,-0.160079,0.73976,0.865911,0.383022,0.260224,-0.000227,-1.0,79.561134
-1.080228,0.067511,-1.687859,1.61217,1.612153,-1.43805,-0.892311,-0.614377,-1.068974,-1.298073,0.000978,1.0,80.843781
0.022505,0.461249,-1.113733,0.0225,0.022516,-1.030492,-1.051869,-0.519,-0.984932,-1.281592,0.001422,0.0,80.861984
0.304701,0.88026,-0.530416,-0.314994,-0.315008,-0.23699,-0.762887,-0.182065,-0.49881,-0.897412,0.000872,0.0,80.607262
-0.443411,0.22171,-2.449838,1.805663,1.805675,-1.554154,-2.316818,-1.891885,-2.100105,-2.474675,0.001952,1.0,82.062767
0.120761,1.119777,-0.779448,0.975498,0.97549,-1.708194,-2.923474,-2.752581,-2.792287,-3.235476,0.002059,1.0,82.863281
0.120602,0.164458,-1.019625,0.131741,0.131728,-1.324403,-2.645527,-2.73141,-2.704183,-3.150516,0.002845,0.0,82.972435
0.421003,1.030357,-0.310214,-1.041549,-1.041537,0.017723,-1.257478,-1.69658,-1.517282,-1.986704,0.001518,-1.0,82.108246
1.225185,1.349965,-0.374364,-2.337691,-2.337678,2.307416,1.295505,0.605774,0.830958,0.47781,0.000896,-1.0,80.18882
0.443634,0.807643,-1.148905,-0.272261,-0.272251,2.063451,1.542464,0.847057,1.022045,0.781684,0.000375,0.0,79.970505
0.524156,0.865992,-0.649499,-0.170631,-0.170628,1.479016,1.750206,0.999674,1.07279,1.012738,0.000276,0.0,79.834053
-0.252006,0.251998,-0.996567,-0.524156,-0.524159,1.117977,2.106512,1.515827,1.498261,1.546371,-0.000445,-1.0,79.415596
-1.024655,0.76568,-1.035918,1.729662,1.729649,-0.927811,0.361447,-0.072815,-0.300643,-0.113052,-0.000225,1.0,80.789207
0.342587,1.164778,-0.308321,-1.396237,-1.396252,0.342605,1.663826,1.425157,1.039752,1.267569,-0.00108,-1.0,79.661186
1.820712,2.052646,-0.394299,-1.530201,-1.530176,1.512227,2.78208,2.851273,2.486937,2.694636,-0.001392,-1.0,78.44223
-0.963418,0.734029,-1.123986,1.1133,1.113273,0.263806,1.203135,1.698219,1.310942,1.439626,-0.001366,1.0,79.315506
1.149023,1.717729,-0.185706,-1.181326,-1.181315,1.197769,1.826838,2.704271,2.443708,2.512532,-0.001257,-1.0,78.37854
-2.214438,0.293746,-2.282232,2.727481,2.727467,-1.556876,-1.074436,-0.051204,-0.189795,-0.281537,0.000158,1.0,80.516289
-0.569835,0.268154,-1.30726,1.118515,1.118518,-2.214516,-2.01786,-1.090489,-1.125127,-1.354177,0.000807,1.0,81.416878
0.471696,0.494162,-0.730011,-0.513965,-0.51396,-1.078169,-1.384764,-0.667109,-0.56547,-0.813561,0.000836,-1.0,80.998428
-1.482797,0.309836,-1.504925,1.493713,1.493733,-1.830271,-2.54732,-2.182153,-1.867891,-2.169318,0.001748,1.0,82.208328
0.433188,1.144062,-0.077752,-0.376235,-0.376253,-0.599798,-1.876037,-1.900098,-1.432849,-1.687875,0.001835,0.0,81.899017
-0.786615,0.498556,-1.229781,0.255474,0.255472,-0.465321,-1.965431,-2.150077,-1.608127,-1.793037,0.001096,0.0,82.108246
-0.431176,0.818137,-0.552792,0.210497,0.656582,-0.816819,-2.243596,-2.590036,-2.126515,-2.241126,0.001732,1.0,82.647354
-0.187574,0.154474,-1.02615,0.199005,0.199017,-0.575859,-1.910106,-2.554775,-2.275686,-2.309476,0.001117,0.0,82.811836
-0.221048,1.326257,-0.221048,-0.165501,-0.16551,-0.298191,-1.341165,-2.164158,-2.125074,-1.996875,0.001036,0.0,82.674774
-0.681089,0.109852,-0.801929,0.607865,0.607843,-0.593195,-1.3603,-2.453753,-2.704091,-2.476762,0.001437,1.0,83.177307
1.310092,1.565452,-0.011105,-1.054596,-1.054583,0.512937,-0.092227,-1.29169,-1.65543,-1.367439,0.000193,-1.0,82.300133
-2.48059,1.024587,-2.512944,2.942157,2.94216,-1.870148,-2.557601,-3.71465,-4.198682,-3.992179,0.001048,1.0,84.721535
-0.345722,0.205274,-1.210022,-0.172566,-0.172577,-1.283483,-1.966223,-3.064754,-3.760833,-3.707373,0.000916,0.0,84.575325
1.01787,1.212781,-0.259878,-0.22688,-0.226874,-0.654034,-1.485539,-2.443943,-3.272429,-3.416354,0.00127,0.0,84.383446
-0.637352,0.140431,-1.177484,0.238226,0.23823,-0.55742,-1.402184,-2.186668,-3.19677,-3.569665,0.00239,0.0,84.584473
0.182794,0.903222,-0.354841,0.464513,0.464521,-0.387107,-1.520439,-2.288948,-3.397934,-3.88048,0.002711,0.0,84.977386
1.09577,1.775142,-0.723213,-1.870966,-1.870982,1.192202,0.445984,-0.268389,-1.332633,-1.894376,0.001971,-1.0,83.387474
0.010814,0.562227,-0.659532,1.347793,1.347806,-0.168669,-0.688726,-1.317583,-2.285719,-2.98414,0.002785,1.0,84.511375
0.141286,0.64123,-0.46734,-0.518971,-0.518973,0.278228,-0.004354,-0.654932,-1.493037,-2.276358,0.001807,-1.0,84.072784
-0.560644,0.33423,-0.927225,0.804258,0.804269,-0.483027,-0.616723,-1.223372,-1.903136,-2.804323,0.002764,1.0,84.748955
0.268875,0.39793,-0.516243,0.247982,0.247961,-0.733484,-0.549575,-1.243989,-1.884308,-2.848409,0.003537,0.0,84.959099
-0.21536,0.139977,-0.872192,-0.118305,-0.118295,-0.269195,-0.415639,-0.953308,-1.565314,-2.488356,0.003002,0.0,84.858597
1.446441,1.816211,-0.424142,-0.990638,-0.990615,0.611187,0.514392,0.133385,-0.400752,-1.247272,0.003085,-1.0,84.017975
0.021941,0.263251,-0.855544,-0.848286,-0.848316,1.287717,1.244938,1.040555,0.51723,-0.210798,0.00153,-1.0,83.305237
1.440127,1.617377,-0.742217,-0.987168,-0.987161,1.748093,1.999562,1.991805,1.554783,0.983144,0.000615,-1.0,82.48288
1.257159,1.683691,-0.235716,-1.307191,-1.307191,2.222478,2.911668,3.269358,2.856666,2.364323,0.00027,-1.0,81.404671
-0.701712,0.211631,-0.701712,0.774501,0.774507,0.748493,1.955889,2.257365,2.028843,1.607744,-4.3e-05,1.0,82.035156
-0.331495,0.541434,-0.607738,0.801961,0.801953,-0.373481,0.924867,1.292085,1.209947,0.881352,0.000469,1.0,82.693039
0.243472,0.818943,-0.553342,-0.154695,-0.154695,-0.398406,0.898631,1.302202,1.360116,1.054938,0.000291,0.0,82.565117
-0.83416,0.362201,-1.317086,0.830013,0.830015,-1.033916,-0.111952,0.361469,0.530128,0.288003,0.000366,1.0,83.25042
-0.820108,0.787746,-1.856049,1.712213,1.71221,-1.927264,-1.826907,-1.351744,-1.0219,-1.278941,0.001024,1.0,84.675842
-0.139445,1.684007,-0.225256,0.6043,0.604318,-1.776267,-2.378005,-1.80344,-1.589097,-1.752671,0.001359,1.0,85.187553
-1.119715,0.334867,-1.203426,2.49919,2.499181,-3.112181,-4.380496,-3.983536,-3.831625,-3.941819,0.002181,1.0,87.316544
0.42963,1.047889,-0.073351,-0.136038,-0.136036,-1.917638,-3.80384,-3.613822,-3.539248,-3.603485,0.002581,0.0,87.197762
-1.119281,0.974196,-1.285105,1.11076,1.110735,-1.879968,-4.215962,-4.414255,-4.395772,-4.436088,0.001784,1.0,88.166298
-0.901915,0.901913,-1.1069,1.119289,1.11931,-1.96167,-4.407095,-5.158691,-5.219844,-5.186433,0.002346,1.0,89.153152
0.338464,0.799999,-0.287178,-0.071743,-0.071746,-1.015386,-3.546667,-4.774016,-4.831794,-4.922256,0.002413,0.0,89.089188
-0.786032,0.20417,-0.847287,0.471794,0.471795,-0.990202,-3.238056,-4.812169,-4.999488,-5.148223,0.002515,0.0,89.509506
0.388984,0.737027,-0.112601,-0.27562,-0.275627,-0.253864,-2.220285,-4.104135,-4.446203,-4.667413,0.002193,0.0,89.262794
-0.091768,0.652594,-0.285509,0.388984,0.388988,-0.318139,-1.889466,-3.94548,-4.545221,-4.812479,0.003176,0.0,89.610016
0.214219,1.693362,-0.224422,-0.040788,-0.040773,-0.183628,-1.302673,-3.298321,-4.24871,-4.568409,0.002572,0.0,89.573479
0.327869,0.95287,-0.051224,-0.438642,-0.438667,0.276651,-0.42007,-2.338102,-3.584516,-3.888102,0.002607,0.0,89.18055
-1.036168,0.253962,-1.097116,0.86066,0.860683,-0.481524,-0.977259,-2.633766,-4.077624,-4.466489,0.002632,1.0,89.948112
-0.464552,0.141393,-1.474449,0.589186,0.589185,-0.795803,-1.194716,-2.621026,-4.243089,-4.742887,0.00278,1.0,90.478073
1.613234,2.188653,-0.164402,-1.716822,-1.716836,0.782991,0.616527,-0.494584,-2.208176,-2.891077,0.002085,-1.0,88.924713
-0.185376,0.453144,-0.453135,-0.22606,-0.226055,0.819775,0.796088,0.035017,-1.57415,-2.501338,0.002417,0.0,88.723694
-0.639729,0.863118,-0.781889,1.42122,1.421217,-0.414295,-0.516856,-1.011374,-2.511678,-3.639724,0.003404,1.0,89.98465
-1.628207,0.38957,-1.987811,1.655156,1.655157,-1.702126,-1.921884,-2.320114,-3.619018,-4.882629,0.004553,1.0,91.474037
-0.416094,0.118879,-0.881711,0.829089,0.829088,-2.129978,-2.406378,-2.759395,-3.887457,-5.27759,0.005482,1.0,92.232437
1.671502,1.961765,-0.690625,-1.020406,-1.020415,-0.602536,-1.216086,-1.528701,-2.456203,-3.915116,0.004701,-1.0,91.291283
-1.444009,0.284865,-1.85658,1.891701,1.891727,-1.524572,-2.679779,-3.07991,-3.818777,-5.199622,0.005175,1.0,93.018265
-0.705676,0.61747,-1.107514,0.225929,0.225917,-1.05067,-2.464959,-3.002384,-3.604331,-4.933058,0.005341,0.0,93.228409
-0.185894,0.577247,-0.430488,0.176419,0.176413,-0.814004,-2.267874,-2.895992,-3.448776,-4.642201,0.005056,0.0,93.392876
0.255398,0.805501,-0.275055,-0.401131,-0.401113,-0.245592,-1.601193,-2.23577,-2.747068,-3.808659,0.004138,0.0,93.018265
-0.176904,0.393122,-0.619162,-0.049119,-0.049139,0.165121,-1.117437,-1.946593,-2.440779,-3.343088,0.003853,0.0,92.972557
0.829298,0.967515,-0.918156,-0.452087,-0.452089,0.519308,-0.254706,-1.286726,-1.81409,-2.56372,0.00257,0.0,92.552238
0.443828,2.159979,-0.049317,0.098724,0.098731,0.293916,-0.066079,-1.134888,-1.719101,-2.3379,0.002672,0.0,92.643616
-0.315116,0.354506,-0.689321,0.15781,0.157819,0.005901,-0.081742,-1.086501,-1.697202,-2.255843,0.002258,0.0,92.789825
0.773809,0.972218,-0.228178,-0.738552,-0.738553,0.551579,0.64781,-0.232812,-0.811515,-1.315485,0.00145,-1.0,92.104523
0.35633,0.682967,-0.316738,0.228171,0.228183,0.180132,0.529533,-0.215133,-0.890839,-1.360403,0.001581,0.0,92.31469
-0.4451,0.563798,-0.603363,0.069285,0.069265,0.073204,0.390708,-0.020436,-0.807611,-1.289015,0.001406,0.0,92.378632
0.049508,0.49505,-0.376235,-0.09891,-0.098917,0.095063,0.388129,0.244895,-0.541079,-1.052664,0.001483,0.0,92.287254
-0.588926,0.196314,-1.050254,0.871284,0.871301,-0.704752,-0.511389,-0.505173,-1.231354,-1.753439,0.001692,1.0,93.091354
1.555641,1.834866,-0.109694,-1.570473,-1.570481,0.77583,0.924413,1.038428,0.407361,-0.082567,0.001027,-1.0,91.629372
0.049886,0.299337,-0.538816,-0.05983,-0.059817,0.674503,0.832158,1.119525,0.61214,0.063049,0.001192,0.0,91.574562
0.35896,0.478608,-0.35896,0.069846,0.069834,0.442716,0.662082,0.948583,0.700967,0.083358,0.000848,0.0,91.638512
0.029924,0.568579,-0.488776,-0.039885,-0.039896,0.333179,0.588542,0.870502,0.829438,0.229039,0.000574,0.0,91.601952
-0.47647,0.486406,-0.47647,0.488776,0.48877,-0.381164,0.018879,0.282594,0.370278,-0.167145,0.001533,0.0,92.049675
0.864323,0.864323,-1.165833,-1.230889,-1.230869,0.703511,1.134668,1.378219,1.548739,1.096277,0.001097,-1.0,90.916664
-0.391605,0.240994,-1.094483,0.090448,0.090445,0.48599,0.898685,1.142018,1.440911,1.096096,0.000518,0.0,90.998894
-0.917338,0.149567,-1.027021,0.702887,0.702885,-0.215382,0.113667,0.369594,0.657592,0.517697,0.000104,1.0,91.638512
-0.358601,0.52794,-0.418366,0.099709,0.099715,-0.286888,-0.046823,0.203203,0.47564,0.49367,-0.000213,0.0,91.729889
-0.728496,0.157507,-0.758027,1.18538,1.185365,-1.289617,-1.247287,-0.968688,-0.732421,-0.625707,0.000746,1.0,92.817223
-0.147639,0.354332,-0.383857,0.019685,0.019686,-0.895662,-1.136804,-0.935687,-0.761802,-0.619282,-6.8e-05,0.0,92.835495
0.20712,0.503011,-0.335335,-0.206692,-0.206687,-0.335338,-0.816649,-0.70684,-0.574018,-0.355061,-0.000256,0.0,92.643616
-0.244714,0.176186,-0.646049,0.759449,0.75945,-0.720443,-1.381173,-1.386065,-1.280837,-1.092016,-3e-06,1.0,93.347198
0.52027,0.628251,-0.834403,-0.283869,-0.283877,-0.147245,-0.941393,-1.048391,-0.976239,-0.816722,4.8e-05,0.0,93.082207
-1.463513,0.250339,-1.50202,1.953468,1.953489,-1.621427,-2.539008,-2.817268,-2.762385,-2.653585,0.000919,1.0,94.900558
-0.336408,0.163397,-0.807386,0.17331,0.173313,-1.322579,-2.271256,-2.744472,-2.774909,-2.735886,0.001191,0.0,95.065033
0.153976,0.741022,-0.673665,-0.124949,0.260506,-1.018907,-2.07259,-2.735707,-2.870257,-2.890398,0.001261,0.0,95.312683
0.077036,0.105923,-0.895522,-0.057748,-0.057753,-0.560599,-1.636072,-2.426214,-2.663012,-2.720678,0.001168,0.0,95.257637
-0.192831,0.077133,-0.780946,-0.125178,-0.125192,-0.003703,-1.154506,-2.056097,-2.39116,-2.49385,0.001434,0.0,95.138382
-0.259845,0.182845,-0.721778,0.183188,0.183208,-0.100091,-1.07345,-2.006978,-2.453132,-2.566285,0.001415,0.0,95.312683
-1.443531,0.0,-1.745447,2.001726,2.001717,-1.617128,-2.563774,-3.497752,-4.079873,-4.267865,0.002255,1.0,97.220573
-0.721518,0.215513,-1.124442,0.688747,0.688752,-1.763497,-2.694314,-3.688546,-4.413419,-4.694886,0.002597,1.0,97.890182
-0.300385,0.638318,-0.375483,-0.178038,-0.178041,-1.085139,-2.073678,-3.102136,-3.931959,-4.30642,0.002141,0.0,97.715897
-0.262811,0.44115,-0.506853,0.009389,0.0094,-0.565053,-1.607787,-2.70226,-3.627705,-4.092837,0.002828,0.0,97.725082
0.479633,1.64582,-0.178692,-0.197108,-0.197111,0.086518,-1.143613,-2.187794,-3.156295,-3.721282,0.002768,0.0,97.532455
-1.247111,0.018473,-2.060049,1.805697,1.805695,-1.271131,-2.471133,-3.489056,-4.452155,-5.120197,0.003523,1.0,99.293594
0.700607,0.775333,-0.392346,-1.108542,-1.108539,-0.10276,-1.084548,-2.030442,-3.014777,-3.787023,0.003058,-1.0,98.192886
0.52781,1.027336,-0.084822,-0.88744,-0.887451,0.710661,0.013202,-0.880981,-1.854406,-2.691959,0.00246,-1.0,97.321472
-0.924548,0.084046,-1.531565,0.923661,0.923643,-0.110179,-0.588325,-1.439357,-2.42222,-3.312979,0.003397,1.0,98.220375
-0.418212,0.362454,-0.771376,0.485614,0.485632,-0.356875,-0.725832,-1.659225,-2.595912,-3.510836,0.003569,0.0,98.697365
-0.725904,0.845353,-0.900491,1.143126,1.143149,-1.376479,-1.586897,-2.452774,-3.346684,-4.244404,0.00376,1.0,99.825623
0.358126,0.477499,-0.440775,0.06432,0.064313,-1.100104,-1.449964,-2.20999,-3.046095,-3.949918,0.003745,0.0,99.889824
1.747986,2.355578,-0.186955,-1.763084,-1.763081,0.839397,0.360803,-0.259876,-1.062406,-1.961527,0.002463,-1.0,98.128685
-6.148441,0.518229,-6.148441,6.421756,6.421738,-4.056202,-5.053132,-5.685251,-6.489202,-7.390936,0.005246,1.0,104.430252
-1.033418,1.240092,-1.222878,1.993856,1.993859,-4.464341,-6.066138,-6.827994,-7.772132,-8.687019,0.006203,1.0,106.512444
-1.578948,0.0,-2.164688,1.446779,1.446779,-4.303902,-6.595076,-7.488398,-8.486418,-9.425926,0.006502,1.0,108.053444
-0.389995,0.152607,-0.77999,0.127329,0.127333,-2.891053,-5.789741,-6.971314,-8.00763,-8.966297,0.006681,0.0,108.191032
0.381846,0.772171,-0.424268,-0.084781,-0.084783,-0.963937,-4.712768,-6.252012,-7.335594,-8.343178,0.005794,0.0,108.099304
0.21235,0.441686,-0.458677,-0.10182,-0.101815,-0.203863,-3.711038,-5.522812,-6.646146,-7.697595,0.005675,0.0,107.989243
0.204254,0.37447,-0.953194,-0.195365,-0.195368,0.226382,-2.679998,-4.704114,-5.885108,-7.03898,0.005477,0.0,107.778267
-0.076645,0.170312,-0.613132,-0.059574,-0.059568,0.223106,-1.889642,-4.126153,-5.341913,-6.513846,0.005476,0.0,107.714066
0.256962,0.513917,-0.436833,-0.579068,-0.579079,0.601289,-0.645821,-3.013845,-4.361025,-5.52942,0.005278,-1.0,107.090317
0.265046,0.307798,-0.701094,0.179871,0.179858,0.268483,0.029084,-2.568955,-4.086853,-5.25067,0.005277,0.0,107.282928
0.381277,0.849216,-0.51993,-1.333787,-1.333763,1.220093,1.515587,-0.77124,-2.406423,-3.565002,0.003827,-1.0,105.852028
0.531823,0.6626,-0.496949,-0.60659,-0.6066,1.34961,2.011337,0.247026,-1.445943,-2.600172,0.003264,-1.0,105.20993
-0.966019,0.103498,-1.043642,1.081085,1.081097,0.008613,0.759864,-0.416318,-2.168375,-3.298615,0.003811,1.0,106.347351
-0.008738,1.135771,-0.795034,-1.276525,-1.276533,0.901625,1.757819,1.195177,-0.57968,-1.77774,0.003252,-1.0,104.989792
-0.759404,0.017264,-1.354849,1.240606,1.240609,-0.521227,0.340869,0.467148,-1.375994,-2.658614,0.003877,1.0,106.292305
0.881021,0.881021,-0.558268,-1.070071,-1.07008,0.422198,1.15667,1.599796,0.020506,-1.323093,0.002627,-1.0,105.154892
1.014595,1.148096,-1.415098,-1.988833,-1.988832,2.043436,2.751872,3.438356,2.26193,0.893915,0.002244,-1.0,103.063538
-0.583868,0.822718,-0.601557,0.605198,0.605215,0.916477,1.745386,2.535372,1.832966,0.456461,0.002893,1.0,103.687294
0.290974,0.652498,-0.132265,0.32732,0.327295,0.402089,1.118958,1.933995,1.699595,0.353063,0.002634,0.0,104.026657
1.320128,1.320128,-0.160557,-1.146286,-1.146272,0.893762,1.858887,2.774653,3.107658,1.731154,0.001924,-1.0,102.834229
-0.707334,0.167996,-0.77807,0.883059,0.883053,-0.26171,0.763931,1.602127,2.171976,1.053586,0.001811,1.0,103.74231
0.867777,1.001971,-0.098408,-1.167108,-1.167101,0.812309,1.692609,2.460784,3.184377,2.396492,0.001276,-1.0,102.531532
0.03575,0.339617,-0.884795,0.098408,0.0984,0.507644,1.230678,2.029975,2.818845,2.405225,0.002085,0.0,102.632423
0.971917,1.340891,0.0,-0.688172,-0.688175,0.791939,1.631573,2.399212,3.223996,3.194749,-0.001006,-1.0,101.926132
1.142652,1.541674,-0.371811,-0.764944,-0.764937,1.23515,1.906232,2.784079,3.67598,4.109551,-0.002206,-1.0,101.146461
1.09789,1.420796,-0.415165,-1.704904,-1.704895,2.121958,3.09714,4.135674,5.043353,5.713802,-0.003576,-1.0,99.42202
-0.083368,1.056044,-1.028255,-0.405943,-0.405956,1.828629,3.108853,4.143283,5.029187,5.84197,-0.003808,0.0,99.01841
-1.486274,0.346499,-1.960428,1.593331,1.593337,-0.173248,1.18446,2.12881,3.028175,3.885474,-0.003078,1.0,100.596107
1.690322,1.765035,-0.681737,-2.361627,-2.361654,1.486758,3.040739,4.139607,5.068664,5.99218,-0.004061,-1.0,98.220375
-1.050477,1.236406,-1.180624,0.4576,0.457622,0.522449,2.149298,3.150198,4.153578,5.127083,-0.003777,0.0,98.669853
0.897111,1.504533,-0.383145,-0.520589,-0.520589,0.790574,2.114753,3.214652,4.306607,5.276516,-0.003977,-1.0,98.156189
-1.042625,0.092273,-1.088762,1.280249,1.280259,-0.404142,0.510235,1.665124,2.696526,3.609149,-0.003169,1.0,99.412842
-0.219758,1.04386,-0.631812,0.765826,0.765826,-1.245316,-0.499046,0.658663,1.607905,2.520642,-0.002914,1.0,100.174171
1.0012,1.334936,-0.32447,-1.22699,-1.226989,0.127925,0.435699,1.566689,2.56465,3.464901,-0.002868,-1.0,98.945045
0.994238,1.505292,-0.185844,-0.23176,-0.231769,0.369822,0.422782,1.524497,2.419158,3.358111,-0.002705,0.0,98.715721
1.935601,2.360495,-0.339912,-1.588923,-1.588949,1.782669,1.810048,2.711129,3.660678,4.668516,-0.003866,-1.0,97.147179
-0.215898,0.328544,-1.070121,0.585398,0.585419,0.84296,1.084205,1.784791,2.783729,3.752564,-0.003056,1.0,97.715897
1.035697,1.248381,-0.554834,1.511311,1.511326,-0.856307,-0.562244,0.038212,1.0269,1.919355,-0.002938,1.0,99.192703
-0.319867,0.210203,-0.959601,1.18365,1.183644,-1.732777,-1.511607,-1.235608,-0.337235,0.542861,-0.001959,1.0,100.366791
0.009106,0.163861,-1.037778,0.392981,0.392983,-1.71143,-1.689578,-1.647705,-0.830226,-0.070281,-0.000923,0.0,100.761215
0.475143,0.502555,-0.493421,-0.373233,-0.373235,-0.698101,-1.099235,-1.215283,-0.625918,0.114031,-0.001348,0.0,100.385139
0.027514,0.623682,-0.889664,-0.374637,-0.37464,0.133913,-0.667704,-0.777767,-0.378335,0.368341,-0.001654,0.0,100.009056
-0.499005,0.254036,-0.807475,1.091445,1.091446,-0.56977,-1.648523,-1.815765,-1.52967,-0.81764,-0.000681,1.0,101.100601
-0.243197,0.774635,-0.306248,0.725817,0.725823,-0.99802,-2.073504,-2.286677,-2.243743,-1.61845,-0.000749,1.0,101.834412
0.396255,0.864552,-0.468303,0.018018,0.018017,-0.801516,-1.783147,-2.095946,-2.226681,-1.674718,-0.000234,0.0,101.85276
0.617277,0.617277,-0.136167,-0.792504,-0.792514,0.121644,-0.612743,-1.123213,-1.365287,-0.996005,-0.000621,-1.0,101.045563
0.592851,0.674934,-0.428677,-0.472045,-0.109331,0.414718,-0.185026,-0.914449,-1.162384,-0.950911,-0.000369,0.0,100.935089
1.452896,1.480664,-0.499723,-1.441081,-1.441077,1.557224,1.30335,0.487844,0.226698,0.370599,-0.000663,-1.0,99.480537
0.99843,1.62707,-0.055465,0.101795,0.101787,1.001542,1.121512,0.428293,0.193141,0.174371,0.000122,0.0,99.581795
2.461188,2.489585,-0.520639,-2.33891,-2.338913,2.474448,3.182533,2.733187,2.519834,2.413324,-0.000718,-1.0,97.252663
-0.683779,0.028099,-1.751595,1.060207,1.060201,0.837399,1.886257,1.732528,1.450808,1.292601,-0.00095,1.0,98.283737
1.368552,1.435544,-0.689062,-2.126268,-2.126267,2.042308,3.703091,3.83715,3.487474,3.375694,-0.000848,-1.0,96.193962
0.673268,1.39463,-0.682888,-0.497652,-0.497631,1.765878,3.65909,4.114253,3.772111,3.688723,-0.001263,0.0,95.715271
-0.191807,0.153451,-1.457751,0.288541,0.288523,0.725045,2.752172,3.510852,3.319717,3.297537,-0.000911,0.0,95.991432
-1.177593,0.430833,-1.388221,0.172629,0.172638,0.323596,1.982765,3.013256,3.008614,3.014988,-0.001393,0.0,96.15715
1.477208,1.819606,-0.127182,-2.134989,-2.134976,1.623932,3.469948,4.815581,5.09412,5.09008,-0.002654,-1.0,94.104218
-0.989815,0.533717,-1.164488,0.811976,0.811963,0.525958,1.997083,3.610118,4.097587,4.052046,-0.001768,1.0,94.868309
-1.991231,0.847941,-2.00076,1.853465,1.853468,-1.114712,-0.15435,1.416008,2.0705,2.011715,-0.000861,1.0,96.626663
2.032723,2.429583,-0.203272,-1.572028,-1.572042,0.278786,0.969906,2.564255,3.424236,3.479604,-0.000854,-1.0,95.107651
-0.660479,0.449891,-1.100795,1.122837,1.122851,-0.830862,-0.263239,1.031869,2.037431,2.224938,-0.00062,1.0,96.175568
1.317703,1.908731,0.0,-1.20609,-1.206084,0.571643,0.610398,1.842189,3.000552,3.383172,-0.001801,-1.0,95.01561
1.494295,1.494295,-0.471887,-1.443657,-1.443662,1.783323,1.811834,2.81491,4.169453,4.723603,-0.002944,-1.0,93.643906
-0.274266,0.959941,-0.8228,0.363739,0.363742,0.852188,1.258692,2.052433,3.413342,4.122399,-0.002956,0.0,93.984528
0.13716,0.6956,-1.734101,-0.019587,-0.019597,0.628987,1.063002,1.674017,3.014934,3.87034,-0.002803,0.0,93.96611
2.356199,2.3958,-0.6336,-1.038501,-1.038499,0.999903,1.782994,2.435401,3.619442,4.626083,-0.003091,-1.0,92.990273
-2.039437,0.154653,-2.522715,2.425499,2.425482,-1.343498,-0.507424,-0.202958,0.86122,1.932652,-0.002511,1.0,95.245735
-0.997288,0.348567,-1.607277,-0.17398,-0.173957,-0.869488,-0.311778,-0.107155,0.729081,1.902918,-0.002903,0.0,95.080048
1.907754,2.64529,-0.363853,-1.539501,-1.539504,0.601822,0.925357,1.30527,1.990849,3.17646,-0.00358,-1.0,93.616287
2.589789,3.591304,-0.475469,-2.792806,-2.792817,2.840676,3.373811,3.850291,4.449682,5.664627,-0.004449,-1.0,91.001755
0.368173,0.68521,-1.002246,-1.082447,-1.082431,3.30537,3.820816,4.531937,5.190728,6.294941,-0.004873,-1.0,90.016724
0.347289,0.561793,-1.378957,0.122728,0.122734,2.042889,3.15116,4.109621,4.60928,5.680065,-0.004193,0.0,90.127205
-0.182631,1.278411,-0.943589,0.674153,0.674147,0.401784,2.139809,3.108762,3.607951,4.522722,-0.003944,1.0,90.734795
-0.050904,1.985134,-0.692253,-0.334816,-0.334825,0.034614,2.089992,2.998405,3.66385,4.473581,-0.003072,0.0,90.430992
-0.751732,0.091423,-2.732631,0.213783,0.213786,-0.262086,1.503451,2.448867,3.146585,3.85534,-0.00344,0.0,90.624321
3.202698,3.213235,-0.231775,-3.575786,-3.575786,2.833971,4.626002,5.577331,6.469661,7.254953,-0.004071,-1.0,87.383789
1.106692,2.041475,-1.07446,-1.949008,-1.949008,3.840121,5.589343,6.949608,8.094445,8.798539,-0.004702,-1.0,85.680672
2.089522,3.629169,-0.208954,-2.299345,-2.299344,4.60574,6.716156,8.675537,9.971955,10.762564,-0.005827,-1.0,83.710579
2.405574,4.001796,-0.843076,-2.166503,-2.166511,4.838137,7.648391,10.09818,11.50799,12.540477,-0.006844,-1.0,81.89698
-1.468442,0.638942,-3.374063,0.281025,0.281041,2.475051,6.266109,8.828599,10.405216,11.549819,-0.005793,0.0,82.127144
-4.291702,0.639896,-5.119152,1.602959,1.602944,-0.086048,3.801863,6.348934,7.900494,9.180504,-0.00545,1.0,83.443596
3.554323,4.756838,-0.94711,3.673877,3.673865,-3.435127,-0.29476,1.907009,3.585204,4.960324,-0.004658,1.0,86.509201
-0.084568,0.359412,-0.898518,0.670424,0.670434,-3.302323,-1.377372,0.61664,2.519036,3.904026,-0.003683,1.0,87.089188
-0.808185,0.0,-2.127879,3.329812,3.329824,-4.619957,-4.60461,-2.894464,-1.006655,0.26066,-0.002723,1.0,89.989105
2.28149,2.781546,-0.062504,-1.800514,-1.800526,-1.458483,-3.110735,-1.312627,0.491726,1.793947,-0.002982,-1.0,88.368828
-0.050888,1.160187,-1.211075,2.364834,2.364842,-2.184009,-5.009164,-3.559946,-1.969777,-0.810505,-0.001326,1.0,90.458611
0.987247,0.987247,-0.987247,-1.038066,-1.038073,-0.485393,-3.583912,-2.593577,-1.261305,-0.015624,-0.001936,-1.0,89.519585
1.91403,1.91403,-1.14414,-3.825587,-3.825573,3.24208,0.52822,0.92172,2.144455,3.610772,-0.00359,-1.0,86.094948
-2.362448,0.248677,-3.077402,3.197183,3.197169,-0.21345,-1.803959,-2.323766,-1.288466,0.169517,-0.001749,1.0,88.847549
0.47223,1.283236,-0.985532,0.932548,0.932547,-0.843855,-1.869421,-3.29672,-2.274406,-0.947336,-0.002398,1.0,89.676094
-0.758048,0.297071,-1.628769,0.215583,0.215586,-1.188283,-1.365503,-3.320361,-2.492831,-1.299326,-0.002228,0.0,89.869423
-1.885263,0.1419,-2.148797,1.065356,1.065355,-1.942023,-1.929862,-3.961757,-3.482162,-2.534361,-0.001096,1.0,90.826851
1.554082,2.755909,-0.372972,-2.169072,-2.169081,0.853721,0.443445,-1.44632,-1.447873,-0.653529,-0.000825,-1.0,88.856743
1.444343,1.444343,-0.764658,-2.445082,-2.445059,2.882312,2.579635,1.39194,0.806058,1.516552,-0.001417,-1.0,86.684143
-2.131619,0.527735,-2.57657,2.633809,2.633793,0.082786,0.014492,-0.697431,-1.873961,-1.180044,-0.000325,1.0,88.967224
-1.526091,0.103113,-2.96969,0.351825,0.351845,-0.400098,-0.468155,-0.609767,-2.111794,-1.559514,-0.000466,0.0,89.280251
-1.357241,1.215433,-1.478787,1.804496,1.804473,-2.151316,-2.081429,-2.050032,-3.560212,-3.270735,0.000465,1.0,90.891289
1.180177,2.289144,-0.111915,-0.445662,-0.445662,-1.353129,-1.157792,-1.361272,-2.75409,-2.848708,0.000178,0.0,90.486221
0.010169,0.132164,-1.636845,0.071218,0.071222,-0.569335,-1.040055,-1.39013,-2.345465,-2.912565,0.001764,0.0,90.550667
0.328441,2.319616,-0.195014,-0.945507,-0.945516,0.541938,-0.093389,-0.350326,-0.991471,-2.027292,0.0022,-1.0,89.694496
1.855565,2.762259,-2.245648,-2.648057,-2.648039,2.827614,2.332098,2.120536,1.923557,0.63468,0.002048,-1.0,87.319351
0.986154,1.605117,-0.94419,0.495521,0.495521,1.605111,1.477123,1.482718,1.491809,0.232892,0.003206,0.0,87.752037
-0.397362,0.90976,-0.721526,0.325217,0.3252,0.719449,1.055121,1.300859,1.216681,0.104581,0.003225,0.0,88.037407
1.458857,1.458857,-0.34635,-0.365992,-0.365986,0.442907,1.543874,1.586906,1.458862,0.737619,0.002369,0.0,87.715202
0.126319,0.789474,-1.126316,-0.29387,-0.293867,0.227368,1.670527,1.717193,1.70579,1.278315,0.000644,0.0,87.457436
-1.18577,0.114418,-1.539416,1.199999,1.200002,-0.692743,0.377571,0.408431,0.389535,0.306218,0.000874,1.0,88.506927
0.214569,0.899149,-1.093287,1.799463,1.799466,-1.927055,-1.484631,-1.420259,-1.352822,-1.307456,0.000209,1.0,90.099579
0.264095,0.771968,-0.487553,0.592617,0.592589,-1.931924,-2.048734,-1.870299,-1.683571,-1.732428,0.001249,1.0,90.633499
3.792018,4.012605,-0.157557,-3.301168,-3.301154,1.399165,0.963242,1.55253,1.604001,1.515136,-0.001214,-1.0,87.641548
2.176494,2.262694,-0.549504,-2.510503,-2.510491,3.538404,3.065397,3.892535,3.972628,3.992238,-0.001855,-1.0,85.441315
0.40722,0.849335,-3.141358,-7.391446,-7.391452,9.431063,10.255964,11.329069,11.592208,11.719376,-0.003405,-1.0,79.125961
-0.36539,1.15512,-2.569533,-1.29145,-0.829913,7.382554,9.995671,11.205376,11.738663,12.091016,-0.005156,-1.0,78.469284
-0.187753,1.032618,-1.631071,0.447908,0.44789,3.90637,8.335889,9.722851,10.603794,11.222058,-0.005367,0.0,78.82074
-1.141085,0.472563,-1.913329,1.807089,1.807101,0.218545,5.481991,6.919071,8.23934,8.819032,-0.004675,1.0,80.24511
-1.54409,0.834958,-2.321855,0.772243,0.772236,-1.681343,3.858396,5.37179,6.908895,7.549278,-0.004802,1.0,80.864792
0.05736,1.147315,-1.33089,-0.308814,-0.308818,-1.007341,3.201166,5.143778,6.70263,7.423251,-0.003993,0.0,80.615067
2.173141,2.339391,-0.356246,-3.384586,-3.384586,2.310895,5.248412,7.982696,9.605737,10.521882,-0.004402,-1.0,77.886581
-2.527206,0.070198,-3.006902,1.496262,1.496276,0.861113,2.23177,5.633031,7.2667,8.396431,-0.004896,1.0,79.051979
0.985932,1.070097,-1.250452,-2.691006,-2.691009,2.78706,3.665752,7.619076,9.347412,10.886574,-0.006219,-1.0,76.924683
-0.072286,2.63823,-0.313218,-0.192372,-0.19237,1.920243,2.737011,6.899074,8.716911,10.465182,-0.007088,0.0,76.776703
2.562504,3.562497,-0.337496,-3.626071,-3.626086,3.965009,5.908759,9.613455,11.906867,13.79502,-0.00847,-1.0,73.992714
0.425527,2.415519,-0.075101,-0.124997,-0.125,3.01628,5.423037,8.289272,11.109729,13.017766,-0.008556,0.0,73.900223
-1.646089,4.015466,-2.144907,0.362954,0.362968,1.326843,4.41451,6.41767,9.772932,11.728993,-0.007987,0.0,74.168457
-2.063223,1.870177,-3.173259,3.354527,3.354524,-2.031852,0.557434,2.008374,5.48877,7.377651,-0.005377,1.0,76.656456
1.210966,1.531514,-2.56441,1.628868,1.62887,-3.312366,-1.434174,-0.271485,3.184959,5.05132,-0.004884,1.0,77.90509
-3.667732,0.228524,-3.999086,3.905964,3.905957,-5.228513,-5.098256,-3.870346,-1.160792,0.787473,-0.003327,1.0,80.948029
0.680111,1.210378,-0.979825,-0.879796,-0.879782,-2.808076,-3.96312,-2.870326,-0.898175,1.307349,-0.003551,-1.0,80.235863
-0.251949,0.423731,-1.213923,0.657061,0.657062,-1.809444,-4.378157,-3.34403,-2.156158,0.285762,-0.003137,1.0,80.763062
-0.344585,0.666208,-1.677004,-0.297758,-0.297769,-0.555933,-3.645757,-3.032388,-2.305988,0.227976,-0.003788,0.0,80.522575
0.482045,1.032942,-0.700103,0.080403,0.080395,0.029852,-3.250305,-3.133237,-2.68563,-0.19354,-0.004536,0.0,80.587311
0.057246,0.847164,-0.904408,0.252497,0.2525,-0.261011,-2.65254,-3.362709,-2.827696,-0.826947,-0.004684,0.0,80.790794
0.717256,0.879217,-0.451179,-1.041781,-1.041776,0.717257,-0.871126,-2.173378,-1.712172,-0.290755,-0.003701,-1.0,79.949135
0.362952,1.194235,-0.714203,-1.191576,-1.191583,1.484602,0.93549,-0.998319,-0.515745,0.322448,-0.003128,-1.0,78.996475
-1.003852,0.618652,-1.225627,0.304407,0.304436,0.852087,0.954808,-1.104256,-0.881307,-0.406318,0.000218,0.0,79.236969
1.259753,1.259753,-0.91182,-2.708066,-2.708086,2.752252,3.65927,1.675666,1.632875,1.932575,-0.000599,-1.0,77.091164
1.492904,2.006853,-1.297108,-1.955605,-1.955596,3.42388,5.017122,3.844009,3.327204,3.778256,-0.001644,-1.0,75.583572
1.028031,1.162655,-1.444132,-0.012239,-0.012243,2.278792,4.413165,4.004403,3.186877,3.637739,-0.002435,0.0,75.574318
-0.253929,0.713427,-0.918978,1.2116,1.211598,0.399039,2.604595,2.96171,1.78416,2.275212,-0.002244,1.0,76.489975
2.536319,2.647134,-0.787982,-1.789596,-1.789591,1.13272,3.755224,4.701625,3.518828,3.866033,-0.002887,-1.0,75.121117
1.383721,1.383721,-1.691224,-3.902977,-3.902989,3.882132,6.805897,8.426224,7.40551,7.603844,-0.003113,-1.0,72.189148
0.28285,1.568528,-0.964258,-0.345937,-0.345922,3.229616,5.946253,7.967764,7.635629,7.494976,-0.003914,0.0,71.93943
-3.061616,0.216863,-3.559129,0.784263,0.784263,1.579279,4.094906,6.416627,6.70174,6.361517,-0.002403,1.0,72.503624
2.753492,3.301588,-0.26099,-2.245187,-2.245193,2.328075,5.339951,7.93075,8.920137,8.342947,-0.003295,-1.0,70.875778
-4.733799,0.23361,-4.746097,6.133375,6.133375,-3.558344,-1.281202,1.223816,2.530427,1.991387,0.000948,1.0,75.222855
-0.124262,0.571569,-1.963222,-1.045124,-1.045123,-1.935887,-0.595182,1.742042,3.380336,2.942835,0.000548,-1.0,74.436684
-2.177352,0.523051,-3.174798,2.149597,2.149577,-2.921769,-2.627399,-0.815778,0.881905,0.884094,0.001325,1.0,76.036758
0.973951,1.19309,-1.74093,-0.085148,-0.085126,-1.925985,-2.492089,-1.080272,0.687237,1.079128,-0.000171,0.0,75.972031
-0.085366,1.463411,-0.487807,-0.170439,-0.17045,-0.448777,-2.41097,-1.188611,0.53476,1.340004,-0.000953,0.0,75.842537
-1.935949,0.50191,-2.545408,2.04878,2.048782,-1.885755,-4.076239,-3.330939,-1.685585,-0.656307,-0.001761,1.0,77.396385
-2.164402,0.532226,-2.164402,1.039679,1.039667,-1.93258,-4.294491,-4.231016,-2.849783,-1.663385,-0.000926,1.0,78.20105
4.272442,4.321979,-0.272447,-4.494385,-4.494355,2.320726,0.577073,0.195649,1.313296,2.628837,-0.003166,-1.0,74.686417
-0.903538,0.195355,-2.905989,1.424151,1.424106,0.825416,-0.406572,-1.195744,-0.386422,0.950939,-0.002417,1.0,75.750031
-1.27443,1.735649,-1.96626,0.598287,0.598305,0.320431,-0.299787,-1.808463,-1.162145,0.111187,-0.002192,1.0,76.203247
-0.76796,0.129963,-2.528354,2.730914,2.730947,-2.119588,-2.559097,-4.149359,-3.850446,-2.664483,-0.001114,1.0,78.284317
-1.251727,1.148369,-1.389526,2.882801,2.882783,-4.281125,-4.531474,-6.143782,-6.330392,-5.394127,0.000592,1.0,80.541084
1.419275,1.561206,-1.076291,-2.905373,-2.905392,-0.518029,-1.39798,-2.801489,-3.360132,-2.695672,-0.000153,-1.0,78.20105
-0.325883,0.605219,-1.175505,1.620337,1.620355,-1.168529,-2.530264,-3.767073,-4.656077,-4.271416,0.000419,1.0,79.468185
0.766012,1.462389,-0.417828,0.279337,0.279319,-0.568699,-2.318935,-3.297734,-4.72086,-4.503241,0.001718,0.0,79.690155
0.396183,1.223495,-0.337918,-0.394619,0.186795,-0.364627,-2.195114,-3.092576,-4.603042,-4.651128,0.002649,0.0,79.839012
0.65712,1.032618,-1.396388,-0.699137,-0.699143,0.018948,-1.370307,-2.002944,-3.484134,-3.869334,0.002351,-1.0,79.280823
-0.979583,0.708131,-1.451673,-0.57498,-0.57498,0.755669,-0.274895,-1.200407,-2.489216,-3.148919,0.001574,-1.0,78.824974
0.232672,1.675201,-0.558395,1.451665,1.451681,-0.560735,-1.174264,-2.280909,-3.417725,-4.314938,0.002983,1.0,79.969261
-1.142786,0.169724,-1.606696,2.815261,2.81525,-2.668021,-3.148421,-4.439468,-5.372405,-6.65616,0.005904,1.0,82.220596
-0.517492,0.12375,-1.811227,0.577056,0.577044,-2.535708,-3.170718,-4.560566,-5.463523,-6.82535,0.006305,1.0,82.695045
0.433103,0.672446,-0.444495,-1.293735,-1.293726,-0.683837,-1.768777,-3.029994,-3.784114,-5.141717,0.005402,-1.0,81.625198
-2.000466,0.689813,-2.138423,-0.86619,-0.866202,0.701317,-0.574677,-1.669279,-2.641782,-3.869031,0.006002,-1.0,80.918159
0.919889,1.583606,-0.733578,-1.264665,-1.264658,1.972522,0.752218,-0.06395,-1.149266,-2.267685,0.002785,-1.0,79.894821
-0.876783,0.75988,-1.344403,-0.395897,-0.395894,1.713813,1.138648,0.616027,-0.52163,-1.441789,0.003067,0.0,79.578522
1.500408,1.664524,-0.914311,-0.268884,-0.268894,1.14876,1.351553,0.978046,-0.129423,-0.967315,0.002016,0.0,79.36454
0.211243,0.504636,-0.774552,-0.117218,-0.117212,0.67363,1.469315,0.989774,0.055294,-0.607137,0.002002,0.0,79.271515
0.703307,0.870192,-0.739065,-1.549114,-1.549102,1.52103,2.965781,2.565368,1.84472,1.059641,0.001402,-1.0,78.043518
-0.225764,0.712925,-0.225764,0.321856,0.32185,0.78659,2.421569,2.1364,1.680491,0.854087,0.000652,0.0,78.294701
-1.099032,0.283619,-1.725359,0.546577,0.546566,0.021275,1.420471,1.499257,1.287778,0.452191,0.000437,0.0,78.722633
-0.058889,0.694849,-1.107058,0.34271,0.34273,-0.414569,0.605331,1.08113,0.986642,0.189908,0.00254,0.0,78.992439
-0.093964,0.176183,-1.620856,0.270869,0.27085,-0.700011,0.028197,0.801826,0.629604,-0.029953,0.002039,0.0,79.20639
-0.565909,0.306534,-1.061073,-0.37585,-0.375832,-0.106114,0.150898,1.189175,1.05407,0.561218,0.001615,0.0,78.908707
1.09493,1.64842,-0.252676,-2.016033,-2.016027,1.696535,1.878219,3.042537,2.994209,2.711384,-0.000449,-1.0,77.317886
0.619235,1.250605,-0.376394,-0.902418,-0.902428,2.073823,2.419859,3.493598,3.731781,3.668486,-0.002094,-1.0,76.620148
0.012301,1.40204,-0.08609,-1.274894,-1.2749,2.506463,3.250528,4.208587,4.794001,4.867567,-0.001385,-1.0,75.643318
0.209185,0.799804,-0.159958,-0.049196,-0.049189,1.604531,2.816538,3.72913,4.602557,4.658087,-0.002111,0.0,75.60611
0.642447,0.864834,-0.210038,-0.406048,-0.406052,1.060045,2.871261,3.654555,4.794905,4.93063,-0.002409,0.0,75.29911
-0.223825,0.596871,-0.932604,-0.642456,-0.642447,1.044511,3.07137,3.872164,5.128068,5.360349,-0.00277,-1.0,74.815353
-1.661331,0.172286,-1.956687,1.044521,1.044504,-0.27073,1.592428,2.447294,3.603253,4.054644,-0.002012,1.0,75.596802
-0.149128,0.770467,-0.596499,-0.972189,-0.972173,0.499559,2.038019,3.052061,4.097169,4.810229,-0.002184,-1.0,74.86187
-2.425356,0.74345,-3.24193,1.963467,1.963455,-1.245579,-0.30347,0.81089,1.745886,2.637416,-0.001962,1.0,76.331749
-0.345635,1.09863,-0.493767,-1.267521,-1.267501,0.039489,0.506097,1.868067,2.683601,3.771367,-0.003737,-1.0,75.364243
-0.922668,0.983364,-1.007651,1.678806,1.678787,-1.13876,-1.243168,0.04128,0.775162,1.883695,-0.003258,1.0,76.629448
0.597559,1.914634,0.0,-0.449196,-0.449185,-0.512196,-0.841468,0.279671,1.014018,2.032187,-0.002891,0.0,76.28524
0.061092,0.806358,-0.232125,-0.182929,-0.182941,0.007341,-0.593759,0.214222,0.987791,1.875144,-0.002594,0.0,76.145683
-0.768398,0.996521,-1.164607,1.75932,1.759329,-1.423942,-2.069879,-1.666469,-0.873458,-0.099898,-0.001279,1.0,77.485336
1.010096,1.731594,-0.481003,-0.156078,-0.156091,-0.752761,-1.649825,-1.645816,-0.76238,-0.127461,-0.001175,0.0,77.364388
-0.360096,0.192057,-1.18833,0.180368,0.180369,-0.705788,-1.480003,-1.806894,-0.992066,-0.43067,-0.000979,0.0,77.503929
-0.710234,0.295928,-1.266571,1.404399,1.404397,-1.493842,-2.463297,-2.999519,-2.371559,-1.859842,-0.000318,1.0,78.592392
0.335569,0.982742,-0.107867,-1.231062,-1.231072,0.115064,-0.891642,-1.620308,-1.242791,-0.726252,-0.00018,-1.0,77.624863
-0.332225,0.616996,-0.806836,1.006708,1.006738,-0.647855,-1.614864,-2.362767,-2.278127,-1.759855,0.000118,1.0,78.406342
-0.355496,1.232375,-0.592487,0.130517,0.130496,-0.485834,-1.342567,-2.21747,-2.430962,-1.864189,-6.3e-05,0.0,78.508659
-1.105814,1.315326,-1.280417,1.801167,1.801164,-1.64125,-2.676051,-3.521507,-3.994287,-3.519022,0.000571,1.0,79.922729
-0.150687,0.83459,-1.182331,0.419035,0.41905,-1.636726,-2.587228,-3.536956,-4.168306,-3.845134,0.000636,0.0,80.257645
0.510909,1.114722,-0.998608,-0.173866,-0.173868,-0.843015,-1.921743,-2.931572,-3.722134,-3.62146,0.000724,0.0,80.118103
-2.340305,0.542683,-2.47597,2.70552,2.705528,-2.512161,-3.921997,-5.006222,-5.852462,-6.01063,0.002777,1.0,82.285721
-0.370331,0.291776,-1.021214,0.746189,0.746188,-2.174847,-3.965895,-5.103813,-6.091354,-6.514201,0.003493,1.0,82.899727
1.090668,1.454222,-0.295382,-1.223212,-1.22321,-0.483982,-2.241542,-3.500725,-4.496709,-5.133382,0.003516,-1.0,81.885689
-0.236494,0.6081,-0.506762,0.886169,0.886151,-0.788279,-2.613734,-3.837834,-4.911029,-5.67657,0.003922,1.0,82.61132
-2.760871,0.0,-3.369563,3.6036,3.603602,-2.960861,-5.070645,-6.447096,-7.591841,-8.492601,0.005666,1.0,85.588303
-0.696484,1.490916,-1.806503,-0.119566,-0.119564,-2.095979,-4.128845,-5.711173,-6.945799,-7.920768,0.005893,0.0,85.48597
1.346112,2.186084,-1.421495,1.055612,1.055635,-2.311023,-4.218194,-5.999731,-7.279793,-8.369173,0.005898,1.0,86.38839
0.118959,1.438306,-0.281174,-0.419987,-0.420001,-0.936524,-3.104793,-4.942869,-6.342602,-7.46145,0.006138,0.0,86.025558
1.281628,1.522619,-0.744879,-1.27609,-1.27608,0.889463,-1.302453,-3.216867,-4.623192,-5.825841,0.00473,-1.0,84.927803
-0.314671,0.325515,-1.139326,0.95301,0.952994,-0.028207,-1.578774,-3.49971,-4.964194,-6.207465,0.005695,1.0,85.73716
-0.784528,0.956474,-0.784528,0.965711,0.965719,-0.735088,-2.025797,-3.794382,-5.348745,-6.63171,0.005385,1.0,86.56514
0.982427,1.178912,-0.491209,-1.547557,-1.547549,0.552335,-0.212869,-1.756733,-3.399751,-4.701246,0.004907,-1.0,85.225502
-0.162463,0.281592,-0.953108,0.785941,0.785942,-0.262109,-0.524217,-2.059291,-3.664586,-5.012902,0.005329,1.0,85.895325
-0.615161,0.151089,-1.273474,0.357416,0.357401,-0.321601,-0.461901,-1.94834,-3.566265,-4.891001,0.004719,0.0,86.202316
-1.803136,0.127284,-2.524392,1.748322,1.748332,-1.58464,-1.930421,-3.056148,-4.648392,-5.997885,0.005547,1.0,87.709419
-0.401647,0.549621,-1.247226,0.350023,0.350018,-1.598136,-1.984988,-2.960223,-4.435051,-5.847165,0.005621,0.0,88.016418
1.591401,2.032257,-0.204303,-1.701724,-1.701713,0.404295,-0.273125,-1.001443,-2.317752,-3.793991,0.00427,-1.0,86.518631
1.290597,1.290597,-0.645306,-0.021502,-0.021525,0.565723,-0.196804,-0.624498,-1.916532,-3.357274,0.004796,0.0,86.500008
1.760108,2.574971,-0.010867,-1.010972,-1.010979,1.458078,0.903974,0.625109,-0.601352,-2.041706,0.003919,-1.0,85.625511
0.476864,1.408912,-0.780312,0.249887,0.249904,0.769482,0.66436,0.393777,-0.515873,-1.903107,0.003971,0.0,85.839493
1.529423,1.607001,-0.731467,-2.210896,-2.210902,2.076914,2.627733,2.540919,1.831988,0.578523,0.002227,-1.0,83.941666
-1.200909,0.140645,-2.488373,2.43821,2.438231,-0.476054,0.273707,0.069229,-0.412217,-1.467503,0.003104,1.0,85.988358
1.765285,1.787084,-0.108967,-0.714057,-0.714076,-0.023969,0.933863,0.738086,0.508344,-0.503425,0.00287,-1.0,85.374336
-1.178765,0.508274,-1.438306,0.762781,0.762784,-0.687791,0.149237,0.060561,-0.054071,-0.988428,0.002025,1.0,86.025558
0.659389,0.713432,-0.799919,0.043258,0.043253,-0.678842,-0.085394,0.042523,-0.069717,-0.754941,0.001719,0.0,86.062767
0.683525,1.17175,-0.292933,-0.367532,-0.367521,0.108494,0.01844,0.347906,0.314093,-0.227408,0.002091,0.0,85.746468
-0.31474,0.596921,-1.052747,-0.032547,-0.032556,0.078144,-0.042325,0.418933,0.30769,-0.063377,0.001692,0.0,85.718552
-0.851753,0.269542,-1.185982,0.662037,0.662038,-0.368731,-0.724527,-0.211318,-0.336923,-0.516654,0.000413,1.0,86.286041
1.303004,1.303004,-0.684625,-2.361188,-2.361188,1.618819,1.512814,2.047266,2.032913,1.966879,-0.000562,-1.0,84.248665
-0.0551,0.473829,-1.024793,0.209808,0.209796,1.018192,1.132796,1.574302,1.741614,1.698308,-0.000929,0.0,84.425415
-0.728021,0.695424,-1.358253,1.410467,1.41048,-0.417258,-0.078234,-0.025353,0.27111,0.28991,-0.000134,1.0,85.616219
-0.608561,0.358619,-1.3584,-0.010868,-0.010864,-0.432519,-0.111935,-0.085491,0.304282,0.264292,0.000417,0.0,85.606918
0.418784,1.046952,-0.540002,-1.391001,-1.391004,0.528982,1.183602,1.159357,1.631586,1.602384,-0.000603,-1.0,84.416122
-1.000004,0.758244,-1.000004,0.286535,0.286527,0.338464,0.732972,0.794146,1.250007,1.299349,-0.000898,0.0,84.657997
0.011034,0.209591,-1.025925,-0.384613,-0.384615,0.703809,0.916716,1.064172,1.440712,1.623836,-0.000392,0.0,84.33239
0.275421,0.969489,-0.011011,0.132372,0.13239,0.29304,0.629053,0.970211,1.095068,1.389,-0.000676,0.0,84.444038
-0.507446,0.441259,-1.070052,-0.132197,0.420952,-0.317804,0.09885,0.453492,0.569926,0.943895,-0.000649,0.0,84.799507
-0.480877,1.213116,-0.819672,0.93767,0.937684,-0.968448,-0.911815,-0.462533,-0.417227,-0.007897,-0.001001,1.0,85.594658
-0.087568,1.214974,-0.306479,-0.153004,-0.153007,-0.628144,-0.617802,-0.353829,-0.274092,0.110763,-0.00122,0.0,85.463692
0.854886,1.41001,-0.077717,-1.411998,-1.412011,0.777184,0.785588,0.930455,1.060305,1.380681,-0.001094,-1.0,84.256935
-0.532323,1.718979,-0.698677,0.111023,0.111032,0.643231,0.523752,0.708183,0.972453,1.094398,-0.001036,0.0,84.350487
0.514713,1.454621,-0.257362,-0.887208,-0.887203,1.257687,1.183784,1.440897,1.733589,1.859797,-0.000983,-1.0,83.602127
0.333856,0.856884,-0.077899,0.54828,0.54829,0.340518,0.589724,0.711237,1.100688,1.188273,-0.000853,0.0,84.060509
-0.709368,0.218275,-0.982205,1.969726,1.969717,-1.538796,-1.229874,-1.120026,-0.870284,-0.762114,0.000965,1.0,85.716263
1.058784,1.113932,-0.132343,-1.047691,-1.0477,-0.363948,-0.126825,-0.042218,0.105929,0.240446,-0.000551,-1.0,84.818214
0.099829,0.499164,-0.366059,-0.573504,-0.573494,0.20632,0.435934,0.432802,0.599465,0.837139,-0.00049,-1.0,84.331787
-0.022359,0.413735,-0.816284,-0.798671,-0.798676,1.026504,1.108131,1.086104,1.28626,1.537574,-0.001169,-1.0,83.658249
-0.10035,0.100342,-0.657826,0.290732,0.290736,0.695725,0.613219,0.752169,0.850532,1.173005,-0.001061,0.0,83.901474
0.401473,1.059446,-0.524145,-0.022303,-0.022306,0.281032,0.447197,0.713035,0.851223,1.093396,-0.000911,0.0,83.882759
1.647297,2.166316,-0.033847,-1.159809,-1.159815,0.997414,1.463397,1.780444,1.943239,2.12754,-0.001401,-1.0,82.909874
1.096741,1.327631,-0.450242,-2.267848,-2.267832,2.525962,3.407976,3.861296,4.025767,4.264519,-0.002675,-1.0,81.029617
-0.068986,0.310448,-1.345289,0.404061,0.40406,1.547653,2.715871,3.161234,3.345945,3.630485,-0.001473,0.0,81.357025
-1.5,0.102268,-1.715911,1.184315,1.184297,-0.02499,1.302282,1.688646,2.009065,2.22487,-0.001049,1.0,82.320534
-0.285682,0.697064,-0.548512,-0.556816,-0.556808,0.041138,1.398696,1.964727,2.409475,2.680643,-0.001904,-1.0,81.862167
0.796127,1.211495,0.0,-0.959895,-0.959893,0.558444,1.919928,2.691437,3.201224,3.51059,-0.002317,-1.0,81.076378
-0.323063,0.749973,-0.692279,0.0,0.0,0.569979,1.518405,2.422217,2.99354,3.286612,-0.001712,0.0,81.076378
-0.070051,1.109032,-0.128416,-1.165333,-1.165332,1.449911,2.275269,3.34111,3.916641,4.231118,-0.002343,-1.0,80.131569
0.220437,0.348064,-1.369068,0.618723,0.618717,0.406082,1.240285,2.421783,2.969603,3.402223,-0.001907,1.0,80.627357
2.514822,2.835111,-0.450777,-2.192829,-2.192839,1.89562,2.873083,4.138405,4.859441,5.426376,-0.002918,-1.0,78.859329
0.702293,1.047491,-0.083323,-0.344011,-0.343994,1.614088,2.678248,3.969363,4.860725,5.497911,-0.003251,0.0,78.588058
-0.742598,0.88634,-1.305541,-0.618979,-0.618987,1.485214,2.942874,4.085128,5.113795,5.830167,-0.003927,-1.0,78.101608
-0.67696,0.522568,-2.351539,0.8504,0.850401,0.282664,1.745849,2.793356,3.920435,4.631362,-0.003491,1.0,78.765785
1.230106,1.857213,-0.410029,-1.520189,-1.520187,1.041968,2.703813,3.835829,5.10613,5.832614,-0.003538,-1.0,77.568398
0.873723,0.945533,-0.263317,0.759774,0.759777,0.100532,1.45541,2.564527,3.830037,4.660677,-0.003256,1.0,78.157745
0.381134,0.70272,-0.857552,0.490719,0.490702,-0.40018,0.637222,1.692886,2.923432,3.858521,-0.002657,0.0,78.541267
-0.320327,0.225415,-0.972832,0.393047,0.393062,-0.600314,-0.039154,1.110449,2.172854,3.172854,-0.002725,0.0,78.849983
-1.043497,0.961426,-1.301443,1.18638,1.186364,-1.510133,-1.254533,-0.206343,0.732221,1.771851,-0.003065,1.0,79.785431
1.351196,1.61426,-0.131532,-1.946306,-1.946291,0.614611,0.399378,1.426125,2.369368,3.493965,-0.003456,-1.0,78.232574
0.822509,1.037076,-0.262249,0.310896,0.310891,0.383835,0.03934,0.824099,1.707599,2.804154,-0.003071,0.0,78.475792
0.5973,1.481302,-0.645085,-0.214567,-0.214554,0.53995,0.218602,0.805152,1.632415,2.692623,-0.002817,0.0,78.307419
0.86207,1.209294,-0.083812,-0.226976,-0.22699,0.584295,0.450197,0.783053,1.678049,2.608725,-0.003042,0.0,78.129669
-1.091348,1.174375,-1.399763,0.933915,0.933909,-0.581253,-0.467374,-0.257014,0.578891,1.415903,-0.002627,1.0,78.859329
-1.501289,0.703729,-2.005629,1.138789,1.138778,-1.318308,-1.313615,-1.452796,-0.714269,0.066169,-0.001627,1.0,79.757362
-0.918384,0.685892,-1.278771,0.891385,0.891395,-1.694948,-1.898388,-2.190178,-1.678086,-0.987664,-0.000254,1.0,80.468315
3.437874,3.510248,-0.289503,-3.627058,-3.627049,1.809399,1.665856,1.401683,1.79493,2.462242,-0.002006,-1.0,77.54969
0.29354,0.905086,-0.623779,-1.375151,-1.375145,2.798421,2.773961,2.674484,2.914008,3.653123,-0.003119,-1.0,76.483269
0.048486,0.678785,-1.636361,0.905086,0.905074,1.440001,1.513943,1.616166,1.799399,2.506673,-0.002484,1.0,77.175499
-2.252949,0.452972,-2.348314,1.684847,1.684852,-0.567409,-0.137085,0.009536,-0.024436,0.612233,-0.001334,1.0,78.475792
0.646553,1.077587,-0.526814,-0.441056,-0.441057,-0.72557,0.261018,0.450194,0.371771,0.866864,-0.001525,0.0,78.129669
0.33808,0.833135,-0.229417,-0.838119,-0.838113,0.094176,1.000958,1.207432,1.148267,1.533442,-0.001383,-1.0,77.474854
-0.048734,1.303606,-0.511693,-0.893502,-0.893511,1.074562,1.73611,1.940383,1.974294,2.225148,-0.002041,-1.0,76.782608
0.085084,0.887326,-0.486197,0.231475,0.231477,0.785224,1.25441,1.460237,1.621495,1.824243,-0.000987,0.0,76.960342
0.533336,1.757572,-0.448488,0.279571,0.279569,0.167275,0.637579,1.086063,1.312731,1.361459,-0.000715,0.0,77.175499
-1.746619,0.717796,-2.201216,1.321207,1.321213,-1.122142,-0.965424,-0.25601,-0.00598,0.005745,0.000128,1.0,78.195152
1.179333,1.945286,-0.364745,-1.603058,-1.603052,0.350143,0.568989,1.250649,1.51914,1.549414,-0.000939,-1.0,76.941643
-2.652777,0.047372,-2.70014,2.662616,2.662615,-1.693518,-1.721942,-1.30271,-1.104936,-1.039327,0.00088,1.0,78.990303
-1.6477,0.106681,-2.133716,-0.094743,-0.094751,-1.104787,-1.40825,-1.204363,-1.066264,-0.937885,0.000508,0.0,78.915459
-0.99022,0.247553,-2.310502,0.557137,0.557146,-1.103388,-1.843695,-1.78554,-1.543685,-1.396685,0.000537,1.0,79.355133
0.356764,0.713528,-0.772974,-0.87234,-0.872348,-0.114153,-0.912111,-1.074239,-0.665353,-0.503265,-1.3e-05,-1.0,78.66288
0.190789,1.502507,-0.405442,-0.273511,-0.273508,0.543764,-0.516339,-0.72661,-0.383977,-0.235157,-0.000648,0.0,78.447731
-0.526949,0.419159,-0.526949,-0.429288,-0.429272,0.752083,0.08262,-0.159697,0.044294,0.157108,1.2e-05,0.0,78.110977
0.48106,0.757663,-0.637401,-0.419159,-0.419187,0.885158,0.609751,0.312697,0.396279,0.475774,-0.000305,0.0,77.783546
2.107357,2.813938,-0.334692,-2.982566,-2.982556,2.955253,3.475894,3.130452,3.198218,3.417877,-0.001509,-1.0,75.463608
1.296575,3.00856,0.0,-1.524725,-1.524714,3.37864,4.555629,4.384848,4.38191,4.795051,-0.002073,-1.0,74.313004
1.677423,3.096777,0.0,-2.442097,-2.44211,4.325166,6.560004,6.540218,6.646454,7.097807,-0.003541,-1.0,72.498199
0.06768,3.289563,-1.150678,-4.683867,-4.683869,6.844456,10.365509,11.034702,11.353053,11.838093,-0.006073,-1.0,69.102478
5.626036,5.639829,-0.027574,-1.827543,-1.827534,5.901821,10.78737,12.205369,12.737864,13.270268,-0.007255,-1.0,67.839607
3.466973,3.466973,-2.967605,-3.350801,-3.350812,6.554443,12.525338,14.915124,15.66202,16.331587,-0.007135,-1.0,65.566429
-2.098842,0.189573,-3.994578,5.364534,5.364547,-0.384568,5.409612,8.185058,9.11848,9.749489,-0.004204,1.0,69.083771
-2.576913,1.051805,-3.655008,2.992553,2.992541,-3.657634,1.321334,4.499089,5.503558,6.200903,-0.003297,1.0,71.151131
-2.895187,0.439442,-3.567277,1.722331,2.395463,-4.881217,-1.770353,1.493049,2.765873,3.51724,-0.002988,1.0,72.85553
-0.159102,1.524797,-0.769029,-2.520363,-1.886313,-2.033576,-0.763482,2.750984,4.358373,5.188797,-0.003616,-1.0,71.481247
1.657605,1.975863,-2.055434,-0.013251,-0.013257,-0.368091,-1.308844,2.029271,3.97319,4.810755,-0.003257,0.0,71.471771
-0.131128,1.652236,-1.626023,1.127169,1.127174,-0.594888,-2.690506,0.303062,2.404915,3.318644,-0.002379,1.0,72.277382
0.173329,0.519999,-0.773336,-1.652245,-1.652244,1.056002,-1.25477,1.297458,3.713235,4.694727,-0.003198,-1.0,71.083183
-0.31771,0.423617,-1.059046,0.720001,0.720006,-0.018538,-1.612518,-0.033421,2.455363,3.656476,-0.003006,1.0,71.594986
1.693551,3.817199,-0.215059,-1.509133,-1.509128,1.239239,0.274368,0.811082,3.429549,4.87911,-0.004237,-1.0,70.514526
0.64804,1.039552,-1.593089,-0.443551,-0.44356,1.328477,1.381413,0.760543,3.23843,4.949029,-0.003733,0.0,70.201752
-0.312071,0.027142,-1.940299,-0.499532,-0.499539,1.142482,2.000242,0.840555,3.125978,4.998101,-0.005108,0.0,69.851067
0.768817,0.768817,-0.672705,-1.166894,-1.166893,1.743558,2.898144,1.69681,3.6619,5.779721,-0.005574,-1.0,69.03598
-0.421249,0.312548,-1.209402,1.029654,1.029641,0.176671,1.403744,0.721956,2.005822,4.171552,-0.005368,1.0,69.746803
-2.547273,0.446423,-2.849272,3.492333,3.492356,-2.741613,-1.920967,-2.2758,-1.824341,0.283175,-0.003471,1.0,72.18261
1.1421,2.018588,-0.292166,-1.129203,-1.129201,-1.304132,-0.815415,-0.617796,-0.99005,0.980818,-0.003843,-1.0,71.367523
1.985114,2.150533,-0.468712,-3.665341,-3.665358,2.131243,2.445556,3.131311,2.372646,4.246315,-0.00525,-1.0,68.751648
0.535198,0.837107,-0.809666,0.454924,0.454935,1.676954,1.689305,2.46283,1.660434,3.230758,-0.00487,0.0,69.064423
-1.446883,0.757893,-1.474438,-0.411696,-0.411692,1.816178,1.700423,2.491384,2.057257,3.114857,-0.003752,0.0,68.78009
1.765356,2.001661,-0.055602,-0.868125,-0.868128,1.534611,2.249091,3.066441,2.976184,3.454642,-0.003467,-1.0,68.182991
-1.788421,1.004259,-2.173615,1.042535,1.042511,-0.231101,1.004282,1.753586,2.155208,2.005799,-0.001951,1.0,68.893806
0.480107,0.562409,-0.919066,0.288898,0.288914,-0.419751,0.603568,1.153181,1.861575,1.409728,0.000211,0.0,69.09285
3.286722,3.387629,-0.072082,-4.842248,-4.842241,3.638453,5.222712,5.759448,6.633986,6.159385,-0.0011,-1.0,65.747208
0.738065,1.143272,-1.548479,-0.389224,-0.389238,3.039083,4.984097,5.551389,6.488438,6.353653,0.000188,0.0,65.491295
0.449468,1.203425,-1.768886,-0.188129,-0.188104,2.372028,4.139466,5.225444,6.221531,6.402849,-0.002227,0.0,65.368103
3.636362,4.937171,-0.354764,-1.913874,-1.913881,2.879521,5.040642,6.645962,7.720613,8.388587,-0.00436,-1.0,64.117035
-4.820819,0.184865,-5.332765,3.946782,3.946764,-1.760511,0.736644,2.276272,3.208204,4.126958,-0.003685,1.0,66.647583
-1.165205,0.887789,-1.442632,2.517059,2.517071,-3.417946,-1.844912,-0.304244,0.472332,1.404917,-0.001771,1.0,68.32515
-2.218013,0.635653,-2.786049,2.566245,2.566251,-4.525296,-4.115508,-2.767116,-2.149724,-1.290784,-0.000649,1.0,70.078545
0.106174,2.057072,-1.061705,1.906946,1.906942,-4.618446,-5.4572,-4.65826,-3.917717,-3.141604,-0.00031,1.0,71.414902
-1.77453,0.378394,-2.909701,1.712012,1.712025,-3.877882,-6.533153,-6.146498,-5.367314,-4.707736,0.001152,1.0,72.637543
1.034574,1.322685,-0.654793,-0.365342,-0.365361,-1.94342,-5.737293,-5.468828,-4.846121,-4.353061,0.00068,0.0,72.372154
2.281825,2.281825,-0.894055,-1.859611,-1.859601,0.675203,-3.207906,-3.493469,-2.902997,-2.543909,0.000528,-1.0,71.026321
-0.60289,1.929264,-0.857448,-0.400324,-0.400329,1.267421,-2.076631,-2.920685,-2.442388,-2.200428,0.000547,0.0,70.741982
-0.546599,0.439933,-1.65312,0.495717,0.495713,0.677247,-1.754431,-3.126694,-3.000265,-2.650313,0.00098,0.0,71.092659
-1.050424,0.144424,-2.993707,1.533132,1.533141,-0.969021,-2.120546,-4.285724,-4.408493,-4.010515,0.002154,1.0,72.18261
1.664203,1.731313,-2.711051,-2.166494,-2.166489,0.727411,0.609304,-2.022112,-2.159454,-1.841377,0.000764,-1.0,70.618782
-1.065553,1.726462,-1.254384,-0.496582,-0.496578,1.01429,1.387906,-1.104228,-1.585526,-1.281372,-0.00097,0.0,70.268105
-2.197226,0.714749,-2.250172,1.901813,1.901807,-0.63005,-0.291206,-2.380772,-3.225028,-3.019998,0.000347,1.0,71.604469
-0.436327,1.785014,-0.687553,0.105882,0.105868,-0.571185,-0.359632,-1.896943,-3.083423,-3.150592,0.001987,0.0,71.680275
-2.415025,0.33222,-2.581145,3.477463,3.47747,-3.375924,-3.50115,-4.289975,-5.984541,-6.254028,0.003301,1.0,74.172935
-0.650928,1.135929,-1.212503,0.114996,0.115008,-2.506705,-3.358014,-3.716663,-5.744743,-6.065102,0.00353,0.0,74.25824
1.179515,1.296176,-0.233313,-1.531584,-1.531586,-0.209988,-1.568381,-1.781819,-3.774476,-4.382124,0.003242,-1.0,73.120911
-1.93632,0.610788,-2.079271,-0.259242,-0.259242,0.413254,-1.012346,-1.265759,-3.014298,-3.905918,0.002676,0.0,72.931351
-1.61759,0.732974,-2.439024,2.833009,2.832992,-1.468455,-3.218739,-3.667369,-5.044219,-6.189804,0.003782,1.0,74.99749
0.050834,1.601214,-0.406658,-0.556041,-0.556049,-0.808221,-2.356065,-2.955041,-3.81178,-5.360262,0.005645,-1.0,74.580467
0.614118,0.933975,-1.91914,-0.673526,-0.673515,-0.184239,-1.226969,-2.143465,-2.658008,-4.449335,0.005522,-1.0,74.078156
-2.240964,0.377695,-2.492765,1.624867,1.62485,-1.20608,-2.14023,-3.331214,-3.75234,-5.470458,0.00631,1.0,75.281815
-2.024036,1.116294,-2.244842,2.631244,2.631256,-2.617761,-3.916821,-5.246962,-5.755017,-7.284581,0.008286,1.0,77.262672
1.419498,1.743246,-0.635033,-1.484297,-1.484283,-0.856691,-1.886445,-3.379406,-4.026275,-5.322876,0.005925,-1.0,76.115875
1.192887,2.436546,-0.241119,-1.880208,-1.880228,1.071069,0.062191,-1.304558,-2.050116,-2.942629,0.004013,-1.0,74.684723
-1.277504,0.012651,-2.605614,0.329943,0.329939,0.966364,-0.177066,-1.245449,-2.201472,-2.819611,0.003041,0.0,74.931137
1.168009,1.771271,-0.744451,-1.454584,-1.454573,2.066481,1.393911,0.534804,-0.56732,-1.08638,0.001579,-1.0,73.841209
-1.739235,0.12696,-1.891581,1.103829,1.103838,0.2539,0.517958,-0.290298,-1.390756,-1.921034,0.001315,1.0,74.656296
1.094945,1.236634,-1.120694,-1.447252,-1.447246,1.035672,1.800839,1.345693,0.226068,-0.363265,0.000844,-1.0,73.575836
-0.326371,1.553529,-0.900775,-1.326805,-1.326809,1.819838,2.89686,2.563964,1.602479,0.974411,0.001076,-1.0,72.599625
0.144472,1.182036,-0.564749,-0.600521,-0.600518,1.667976,3.253207,2.990097,2.323345,1.572887,0.000989,-1.0,72.163651
-2.629905,0.217028,-3.26823,2.876285,2.876282,-1.067283,0.225958,0.211062,-0.270019,-1.09384,0.002024,1.0,74.239281
1.694036,2.08496,-0.10424,-2.029879,-2.029888,0.453489,1.679703,2.269137,1.873865,1.064902,0.000475,-1.0,72.732307
-1.973269,0.165496,-2.278804,2.35862,2.358629,-1.626994,-0.887342,-0.136654,-0.287723,-1.083647,0.002442,1.0,74.447792
-0.243833,1.001025,-0.372178,-0.802043,-0.802037,-0.492816,-0.198929,0.604885,0.496655,-0.193538,0.00231,-1.0,73.850693
0.998051,1.270246,-1.192481,-0.988188,-0.988186,0.762143,0.549568,1.521695,1.42189,0.939455,0.001053,-1.0,73.120911
-0.686349,0.258996,-1.178455,0.090731,0.090722,0.383321,0.369075,1.23888,1.334493,1.007507,0.001046,0.0,73.187248
-0.856994,1.023283,-1.445379,1.2432,1.243214,-0.480948,-0.93887,-0.289091,0.168823,-0.098251,7.5e-05,1.0,74.097122
-0.128981,1.25113,-1.380111,-0.831416,-0.83142,0.090287,-0.121248,0.307829,0.905444,0.837343,-0.000336,-1.0,73.481064
-0.698307,0.219834,-1.150912,-0.257961,-0.257982,0.196574,0.231487,0.440545,1.078501,1.050052,0.000217,0.0,73.291496
-0.077778,0.933248,-0.427741,-0.232769,0.416512,-0.089712,0.010468,-0.096939,0.626538,0.594961,0.000511,0.0,73.596764
-1.739798,0.063967,-2.136367,1.322095,1.322088,-1.022577,-1.250185,-1.335376,-0.734217,-0.639921,-0.000146,1.0,74.569778
2.084159,3.152617,-0.25062,-3.019061,-3.019068,1.566747,1.766724,1.520593,2.014144,2.419311,-0.001217,-1.0,72.318466
2.205589,2.419469,-0.895601,-1.319087,-1.319074,2.331235,2.695002,2.671051,3.04488,3.584728,-0.001497,-1.0,71.364532
-1.177884,0.468477,-2.074682,-0.133671,-0.133666,1.900674,2.470228,2.684015,2.943175,3.537522,-0.002262,0.0,71.269142
-0.206045,0.659335,-1.002751,-2.556547,-2.556547,3.379108,4.629652,5.117277,5.249179,5.987216,-0.004518,-1.0,69.447113
-0.391607,2.083913,-2.517487,-1.785718,-1.785716,3.392999,5.801842,6.438895,6.749778,7.499355,-0.004649,-1.0,68.206985
-0.027738,2.676095,-0.970611,0.867137,0.867146,1.480852,4.122098,5.142652,5.406334,6.083075,-0.003454,1.0,68.798439
0.433685,2.448237,-0.111921,-0.88741,-0.887426,1.457755,4.278116,5.472046,5.955032,6.567846,-0.003983,-1.0,68.187904
2.377547,2.377547,-0.143224,-2.322332,-2.322331,2.469214,5.753367,7.25438,8.024096,8.61627,-0.004361,-1.0,66.604355
-0.914025,0.728366,-1.299623,0.286447,0.286438,1.382479,4.433032,6.316679,7.313693,7.818819,-0.004716,0.0,66.795135
-1.16926,0.403676,-1.781735,2.599256,2.599267,-1.091309,0.906184,3.17031,4.178541,4.777394,-0.002957,1.0,68.531319
0.393147,1.516431,-0.631851,-0.863022,-0.86302,-0.483017,1.140126,3.464256,4.732753,5.294083,-0.002755,-1.0,67.93988
2.760122,3.280353,-0.086702,-2.836288,-2.836288,1.763005,3.281796,5.730251,7.151107,7.909434,-0.003727,-1.0,66.012909
2.52451,2.717556,-0.014841,-2.687863,-2.687865,3.837246,5.040103,7.711123,9.362577,10.369383,-0.006146,-1.0,64.238571
-0.750545,0.57395,-1.177329,0.905852,0.905833,2.295824,3.383393,5.841573,7.740564,8.925456,-0.00487,1.0,64.820465
-1.53979,0.402934,-1.899554,2.266374,2.266392,-0.647577,0.802995,2.663215,4.832584,6.03179,-0.00491,1.0,66.289551
-0.563302,0.042246,-1.450498,2.187371,2.187369,-2.83341,-1.511059,0.015021,2.119327,3.467309,-0.00361,1.0,67.739548
0.524604,0.964129,-0.226848,-0.675965,-0.675963,-1.794986,-0.975474,0.29113,2.353608,3.745431,-0.003475,-1.0,67.281654
-1.278047,0.0426,-1.97387,-0.155963,-0.155974,-0.766822,-0.735579,0.041667,2.058376,3.510101,-0.003582,0.0,67.176712
1.659336,1.900434,-0.865125,0.12781,0.127814,-0.167352,-0.792796,-0.302555,1.457242,3.029584,-0.004067,0.0,67.262573
-0.330263,1.278001,-0.373352,-1.233872,-1.23387,1.12292,0.130674,0.764891,2.112297,3.910013,-0.004242,-1.0,66.43264
-0.544799,0.903222,-1.075269,0.157957,0.157968,0.602141,-0.238003,0.379442,1.51684,3.291675,-0.004061,0.0,66.537582
