0.018788,0.432168,-1.334091,0.244869,0.244871,1.721154,2.224723,2.322429,2.175868,1.4535,0.00148,0.0,46.17334
-0.598131,0.224297,-1.084116,0.526116,0.526113,0.47103,1.626168,1.621183,1.684112,0.98413,0.0021,0.0,46.416264
0.45601,0.703019,-0.437011,-1.626166,-1.626169,1.470647,2.846287,3.028691,3.269999,2.734419,-0.000359,-1.0,45.661457
-0.773731,0.377424,-1.170038,0.684022,0.684017,0.181171,1.758828,2.141289,2.39857,2.179088,-0.000567,1.0,45.973789
-0.918115,0.918123,-1.161699,0.717111,0.717115,-0.427202,0.811323,1.309106,1.582355,1.467346,0.000341,1.0,46.303474
0.394068,0.562956,-0.225189,-0.149893,-0.149889,-0.251458,0.668041,1.309812,1.578155,1.583033,-0.000207,0.0,46.23407
-0.490662,0.603886,-0.64163,-0.562956,-0.562964,0.120779,0.779397,1.77644,1.979622,2.154373,-0.001393,-1.0,45.973789
1.083703,1.326607,-0.149479,1.000185,1.000196,-0.538121,-0.377432,0.577974,0.852014,1.134526,-0.000569,1.0,46.433617
-1.444717,0.0,-1.722543,0.87818,0.878183,-1.033533,-1.353963,-0.428483,-0.071318,0.194842,-0.000716,1.0,46.841389
0.130255,0.669885,-0.502421,-0.463049,-0.463052,-0.435433,-0.774102,-0.066994,0.349827,0.619272,-0.000814,0.0,46.624489
0.308977,0.817886,-0.23628,2.381835,2.381828,-2.122858,-2.755357,-2.372465,-1.937472,-1.717189,0.000261,1.0,47.735004
-0.091648,0.238266,-0.476543,-0.836058,-0.836051,-0.722141,-1.741206,-1.65445,-1.044725,-0.908362,0.000136,-1.0,47.335915
1.96629,2.37827,-0.187272,-2.126098,-2.1261,1.389513,0.537451,0.360797,0.950372,1.140821,-0.000573,-1.0,46.329506
2.062866,2.239684,-0.235762,-4.681648,-4.681647,5.155204,5.06483,4.808117,5.500979,5.827108,-0.002841,-1.0,44.160522
0.01948,0.506335,-1.090549,0.884079,0.884084,3.302824,3.750731,3.663745,4.263875,4.676922,-0.00193,1.0,44.550938
-0.677831,0.657899,-0.817384,-2.317426,-2.31743,3.815792,5.58812,5.716375,6.26894,6.814195,-0.003915,-1.0,43.518501
0.180834,0.442037,-0.884063,-0.777512,-0.777508,2.704439,5.768534,6.045138,6.534054,7.324087,-0.004253,-1.0,43.180141
-0.90733,0.0,-1.312741,4.07876,4.078755,-1.938219,1.291512,1.782501,2.111009,2.867186,-0.002093,1.0,44.941353
0.463144,1.659591,0.0,0.038612,0.038621,-1.621002,0.833649,1.592686,1.805281,2.578148,-0.002315,0.0,44.95871
0.873619,1.358961,-0.097067,-0.598228,-0.598229,-0.966804,1.00757,1.963371,2.264607,2.958646,-0.003019,-1.0,44.689754
0.813012,1.084013,0.0,0.291209,0.291205,-0.673636,0.063879,1.456961,1.816684,2.411922,-0.002069,0.0,44.819893
0.628807,1.375518,-0.117895,-1.490517,-1.49051,1.2694,0.856745,2.716966,3.100799,3.605417,-0.002885,-1.0,44.151848
-0.099035,0.297083,-0.812042,-0.786003,-0.78601,1.552782,1.079418,3.130649,3.705679,4.11883,-0.002039,-1.0,43.80481
1.1357,1.507734,-0.783243,1.148738,1.148732,0.105744,-0.03524,1.578231,2.339931,2.66145,-0.001646,1.0,44.30801
0.309598,0.793344,-0.386997,1.194439,1.194439,-1.010056,-1.15131,0.113524,0.968465,1.340562,-0.001356,1.0,44.837242
1.092046,1.189548,-0.117001,-0.773996,-0.773995,-0.38611,-0.16185,0.408223,1.560069,1.979725,-0.000985,-1.0,44.490204
-0.196123,0.117664,-0.64719,-0.565517,-0.565516,0.219648,0.645224,0.512518,1.941557,2.362815,-0.001529,-1.0,44.238605
-0.70449,0.076163,-1.542272,3.000584,3.000583,-1.926885,-2.149653,-2.527287,-1.123377,-0.627567,-0.000536,1.0,45.566021
-0.515269,0.0,-1.183212,-0.228481,-0.228484,-1.194656,-1.814883,-2.113228,-1.048661,-0.445035,-0.00057,0.0,45.46191
0.362246,0.53384,-0.476644,0.095418,0.095432,-0.995242,-1.729274,-2.066738,-1.265976,-0.610113,-0.000284,0.0,45.505295
0.23121,0.289012,-0.462432,-1.048616,-1.048627,0.292873,-0.641617,-0.805393,-0.520229,0.336033,-0.001174,-1.0,45.028114
0.07663,0.344828,-0.862071,0.578033,0.578032,0.18008,-0.961683,-1.06513,-1.318004,-0.301145,-0.001305,1.0,45.288391
-1.450642,0.0,-1.60136,1.685826,1.685829,-1.269783,-2.115678,-2.544588,-2.984176,-1.98719,-0.000371,1.0,46.051876
-0.649599,0.420331,-0.764236,-1.394126,-1.394126,0.103174,-0.489109,-1.100495,-1.474969,-0.727549,-0.002012,-1.0,45.409855
-0.695879,0.0,-0.7523,1.585781,1.585779,-1.188635,-1.762266,-2.436204,-2.841821,-2.320098,-0.000959,1.0,46.129955
0.28458,0.531214,-0.208691,-0.865148,-0.865143,-0.018973,-0.633656,-1.45197,-1.752039,-1.642951,-0.000411,-1.0,45.730865
0.283826,0.340588,-0.58656,0.265602,0.265606,-0.037845,-0.54494,-1.465786,-1.720909,-2.032924,0.00174,0.0,45.852329
-0.95793,0.0,-1.277237,0.737945,0.737934,-0.709992,-1.13824,-1.843225,-2.305595,-2.762582,0.001676,1.0,46.190689
-0.018855,0.622293,-0.509148,-0.394446,-0.394439,-0.056573,-0.627946,-1.208122,-1.804638,-2.216858,0.002512,0.0,46.008495
0.53252,0.760742,0.0,-0.848571,-0.84858,0.574366,0.247245,-0.248507,-0.862491,-1.286416,0.002481,-1.0,45.618076
1.041665,1.231064,0.0,0.418404,0.418415,0.189392,-2e-06,-0.472224,-1.167615,-1.497728,0.00089,0.0,45.808949
3.069155,3.982127,0.0,-2.499998,-2.500005,2.22611,2.424245,2.14323,1.423857,1.160843,-0.000214,-1.0,44.663723
-0.646421,0.195892,-1.175314,-0.835278,-0.835277,2.22919,2.889328,2.811627,2.333011,1.954168,-0.000317,-1.0,44.290657
-1.036174,0.0,-1.05572,0.195892,0.195899,1.294224,2.455514,2.447695,2.140754,1.702437,-0.000358,0.0,44.377422
-0.568405,0.293998,-0.842807,-0.254158,-0.254168,0.940812,2.295183,2.521892,2.336344,1.923173,0.000179,0.0,44.264629
0.405325,0.656246,-0.501837,1.548414,1.548419,-0.980508,0.561666,0.947048,0.827059,0.380621,0.001194,1.0,44.950031
-0.401681,0.497326,-0.707726,0.907157,0.907161,-1.564653,-0.451417,0.049731,0.043993,-0.415456,0.001089,1.0,45.3578
0.208375,0.378862,-0.719835,0.97552,0.975519,-1.856414,-1.498394,-0.953468,-0.896954,-1.203262,0.000994,1.0,45.800274
-0.41659,0.094679,-0.605944,0.037886,0.037888,-1.264917,-1.577358,-0.931648,-0.895669,-1.108887,0.001347,0.0,45.817627
-0.559956,0.193084,-0.559956,-1.931452,-1.931451,0.977019,0.208528,0.841855,0.992462,0.847261,0.000753,-1.0,44.932682
-1.167689,0.0,-1.416543,0.868896,0.868898,0.271817,-0.761877,-0.086789,0.155043,0.052057,-0.000174,1.0,45.323101
-0.21203,0.385507,-0.308404,-0.689129,-0.689141,0.813423,0.00386,0.481885,0.819201,0.814961,-0.000374,-1.0,45.010761
-0.543371,0.329909,-1.494277,-0.674638,-0.674632,1.009126,0.77625,0.943142,1.353582,1.422862,-0.000709,-1.0,44.707104
0.23197,0.23197,-0.463944,0.388125,0.388124,0.201047,0.498746,0.385335,0.902765,0.97893,-8.4e-05,0.0,44.880623
0.46512,0.581403,-0.251932,-0.251309,-0.251309,0.37985,0.864348,0.511633,1.00485,1.167446,-0.000445,0.0,44.767834
0.444444,0.579708,-0.231882,0.290702,0.290695,-0.100479,0.560395,0.085031,0.619331,0.862615,-0.001051,0.0,44.897972
2.072128,2.311215,0.0,-3.014495,-3.014495,2.331146,3.269585,3.024516,3.481778,3.837427,-0.001756,-1.0,43.544525
0.776117,0.87562,-0.238804,0.119548,0.119553,1.699499,2.640797,2.795358,3.060697,3.48816,-0.002393,0.0,43.596584
-0.891091,0.0,-1.267325,0.497512,0.497516,0.708905,1.675245,2.200658,2.299997,2.830096,-0.001801,0.0,43.813484
0.413384,1.22047,-0.098423,0.594057,0.594057,-0.20079,0.87992,1.568242,1.520669,2.03622,-0.001658,1.0,44.073761
1.372353,2.11907,0.0,-2.46063,-2.46063,1.428858,2.881935,3.826438,3.753784,4.355196,-0.003049,-1.0,42.989269
0.673191,0.775198,-0.306,-1.069625,-1.069623,2.04814,3.410847,4.50564,4.624639,5.170946,-0.003342,-1.0,42.529446
-0.936099,0.223852,-1.058201,0.244796,0.244795,1.347172,2.671955,3.755256,4.174806,4.580381,-0.002867,0.0,42.633556
1.967355,1.967355,-0.062786,-2.767603,-2.767611,3.093352,4.767691,6.006705,6.787366,7.11763,-0.004252,-1.0,41.453625
1.301425,1.490342,-1.448359,-0.29301,-0.293002,2.069689,4.244331,5.737474,6.746432,7.017632,-0.003293,0.0,41.332165
-1.835624,0.208598,-1.939927,0.629723,0.62972,0.759284,2.797248,4.47782,5.674804,5.94243,-0.002656,1.0,41.592442
-0.39707,0.585168,-0.585158,-0.187737,-0.187734,0.45977,2.501568,4.112852,5.41066,5.838246,-0.002822,0.0,41.514359
-1.06644,0.287129,-1.722724,1.901776,1.901771,-1.570957,0.283025,1.79109,3.030154,3.67515,-0.001885,1.0,42.303867
-0.228218,0.663898,-0.560168,-1.148476,-1.148469,-0.253119,0.970947,2.485469,3.748956,4.634848,-0.003058,-1.0,41.81802
-0.081635,0.122451,-0.469388,1.659749,1.659746,-1.326533,-1.0449,0.458501,1.770406,2.761631,-0.00273,1.0,42.512093
-0.081286,0.426741,-0.345454,0.428569,0.428577,-1.231463,-1.53628,-0.314307,1.028238,2.111759,-0.002968,0.0,42.69429
0.688078,0.896581,-0.166802,-2.540134,-2.540141,1.388659,0.809007,1.973867,3.252709,4.412844,-0.004089,-1.0,41.609795
-0.06255,0.500421,-0.500413,0.0,0.0,1.055049,0.562969,1.655546,2.880524,4.010008,-0.003249,0.0,41.609795
1.021894,1.105316,0.0,-0.020847,-0.020848,0.971845,0.619393,1.322208,2.507817,3.626275,-0.003636,0.0,41.60112
-0.954115,0.0,-0.974419,2.732006,2.732011,-1.607794,-1.727568,-1.580728,-0.455746,0.665042,-0.002149,1.0,42.737667
-3.153503,0.059506,-3.193171,2.354852,2.354862,-3.391519,-3.496636,-3.73001,-2.877836,-1.79533,-0.000831,1.0,43.74408
-0.314713,0.236033,-0.668765,0.833007,0.832988,-3.056642,-3.705738,-4.286646,-3.616242,-2.688431,-0.000638,1.0,44.108463
0.607252,0.881491,-0.078357,0.413059,0.413059,-2.244852,-3.653274,-4.430945,-3.934372,-3.126342,-0.000349,0.0,44.290657
0.852498,0.911981,-0.198253,-1.194907,-1.194907,-0.075333,-2.044007,-2.9236,-2.778544,-2.057093,-0.000995,-1.0,43.761425
0.039573,0.375938,-0.969533,0.198259,0.198259,0.233479,-1.93312,-2.733147,-2.996635,-2.334783,0.000402,0.0,43.848186
0.079493,0.775038,0.0,-0.435301,-0.435293,0.631949,-1.283788,-1.992585,-2.49603,-2.021467,0.00016,0.0,43.657318
0.976092,1.115532,-0.219125,-0.238472,-0.23848,0.61753,-0.601592,-1.446213,-2.145417,-1.786452,-0.00016,0.0,43.553204
-0.197089,0.374454,-0.492708,1.075699,1.0757,-0.575485,-1.11155,-2.234923,-3.02917,-2.793064,5e-05,1.0,44.021706
0.039504,0.197509,-0.533281,-0.216793,-0.216786,-0.284421,-0.367377,-1.702553,-2.537039,-2.571604,0.001025,0.0,43.926273
-0.527645,0.078173,-0.762163,1.066555,1.066548,-1.090476,-1.045529,-2.457162,-3.220631,-3.570836,0.001954,1.0,44.394768
0.19739,0.296094,-0.631662,-0.996674,-0.996674,0.039481,-0.001973,-1.284377,-1.977889,-2.512434,0.001414,-1.0,43.952297
0.436423,0.991867,-0.158695,-0.493486,-0.49349,0.618929,0.408653,-0.470801,-1.237844,-1.918662,0.002403,0.0,43.735397
0.138614,0.613863,-0.019798,0.178536,0.178544,0.344551,0.120789,-0.312874,-1.241586,-1.985745,0.002608,0.0,43.813484
0.0,0.474592,-0.197744,0.138614,0.13861,0.181925,0.007911,-0.105464,-1.143958,-1.900731,0.002395,0.0,43.874214
1.777064,1.857833,0.0,-2.07633,-2.076327,1.639738,1.922453,2.047655,1.004643,0.331177,0.001574,-1.0,42.963242
0.717945,0.758972,-0.65641,-1.554927,-1.554941,2.461548,3.210267,3.431121,2.552832,1.982371,7.1e-05,-1.0,42.295189
-0.404688,0.141651,-0.60704,1.374355,1.374357,0.671802,1.653188,1.837324,1.31021,0.726844,0.001168,1.0,42.876476
-0.560118,0.0,-0.640136,1.153387,1.153392,-0.68014,0.344066,0.534772,0.358071,-0.323265,0.000947,1.0,43.37101
-0.898196,0.0,-0.998004,0.220036,0.220036,-1.085827,0.017968,0.268801,0.352301,-0.390412,0.000857,0.0,43.466442
0.507202,0.791233,0.0,-1.616761,-1.616748,0.446323,1.280165,1.747469,2.004451,1.270023,0.001258,-1.0,42.763699
-0.202885,0.547778,-0.54778,0.0,0.0,0.665439,1.00222,1.608158,1.889824,1.276515,0.001258,0.0,42.763699
-0.658292,0.059842,-0.897668,1.7042,1.704191,-0.73808,-0.746063,-0.103733,0.111707,-0.247359,0.002008,1.0,43.492474
-0.616917,0.238804,-0.915421,0.239376,0.239375,-0.871638,-1.032836,-0.407297,-0.206965,-0.303283,0.000924,0.0,43.596584
-0.454456,0.019755,-0.612531,0.71642,0.716423,-1.375221,-1.728912,-1.118361,-0.900024,-0.802217,0.000212,1.0,43.90892
0.01948,0.642652,-0.292107,1.462156,1.462158,-1.994156,-2.788706,-2.519963,-2.249271,-2.06894,0.000486,1.0,44.550938
-0.546454,0.214668,-0.565966,-0.214208,-0.214218,-1.022637,-2.094066,-2.235233,-1.949649,-1.794692,0.000213,0.0,44.455502
-0.058189,0.310318,-0.407298,0.62451,0.624519,-1.082238,-2.28666,-2.693308,-2.426306,-2.348339,0.001004,1.0,44.733135
-0.363712,0.0,-1.033693,1.318854,1.318857,-1.60797,-3.127879,-3.737886,-3.552843,-3.528341,0.001491,1.0,45.323101
-0.326362,0.115189,-0.556731,-0.28714,-0.287143,-0.756383,-2.466884,-3.266145,-3.134963,-3.123828,0.001556,0.0,45.192959
0.308174,0.442997,-0.250379,-0.326362,-0.326367,-0.211857,-1.640979,-2.641238,-2.745565,-2.700303,0.001517,0.0,45.045464
0.492329,1.893581,0.0,1.714181,1.714186,-1.298997,-2.63208,-3.769492,-4.181031,-4.151491,0.001795,1.0,45.817627
0.467464,0.860133,-0.411372,1.268697,1.268697,-1.817502,-3.225506,-4.468961,-5.09443,-5.106959,0.002441,1.0,46.398914
0.056941,0.132851,-0.929964,-1.47719,-1.477194,-0.174602,-1.311439,-2.695003,-3.463652,-3.536152,0.001335,-1.0,45.713512
-0.245842,0.151282,-0.548413,0.360604,0.360605,-0.234494,-1.236762,-2.694149,-3.592096,-3.712558,0.001925,0.0,45.878357
-0.682466,0.075831,-1.118483,-0.245842,-0.245835,0.326063,-0.727966,-2.017065,-3.048347,-3.355456,0.002033,0.0,45.765572
0.374524,0.749058,0.0,1.232231,1.232223,-0.674157,-1.531834,-2.696629,-3.793072,-4.326593,0.002491,1.0,46.329506
2.26097,2.299291,0.0,-2.265923,-2.265912,1.134312,0.87181,-0.177561,-1.297188,-1.972032,0.001445,-1.0,45.27972
-1.849382,0.0,-1.849382,0.498184,0.498181,0.541464,0.411815,-0.392761,-1.55196,-2.309254,0.002565,0.0,45.505295
-0.170713,0.49317,-0.398336,0.514776,0.514764,-0.034135,0.017076,-0.636059,-1.807657,-2.64643,0.003465,0.0,45.73954
-0.037872,0.246162,-0.397658,0.170713,0.170721,-0.181785,0.015147,-0.621096,-1.641736,-2.563154,0.002941,0.0,45.817627
-1.62295,0.0,-1.641825,0.340846,0.340834,-0.675591,-0.290613,-0.738496,-1.626714,-2.574063,0.002588,0.0,45.973789
-0.697453,0.471254,-0.791702,0.113223,0.113236,-0.463714,-0.484448,-0.663524,-1.46277,-2.410556,0.002542,0.0,46.025848
-0.593032,0.16679,-0.833953,1.715363,1.71536,-1.582653,-1.92735,-2.126264,-2.78076,-3.762043,0.00399,1.0,46.815357
0.740744,0.907411,-0.166667,0.074131,0.074127,-1.181479,-1.792588,-1.962959,-2.538884,-3.54444,0.004023,0.0,46.85006
0.168919,0.43168,-0.243988,-1.333335,-1.333328,0.330327,-0.365992,-0.467969,-1.040729,-1.941442,0.002702,-1.0,46.225395
0.869242,1.417234,-0.491304,-0.675678,-0.675689,0.986404,0.2211,0.22299,-0.208793,-0.999988,0.002304,-1.0,45.913055
0.722573,0.760605,-0.247197,-0.623579,-0.623579,1.445145,0.926037,0.739058,0.515315,-0.191664,0.001721,-1.0,45.626751
0.07548,0.113223,-0.717118,0.760605,0.760602,0.313268,0.266091,0.016361,-0.172668,-0.738246,0.001416,1.0,45.973789
0.360127,0.492801,-0.208484,-0.434052,-0.434045,0.280517,0.710769,0.437206,0.326011,-0.142525,0.001321,0.0,45.774242
0.396749,0.396749,-0.472322,0.322218,0.322225,-0.173824,0.409968,0.137283,0.099183,-0.343854,0.001189,0.0,45.921738
1.101828,1.101828,-0.132977,-0.547895,-0.547895,0.269752,0.896652,0.592702,0.634496,0.311548,0.000378,-1.0,45.670135
0.681425,0.757142,0.0,0.360948,0.360947,-7e-06,0.492135,0.311683,0.211047,0.046936,0.00066,0.0,45.83498
0.346154,0.653846,-0.557694,-1.571081,-1.571088,1.215389,1.719233,1.855131,1.744235,1.625389,0.000118,-1.0,45.114872
1.43984,1.715974,-0.078897,-2.499998,-2.499985,2.99802,3.676516,4.201171,4.138056,4.121488,-0.001714,-1.0,43.987007
-1.25712,0.098211,-1.512475,0.414199,0.414181,1.779621,2.78335,3.522563,3.527803,3.612659,-0.002085,0.0,44.169193
0.138157,0.769692,-0.217085,-0.471424,-0.471426,1.484126,2.826142,3.707663,3.74878,3.934492,-0.001648,0.0,43.960968
-0.861561,0.489524,-0.861561,0.789426,0.789432,0.0,1.723127,2.636905,2.826515,2.931666,-0.001462,1.0,44.30801
0.039465,0.197315,-0.335442,-0.763658,-0.763645,0.248609,2.050109,2.995253,3.443162,3.565105,-0.001687,-1.0,43.969654
1.298185,1.298185,0.0,-1.203631,-1.203639,1.218291,2.756142,3.726781,4.438784,4.602356,-0.002746,-1.0,43.440418
1.376419,1.575897,-0.179533,0.119834,0.119833,0.785954,2.074605,3.18372,4.046477,4.268101,-0.001709,0.0,43.492474
0.458988,1.077631,-0.219519,-0.039896,-0.039892,0.602671,1.610452,2.851055,3.800632,4.047091,-0.001943,0.0,43.475124
-0.040243,0.040241,-0.82495,-0.8182,-0.818206,0.881291,1.818914,3.311872,4.319919,4.70503,-0.002522,-1.0,43.119408
-0.474406,0.118604,-0.810437,1.790742,1.790746,-0.929037,-0.251038,1.178098,2.151609,2.71595,-0.001818,1.0,43.891567
-0.358772,0.139534,-0.857078,-0.830208,-0.830207,-0.059793,0.478375,1.680955,2.625077,3.372536,-0.002327,-1.0,43.527176
-0.943767,0.511203,-1.966182,1.37533,1.375325,-1.128586,-0.894611,0.03015,0.994889,1.816753,-0.001778,1.0,44.125816
-1.144964,0.0,-1.377836,1.317338,1.317342,-1.862992,-2.016299,-1.414061,-0.453133,0.379585,-0.001951,1.0,44.707104
-1.118831,0.0,-1.195986,0.601593,0.601593,-1.62423,-2.453703,-2.130917,-1.120757,-0.314045,-0.001722,1.0,44.976059
-1.116239,0.0,-1.539644,0.23148,0.231472,-1.32409,-2.432633,-2.362066,-1.448221,-0.698222,-0.001042,0.0,45.080166
-0.232196,0.406345,-0.29025,-0.538874,-0.538871,-0.205108,-1.59249,-1.706654,-1.018766,-0.339781,-0.000982,-1.0,44.837242
-0.28714,0.09571,-0.708275,1.083595,1.083606,-0.746565,-2.243502,-2.590618,-2.145875,-1.48776,-0.00024,1.0,45.323101
-0.359845,0.227271,-0.606059,1.07197,1.071965,-1.318183,-2.770835,-3.354798,-3.168561,-2.541668,-0.000104,1.0,45.808949
-0.831912,0.283611,-1.039892,0.170455,0.170445,-1.089046,-2.333137,-3.289838,-3.327653,-2.684809,0.000158,0.0,45.887028
-0.764497,0.0,-0.932314,1.399134,1.399134,-1.831061,-3.113926,-4.257563,-4.509599,-3.979857,0.000627,1.0,46.529049
0.231882,0.328499,-0.734301,-3.505502,-3.505503,1.762324,0.711116,-0.562957,-0.939125,-0.569655,-0.000659,-1.0,44.897972
-0.557266,0.249802,-0.730209,0.560388,0.560395,1.118365,0.37663,-0.872408,-1.382593,-1.192162,-0.000573,1.0,45.149578
0.153872,0.615501,-0.038471,-0.096078,-0.096074,0.90401,0.561638,-0.536009,-1.160808,-1.147151,6.9e-05,0.0,45.106201
-0.462343,0.154117,-0.69351,-0.15388,-0.153886,0.681951,0.730111,-0.098888,-0.927564,-1.065689,0.001089,0.0,45.036789
0.391537,0.489428,-0.274086,-1.598917,-1.598915,1.319496,2.194593,1.588353,0.721413,0.469847,0.000213,-1.0,44.316689
0.334518,0.472257,-0.669028,-0.509009,-0.509016,1.471869,2.548216,2.193368,1.310514,0.993315,0.000197,-1.0,44.09111
-0.551077,0.0,-0.865975,-0.019675,-0.019673,1.007678,2.286952,2.206916,1.397364,1.005315,-0.000155,0.0,44.082436
-0.299816,0.479714,-0.479708,-1.535135,-1.535133,1.798923,3.328005,3.600509,2.970221,2.528887,-0.00049,-1.0,43.405712
-0.315209,0.492514,-0.650114,1.459123,1.459124,-0.118201,1.422383,1.968745,1.593778,1.02995,0.000668,1.0,44.039055
-0.70409,0.312928,-0.977899,0.728926,0.72893,-0.821443,0.199486,1.122623,0.911396,0.334045,0.000932,1.0,44.360069
-0.117235,0.332157,-0.488472,0.097788,0.097784,-0.777648,-0.009768,0.958708,0.911489,0.322783,0.000992,0.0,44.403446
0.590201,1.121385,0.0,-0.683857,-0.683852,-0.08657,0.440678,1.46894,1.603376,1.068652,0.001051,-1.0,44.099792
-0.46485,0.019365,-0.968429,1.573872,1.573869,-1.014915,-1.18536,-0.254378,0.038734,-0.379628,0.000956,1.0,44.793865
0.0,0.601593,-0.19406,-0.19369,-0.193689,-0.523963,-1.067339,-0.236755,0.202795,-0.044246,0.001233,0.0,44.707104
2.106714,2.146092,-0.334715,-1.436053,-1.436054,0.791494,0.316989,0.843996,1.547546,1.427837,1.1e-05,-1.0,44.065086
1.909791,2.07233,-0.426662,-3.09116,-3.091166,3.210083,3.191796,3.718006,4.536778,4.585945,-0.001906,-1.0,42.702961
0.588237,0.709945,-0.608517,0.162531,0.162537,2.421909,2.718056,3.179178,4.068968,4.289658,-0.002097,0.0,42.772369
0.0,0.303638,-0.425107,0.202846,0.202846,1.311737,2.382589,2.620779,3.514166,3.906069,-0.002109,0.0,42.859131
-1.083399,0.449716,-1.349142,-0.971668,-0.971665,1.238758,3.011041,3.220225,4.124082,4.686837,-0.002297,-1.0,42.442684
-0.378633,0.358711,-1.295339,2.575638,2.575638,-1.546436,0.235151,0.508832,1.1658,1.916298,-0.001649,1.0,43.535854
-0.3681,1.104288,-0.449902,-2.550813,-2.550824,0.899799,2.392643,2.877987,3.5225,4.356651,-0.003224,-1.0,42.425331
1.835049,1.896903,0.0,-0.818,-0.817988,1.402059,2.756697,3.408931,4.011336,4.908861,-0.003654,-1.0,42.078297
-0.123512,0.226424,-0.617544,0.164953,0.16495,0.897485,1.959649,3.039655,3.489085,4.388632,-0.00419,0.0,42.147705
0.144958,0.455575,-0.352044,-0.596956,-0.596963,1.242498,1.901019,3.317462,3.735767,4.634504,-0.002926,-1.0,41.896099
-1.444417,0.0,-1.486286,-1.07683,-1.076819,1.335562,2.378057,3.973201,4.518521,5.282809,-0.003637,-1.0,41.444954
-1.218253,0.495556,-1.466031,1.38162,1.381623,-0.239525,0.819734,2.177707,2.847402,3.573811,-0.002995,1.0,42.017567
2.494284,2.57742,-0.95614,-0.660745,-0.660757,0.261904,1.242988,2.48043,3.250886,3.935983,-0.003215,-1.0,41.739933
-1.274268,0.0,-1.456307,2.764494,2.764499,-2.087377,-1.47249,-0.571735,0.413635,0.933658,-0.001318,1.0,42.893833
0.142392,0.854357,-0.040686,-0.566341,-0.566345,-1.175749,-0.862486,-0.326821,0.822827,1.284788,-0.001343,-1.0,42.650906
-0.687007,0.242471,-0.767834,0.671282,0.671292,-1.139633,-1.662972,-1.166576,-0.015165,0.480894,-0.001043,1.0,42.937218
-1.130504,0.119004,-1.348663,1.879159,1.879167,-2.173748,-3.175334,-2.830896,-1.934757,-1.404214,0.000442,1.0,43.74408
0.218126,0.535398,-0.317271,0.019837,0.01982,-1.273046,-2.811813,-2.700769,-1.993849,-1.453893,-0.000184,0.0,43.75275
0.357001,0.674336,-0.099165,-0.019833,-0.019816,-0.864741,-2.427615,-2.546616,-2.094416,-1.40342,-0.00051,0.0,43.74408
-0.613016,0.375713,-0.96895,0.297505,0.297489,-0.60114,-2.266161,-2.61815,-2.479729,-1.710893,-0.000423,0.0,43.874214
-0.197276,0.473468,-0.315644,0.237293,0.237294,-0.362986,-1.921479,-2.78161,-2.720455,-1.978296,-2.2e-05,0.0,43.978325
-1.071079,0.447914,-1.168448,1.30203,1.302035,-1.281402,-2.613436,-3.713079,-3.763388,-3.224926,-0.00014,1.0,44.550938
-0.682257,0.136452,-0.994148,-0.097369,-0.097374,-0.846001,-1.896682,-3.255357,-3.474655,-3.093954,-9.9e-05,0.0,44.507557
-0.077732,0.505251,-0.349786,0.311891,0.311895,-0.7501,-1.809172,-3.183055,-3.574622,-3.408474,0.000661,0.0,44.646374
-0.233061,0.582635,-0.36901,0.058304,0.058296,-0.450573,-1.413865,-2.825143,-3.381238,-3.467857,0.002031,0.0,44.672401
-0.135031,0.713733,-0.67515,0.67974,0.679744,-0.679013,-1.626157,-2.957818,-3.873456,-4.03858,0.002256,1.0,44.976059
2.107544,2.107544,-0.768168,-2.064043,-2.064045,1.18574,0.516054,-0.605342,-1.663382,-1.89403,0.00127,-1.0,44.047733
0.384684,0.500092,-0.461631,2.402998,2.403002,-0.92326,-1.54261,-2.440218,-3.63532,-3.989234,0.002737,1.0,45.106201
0.019309,0.463324,-0.173745,-0.365461,-0.365466,-0.428567,-0.915054,-1.77863,-2.971037,-3.451732,0.001459,0.0,44.941353
-0.266462,0.038066,-0.685194,1.428575,1.428575,-1.431289,-1.935667,-2.733153,-3.933192,-4.535971,0.003189,1.0,45.583374
0.866553,0.866553,-0.596959,-1.161022,-1.16102,-0.238782,-0.544964,-1.277359,-2.404196,-3.279798,0.00304,-1.0,45.054142
0.631333,0.937436,-0.363493,0.654728,0.65473,-0.313757,-1.015881,-1.683568,-2.671706,-3.651043,0.003253,1.0,45.349125
1.25025,1.46513,-0.117206,-2.066197,-2.066201,1.476854,1.050991,0.489683,-0.31744,-1.408083,0.002614,-1.0,44.412121
-0.315023,0.236265,-0.610358,-0.781399,-0.781397,1.878321,1.714903,1.329656,0.600511,-0.457571,0.002742,-1.0,44.065086
2.212839,2.373768,-0.663846,-2.126407,-2.126409,2.953132,3.566691,3.415816,2.841487,1.819358,0.001217,-1.0,43.128082
0.181087,0.643861,-0.60362,-0.020113,-0.020112,2.076458,3.156942,3.303823,2.883301,1.995172,0.001496,0.0,43.119408
0.299583,0.858798,0.0,0.744465,0.744468,0.443377,2.254842,2.370015,2.088076,1.372479,0.000617,1.0,43.440418
0.039675,0.535608,-0.396749,0.679049,0.679043,-0.543539,1.25174,1.561865,1.397546,0.871262,0.001159,1.0,43.735397
0.455807,1.307967,-0.495442,0.099185,0.099181,-0.772882,0.88586,1.329117,1.301042,0.852172,0.00091,0.0,43.778774
-0.835651,0.537209,-0.875444,-0.396356,-0.396345,-0.159173,0.833666,1.569176,1.673301,1.34103,-7.9e-05,0.0,43.605259
0.945997,1.891996,0.0,0.955042,0.955038,-0.693738,-0.354753,0.4638,0.716395,0.480882,0.000327,1.0,44.021706
0.508812,0.606658,-1.174164,0.709491,0.709486,-0.99021,-1.285706,-0.200904,-0.017602,-0.173766,0.000644,1.0,44.334034
-0.748854,0.422421,-0.883262,1.917816,1.917827,-2.211992,-2.972359,-2.067341,-1.824124,-1.925506,0.001349,1.0,45.184284
0.384617,0.730771,-0.230767,-0.153614,-0.15362,-1.469229,-2.590384,-1.891024,-1.621152,-1.653075,0.001179,0.0,45.114872
-0.328499,0.25121,-0.637685,-0.480769,-0.480773,-0.417387,-1.7256,-1.518836,-1.120768,-1.086758,0.000404,0.0,44.897972
0.269332,0.519431,-0.153902,0.444444,0.444454,-0.380921,-1.721822,-1.94819,-1.544829,-1.425168,0.000639,0.0,45.097523
0.573839,0.879883,-0.229531,0.577143,0.577143,-0.501148,-1.863049,-2.509567,-1.965381,-1.919665,0.000755,1.0,45.3578
-0.077162,0.308642,-0.308642,-0.84162,-0.841622,0.250769,-0.754247,-1.598511,-1.147765,-1.045527,0.000363,-1.0,44.976059
-0.672822,0.038449,-0.73049,0.347222,0.34722,-0.088427,-0.797771,-1.781368,-1.468667,-1.344868,0.000219,0.0,45.132225
0.096078,0.345888,-0.441968,0.038449,0.038449,-0.015373,-0.493853,-1.520629,-1.554577,-1.34051,0.001133,0.0,45.149578
1.26879,1.717745,0.0,-1.556497,-1.556495,1.272691,1.17509,0.235536,-0.06637,0.171772,-0.000589,-1.0,44.446827
0.135081,0.212273,-1.042071,1.151669,1.151675,-0.057898,0.162093,-0.68057,-1.247596,-0.887696,7.1e-05,1.0,44.95871
-0.514286,0.438095,-0.609524,1.312235,1.312231,-1.100953,-1.055241,-1.701592,-2.401909,-2.132576,2e-05,1.0,45.548672
-0.452834,0.0,-1.150945,0.952381,0.952386,-1.664155,-1.800006,-2.309441,-3.114159,-2.965291,0.000939,1.0,45.982471
2.297739,2.317052,-0.038619,-2.283017,-2.28302,0.536782,0.502024,0.169911,-0.649746,-0.756138,-0.000338,-1.0,44.932682
0.370873,1.093111,-0.273277,-1.081292,-1.081295,1.635764,1.454228,1.328648,0.585593,0.274057,9e-05,-1.0,44.446827
-0.116026,0.251404,-0.657513,0.936949,0.936956,0.649777,0.402241,0.466702,-0.189524,-0.700064,0.000837,1.0,44.863274
0.135817,0.213428,-1.35817,-0.328753,-0.328759,0.609237,0.675204,0.728236,0.249318,-0.345366,0.001619,0.0,44.715782
0.174182,0.387074,-0.522539,0.252225,0.252229,-0.158697,0.354174,0.432232,0.114187,-0.527967,0.001737,0.0,44.828568
-0.745126,0.305694,-1.05082,1.296694,1.296689,-1.226592,-0.873132,-0.778241,-0.968664,-1.600304,0.001977,1.0,45.409855
0.382119,0.382119,-0.229268,0.0,0.0,-0.802443,-0.661058,-0.732387,-0.815817,-1.398547,0.001682,0.0,45.409855
-0.26222,0.187307,-0.899043,2.006112,2.006111,-2.12399,-2.320653,-2.546039,-2.551971,-3.088964,0.002511,1.0,46.320827
0.564234,0.639458,-0.094036,-0.412064,-0.412065,-1.105882,-1.790475,-1.976043,-2.046259,-2.480339,0.002504,0.0,46.129955
0.891498,0.91047,-0.094846,-0.846336,-0.846337,0.13657,-1.005309,-1.050831,-1.141878,-1.476477,0.001721,-1.0,45.73954
0.321783,0.35964,-0.624649,0.208651,0.20866,0.113563,-1.014583,-1.157177,-1.245511,-1.487041,0.001503,0.0,45.83498
-0.148841,0.130233,-1.376748,1.741431,1.741421,-1.075346,-2.239995,-2.536427,-2.771156,-2.949203,0.001427,1.0,46.63316
-0.618792,0.281264,-0.900064,-0.781392,-0.781384,-0.318776,-1.166329,-1.580103,-1.906998,-2.017631,0.001154,-1.0,46.268776
0.799258,0.799258,0.0,0.881299,0.881294,-0.955385,-1.609662,-2.278805,-2.581778,-2.745719,0.001746,1.0,46.67654
-0.569752,0.073518,-0.771913,1.133831,1.133829,-1.444583,-2.209149,-3.201612,-3.454322,-3.658881,0.002046,1.0,47.205772
-0.518229,0.314644,-0.684803,-0.698403,-0.6984,-0.307236,-1.208586,-2.244429,-2.591148,-2.812507,0.001491,-1.0,46.876087
-1.631828,0.183348,-1.760174,0.943924,0.943925,-0.949764,-1.729009,-2.753944,-3.19857,-3.533553,0.002268,1.0,47.318562
0.073585,0.386312,-0.331128,-0.330033,-0.33004,-0.242824,-1.225162,-2.106937,-2.644402,-3.061068,0.001973,0.0,47.162392
-0.828622,0.508476,-1.412429,-2.317886,1.239276,-1.015624,-2.095628,-2.882036,-3.605945,-4.015578,0.002495,1.0,47.746864
0.265855,0.664637,-0.246869,-0.828622,-0.82863,-0.127123,-0.937217,-1.715394,-2.655989,-3.026127,0.002812,-1.0,47.351219
0.731052,0.942672,0.0,-1.291303,-1.291299,1.121077,0.552295,-0.239952,-1.189228,-1.621433,0.001749,-1.0,46.739773
0.037881,0.132576,-0.473485,1.577528,1.577532,-0.382578,-0.831556,-1.498977,-2.404661,-2.89398,0.001865,1.0,47.477108
0.362386,0.419611,-0.171657,-0.700756,-0.700748,0.312789,0.054004,-0.687399,-1.474006,-2.023262,0.001146,-1.0,47.144413
0.988962,1.331299,0.0,0.2861,0.286091,-0.171171,-0.103938,-0.80865,-1.483974,-2.156348,0.002263,0.0,47.279289
-0.418175,0.285111,-1.102456,0.057054,0.057052,-0.2471,-0.139656,-0.644417,-1.278269,-2.100205,0.002758,0.0,47.306263
-0.37664,0.0,-0.790957,0.931376,0.93138,-0.745759,-0.878779,-1.294309,-1.94453,-2.767851,0.002756,1.0,47.746864
-0.490562,0.0,-0.735847,-0.18832,-0.188318,-0.48302,-0.620759,-0.964861,-1.523768,-2.314964,0.002817,0.0,47.656948
0.551745,0.818115,-0.228314,-0.830187,-0.830194,0.399545,0.232117,0.004211,-0.599883,-1.294241,0.002346,-1.0,47.261303
-0.847779,0.018836,-0.904303,0.989347,0.989349,-0.39563,-0.753581,-0.828498,-1.406162,-2.0087,0.002212,1.0,47.728882
-0.681302,0.208178,-0.775927,-0.452151,-0.452148,0.143829,-0.268737,-0.334941,-0.77171,-1.337621,0.002016,0.0,47.513077
0.094713,0.322027,-0.227321,-0.094623,-0.094627,0.121236,-0.020836,-0.157394,-0.505701,-1.070728,0.001102,0.0,47.468117
0.05641,0.244455,-0.658138,0.738774,0.738772,-0.545314,-0.682582,-0.819853,-1.111374,-1.594724,0.001603,1.0,47.818798
-0.169843,0.245324,-0.735995,-0.357273,-0.357276,-0.026418,-0.220794,-0.396299,-0.612076,-1.130474,0.001815,0.0,47.647953
-0.33784,0.0,-0.506759,0.547267,0.547274,-0.495495,-0.632506,-0.915915,-1.024444,-1.520103,0.001963,0.0,47.908718
-0.337711,0.56285,-0.487801,0.037538,0.037536,-0.360224,-0.540335,-0.873043,-0.98637,-1.374513,0.001222,0.0,47.926701
0.094249,0.263902,-0.339303,-0.469043,-0.469035,0.207345,-0.081061,-0.271447,-0.433212,-0.753195,0.001358,0.0,47.701908
-0.281482,0.0,-0.544194,0.452407,0.452403,-0.202669,-0.476642,-0.65929,-0.819108,-1.092939,0.001171,0.0,47.917713
-0.149425,0.0,-0.504298,0.469131,0.469129,-0.463206,-0.758314,-0.984936,-1.180429,-1.399092,0.000882,0.0,48.142509
-0.611115,0.0,-0.833335,0.859169,0.859166,-1.044441,-1.433331,-1.653084,-1.938887,-2.084182,0.001559,1.0,48.556133
-0.184839,0.0,-0.536039,0.185181,0.185179,-0.9316,-1.382618,-1.651256,-1.987054,-2.146738,0.001229,0.0,48.646049
-0.575998,0.0,-0.706059,-0.517556,-0.517555,-0.130062,-0.678185,-1.050413,-1.306203,-1.512174,0.001148,-1.0,48.394279
0.167286,0.576212,-0.111519,-0.037163,-0.037157,0.096651,-0.526024,-0.9145,-1.176581,-1.388106,0.000593,0.0,48.376297
0.223886,0.279854,-0.335821,-0.371749,-0.371752,0.492538,-0.041042,-0.41542,-0.698691,-0.934325,0.000792,0.0,48.196457
-0.037253,0.149005,-0.353882,0.167912,0.167915,0.208602,-0.132242,-0.506613,-0.761782,-1.056436,0.001426,0.0,48.277386
-0.26032,0.316106,-0.334699,0.167629,0.167625,-0.078094,-0.210112,-0.556586,-0.819075,-1.13871,0.000813,0.0,48.358311
-0.037147,0.130015,-0.68722,0.111567,0.111573,-0.182025,-0.174596,-0.5374,-0.860889,-1.110703,0.001166,0.0,48.412266
-0.77763,0.111094,-0.833174,0.315747,0.315751,-0.418445,-0.355495,-0.748014,-1.079435,-1.33235,0.001179,0.0,48.565128
0.521023,0.558242,-0.316342,-0.4999,-0.49991,0.133978,0.182357,-0.15631,-0.472648,-0.739116,0.000937,0.0,48.322346
-0.294118,0.036757,-0.661767,1.228135,1.228136,-0.819853,-0.959561,-1.230394,-1.558826,-1.809561,0.001066,1.0,48.91581
-0.293468,0.146731,-0.403523,0.220585,0.220587,-0.766689,-1.100514,-1.298606,-1.621424,-1.885548,0.001244,0.0,49.023712
-0.331187,0.0,-0.82796,-0.311816,-0.311812,-0.268628,-0.693652,-0.830421,-1.170194,-1.486661,0.001469,0.0,48.87085
0.632205,0.892523,-0.09297,-1.048756,-1.048762,0.702867,0.355154,0.281397,-0.066936,-0.384526,0.000583,-1.0,48.358311
-0.280378,0.056073,-0.579441,-0.520638,-0.520634,1.140185,0.861681,0.801244,0.503737,0.207101,0.000553,-1.0,48.106541
0.547474,0.62299,-0.698514,-0.990652,-0.990655,1.612233,1.734945,1.680195,1.480083,1.201434,0.000164,-1.0,47.629971
-0.525234,0.093791,-1.012945,0.641873,0.641875,0.510221,0.997935,0.932905,0.8338,0.591255,0.000122,1.0,47.935696
0.018811,0.338537,-0.319725,-0.262621,-0.262621,0.331016,1.137863,1.117174,1.110591,0.884712,0.000163,0.0,47.809807
-0.356605,0.35661,-0.656905,0.206885,0.206884,-0.063812,0.792044,0.843345,0.900903,0.683936,1.5e-05,0.0,47.908718
-0.676694,0.150372,-0.827073,-0.150146,-0.150148,-0.026316,0.842105,0.944862,1.020676,0.851128,-6.7e-05,0.0,47.836784
-0.28064,0.0,-0.48644,0.469925,0.469925,-0.314313,0.192703,0.442782,0.496725,0.392142,0.000341,0.0,48.061581
0.076484,0.879539,-0.248568,-2.151547,-2.151544,1.491395,1.971319,2.462716,2.534417,2.523136,-0.000791,-1.0,47.027515
0.810815,0.868728,-0.019301,-0.956023,-0.956028,1.942088,2.463325,3.189194,3.329155,3.416221,-0.00141,-1.0,46.577919
-0.689129,0.114849,-0.957121,0.849427,0.849418,0.685304,1.30552,2.094188,2.309541,2.464785,-0.001415,1.0,46.97356
-0.212884,0.348365,-0.387066,-1.091126,-1.091114,1.203794,2.068901,2.953361,3.251407,3.450361,-0.00197,-1.0,46.461025
-0.348635,0.619795,-0.561691,-0.077409,-0.077409,0.577179,1.888434,2.675444,3.131898,3.346889,-0.001778,0.0,46.42506
0.423812,0.616452,-0.192639,0.542318,0.542315,-0.115585,1.06916,1.786428,2.395496,2.620693,-0.001526,0.0,46.67683
0.699983,0.83609,-0.388878,-0.924677,-0.924677,0.672759,1.674122,2.3579,3.116861,3.392576,-0.001767,-1.0,46.24522
0.019292,0.038575,-0.57859,0.81664,0.816644,-0.293153,0.574736,1.280619,2.073291,2.404631,-0.001485,1.0,46.622879
1.159365,1.847127,-0.294748,-1.851493,-1.851494,1.281195,2.018078,2.849284,3.718807,4.123406,-0.002362,-1.0,45.759659
-0.756406,0.232737,-0.969744,1.316569,1.316572,-0.06207,0.325827,1.330483,2.095611,2.605115,-0.001839,1.0,46.362118
-0.291434,0.097142,-0.699437,-0.174554,-0.17455,-0.058294,0.339994,1.269338,1.977842,2.605004,-0.002052,0.0,46.281193
-0.057891,0.443842,-0.405247,0.680006,0.68,-0.582786,-0.333849,0.41168,1.044962,1.756078,-0.001539,1.0,46.595905
0.173244,0.269488,-0.26949,0.25087,0.250868,-0.793068,-0.639076,-0.010267,0.615977,1.34283,-0.001964,0.0,46.712799
0.038439,0.172977,-0.345956,0.15399,0.154001,-0.507402,-0.722665,-0.313928,0.320001,1.055539,-0.001993,0.0,46.784737
1.45183,1.491071,-0.274669,-2.037282,-2.037282,1.330189,1.212469,1.434821,2.210113,2.887963,-0.002743,-1.0,45.8316
0.293087,0.547087,-0.508015,0.412005,0.411995,0.801099,0.654556,0.872738,1.582651,2.204769,-0.002108,0.0,46.020424
0.797663,0.953302,0.0,0.429859,0.429857,0.206229,0.217901,0.389105,0.975681,1.537743,-0.001694,0.0,46.218246
-0.68992,0.0,-1.456501,1.517506,1.517511,-1.203524,-1.21694,-1.119203,-0.639135,-0.102723,-0.000604,1.0,46.919613
1.836618,2.257511,0.0,0.17248,0.172484,-1.281809,-1.123017,-1.212937,-0.899183,-0.368859,-0.000808,0.0,47.000542
0.075204,0.206806,-0.827221,1.76009,1.760088,-2.154541,-2.52679,-2.726077,-2.637716,-2.07558,7.1e-05,1.0,47.827793
-0.595679,0.0,-1.154138,0.996432,0.996429,-2.174238,-3.069621,-3.461158,-3.466123,-3.011172,0.000415,1.0,48.304363
0.62299,0.736266,-0.509722,-1.396128,-1.396131,-0.196336,-1.480081,-1.900445,-1.988861,-1.653011,-0.000127,-1.0,47.629971
-0.971425,0.22857,-0.971425,-0.887297,-0.88729,0.819046,-0.493335,-0.939685,-1.08667,-0.832005,-0.000717,-1.0,47.207355
1.361075,1.5944,-0.291661,-2.038095,-2.038104,2.589933,1.460243,1.19127,0.947895,1.093529,-0.000668,-1.0,46.24522
-0.898322,0.0,-1.280577,1.730507,1.73051,0.512235,-0.007643,-0.433228,-0.703361,-0.712536,0.0005,1.0,47.045498
0.24957,0.652716,-0.172778,-0.439602,-0.439596,0.330194,0.608559,0.085746,-0.247652,-0.290271,-6e-05,0.0,46.838688
-0.672427,0.0,-0.806913,-0.076792,-0.076802,0.053801,0.810767,0.192131,-0.111423,-0.194421,0.000381,0.0,46.802715
0.038161,0.324369,-0.362524,0.691645,0.691652,-0.667815,0.162181,-0.437577,-0.744134,-0.867012,0.000715,1.0,47.126427
-0.567642,0.0,-0.624405,0.839531,0.839531,-0.957426,-0.561967,-1.163038,-1.38505,-1.603026,0.000844,1.0,47.522068
1.372476,1.715597,-0.686239,-0.737936,-0.737933,-0.16775,0.038121,-0.238915,-0.566148,-0.808238,0.000926,-1.0,47.171387
-0.617511,0.0,-0.636229,1.86809,1.868079,-1.493259,-1.848796,-1.78642,-2.20527,-2.512718,0.001383,1.0,48.052586
-0.562956,0.03753,-0.675551,-0.280685,-0.280678,-0.750613,-1.512483,-1.273538,-1.792084,-2.098708,0.002066,0.0,47.917713
-0.227321,0.208375,-0.644061,-0.938262,-0.938267,0.333397,-0.524721,-0.261412,-0.782344,-1.100207,0.001085,-1.0,47.468117
-0.762933,0.0,-0.893197,1.799585,1.799585,-1.109044,-1.853369,-1.842204,-2.377187,-2.636397,0.001944,1.0,48.322346
0.20881,0.62642,-0.512528,-1.972464,-1.972456,0.964308,0.189821,0.068332,-0.250574,-0.592259,0.00079,-1.0,47.369209
-1.061055,0.297841,-1.265823,1.974186,1.974181,-0.886076,-1.446391,-1.868952,-1.945274,-2.34922,0.00154,1.0,48.304363
-0.94908,0.292024,-0.967335,1.991809,1.991812,-2.27414,-2.870965,-3.563915,-3.550834,-4.039427,0.002339,1.0,49.266495
-0.742619,0.253575,-0.905633,0.76656,0.766547,-2.140905,-3.102688,-3.970285,-4.010132,-4.533226,0.003558,1.0,49.644146
-0.493603,0.25594,-0.676415,-0.923742,-0.923734,-0.877514,-1.861061,-2.676417,-2.893053,-3.447898,0.002977,-1.0,49.185566
0.292505,0.603287,-0.71298,0.0,0.0,-0.138941,-1.451555,-2.38635,-2.755028,-3.175137,0.00279,0.0,49.185566
-0.291068,0.345641,-0.527562,0.493601,0.493598,-0.174639,-1.657264,-2.516522,-3.118971,-3.374929,0.002345,0.0,49.428345
-0.089718,0.376815,-0.376817,1.38257,1.382567,-1.198632,-2.560553,-3.405699,-4.192528,-4.381833,0.002871,1.0,50.111725
0.125854,0.593315,-0.323625,-0.197382,-0.197375,-0.855807,-1.859042,-2.829915,-3.72258,-3.945341,0.00202,0.0,50.012817
-0.807025,0.071738,-1.147774,0.251706,0.251705,-0.724532,-1.743182,-2.725964,-3.576036,-3.93615,0.001696,0.0,50.138702
0.144089,0.378242,-0.558359,-0.430412,-0.430408,-6e-06,-0.806921,-1.938044,-2.871041,-3.353029,0.002116,0.0,49.922901
-0.716841,0.089604,-1.039423,0.504321,0.504318,-0.204302,-0.9319,-2.148147,-3.025984,-3.688887,0.002721,0.0,50.174671
-0.483524,0.286533,-0.734241,0.071686,0.071688,-0.236392,-0.814831,-1.913803,-2.75609,-3.552294,0.003638,0.0,50.21064
-0.502421,0.0,-0.771579,-0.196991,-0.197,6e-06,-0.525744,-1.368496,-2.266277,-3.130085,0.0028,0.0,50.111725
-0.762006,0.10633,-1.063261,1.256056,1.256065,-1.003015,-1.453131,-2.274207,-3.161441,-3.977319,0.003538,1.0,50.741161
0.142574,0.677243,0.0,-0.567072,-0.56707,-0.228129,-0.639822,-1.30934,-2.283913,-3.159514,0.003325,-1.0,50.453423
-0.676399,0.231401,-0.694195,0.124753,0.124753,-0.217162,-0.548242,-1.140386,-2.161805,-2.988968,0.003078,0.0,50.516365
0.053077,0.672332,-0.230009,0.605198,0.605192,-0.576785,-1.006722,-1.531021,-2.464613,-3.256191,0.002976,1.0,50.822086
0.3159,0.491397,-0.175498,0.813871,0.813875,-0.94068,-1.567218,-2.118874,-2.884347,-3.716393,0.003651,1.0,51.235714
0.017643,0.687957,-0.052918,-0.508952,-0.508952,-0.34221,-0.899629,-1.384137,-2.12736,-2.952902,0.002617,-1.0,50.974949
0.174547,0.22691,-0.994938,1.058391,1.058389,-0.973992,-1.628557,-2.115554,-2.750045,-3.632049,0.0032,1.0,51.514462
0.93257,1.362988,0.0,-2.670628,-2.670629,1.592543,1.063491,0.664758,0.101331,-0.821373,0.002446,-1.0,50.138702
-0.316178,0.386443,-1.001228,2.098282,2.098283,-0.351309,-0.822062,-1.26354,-1.767962,-2.6039,0.002576,1.0,51.190754
1.450317,1.50403,-0.787821,-1.89707,-1.897067,1.170993,1.11728,0.673232,0.188899,-0.501343,0.002609,-1.0,50.219631
0.071316,0.552687,-0.338738,0.429726,0.42973,0.524151,0.623991,0.281683,-0.115893,-0.759501,0.001938,0.0,50.43544
-0.466699,0.071802,-0.646205,-0.677484,-0.677488,0.642612,1.238556,0.988451,0.656074,0.134983,0.000777,-1.0,50.093746
-0.248093,0.620236,-0.513913,1.292409,1.292407,-0.40404,-0.008862,-0.225649,-0.49885,-0.95056,0.001006,1.0,50.741161
0.912666,0.912666,-0.411594,-0.974657,-0.974656,0.200428,0.86077,0.761152,0.493912,0.102358,0.000983,-1.0,50.246609
1.036364,1.109093,-0.999998,-1.574805,-1.574807,1.494548,2.114546,2.284849,2.045455,1.688727,0.000299,-1.0,49.455322
-0.949772,0.0,-1.369863,-0.454545,-0.454544,1.468493,2.226483,2.547336,2.419177,2.15671,-0.000113,0.0,49.230526
0.127621,0.32817,-0.729256,0.182645,0.182643,0.969922,1.595264,2.207236,2.17138,1.981407,-0.000635,0.0,49.320442
0.613957,0.74419,0.0,-2.005466,-2.005475,2.039078,3.300475,3.997528,4.071637,3.977683,-0.001421,-1.0,48.331333
-1.743761,0.0,-2.220999,1.35814,1.358146,0.157856,1.466596,2.354383,2.552315,2.49266,-0.00094,1.0,48.987743
0.923131,1.205725,-0.169555,-2.569747,-2.569747,2.076108,3.620949,4.564179,5.007535,5.00452,-0.00187,-1.0,47.728882
0.476826,0.934576,-0.152588,-1.22457,-1.22456,2.4566,4.207507,5.31883,5.927897,6.052253,-0.002622,-1.0,47.144413
0.994266,1.319317,-0.114717,-0.247952,-0.247957,1.736137,3.814532,4.944551,5.826961,6.069599,-0.002761,0.0,47.027515
0.574161,1.148322,-0.038278,-0.0956,-0.095604,1.259333,3.113877,4.597131,5.552155,5.899332,-0.002717,0.0,46.982555
0.446602,0.718445,-1.941748,-1.435407,-1.435409,1.576704,3.765052,5.417481,6.601946,7.104471,-0.003887,-1.0,46.308163
-1.105839,0.928124,-1.263821,-1.669905,-1.6699,2.338074,4.666272,6.521855,7.786336,8.521329,-0.004367,-1.0,45.534863
-0.888029,0.444015,-1.5444,2.290679,2.290676,-0.196909,1.752899,3.584303,4.900584,5.733596,-0.003425,1.0,46.577919
-1.969875,0.0,-2.047119,-0.03861,-0.038606,-0.359214,1.199304,3.118322,4.409039,5.439939,-0.003705,0.0,46.559937
-1.418987,0.325979,-1.514863,0.714567,0.714567,-1.104512,0.174492,1.83956,3.322143,4.382737,-0.003748,1.0,46.892639
0.475014,0.760019,-0.209008,0.92042,0.920422,-1.577051,-1.090636,0.499077,1.971305,3.13509,-0.003127,1.0,47.324249
-0.298898,0.597794,-0.597796,1.710047,1.710043,-2.152061,-2.669527,-1.373681,0.040169,1.143288,-0.002843,1.0,48.133514
-0.592371,0.0,-0.925583,0.915376,0.915375,-2.217693,-3.25805,-2.358383,-1.058864,0.028141,-0.001284,1.0,48.574116
-0.075731,1.173796,-0.378646,-2.221399,-2.221401,0.397581,-0.961753,-0.39631,0.915378,1.962141,-0.003162,-1.0,47.49509
0.312047,1.102555,-1.913871,-8.992806,-8.992797,8.620756,7.95506,8.658202,10.017677,11.397541,-0.006247,-1.0,43.223953
0.331707,1.105705,-1.592218,-5.928852,-5.928858,12.189295,13.37019,14.141236,15.772888,17.382575,-0.009012,-1.0,40.661266
-0.459516,0.196937,-1.291028,1.061477,1.061477,7.584245,11.098469,11.865792,13.539387,15.26127,-0.008256,1.0,41.092876
-0.562288,0.865045,-0.562288,1.181621,1.181621,2.962802,8.598615,9.666953,11.293251,13.063148,-0.008304,1.0,41.578438
-0.502403,0.0,-0.808211,-0.994816,-0.994804,0.921795,8.379199,9.819419,11.420919,13.331579,-0.008313,-1.0,41.164814
0.41767,0.461638,-0.901297,-0.633458,-0.633475,0.430869,7.606072,9.528839,11.223351,13.092113,-0.007904,-1.0,40.904045
-0.065652,0.306344,-0.656453,0.461638,0.461644,0.179432,5.595186,8.179432,9.751642,11.681401,-0.007505,0.0,41.092876
-0.479725,0.348886,-0.719586,0.350109,0.350104,-0.1003,3.554301,7.107143,8.581558,10.494554,-0.007432,0.0,41.236744
-1.138107,0.0,-1.488293,-0.370698,-0.370696,0.030647,2.116444,6.614147,8.247983,10.112505,-0.006722,0.0,41.083881
-0.216495,0.497941,-0.497943,1.094331,1.094339,-0.874652,-0.424335,4.653244,6.414808,8.170599,-0.006836,1.0,41.533478
-0.827321,0.042429,-1.251591,2.056722,2.056724,-2.172257,-2.628343,1.835665,3.728254,5.429782,-0.004825,1.0,42.387707
-0.085913,0.90206,-0.751722,-1.230373,-1.230373,-0.584199,-1.127583,2.235102,4.489899,6.062709,-0.004827,-1.0,41.86618
0.064479,0.81668,-0.236409,-0.064437,-0.064446,-0.232103,-0.885444,1.298093,4.115631,5.568028,-0.004748,0.0,41.839199
-0.535561,0.278494,-0.771208,0.322375,0.322377,-0.128533,-1.109682,-0.075691,3.23265,4.736077,-0.004566,0.0,41.974079
-1.409344,0.063103,-1.493477,1.842333,1.842337,-1.367273,-2.528402,-2.623759,0.919222,2.440888,-0.003141,1.0,42.747383
-0.785775,0.454923,-0.827134,1.724863,1.724859,-2.535152,-3.587676,-4.234905,-1.183829,0.382134,-0.001665,1.0,43.484715
0.665419,0.707008,-0.270329,-0.558315,-0.558309,-1.351636,-2.54939,-3.299373,-1.101064,0.662088,-0.002903,-1.0,43.241936
0.171789,1.331327,-0.429463,-3.16074,-3.160737,1.88533,0.78376,-0.018616,1.379637,3.598018,-0.004261,-1.0,41.875172
0.14846,0.445385,-0.721105,1.245441,1.24544,0.831384,-0.146348,-1.119839,-0.595979,1.929154,-0.00403,1.0,42.396702
-0.655255,0.0,-0.951173,0.33934,0.339335,0.393154,-0.247305,-1.23864,-1.51448,1.206509,-0.004283,0.0,42.540569
-0.335782,0.356764,-0.44072,0.718666,0.718667,-0.621196,-0.852048,-1.641137,-2.261284,0.106607,-0.004714,1.0,42.846294
-0.748596,0.062381,-0.790187,0.923396,0.923398,-1.530462,-1.441049,-2.209748,-2.857145,-1.186944,-0.00471,1.0,43.241936
-0.269209,0.393454,-0.289913,0.415889,0.415883,-1.225923,-1.484776,-2.279283,-2.991301,-2.030233,-0.003564,0.0,43.421772
0.328338,0.513031,-0.061562,0.91116,0.911158,-1.469316,-1.953616,-2.745736,-3.611734,-3.349062,0.000742,1.0,43.817413
-0.288958,0.0,-1.114553,-0.574593,-0.574589,-0.429309,-1.199174,-1.872721,-2.779155,-3.151291,0.00307,-1.0,43.565643
-0.16629,0.249426,-0.374145,-0.701754,-0.701766,0.465608,-0.552888,-1.044817,-1.819778,-2.463511,0.002304,-1.0,43.259914
1.326201,1.347596,0.0,-2.826857,-2.826848,2.814973,2.05348,1.860966,1.148666,0.504816,0.000561,-1.0,42.037022
-0.213899,0.342246,-0.620323,0.0,0.0,2.156149,2.091981,1.892339,1.243853,0.594655,0.000993,0.0,42.037022
0.32127,0.663956,-0.321264,-0.128344,-0.128344,1.41358,2.124655,2.024707,1.48105,0.76248,0.001213,0.0,41.98307
-0.302777,0.0,-0.886678,-0.963797,-0.963798,1.444631,2.887108,2.830161,2.474047,1.78287,0.000593,-1.0,41.578438
1.068463,1.112076,-0.218061,-0.821801,-0.821806,1.303971,3.349327,3.318802,3.183608,2.658531,8.4e-05,-1.0,41.236744
0.281327,1.384979,-0.086564,0.763188,0.763193,0.302966,2.159707,2.265026,2.364211,1.925128,0.000577,1.0,41.55146
1.882192,2.325064,-0.177143,-2.272233,-2.272231,1.930909,3.841892,4.434601,4.592559,4.232949,-0.000887,-1.0,40.607315
1.66666,1.981975,-0.36036,-1.682901,-1.682909,2.644145,4.644144,5.809311,6.126129,5.900904,-0.002513,-1.0,39.923931
-2.335833,1.542532,-2.379907,2.207205,2.207215,0.048473,1.707793,3.240775,3.596293,3.542525,-0.001018,1.0,40.805138
-0.956936,1.04393,-1.022188,1.322166,1.322167,-1.204875,-0.082649,1.651438,1.985643,2.090471,-0.000415,1.0,41.34465
-0.042726,0.363168,-0.70498,1.805135,1.805136,-2.700281,-1.841493,-0.33327,0.040584,0.301639,0.000229,1.0,42.090977
-0.819144,0.021563,-1.76762,-0.897248,-0.897245,-1.289073,-1.0304,0.296034,0.926918,1.197667,-0.000962,-1.0,41.713318
0.630986,0.71802,-0.152306,-0.926924,-0.926941,0.313329,-0.263261,0.832619,1.741743,2.081823,-0.002115,-1.0,41.32666
1.112329,1.221378,-0.41439,-0.239341,-0.23932,0.758992,-0.109058,0.696466,1.826601,2.179274,-0.001976,0.0,41.227757
-0.841422,0.0,-0.949295,1.090513,1.090508,-0.168285,-1.080907,-0.642937,0.587915,0.903558,-0.000128,1.0,41.677349
0.10834,0.520037,-0.303367,-0.431491,-0.431496,-0.021673,-0.665226,-0.29903,0.813645,1.172692,-0.000857,0.0,41.497513
-0.517915,0.194217,-0.561066,0.411697,0.41169,-0.453167,-0.817861,-0.766791,0.189905,0.738029,-0.000825,0.0,41.668354
0.898923,1.205874,0.0,-1.575311,-1.575303,0.986624,1.034859,0.663594,1.451431,2.215299,-0.001823,-1.0,41.011951
0.416571,1.008549,-0.197327,0.0,0.0,0.881384,1.085286,0.571509,1.140096,2.066209,-0.002224,0.0,41.011951
0.505272,1.120384,-0.746924,-0.197327,-0.197328,0.716169,1.184095,0.720562,1.055579,2.080842,-0.002491,0.0,40.931023
0.159091,0.636361,-0.977273,-3.339192,-3.339188,3.218179,4.040906,3.865149,4.234087,5.235449,-0.004339,-1.0,39.564259
-2.128129,1.950789,-2.815342,2.52273,2.522721,0.133012,1.197076,1.302005,1.487477,2.364,-0.002992,1.0,40.562355
0.962402,0.962402,-2.014326,-0.953228,-0.953224,0.680395,1.884514,2.318712,2.239257,2.986571,-0.003101,-1.0,40.175705
-0.837009,0.859029,-0.903084,1.611464,1.611469,-1.008817,0.169596,0.698964,0.525322,1.084572,-0.001172,1.0,40.823124
1.346808,1.414144,-1.122334,-1.872253,-1.872255,0.444446,1.676769,2.406286,2.296296,2.693602,-0.001986,-1.0,40.058811
0.111316,0.378455,-1.469279,0.830525,0.830516,0.026724,0.56546,1.28229,1.310118,1.684783,-0.001569,1.0,40.391506
0.909293,1.264138,-1.042362,0.378455,0.378463,-0.359283,-0.09093,0.708211,0.92038,1.154134,-0.000985,0.0,40.544373
-0.200893,0.892862,-0.312498,-0.64316,-0.643169,0.339293,0.375009,1.18751,1.618313,1.640188,-0.000908,-1.0,40.283604
-0.444447,0.777773,-0.777773,0.446431,0.446445,-0.284453,-0.206673,0.611845,1.124438,1.078215,-0.001045,0.0,40.463448
-1.984474,0.474549,-1.984474,3.022224,3.022214,-2.428819,-2.952976,-2.338221,-1.80112,-1.84383,0.001257,1.0,41.68634
0.728676,0.878697,-0.985853,0.647107,0.647111,-2.310331,-3.006859,-2.893271,-2.448565,-2.436348,0.00227,1.0,41.956097
-1.005126,0.085545,-1.710862,0.214312,0.21431,-1.804957,-2.861415,-3.041055,-2.617616,-2.508121,0.001403,0.0,42.046013
-0.813186,0.25679,-1.28397,-0.064153,-0.064154,-0.915898,-2.360367,-2.81903,-2.472713,-2.246092,0.0008,0.0,42.019039
-1.322532,1.023891,-1.471847,0.320995,0.320988,-0.430883,-2.357077,-2.949368,-2.674908,-2.430881,0.000155,0.0,42.153915
-0.106998,0.513591,-1.155577,-0.319968,-0.319961,0.047078,-1.577146,-2.465225,-2.321847,-2.053497,0.000406,0.0,42.019039
-0.70815,0.493571,-0.987122,-0.278198,-0.278193,0.300427,-0.942061,-1.821173,-2.001073,-1.798283,0.000688,0.0,41.902145
1.085776,1.56352,-0.217151,-1.180255,-1.180255,1.190007,0.449508,-0.512489,-0.862109,-0.654943,0.000279,-1.0,41.407593
-0.808513,0.0,-1.404255,2.062977,2.062967,-0.740422,-1.112762,-2.194322,-2.71808,-2.574463,0.000702,1.0,42.261818
0.629206,1.193315,-0.151877,-1.93617,-1.936159,0.87654,1.076148,-0.163456,-0.745287,-0.630077,4.8e-05,-1.0,41.443562
-1.092309,0.021422,-1.220818,1.301799,1.30179,-0.43692,-0.152063,-1.140855,-1.895476,-1.877913,0.000435,1.0,41.98307
-0.468785,0.468788,-0.724483,0.514031,0.514029,-0.805451,-0.605154,-1.360888,-2.085016,-2.313228,0.001343,0.0,42.198875
-1.787234,0.0,-2.12766,0.149158,0.149158,-0.548934,-0.702125,-1.236876,-2.029783,-2.402548,0.001408,0.0,42.261818
-0.722838,0.57828,-1.094587,3.021272,3.02128,-2.878976,-3.26518,-3.634861,-4.516728,-5.03263,0.002807,1.0,43.538666
0.22893,0.936527,-0.437043,-0.764145,-0.764146,-1.315299,-2.276796,-2.469651,-3.505724,-4.098231,0.003927,-1.0,43.205967
-0.669454,0.690381,-0.669454,-0.520291,-0.520289,-0.334732,-1.541844,-1.75872,-2.661091,-3.40586,0.002604,-1.0,42.981171
0.476684,0.642489,-0.331606,0.941425,0.941417,-0.717096,-2.118132,-2.455266,-3.223832,-3.954401,0.003428,1.0,43.385803
-0.332226,0.103819,-0.726742,-0.186528,-0.186524,-0.049835,-1.497095,-2.079182,-2.724254,-3.521596,0.002646,0.0,43.304878
-1.049379,0.0,-1.069951,0.913617,0.91362,-0.880658,-2.059671,-2.709191,-3.213992,-4.072428,0.003857,1.0,43.70052
-0.364217,0.485637,-0.445158,1.687243,1.687245,-1.970864,-3.01093,-3.980847,-4.372726,-5.338732,0.00423,1.0,44.437855
-0.36593,0.121978,-1.199433,-0.465397,-0.465401,-0.947347,-2.049198,-3.198483,-3.637936,-4.518806,0.003863,0.0,44.231041
0.0,0.385785,-0.406093,0.121978,0.121975,-0.661928,-1.697462,-2.957699,-3.492386,-4.283452,0.004195,0.0,44.284992
-0.379238,0.019966,-0.938118,1.725884,1.725887,-1.572853,-2.746506,-4.065202,-4.796406,-5.507384,0.004752,1.0,45.049301
-1.976042,0.45909,-2.055884,0.0,0.0,-0.974051,-2.411176,-3.652694,-4.460079,-5.084231,0.003438,0.0,45.049301
0.139387,0.696931,-0.039825,0.239527,0.239529,-0.89208,-2.212272,-3.334667,-4.35584,-4.895267,0.00326,0.0,45.157207
-1.131175,0.158766,-1.448698,0.338507,0.338504,-0.750148,-2.02818,-3.171264,-4.31534,-4.89621,0.003314,0.0,45.310066
-0.317397,0.416582,-0.396749,0.039692,0.039689,-0.329298,-1.638562,-2.749453,-3.9754,-4.636381,0.00336,0.0,45.328049
0.450176,0.634338,-0.470636,-3.054951,-3.054945,2.308163,1.6063,0.570218,-0.66094,-1.458566,0.001892,-1.0,43.943302
-0.286533,0.593535,-0.695868,-0.020458,-0.02047,1.821536,1.680316,0.650844,-0.450262,-1.264016,0.002022,0.0,43.934307
0.041416,0.352036,-0.186374,-1.166598,-1.166594,2.224062,2.646511,1.872023,0.952578,0.018223,0.001636,-1.0,43.421772
0.977531,1.164719,-0.166394,-0.434871,-0.434869,1.709647,2.863974,2.355793,1.538058,0.567384,0.00196,0.0,43.232944
-0.372362,0.041376,-1.137772,0.540761,0.540764,0.306164,2.122465,1.817679,1.137773,0.170458,0.001298,0.0,43.466732
0.765093,0.765093,-0.186106,0.041376,0.041372,0.053764,1.720431,1.803144,1.23656,0.320099,0.002158,0.0,43.484715
0.548296,0.864623,-0.042168,-1.943761,-1.943759,1.429781,3.171662,3.655283,3.137921,2.344163,0.000747,-1.0,42.639477
0.126132,0.231238,-0.315329,0.316326,0.316327,0.807231,2.289257,3.069161,2.762245,2.14589,0.000661,0.0,42.774357
0.194217,0.345274,-0.410009,-2.585663,-2.585668,2.731985,4.130345,5.394912,5.332331,4.826936,-0.000528,-1.0,41.668354
-0.021313,0.660563,-0.298315,1.273198,1.273199,0.83955,2.079696,3.740326,3.867466,3.50906,-0.001288,1.0,42.198875
-0.546682,0.042054,-0.672832,1.342427,1.342439,-0.832642,0.452051,2.010083,2.428502,2.18502,-0.000372,1.0,42.765369
0.169964,0.594854,-0.297429,-1.03028,-1.030285,0.050986,1.117483,2.64287,3.332269,3.134054,-0.000594,-1.0,42.324764
-0.925547,0.493628,-0.987248,3.292966,3.292971,-2.706708,-2.03826,-0.848764,-0.044225,-0.106956,0.000428,1.0,43.718506
-0.530941,0.347147,-0.857672,0.719872,0.719869,-2.327958,-2.556672,-1.750736,-0.781095,-0.725347,0.000822,1.0,44.033222
-1.872516,0.498008,-2.191241,2.511742,2.511738,-3.418324,-4.573705,-4.185923,-3.11753,-3.002391,0.001517,1.0,45.139221
-0.485145,0.262779,-0.626644,-1.454183,-1.454181,-1.220942,-2.941179,-2.691196,-1.751569,-1.465133,0.000151,-1.0,44.482815
-0.651655,0.849133,-1.105839,2.365066,2.365066,-2.093204,-4.547787,-4.705107,-3.968206,-3.580568,0.001382,1.0,45.534863
0.019619,0.627695,-0.490388,0.671408,0.6714,-1.820315,-4.515489,-4.988878,-4.534125,-4.10121,0.001621,1.0,45.840584
0.391238,0.684667,-0.176056,0.274616,0.274623,-1.248044,-3.841939,-4.852634,-4.724178,-4.212832,0.00099,0.0,45.966473
1.351891,1.491054,-0.218688,-1.604069,-1.604073,0.401594,-1.604368,-3.041745,-3.181904,-2.567788,0.000292,-1.0,45.229137
2.213119,2.213119,-0.286883,-2.982107,-2.982098,3.213108,1.674176,-0.001371,-0.21312,0.320487,-0.001108,-1.0,43.88036
-0.800482,0.3402,-1.220732,2.397545,2.397535,0.528316,-0.126074,-2.002534,-2.438462,-2.038822,-0.000213,1.0,44.932407
-0.07962,0.398083,-0.398091,0.540326,0.540329,-0.306532,-0.34037,-2.174897,-2.768714,-2.563698,5e-06,0.0,45.17519
-0.44498,0.404531,-0.687704,-1.592363,-1.592363,0.627025,1.367316,-0.173945,-1.057846,-1.063914,0.000641,-1.0,44.455837
0.801126,0.801126,-0.500701,0.991102,0.991107,-0.508715,0.318441,-0.753057,-1.869622,-2.073307,0.00108,1.0,44.896442
-0.411359,0.274241,-0.666014,2.243138,2.243135,-1.809989,-1.572968,-2.474697,-3.759059,-4.05093,0.002563,1.0,45.90353
0.156346,1.113942,-0.019539,0.235062,0.235065,-1.571233,-1.700216,-2.16924,-3.618331,-4.095369,0.002854,0.0,46.011433
0.600896,0.930413,-0.116304,0.820797,0.820792,-1.849194,-2.382243,-2.581894,-4.013373,-4.620274,0.002976,1.0,46.389091
1.087803,1.146076,-0.330223,-0.21322,-0.21322,-0.846929,-2.103728,-2.04869,-3.30905,-4.15229,0.002865,0.0,46.29018
-0.173511,0.134953,-0.674762,0.757574,0.757573,-0.844416,-2.537107,-2.570525,-3.559856,-4.600729,0.00404,1.0,46.640862
-0.592162,0.210126,-0.706777,0.925388,0.92539,-1.256922,-2.752623,-3.097099,-3.986624,-5.170579,0.004304,1.0,47.072472
0.616927,1.137459,0.0,-0.916904,-0.916905,-0.073259,-1.486405,-2.042282,-2.635431,-3.949871,0.00503,-1.0,46.640862
0.0192,0.479846,-0.287902,0.443414,0.443424,-0.318624,-1.564304,-2.331418,-2.73129,-4.026107,0.004669,0.0,46.847679
0.536808,0.690184,-0.460127,0.115167,0.115163,-0.172551,-1.156062,-2.310842,-2.537389,-3.690187,0.004136,0.0,46.90163
0.153437,0.460303,-0.786343,-0.038345,-0.038348,-0.030686,-0.694284,-2.038101,-2.313961,-3.253546,0.004567,0.0,46.883644
0.193497,0.25155,-0.812697,-0.882238,-0.882235,0.599843,0.311528,-0.794637,-1.230654,-2.073533,0.002752,-1.0,46.47002
0.19467,0.681335,-0.116796,-0.599847,-0.599843,1.012261,0.955805,-0.014281,-0.563565,-1.147757,0.002178,-1.0,46.191273
-0.058189,0.290919,-0.44608,0.36987,0.369864,0.430565,0.577963,-0.212055,-0.873744,-1.283945,0.001247,0.0,46.362118
0.310138,0.310138,-0.523357,0.058183,0.058179,0.151195,0.540804,0.007755,-0.885829,-1.138204,0.001904,0.0,46.389091
-1.159192,0.096605,-1.506951,0.329517,0.329524,-0.324573,0.189335,-0.085009,-1.070325,-1.34235,0.001019,0.0,46.541954
-0.25121,0.676325,-0.908214,-0.019316,-0.019318,-0.278261,0.092752,0.024474,-0.766186,-1.147056,0.000719,0.0,46.532963
0.937263,1.377202,0.0,1.024153,1.024147,-0.941082,-0.843529,-0.847994,-1.551258,-2.023714,0.001045,1.0,47.009529
-0.116371,0.096974,-0.950351,-1.377196,-1.377191,0.442199,0.436382,0.532709,-0.048491,-0.610555,0.001143,-1.0,46.362118
0.273382,0.781101,-0.995895,-0.678825,-0.678824,0.980277,0.937317,1.184663,0.807458,0.075765,0.002145,-1.0,46.047401
-0.158255,1.28586,-0.316518,-1.288811,-1.288809,1.819978,1.940651,2.331682,2.184962,1.402173,0.000542,-1.0,45.453938
-0.974849,0.019493,-1.384283,1.463901,1.463893,0.171575,0.393841,0.717491,0.734062,0.13336,0.000944,1.0,46.119335
0.09718,0.777448,-0.174927,0.311952,0.311954,-0.462584,0.097182,0.349855,0.448007,-0.062975,0.001772,0.0,46.263206
1.854437,1.874373,-0.159525,-2.526723,-2.526719,1.555329,2.410761,2.691918,2.908268,2.520431,0.000242,-1.0,45.094265
0.262894,1.031341,-0.283114,-1.395815,1.891535,-0.373564,0.413422,0.647048,0.960539,0.747057,8.9e-05,1.0,45.947239
0.428657,0.734836,-0.204129,-0.930231,-0.930237,0.590846,1.131728,1.392354,1.785391,1.747821,-0.000417,-1.0,45.519821
-1.660336,0.060008,-1.700346,2.041233,2.04124,-1.279438,-0.909397,-0.638924,-0.317846,-0.240577,0.000113,1.0,46.44899
0.283696,0.932124,0.0,-1.280264,-1.280271,-0.177498,0.123753,0.600675,0.889141,1.039472,-0.000351,-1.0,45.854317
-0.16084,0.341773,-0.442304,0.790282,0.790279,-0.474464,-0.692766,-0.209095,0.029823,0.232319,-0.000337,1.0,46.216694
0.821808,1.242732,-0.040088,0.301562,0.301566,-0.597311,-0.924756,-0.513875,-0.329771,-0.063354,-0.000608,0.0,46.356068
-0.255958,0.29533,-0.767866,1.803973,1.803971,-1.649931,-2.312013,-2.184899,-2.063228,-1.787495,0.000575,1.0,47.192318
0.336498,0.475055,-0.752179,-0.531603,-0.531599,-0.914492,-1.614794,-1.604123,-1.4896,-1.273773,0.000151,-1.0,46.941444
-0.37699,0.69444,-0.734133,-0.237526,-0.237528,-0.261908,-1.259525,-1.395414,-1.186863,-1.022562,-2e-06,0.0,46.829945
-0.903376,0.333861,-1.099758,1.031738,1.031744,-0.816968,-1.7989,-2.268372,-2.09545,-1.993977,0.000463,1.0,47.31311
-0.630542,0.35468,-0.807882,-0.333853,-0.333859,-0.145811,-1.213791,-1.784383,-1.686265,-1.644174,0.000702,0.0,47.155151
-0.44878,0.37073,-0.487805,0.985222,0.985226,-0.94049,-1.736588,-2.439381,-2.532262,-2.541917,0.001391,1.0,47.619736
0.689931,0.689931,-0.157694,-1.014634,-1.014642,0.157703,-0.583477,-1.295473,-1.469149,-1.486367,0.000789,-1.0,47.136566
1.623045,1.7042,-0.324609,-2.838555,-2.838546,2.633388,2.308778,1.520519,1.277199,1.357384,-0.000471,-1.0,45.798573
-1.834683,0.493194,-1.93332,2.840329,2.840322,-0.291967,-0.32945,-0.999535,-1.441683,-1.379366,0.000621,1.0,47.0994
0.158263,0.257173,-0.98912,-0.276189,-0.276186,-0.094954,0.077153,-0.580282,-1.070585,-1.056822,0.000509,0.0,46.969318
1.396474,1.457197,-1.052421,-2.255191,-2.255193,1.465291,2.106863,1.770224,1.261617,1.170967,-0.000916,-1.0,45.910069
0.568065,0.750657,-0.750665,-0.242864,-0.242857,1.128012,2.105898,1.923304,1.473118,1.353125,-0.000423,0.0,45.798573
0.140617,0.723182,-0.281237,0.994112,0.994107,0.329451,0.976298,0.977637,0.473286,0.290134,0.000304,1.0,46.25386
-0.097845,0.821922,-0.215256,2.651665,2.651666,-2.101758,-1.596866,-1.453356,-1.870838,-2.206323,0.002017,1.0,47.480358
0.589389,2.298621,-0.314342,-0.391382,-0.391389,-1.579565,-1.180744,-0.933854,-1.342826,-1.716588,0.001211,0.0,47.294525
-0.141214,0.665729,-0.605205,-2.61297,-2.612966,1.125683,1.131735,1.560086,1.362722,0.972953,-6.1e-05,-1.0,46.058735
0.040404,0.222224,-0.444446,-0.141214,-0.141213,1.353534,1.026264,1.566331,1.456566,1.104814,0.000976,0.0,45.993694
-0.040461,0.38438,-0.930607,-0.141414,-0.141419,1.355455,1.197658,1.579344,1.608341,1.218862,9.2e-05,0.0,45.92865
-1.422919,0.217393,-1.77865,2.36698,2.366993,-1.185776,-1.160083,-0.811598,-0.65613,-0.958105,0.001526,1.0,47.015778
-0.332222,0.469029,-0.801251,1.126482,1.126475,-2.180964,-2.139923,-1.861765,-1.637675,-1.926906,0.001128,1.0,47.545399
-1.02766,0.0,-1.640312,-1.113934,-1.113927,-0.671941,-0.802375,-0.841901,-0.548422,-0.694865,0.0012,-1.0,47.015778
-0.323625,0.060684,-0.889966,-2.292488,-2.292496,1.634306,1.555422,1.310682,1.675772,1.590618,-0.00014,-1.0,45.937943
-0.040634,0.38602,-0.446975,-0.44498,-0.444972,2.003243,1.895561,1.75402,2.010353,2.034124,-0.000464,0.0,45.733532
0.061461,0.204874,-1.188283,-0.832995,-0.833004,2.126615,2.282319,2.351977,2.651097,2.814998,-0.001611,-1.0,45.35257
-0.671691,1.730102,-0.79381,0.655603,0.655601,0.630983,1.255854,1.492641,1.817629,2.083455,-0.001095,1.0,45.649902
0.26493,0.590994,-0.326065,-0.122127,-0.122121,0.130425,1.277765,1.570544,1.71999,2.068065,-0.001045,0.0,45.594154
0.098026,1.646736,-0.274454,3.953532,3.953529,-3.062139,-2.27798,-2.067564,-2.121148,-1.775333,0.000226,1.0,47.396732
0.722521,0.83968,0.0,0.392082,0.392088,-2.663546,-2.312051,-2.263884,-2.315957,-2.095688,0.000541,0.0,47.582569
0.058093,0.542213,-0.40666,0.83968,0.839677,-2.378003,-2.92409,-3.008005,-3.037375,-2.855152,0.000478,1.0,47.982109
0.407844,0.660322,-0.524376,-0.290467,-0.290471,-1.176929,-2.579143,-2.649061,-2.663626,-2.514665,0.000793,0.0,47.842735
0.674632,1.002315,-0.46261,0.757427,0.757427,-0.836547,-3.064765,-3.084041,-3.157287,-3.198922,0.002356,1.0,48.205109
0.682183,1.544946,-0.280897,-3.932153,-3.93215,2.752808,0.983144,0.928301,0.861755,0.691811,-0.000588,-1.0,46.309612
2.200686,2.241066,-0.908534,-0.621992,-0.621996,2.717549,1.677774,1.573461,1.4678,1.341412,-0.000739,-1.0,46.021568
-0.140673,0.442126,-0.723465,0.464363,0.464363,1.487143,1.398719,0.991431,0.864153,0.798237,0.000444,0.0,46.235275
0.485138,0.565998,-0.384075,-0.582791,-0.582791,1.265412,2.061854,1.354355,1.310894,1.301798,0.000296,-1.0,45.96582
-0.290766,1.370714,-0.498447,-2.668282,-2.66828,2.492207,4.668739,3.793696,3.940805,3.974242,-0.001296,-1.0,44.739323
-1.016602,0.497921,-2.282164,0.10384,0.103835,1.705396,3.977182,3.514526,3.698136,3.775936,-0.002404,0.0,44.785778
0.270491,0.665834,-0.582609,-0.290456,-0.290443,1.38992,3.624626,3.655142,3.857667,3.93507,-0.00236,0.0,44.655701
0.902013,1.414518,0.0,1.498123,1.498118,-0.508404,1.508815,2.121087,2.13817,2.210741,-0.000573,1.0,45.324696
0.893375,0.893375,-0.602063,5.555562,5.555556,-4.960185,-3.833755,-2.948147,-3.206449,-3.122938,0.001904,1.0,47.842735
0.652593,0.748568,0.0,1.184688,1.18469,-4.556617,-4.917462,-3.696733,-4.195773,-4.062952,0.002481,1.0,48.409523
-1.143607,0.0,-1.349833,2.380042,2.380036,-4.848137,-6.471685,-5.644288,-6.057361,-6.005243,0.002486,1.0,49.561687
0.58501,1.113418,-0.132108,-0.656164,-0.656156,-2.358941,-5.200986,-4.797136,-5.081152,-5.115687,0.001711,-1.0,49.236485
0.50439,0.747246,0.0,1.019055,1.019055,-1.569215,-5.453017,-5.522137,-5.597796,-5.853914,0.002639,1.0,49.738232
0.279854,0.354483,-0.522384,0.130766,0.130765,-0.910447,-4.805967,-5.383082,-5.304102,-5.79552,0.003692,0.0,49.803272
0.957743,0.957743,-0.281694,-0.652981,-0.652983,0.17277,-3.222534,-4.589671,-4.289201,-4.977276,0.003602,-1.0,49.478065
0.320811,0.434042,-0.05662,-0.488259,-0.488257,0.532172,-1.843748,-3.725236,-3.632766,-4.243069,0.003752,0.0,49.236485
0.018832,0.282543,-0.433225,0.188711,0.18871,0.380486,-1.081183,-3.459534,-3.63722,-4.131852,0.003549,0.0,49.329399
0.580853,1.330341,0.0,0.527404,0.527406,-0.206107,-0.740116,-3.515082,-3.9807,-4.293048,0.003831,0.0,49.589565
0.597684,1.027267,-0.728425,0.318535,0.318533,-0.545387,-0.672396,-3.314656,-4.094136,-4.267464,0.002251,0.0,49.747524
0.262515,0.600037,-0.618792,-0.392228,-0.392231,-0.123757,-0.050629,-2.286393,-3.580537,-3.570974,0.00191,0.0,49.552399
-0.836276,0.03717,-1.245125,0.900054,0.900055,-0.709905,-0.854859,-2.462986,-4.071733,-4.223006,0.001936,1.0,49.998398
2.089671,2.659578,0.0,-2.174321,-2.174318,1.325989,1.282296,0.284955,-1.644186,-1.985561,0.001117,-1.0,48.911274
-1.381366,0.018671,-2.072057,1.766719,1.766717,-0.358409,-0.468545,-0.859933,-2.996079,-3.543027,0.001556,1.0,49.775398
-0.166698,0.481567,-0.648274,0.784025,0.784024,-0.966848,-1.170589,-1.322469,-3.3321,-4.10817,0.003606,1.0,50.165649
1.140613,1.308901,-0.074796,-0.944623,-0.944624,0.03366,-0.185113,-0.209421,-1.911926,-3.074043,0.003466,-1.0,49.691772
0.411286,0.710408,-0.112174,0.018702,0.018701,-0.104693,-0.110301,-0.209384,-1.435782,-2.819218,0.003272,0.0,49.701065
-0.731124,0.127947,-0.895628,2.280794,2.280794,-1.575576,-2.041669,-2.22506,-3.025949,-4.607561,0.004517,1.0,50.834644
0.771212,0.918105,-0.348878,-0.456955,-0.456948,-0.796917,-1.391848,-1.662383,-2.059311,-3.824459,0.005479,0.0,50.602356
-0.241279,0.222715,-0.723829,-1.064998,-1.065006,0.230142,-0.267258,-0.569163,-0.783219,-2.461764,0.004971,-1.0,50.063438
-1.218623,0.0,-1.218623,2.041572,2.041578,-1.22954,-1.962533,-2.348734,-2.506367,-3.916334,0.005984,1.0,51.085522
0.588343,0.845742,-0.496415,-1.073119,-1.073116,0.172823,-0.792428,-1.117855,-1.352272,-2.418829,0.004867,-1.0,50.537315
-0.543073,0.0,-1.385771,-1.820182,-1.820184,1.539321,1.189133,0.754052,0.514976,-0.209743,0.00166,-1.0,49.617443
-0.26286,0.337967,-0.488167,-0.26218,-0.262184,1.35562,1.396926,1.005138,0.753855,0.389041,0.001031,0.0,49.487354
0.03811,0.362039,-0.685978,-1.46451,-1.464507,2.328506,2.616234,2.371696,2.144626,1.956554,-0.000641,-1.0,48.762608
-1.135722,0.0,-1.400723,0.666925,0.666925,0.836643,1.813359,1.630382,1.428161,1.336357,-6.6e-05,1.0,49.087818
0.860423,0.860423,0.0,-1.003224,-1.003218,1.059271,2.617587,2.46781,2.390053,2.283744,-0.000945,-1.0,48.59536
-0.230634,0.634253,-0.960984,-0.516252,-0.516259,1.057085,2.635022,2.921394,2.81953,2.74073,-0.001226,-1.0,48.344482
2.070187,2.089901,0.0,-2.517774,-2.517774,2.665615,4.548501,5.205046,5.213918,5.172712,-0.002037,-1.0,47.127277
2.56514,3.494252,0.0,-2.385653,-2.385654,3.974962,6.220973,7.172968,7.378314,7.412651,-0.002862,-1.0,46.002983
0.524329,0.671141,-1.656881,-3.696219,-3.69621,5.805363,8.766773,10.475385,10.907082,11.067946,-0.004551,-1.0,44.302616
4.662344,4.70416,-0.083632,0.314602,0.314595,3.604428,7.054147,9.340019,9.934137,10.288099,-0.004644,0.0,44.44199
0.06106,0.264598,-2.279672,2.717957,2.717952,-0.317522,3.352334,5.68967,6.668027,7.047428,-0.0036,1.0,45.649902
-1.058313,0.419327,-1.717254,1.933647,1.933651,-2.46406,0.756787,3.101701,4.296123,4.753991,-0.002589,1.0,46.532612
0.466719,0.852277,-0.243504,-1.59745,-1.597452,-0.97402,1.743106,4.153144,5.511368,6.108771,-0.003675,-1.0,45.789276
1.022077,1.287819,0.0,-0.730522,-0.730518,0.261654,1.692562,4.093762,5.821753,6.52903,-0.003047,-1.0,45.454777
0.436498,0.602787,-0.602787,-1.655758,-1.655767,2.066101,2.533781,4.976102,7.044279,7.848685,-0.004535,-1.0,44.702152
-0.14219,0.284377,-0.771891,2.327996,2.328006,-0.21532,-0.367665,2.023154,4.052404,5.118014,-0.003864,1.0,45.742821
0.968326,1.230583,-0.46399,0.690636,0.690631,-1.105508,-1.283033,0.827115,2.845473,4.074241,-0.003153,1.0,46.058735
-0.123843,0.45407,-0.701754,-2.259429,-2.259422,0.83797,0.780179,2.603364,4.662531,6.022696,-0.004144,-1.0,45.018074
-0.319936,0.079986,-1.219748,3.219808,3.219802,-1.871622,-1.897617,-0.973135,0.900824,2.437916,-0.003735,1.0,46.467567
2.374723,2.515597,-0.422618,-0.63987,-0.63987,-0.603741,-0.891527,-0.685583,1.077684,2.79171,-0.003815,-1.0,46.170235
-0.241105,0.663046,-0.421939,0.161,0.161006,-0.546519,-0.922249,-1.147953,0.550526,2.22945,-0.003282,0.0,46.244572
-1.214416,0.079634,-1.254235,0.924252,0.924247,-1.194505,-1.799723,-2.118257,-0.67191,0.956399,-0.003768,1.0,46.671986
0.422363,0.663713,-0.744173,-1.015327,-1.015329,0.329846,-0.703944,-1.086084,0.069387,1.657279,-0.003742,-1.0,46.198112
-0.10048,0.482319,-0.663179,0.080444,0.080443,0.14872,-0.614946,-0.886919,-0.319528,1.155954,-0.002916,0.0,46.235275
-0.059569,0.476563,-0.277998,1.205794,1.205787,-0.77839,-1.352258,-1.732852,-1.699756,-0.369335,-0.002278,1.0,46.792774
-1.140389,0.963423,-1.278022,0.992851,0.992856,-1.325207,-2.001572,-2.472145,-2.781163,-1.548564,-0.001209,1.0,47.257359
0.283858,1.480128,-0.020274,-3.027922,-3.027922,1.386862,1.007708,0.4704,0.112533,1.206005,-0.002816,-1.0,45.826443
1.598869,1.801253,-0.222629,0.182482,0.182484,1.076703,1.018012,0.304932,-0.079942,0.773124,-0.0023,0.0,45.910069
0.125438,0.397236,-0.857211,-3.197729,-3.197728,3.608608,3.899221,3.466439,3.236457,3.683875,-0.003466,-1.0,44.44199
-0.580437,0.186567,-1.223051,0.857203,0.857203,1.849084,2.715584,2.605026,2.401529,2.465998,-0.001999,1.0,44.822948
-0.729325,0.5001,-1.958748,-0.518242,-0.518243,1.183578,2.879763,2.967282,2.816208,2.663051,-0.001187,-1.0,44.590656
2.969046,3.011152,-0.526427,-1.041884,-1.041886,1.478208,3.385975,3.759388,3.626026,3.471888,-3.3e-05,-1.0,44.126072
1.584578,1.755886,-0.149893,-1.66351,-1.663504,2.03426,4.488218,5.264806,5.102779,4.98158,-0.000893,-1.0,43.392033
-0.793308,0.600341,-1.329329,-0.128484,-0.128484,1.655234,3.953688,4.918525,4.993568,5.027444,-0.00213,0.0,43.336281
0.737306,1.053297,-0.821569,1.779593,1.779594,-0.446601,1.527276,2.772272,3.090368,3.160727,-0.002197,1.0,44.107491
0.273399,0.420612,-1.051525,0.168523,0.168518,-0.799154,0.660363,2.288122,2.740278,2.854263,-0.00143,0.0,44.18182
-2.113114,0.145018,-2.486016,1.514198,1.514195,-1.955662,-1.058623,0.491683,1.073135,1.170089,-0.000454,1.0,44.850819
0.162637,0.447247,-0.630205,1.905944,1.905943,-2.776982,-2.953845,-1.45964,-0.742014,-0.72941,0.001095,1.0,45.70565
0.286071,0.939933,-0.919487,-0.508233,-0.508226,-1.340419,-2.231304,-1.067975,-0.3443,-0.220679,-0.000138,-1.0,45.473362
-0.600043,0.041374,-1.30354,-1.246418,-1.246426,0.260706,-0.978687,-0.099315,0.772814,1.056902,-0.00098,-1.0,44.90657
-0.574717,0.061574,-0.882594,0.80695,0.80696,-0.061583,-1.621516,-1.19185,-0.141632,0.20607,0.000353,1.0,45.268948
-0.184615,0.225643,-0.512821,0.061574,0.061574,0.073843,-1.423593,-1.330601,-0.354875,0.077125,-0.00102,0.0,45.296822
-0.547223,0.58776,-0.567489,1.210256,1.210253,-1.062017,-2.067288,-2.519929,-1.584921,-1.047426,-0.000216,1.0,45.845028
0.762421,1.256954,-0.226666,-1.641672,-1.641672,0.420362,-0.04327,-0.796755,-0.069027,0.482178,-0.001,-1.0,45.092403
0.206224,1.03114,-0.082493,-0.082417,-0.082422,0.569192,0.249536,-0.680552,-0.179417,0.466076,-0.001437,0.0,45.055237
-1.07398,0.099449,-1.193315,3.691476,3.691478,-2.390608,-2.776448,-3.91275,-3.790766,-3.070003,0.000609,1.0,46.718441
-1.108035,0.0,-1.187182,0.517108,0.517117,-2.184416,-2.82747,-4.004755,-4.165024,-3.54413,0.000799,0.0,46.96003
-0.099086,0.198181,-0.951247,-0.158294,-0.158298,-1.585414,-2.421719,-3.355793,-3.909035,-3.33254,0.000206,0.0,46.885693
1.196997,1.196997,-0.284031,-2.318664,-2.31866,1.059033,-0.034496,-0.703327,-1.480022,-1.076087,-0.001234,-1.0,45.798573
0.9766,1.098671,-0.915567,-0.284031,-0.284037,1.615462,0.417089,-0.192611,-1.106818,-0.89278,-4.1e-05,0.0,45.668488
-0.120291,0.340814,-0.821973,1.485247,1.48525,-0.032076,-0.81997,-1.34189,-2.364678,-2.421815,0.000525,1.0,46.346779
-0.684803,0.273917,-0.841325,2.465918,2.465915,-2.214828,-2.745058,-3.345724,-4.360203,-4.630013,0.002988,1.0,47.489651
0.098617,0.611434,-0.236684,-0.802191,-0.802185,-1.329391,-1.69034,-2.365553,-3.192313,-3.757006,0.002266,-1.0,47.108696
-0.415428,0.49456,-0.415428,-0.295862,-0.295865,-0.538078,-0.999008,-1.863499,-2.518297,-3.25618,0.002363,0.0,46.969318
0.135947,0.757427,-1.068174,1.859551,1.859548,-1.444941,-2.223733,-3.245938,-3.907556,-4.769859,0.003625,1.0,47.842735
-2.498493,0.483574,-2.498493,-3.612354,-3.612352,2.147894,1.309693,0.502384,-0.096717,-1.06871,0.002777,-1.0,46.114487
-0.337708,0.794601,-0.357569,1.430584,1.430583,0.401274,-0.158916,-0.70454,-1.300157,-2.237582,0.003455,1.0,46.774193
0.276243,0.532757,-0.236778,0.675407,0.675411,-0.280191,-0.78532,-1.194423,-1.815313,-2.579323,0.002975,1.0,47.090111
0.637704,0.637704,-0.318852,-0.986582,-0.986587,0.565966,0.380634,0.009304,-0.713428,-1.326422,0.002473,-1.0,46.625526
0.558434,0.618273,-0.917429,-0.079715,-0.079712,0.107699,0.658159,0.308472,-0.453727,-1.034701,0.00178,0.0,46.58836
0.99167,0.99167,-0.277666,0.558434,0.558427,-0.134859,0.206277,-0.230056,-0.83795,-1.356594,0.001194,1.0,46.848522
1.673826,1.716747,-0.751069,-7.576359,-7.57635,6.44635,7.45279,7.384837,7.060087,6.586268,-0.001879,-1.0,43.299114
0.176059,0.242077,-0.814258,-2.489268,-2.489277,6.857398,9.038299,9.38968,9.364005,8.977122,-0.00242,-1.0,42.221279
0.177971,0.422687,-0.489435,-1.078341,-1.078338,5.695213,8.981089,9.93845,10.157954,9.810012,-0.003239,-1.0,41.765991
0.9325,0.9325,-0.532864,0.200222,0.200225,3.219355,7.331257,9.110418,9.554838,9.2984,-0.003179,0.0,41.849617
0.641611,0.870763,-0.137482,-3.108353,-3.108356,3.423468,9.401929,11.657506,12.308669,12.339145,-0.005057,-1.0,40.548782
0.023257,0.790882,-0.302398,-1.489452,-1.489441,3.307733,9.346344,12.086517,13.12862,13.50173,-0.00499,-1.0,39.944832
-0.069571,0.255104,-0.765302,0.302389,0.30238,1.920227,7.263452,10.576688,11.936461,12.582564,-0.004823,0.0,40.065617
0.529222,1.311551,0.0,0.788497,0.788502,0.437184,4.878046,8.62402,10.390013,11.235158,-0.006085,1.0,40.381535
-0.721371,0.067624,-1.194768,2.070874,2.070862,-1.907118,1.447254,5.348668,7.610466,8.605958,-0.00541,1.0,41.217781
0.838048,0.88335,-0.294455,-0.473397,-0.473383,-1.20952,0.509616,5.022261,7.473375,8.567147,-0.005547,0.0,41.022663
0.475227,0.927809,-0.067886,0.090593,0.090582,-0.75582,-0.126718,3.999404,6.593129,7.894103,-0.004499,0.0,41.059822
0.296256,0.979945,-0.41021,-0.701512,-0.701503,0.2917,0.223332,3.700997,6.569046,8.056513,-0.004681,-1.0,40.771786
-0.780174,0.34419,-0.826069,-0.68368,-0.683688,1.037174,0.5989,3.405232,6.502984,8.276275,-0.005624,-1.0,40.493034
-0.40678,0.24859,-0.519774,1.537398,1.5374,-0.542369,-1.102822,0.952168,4.072319,6.193902,-0.006027,1.0,41.115574
0.293383,0.451359,-0.112848,0.135595,0.135598,-0.604833,-1.085535,-0.103816,3.331074,5.547278,-0.00562,0.0,41.171326
0.972413,1.22116,-0.090459,-0.203114,-0.203107,-0.388971,-0.606069,-0.259318,2.84938,5.138842,-0.005579,0.0,41.087704
1.044266,1.31669,-0.340515,-0.384446,-0.384453,0.072648,-0.011347,-0.084748,2.493759,4.940752,-0.006555,0.0,40.929741
0.797816,1.18532,-0.478685,-0.408627,-0.408622,0.615455,0.492363,0.161081,2.19512,4.76225,-0.005162,0.0,40.762493
1.716146,1.762528,-0.255104,-1.709597,-1.709601,1.841377,1.952694,1.606374,3.15863,5.807981,-0.006527,-1.0,40.065617
-1.660893,0.161476,-1.707029,0.533393,0.533393,0.858137,1.227225,1.02269,1.795853,4.667133,-0.006589,0.0,40.279324
1.130067,1.24539,-0.207567,0.023075,0.023069,0.438194,1.012458,1.056277,1.398759,3.999082,-0.00615,0.0,40.288616
-0.093523,0.444234,-0.467617,-1.360703,-1.360687,1.225148,2.146355,2.395751,2.485378,4.693934,-0.006707,-1.0,39.740414
0.426127,1.160033,-0.568187,-1.239182,-1.239189,1.723479,3.11079,3.487999,3.450515,5.255675,-0.007489,-1.0,39.247955
0.238956,1.027482,-0.119472,-0.923305,-0.923302,2.064517,3.498209,4.05257,4.033453,5.444205,-0.004596,-1.0,38.885578
0.358428,0.621274,-0.358416,0.0,0.0,1.347672,2.910395,3.686181,3.819595,4.62509,-0.003514,0.0,38.885578
1.204529,1.324989,-0.915435,-0.812425,-0.81243,1.286444,3.100462,4.10504,4.491693,4.991573,-0.003398,-1.0,38.56966
-0.023286,0.535629,-0.34932,3.444956,3.444959,-2.007453,-0.591524,0.492158,0.990916,1.262225,-0.001987,1.0,39.898369
-0.687598,0.275038,-1.443963,1.606898,1.606895,-2.920012,-2.21866,-1.089467,-0.586755,-0.460236,6.3e-05,1.0,40.539494
0.954818,0.978114,-0.442476,-1.581485,-1.581482,-0.852353,-0.689335,0.296537,0.845365,0.943641,2.3e-05,-1.0,39.898369
-0.070352,0.375235,-0.469043,-0.698649,-0.698655,0.215764,-0.157124,0.741093,1.377819,1.560043,-0.000413,-1.0,39.619617
1.717252,1.83487,-0.258753,-0.30488,-0.304879,0.992713,-0.051746,0.780998,1.490244,1.825459,-0.000888,0.0,39.498825
-0.35046,0.233652,-0.864484,0.682195,0.682195,0.242992,-0.72196,-0.096571,0.676405,1.105611,-0.001492,1.0,39.768284
-1.210596,0.0,-1.256279,2.28972,2.289722,-1.932391,-2.592508,-2.346581,-1.554362,-1.128368,-0.00029,1.0,40.678867
0.370797,0.556192,0.0,-1.439006,-1.43901,-0.403249,-0.869064,-0.916186,-0.244498,0.203011,-0.000955,-1.0,40.093494
0.185696,0.417818,-0.324984,-0.162225,-0.162221,-0.037147,-0.422476,-0.796972,-0.225168,0.266475,-0.000721,0.0,40.028454
-0.433785,0.27397,-0.616438,1.671302,1.671299,-1.09132,-1.536526,-2.360726,-1.913238,-1.417347,0.000303,1.0,40.697449
0.483757,0.598936,-0.230359,-0.890409,-0.89041,0.078326,-0.543651,-1.385239,-1.105733,-0.57498,-0.000753,-1.0,40.335075
0.468924,0.820628,-0.046896,-1.750744,-1.750747,1.331771,0.998827,0.436108,0.513482,1.109497,-0.001573,-1.0,39.62891
