-0.226804,0.77115,-1.905194,0.432797,0.432777,0.371978,2.197786,3.160207,3.825131,4.577156,-0.003406,0.0,36.16629
0.136512,0.568828,-0.614337,-0.31753,-0.317517,0.263931,1.965864,3.202113,3.836164,4.575354,-0.003193,0.0,36.051456
0.38911,0.549327,-0.297546,-0.591586,-0.591607,0.599695,1.943254,3.42414,4.044417,4.828852,-0.003355,-1.0,35.838173
-1.305429,0.247583,-1.643032,1.693754,1.693764,-0.940801,-0.054012,1.366948,2.030161,2.821516,-0.002647,1.0,36.445187
0.270032,0.945099,-0.585056,0.022505,0.022483,-0.720053,-0.319505,1.065134,1.806955,2.547278,-0.002177,0.0,36.453381
0.157655,0.495489,-0.4955,-0.090002,-0.089975,-0.491003,-0.409916,0.82582,1.707199,2.381971,-0.00269,0.0,36.420582
-0.135556,0.790789,-0.429277,-0.315324,-0.315311,-0.036167,-0.237246,0.822403,1.850417,2.479877,-0.002515,0.0,36.305744
1.229511,1.525506,-0.273222,-0.768188,-0.768176,0.842419,0.457628,1.22038,2.372472,2.968098,-0.002191,-1.0,36.026852
-1.657339,0.022392,-1.948495,1.662122,1.662105,-0.707736,-1.068321,-0.600235,0.473671,1.080387,-0.001355,1.0,36.625656
0.224765,0.606869,-0.247249,-0.358343,-0.358342,-0.328165,-0.579918,-0.397104,0.63159,1.288364,-0.001266,0.0,36.494411
0.516622,1.21294,-0.314463,0.067426,0.067402,-0.341396,-0.550299,-0.566021,0.330204,1.07818,-0.001635,0.0,36.519009
-0.268154,0.312847,-0.670389,0.516622,0.516627,-0.634623,-0.882673,-1.097942,-0.369822,0.461237,-0.001786,0.0,36.707676
2.685339,2.708286,-0.022949,-2.636872,-2.636849,1.895789,1.774144,1.475008,1.999069,2.935033,-0.002597,-1.0,35.73975
2.212801,2.471749,-0.376648,-2.501721,-2.50173,3.488697,3.926551,3.819833,4.230223,5.182669,-0.003967,-1.0,34.845638
0.116019,1.136896,-1.786534,1.459506,1.459465,1.355019,2.120692,2.202668,2.450156,3.372662,-0.003145,1.0,35.354198
-0.232881,0.908251,-1.094546,-0.371227,-0.371215,0.996753,2.161179,2.404928,2.568724,3.416885,-0.003344,0.0,35.222958
-0.987144,0.596876,-1.492197,1.44388,1.443896,-0.98715,0.546374,0.887664,0.956154,1.684116,-0.00208,1.0,35.731541
-0.522371,0.317963,-0.79491,1.078967,1.078968,-1.835119,-0.501929,-0.137781,-0.147623,0.379746,-0.001383,1.0,36.117073
0.340914,1.113641,-0.136366,-0.068133,-0.068137,-1.077281,-0.581817,-0.134844,-0.094313,0.288188,-0.001107,0.0,36.092464
-0.793116,0.226601,-1.382282,0.295457,0.295452,-0.901881,-0.956265,-0.475859,-0.362559,-0.133234,-0.00068,0.0,36.1991
0.981513,1.438023,-0.365211,-0.72513,-0.725137,0.219136,-0.39488,0.161316,0.33327,0.469314,-0.000385,-1.0,35.936607
0.0,0.664987,-0.321027,-0.456517,-0.456521,0.701682,-0.199486,0.521302,0.754429,0.812674,-0.000456,0.0,35.772549
0.115205,0.276493,-0.299544,-0.481539,-0.481523,0.898608,0.244229,0.927799,1.208523,1.221196,-0.000439,0.0,35.600296
0.85767,0.996757,-0.486785,-0.599085,-0.599107,1.108036,1.001406,1.302757,1.66901,1.73948,-0.000887,-1.0,35.387012
-1.049029,0.114034,-1.436709,1.645802,1.645827,-0.656791,-0.462946,-0.434818,-0.044466,0.087574,-3.4e-05,1.0,35.969421
-0.339977,0.090664,-0.793289,0.615738,0.615729,-1.124207,-0.80462,-1.104559,-0.687887,-0.522203,0.000491,1.0,36.190895
-0.361745,0.113043,-0.85915,0.249322,0.249347,-1.089778,-0.899863,-1.428916,-0.938294,-0.744309,-0.000137,0.0,36.281136
-0.266902,0.066733,-0.978645,1.650461,1.650444,-2.001782,-2.30205,-2.823254,-2.43105,-2.242881,0.000571,1.0,36.879936
-0.088911,0.088902,-0.80018,0.066733,0.066727,-1.24472,-2.147148,-2.516121,-2.458327,-2.25828,0.000639,0.0,36.904545
-1.25137,0.351262,-1.514815,1.244714,1.244698,-1.712385,-3.038403,-3.356002,-3.541146,-3.362436,0.001317,1.0,37.363895
0.751381,0.906077,-0.198895,-0.658615,-0.658588,-0.561333,-2.077359,-2.374964,-2.821005,-2.646636,0.001365,-1.0,37.117821
0.530274,0.574463,-0.552364,0.022095,0.022105,-0.128162,-1.734437,-2.146134,-2.78614,-2.579774,0.000652,0.0,37.126026
-0.416482,0.284965,-0.745287,0.795407,0.795388,-0.626916,-2.023235,-2.685956,-3.328585,-3.199472,0.001154,1.0,37.421322
0.13169,0.329232,-0.417037,-0.131517,-0.131503,-0.245843,-1.363051,-2.329546,-2.863276,-2.992114,0.001067,0.0,37.372112
0.0,0.307634,-0.219728,-0.109752,-0.109758,-0.153808,-0.889915,-2.020073,-2.491764,-2.795873,0.000795,0.0,37.331093
-0.131517,0.153441,-0.460322,0.241707,0.241699,-0.232346,-0.800082,-1.991814,-2.433141,-2.9338,0.002046,0.0,37.421322
1.221135,1.221135,-0.46625,-1.271368,-1.271374,0.954713,0.657199,-0.518053,-1.01243,-1.658078,0.002581,-1.0,36.945557
-0.465217,0.088615,-0.642448,0.22202,0.222054,0.51837,0.47406,-0.481488,-1.108797,-1.736844,0.002043,0.0,37.027596
-0.904279,0.066165,-1.191004,0.443068,0.443029,-0.022042,0.108087,-0.596957,-1.397209,-1.917943,0.002397,0.0,37.191639
-0.396478,0.352421,-0.550661,0.132338,0.132344,-0.202641,-0.057263,-0.50073,-1.387664,-1.844933,0.001827,0.0,37.24086
0.352277,0.726557,-0.396292,0.044044,0.044067,-0.334663,-0.063857,-0.353745,-1.253865,-1.669761,0.001377,0.0,37.257271
0.46833,1.092779,-1.427295,-1.276966,-1.276972,0.865295,1.135141,1.025862,0.160562,-0.283686,0.000851,-1.0,36.781506
0.248029,0.293127,-0.811716,-1.092779,0.038343,0.70054,0.926327,0.971862,0.284598,-0.248142,0.00074,0.0,36.795609
-0.045106,0.090214,-0.744253,-0.022543,-0.022541,0.503427,0.790114,0.973382,0.497533,-0.150099,0.001045,0.0,36.787315
0.34037,0.34037,-0.317676,-0.608931,-0.608933,0.748554,1.19763,1.446036,1.194457,0.501489,0.000979,-1.0,36.563305
0.662557,0.685401,-0.137082,-0.680735,-0.680732,0.919804,1.586421,1.993852,1.905047,1.231938,0.000892,-1.0,36.314407
-1.17807,0.067963,-1.359307,0.845326,0.845331,-0.013599,0.646358,1.047027,1.097288,0.47608,0.00152,1.0,36.621384
0.408719,0.476837,-0.499548,-0.226547,-0.226583,0.072684,0.74104,1.115409,1.280142,0.806958,0.000706,0.0,36.538406
0.182362,0.524274,-0.159562,-0.386017,-0.386016,0.246201,0.913199,1.328705,1.602941,1.308632,0.000271,0.0,36.397362
0.45913,0.482091,-0.321403,-0.706629,-0.706609,0.72543,1.326776,1.830113,2.156684,2.048482,-0.000145,-1.0,36.140175
-0.411149,0.045683,-0.845132,0.505046,0.50505,0.22384,0.5603,1.116763,1.533882,1.55019,-0.000643,0.0,36.322701
0.11465,0.275164,-0.5962,-0.388301,-0.3883,0.371461,0.78651,1.370178,1.799171,1.935049,-0.000841,0.0,36.18166
0.909089,1.398597,-0.186485,-1.628065,-1.628079,1.501167,2.116555,2.779096,3.227075,3.477424,-0.00209,-1.0,35.592594
0.920028,1.297476,-0.589762,-1.188818,-1.188826,2.02408,2.885132,3.63234,4.155882,4.525051,-0.00232,-1.0,35.16946
0.546968,1.189061,-0.166466,-0.802076,-0.802051,2.130789,3.236615,4.020516,4.647791,5.08623,-0.002679,-1.0,34.887383
-0.639053,1.017751,-0.78107,0.475627,0.475619,0.923074,2.388162,3.108954,3.81465,4.353201,-0.002818,0.0,35.053314
1.151918,1.247903,-0.287975,-1.372786,-1.37278,1.396684,3.220537,4.118069,4.916373,5.510192,-0.003357,-1.0,34.572109
-0.596232,0.453134,-0.620086,0.623955,0.623954,0.305264,2.077265,3.087681,3.943883,4.553132,-0.003038,1.0,34.787823
-0.544637,0.426237,-0.899839,0.715478,0.715472,-0.483065,0.963771,2.02226,2.897954,3.543776,-0.002832,1.0,35.03672
0.859179,0.954647,-0.119341,-0.78143,-0.78142,0.229107,1.362756,2.480495,3.351949,4.063755,-0.002619,-1.0,34.762936
0.047987,0.71977,-0.263916,-0.525064,-0.525059,0.484637,1.393942,2.687126,3.510424,4.28442,-0.002944,-1.0,34.58041
0.144097,0.528343,-0.576362,-0.095972,-0.095985,0.56677,1.018255,2.385528,3.286506,4.106926,-0.003179,0.0,34.547218
0.28958,0.434363,-0.24131,-0.480307,-0.480314,0.815648,1.153484,2.461398,3.433889,4.3015,-0.003445,0.0,34.381283
-0.288321,0.120132,-0.744829,0.434363,0.434358,0.08651,0.531009,1.65787,2.659792,3.542167,-0.003275,0.0,34.530621
1.752254,2.068627,-0.316381,-1.273424,-1.2734,0.983195,1.59405,2.568333,3.621305,4.508085,-0.003274,-1.0,34.090908
0.440208,0.48912,-0.586933,-0.486739,-0.486766,1.090742,1.758393,2.598859,3.776,4.62638,-0.003502,0.0,33.924965
0.196324,0.613497,-0.294476,-0.34238,-0.34235,1.001209,1.882194,2.483419,3.716546,4.634094,-0.003641,0.0,33.808823
-0.340465,0.924127,-0.340465,0.907973,0.907943,-0.063217,0.768498,1.272713,2.428274,3.378421,-0.002982,1.0,34.115788
-0.169779,0.194036,-0.557846,0.267512,0.267518,-0.519034,0.257101,0.814948,1.834836,2.800879,-0.002569,0.0,34.207054
-0.217339,0.048298,-0.603719,0.436575,0.436559,-0.796895,-0.297011,0.273707,1.132598,2.0971,-0.002747,0.0,34.356388
0.950756,0.999512,-0.536326,-0.941801,-0.941772,0.209643,0.489994,1.027134,1.757671,2.799601,-0.003058,-1.0,34.032829
0.736023,1.34937,-0.147196,-0.633842,-0.63385,0.853775,0.915114,1.52274,2.057168,3.123654,-0.003166,-1.0,33.817112
-0.317375,0.390625,-0.317375,0.49068,0.490684,0.283197,0.305171,0.869139,1.32202,2.319334,-0.002645,0.0,33.983047
1.001463,1.612113,-0.195403,-0.048828,-0.048827,0.190517,0.188076,0.708351,1.194429,2.083046,-0.002886,0.0,33.966454
-0.607533,0.243008,-0.607533,0.512953,0.512941,-0.447142,-0.308628,0.072905,0.568654,1.327827,-0.002494,0.0,34.140682
-3.424825,0.774098,-3.823601,3.596595,3.596595,-3.148015,-3.36148,-3.252793,-2.87825,-2.297908,-0.000223,1.0,35.368584
0.851066,1.276598,-0.591017,-0.774107,-0.774102,-1.6643,-2.241135,-2.39401,-2.046095,-1.659571,-4.2e-05,-1.0,35.094795
1.244615,1.436099,-0.167544,-1.229314,-1.229308,-0.047874,-0.866449,-1.124945,-0.844905,-0.542846,-0.000228,-1.0,34.663372
-1.517664,0.616557,-1.541375,0.933459,0.933464,-0.388908,-1.560358,-1.952421,-1.769036,-1.483524,-2.9e-05,1.0,34.986942
0.2614,0.546576,-0.356469,-0.213412,-0.213428,0.26616,-1.190588,-1.585869,-1.537548,-1.269961,0.000475,0.0,34.91227
0.647174,1.174492,0.0,-0.855516,-0.855516,0.695114,-0.170179,-0.604025,-0.683124,-0.468836,-0.000168,-1.0,34.61359
0.577898,0.915004,-0.505656,-0.455422,-0.455402,0.784966,0.471937,-0.024092,-0.242007,-0.02698,-0.000677,0.0,34.455959
0.436575,0.945911,-0.291048,-0.722367,-0.722386,1.251523,1.268499,0.721162,0.458408,0.632554,-0.000651,-1.0,34.207054
-0.437105,0.388538,-0.509954,-0.121271,-0.121264,0.893637,1.449732,0.835355,0.526953,0.652743,-0.000476,0.0,34.165573
0.04845,0.266473,-0.557171,0.242834,0.242847,0.261619,1.235455,0.57008,0.306431,0.348825,-0.000329,0.0,34.248543
-0.338744,0.048381,-0.919431,0.121131,0.121106,-0.048382,0.798459,0.498434,0.238332,0.193569,-6.7e-05,0.0,34.29002
1.380666,1.380666,-0.02466,-1.863056,-1.863038,1.370801,2.28303,2.37343,2.117839,1.989141,-0.001066,-1.0,33.651184
-0.122969,0.221348,-0.614855,0.246546,0.246559,0.841108,1.756009,2.072453,1.810113,1.661564,-0.000405,0.0,33.734154
0.074087,0.568039,-0.321069,-0.418096,-0.418119,0.92369,1.76834,2.426937,2.146208,1.976783,-0.000375,0.0,33.593105
-1.267974,0.707147,-1.267974,1.284258,1.284252,-0.48767,0.217037,1.105437,0.802259,0.675946,0.000332,1.0,34.024525
-0.363463,1.502299,-0.557303,0.633997,0.634028,-1.143702,-0.5234,0.248749,0.19746,0.078486,0.000213,1.0,34.24025
-0.264616,0.048112,-2.116914,0.72692,0.726893,-1.371171,-1.231649,-0.591765,-0.428187,-0.564825,0.000413,1.0,34.48914
-0.383785,0.095949,-0.76757,0.288667,0.288668,-1.160943,-1.405603,-0.892291,-0.62724,-0.796347,0.000348,0.0,34.588699
0.411129,0.435311,-1.257548,-0.815546,-0.815529,0.067708,-0.553812,-0.209597,0.239414,0.030949,0.000403,-1.0,34.306618
1.150556,1.272952,-0.195834,-1.20919,-1.209204,1.214208,0.558149,0.811107,1.42963,1.200498,0.000153,-1.0,33.891781
-0.823643,0.0,-1.041669,1.052634,1.05265,0.164717,-0.501461,-0.310086,0.209535,0.171502,0.000397,1.0,34.248543
-1.646383,0.19089,-2.242899,1.526165,1.526155,-1.178719,-1.675019,-1.748192,-1.343356,-1.224531,0.001082,1.0,34.771229
0.357656,0.619938,-0.405339,0.07158,0.071551,-1.130161,-1.440127,-1.705583,-1.394822,-1.201689,0.00089,0.0,34.796108
0.263412,0.3592,-0.670493,-0.429187,-0.429146,-0.507676,-0.711219,-1.189345,-1.018928,-0.697329,-0.00086,0.0,34.646782
-0.898763,0.662256,-1.253545,1.245213,1.245204,-1.054876,-1.631981,-2.246928,-2.212633,-1.811735,1.8e-05,1.0,35.078205
-0.14188,1.537002,-0.212816,0.023657,0.023653,-0.600621,-1.414052,-2.118707,-2.168365,-1.867112,0.000563,0.0,35.086502
0.975958,1.071176,-0.261833,-0.662102,-0.662098,0.109494,-0.652228,-1.236214,-1.459177,-1.240658,-0.000131,-1.0,34.854195
-1.154023,0.094209,-1.436649,1.071176,1.071182,-0.706552,-1.523796,-2.000324,-2.358699,-2.223278,0.000427,1.0,35.227547
-0.047128,0.471254,-0.447689,-0.047103,-0.047117,-0.339296,-1.220543,-1.647814,-2.164228,-2.15174,0.000779,0.0,35.210949
0.424631,0.495398,-0.542578,-0.117813,-0.11783,-0.169833,-0.740722,-1.314757,-1.917886,-2.007058,0.000926,0.0,35.16946
0.715988,1.384243,-0.190936,-1.155926,-1.155901,0.811443,0.568005,-0.060476,-0.702876,-0.843926,0.000737,-1.0,34.762936
1.148866,1.197756,-0.733315,-2.362773,-1.166898,1.71244,1.634906,1.093901,0.572259,0.315297,0.000283,-1.0,34.357288
0.048759,0.487569,-0.487567,0.268883,0.268895,0.988074,1.261785,0.79589,0.406401,0.074449,0.000294,0.0,34.449673
-0.433842,0.0,-1.156915,1.145787,1.145802,-0.366334,0.171383,-0.243057,-0.551471,-0.98129,0.000739,1.0,34.844398
0.851589,1.970808,-0.024326,-0.939995,-0.939999,0.200975,0.959299,0.824285,0.463533,-0.010589,0.001141,-1.0,34.516861
-1.197031,0.0,-1.364613,1.630175,1.630169,-1.225761,-0.662092,-0.63503,-1.028295,-1.524413,0.001742,1.0,35.079544
0.722543,1.252411,-0.120421,-0.598516,-0.59854,-0.337165,-0.059523,-0.017906,-0.377791,-0.791682,0.001664,-1.0,34.869579
0.363994,0.388255,-1.528748,-0.746631,-0.746593,0.504722,0.513586,0.698174,0.374545,0.055712,0.000781,-1.0,34.609245
-0.674696,0.144581,-1.132533,0.703715,0.703702,-0.192774,-0.291551,0.033916,-0.248503,-0.49889,0.000811,1.0,34.852791
0.072479,0.386567,-0.604011,-0.265063,-0.265072,0.212618,-0.144227,0.238832,0.141558,-0.149759,0.00038,0.0,34.760406
-1.24581,0.047906,-1.748931,0.845622,0.845623,-0.642072,-0.898418,-0.607818,-0.583225,-0.89414,0.000622,1.0,35.054348
-1.251178,0.165248,-1.298395,1.485383,1.485405,-1.69973,-2.006625,-1.9275,-1.925377,-2.222619,0.001622,1.0,35.575047
-0.235733,0.023579,-1.320125,0.141636,0.141639,-1.268278,-1.815191,-1.991754,-1.947697,-2.244509,0.00221,0.0,35.625435
0.212606,0.283485,-0.377992,-0.212155,-0.212166,-0.666199,-1.407993,-1.719818,-1.612207,-1.896779,0.00166,0.0,35.54985
0.665553,0.950799,-0.071307,-0.614226,-0.614236,0.270988,-0.568095,-1.081841,-0.968294,-1.127475,0.000729,-1.0,35.33149
1.859894,1.884053,-0.169082,-1.592579,-1.592562,1.729461,0.951676,0.520113,0.588685,0.532469,6e-06,-1.0,34.768814
0.241726,0.749338,-0.604303,-0.072471,-0.072479,1.324637,0.988642,0.667151,0.645729,0.602208,0.000161,0.0,34.743614
0.291045,0.679112,-0.048511,-0.338407,-0.338433,1.091461,1.33643,1.042954,0.900646,0.924188,-0.000528,0.0,34.62603
0.609756,0.780488,0.0,-0.557846,-0.557817,1.009749,1.782922,1.530075,1.353661,1.46547,-0.000781,-1.0,34.43288
0.785659,0.859322,-0.049106,-0.658537,-0.658548,1.021365,2.295613,2.14257,1.884734,2.036119,-0.000779,-1.0,34.206123
0.245819,0.368736,-0.565386,-0.12276,-0.12275,0.791536,2.160765,2.089474,1.922316,2.053529,-0.001298,0.0,34.164135
0.024607,0.812203,-0.295356,-0.122908,-0.122913,0.551311,1.860693,2.069078,2.013289,2.093305,-0.001331,0.0,34.122143
-0.049094,0.269995,-1.521853,0.270738,0.270757,0.039256,1.173273,1.716556,1.703464,1.699196,-0.001162,0.0,34.214531
-0.318006,0.538153,-0.807246,0.34364,0.343623,-0.362033,0.472112,1.267122,1.280575,1.248537,-0.00051,0.0,34.3321
-0.608421,0.048676,-1.557554,0.513696,0.513703,-0.696033,-0.279878,0.700897,0.761736,0.65446,0.000221,0.0,34.508465
0.073283,0.561795,-0.488512,-0.365055,-0.365081,-0.205154,-0.026847,0.939611,1.029578,0.979016,-5.5e-05,0.0,34.382481
-0.289643,0.675836,-0.796529,1.196876,1.196915,-0.999289,-1.194804,-0.40391,-0.176217,-0.165115,-3.3e-05,1.0,34.79401
0.682259,0.682259,-0.560429,-0.941344,-0.94136,0.087717,-0.302146,0.318386,0.751702,0.785571,-3.3e-05,-1.0,34.466473
1.359365,1.384086,-0.098866,-1.41326,-1.413278,1.314895,0.993593,1.448362,2.067493,2.12854,-0.001357,-1.0,33.979366
0.347565,0.719963,-0.24826,-0.444884,-0.444838,1.365415,1.333144,1.605402,2.385773,2.503447,-0.00129,0.0,33.828213
0.0,0.696515,-0.422891,-0.198605,-0.198639,1.199012,1.415428,1.608626,2.398014,2.551246,-0.001052,0.0,33.761017
0.423734,0.623131,-0.224327,-0.19901,-0.199011,0.747765,1.490539,1.60353,2.323039,2.61616,-0.001444,0.0,33.693829
-0.346704,0.594349,-0.371473,0.648061,0.648071,-0.227842,0.747888,0.808976,1.411583,1.873197,-0.001047,1.0,33.912189
0.173654,0.570578,-0.372119,-0.173353,-0.173342,-0.12901,0.781427,0.869909,1.337119,1.932009,-0.00149,0.0,33.853405
-1.560593,0.487688,-2.07266,1.736534,1.736511,-1.477676,-0.95829,-0.806293,-0.521811,0.155097,-0.001381,1.0,34.441273
0.51483,0.51483,-0.931603,-0.536447,-0.536452,-0.657015,-0.460886,-0.253319,-0.060054,0.602119,-0.001676,-1.0,34.256512
-0.462742,0.462735,-0.657574,0.661927,0.66195,-0.852421,-1.205564,-0.839433,-0.755005,-0.186081,-0.001296,1.0,34.483273
0.611546,0.905086,-0.073393,-0.438383,-0.438395,-0.171232,-0.809686,-0.379974,-0.360811,0.10274,-0.001219,0.0,34.3321
-0.415034,0.390625,-0.805659,0.19569,0.1957,-0.048835,-0.88135,-0.561528,-0.560307,-0.226568,-0.000442,0.0,34.399288
0.515335,0.760739,-0.196324,-0.512693,-0.5127,0.338651,-0.255215,-0.104704,-0.045399,0.158036,-0.000633,-1.0,34.222923
-0.367112,0.220264,-0.611845,0.269941,0.269939,0.102793,-0.362213,-0.386686,-0.292462,-0.164466,-0.000369,0.0,34.315304
-0.463412,0.317076,-0.560976,0.342631,0.342634,-0.268293,-0.487805,-0.796749,-0.587806,-0.541466,2.3e-05,0.0,34.43288
-0.170275,0.218925,-0.559475,0.268295,0.268305,-0.423264,-0.576513,-1.050851,-0.808818,-0.819278,0.000426,0.0,34.525265
1.081352,1.081352,-0.245758,-1.021654,-1.021669,0.471869,0.543138,0.008201,0.1917,0.174006,3.5e-05,-1.0,34.172531
0.494186,0.716573,-0.494196,-0.540668,-0.540659,0.87966,0.956259,0.583142,0.659741,0.692853,-0.000147,-1.0,33.987774
0.37128,0.717814,-0.297037,-0.172965,-0.17298,0.82674,1.034661,0.790435,0.767333,0.83961,-0.00034,0.0,33.928982
-0.686943,0.04907,-0.834151,0.891079,0.891079,-0.181537,0.06871,0.004922,-0.204843,-0.038257,-0.000102,1.0,34.231316
0.792077,0.940587,-0.247532,-0.883209,-0.883209,0.356436,0.841589,0.899345,0.605203,0.818816,-0.000709,-1.0,33.928982
-0.295419,0.049237,-0.812403,0.544547,0.544552,-0.221563,0.211724,0.403748,0.080017,0.247175,-0.000313,0.0,34.113743
-1.449621,0.724813,-1.787864,1.895618,1.895608,-1.633238,-1.497933,-1.402901,-1.647726,-1.588775,-1e-05,1.0,34.760406
0.218079,0.508844,-0.218076,-0.289923,-0.289905,-0.925624,-1.112195,-1.038693,-1.232135,-1.270661,0.000274,0.0,34.659634
0.535285,0.802925,-0.072988,-0.411926,-0.411929,-0.350367,-0.678832,-0.62287,-0.704377,-0.894402,0.000709,0.0,34.516861
0.097364,0.340796,-0.29212,-0.048652,-0.048649,0.029199,-0.637794,-0.542043,-0.570848,-0.84227,0.000881,0.0,34.500069
-0.387973,0.024243,-0.751702,0.389484,0.389475,-0.058198,-0.889916,-0.88264,-0.843843,-1.15131,0.001137,0.0,34.634438
0.242949,0.510202,-0.170068,-0.193991,-0.194006,0.024313,-0.529627,-0.623566,-0.632879,-0.873646,0.001139,0.0,34.567245
-0.720298,0.072024,-0.768307,1.190481,1.190488,-0.969985,-1.399758,-1.666262,-1.698674,-1.900595,0.001375,1.0,34.978764
0.048079,0.480772,-0.144224,-0.120058,-0.120073,-0.610555,-1.079303,-1.451897,-1.515597,-1.640356,0.001398,0.0,34.936764
0.072409,0.313785,-0.386194,-0.408649,-0.408607,-0.033816,-0.424833,-0.996078,-1.045154,-1.135426,0.000465,0.0,34.79401
0.291118,1.455602,-0.121308,-0.506877,-0.506883,0.465776,0.22803,-0.405967,-0.509475,-0.543439,0.000478,-1.0,34.617645
0.0,0.557576,-0.363641,0.072778,0.072775,0.436356,0.121205,-0.352333,-0.52122,-0.592492,0.000222,0.0,34.642838
0.12121,0.387879,-0.484851,0.0,0.0,0.24242,0.116357,-0.214959,-0.473947,-0.547885,0.000413,0.0,34.642838
1.442898,2.396674,-0.953776,-0.87273,-0.872717,0.777691,0.946426,0.684747,0.388831,0.311062,-5.2e-05,-1.0,34.340504
-1.296156,0.073365,-1.442896,0.0,1.255453,-0.484709,-0.227096,-0.402072,-0.820451,-0.88212,0.000717,1.0,34.771633
-1.139675,0.339474,-1.67314,0.855962,0.855956,-1.07173,-0.949871,-1.065707,-1.534328,-1.646908,0.000972,1.0,35.069263
0.072725,1.72121,-0.339392,0.024243,0.024246,-0.847731,-0.828341,-1.029373,-1.402829,-1.57327,0.000833,0.0,35.077766
0.926832,0.926832,-0.512193,-0.606061,-0.606062,-0.115603,-0.256214,-0.386591,-0.667366,-0.91002,0.000453,-1.0,34.865173
0.195987,0.563447,-0.146992,-0.439024,-0.439017,0.538947,0.118889,0.090156,-0.160102,-0.440903,0.000706,0.0,34.712109
-0.195546,0.366661,-0.513319,0.22048,0.220482,0.327543,-0.102912,-0.074739,-0.256192,-0.629647,0.001037,0.0,34.788643
-0.121652,0.48662,-0.364956,0.464429,0.464427,-0.204378,-0.469563,-0.476441,-0.597622,-1.000013,0.001315,0.0,34.950211
-0.678292,0.363375,-0.944767,0.437959,0.437949,-0.624992,-0.772388,-0.808602,-0.982218,-1.304581,0.001118,0.0,35.103275
-0.983449,0.191895,-1.007433,0.993217,0.993241,-1.2713,-1.520041,-1.695144,-1.844288,-2.10339,0.001933,1.0,35.451935
0.096133,0.336455,-0.384523,-0.191888,-0.191896,-0.701761,-1.035818,-1.421892,-1.533049,-1.784873,0.001613,0.0,35.383904
-1.657592,0.189441,-1.728629,1.490024,1.490036,-1.534467,-2.171458,-2.661789,-2.782235,-3.006044,0.001437,1.0,35.911137
-0.917213,0.070553,-1.105365,0.686716,0.686717,-1.53811,-2.537645,-3.041709,-3.234646,-3.441455,0.001861,1.0,36.157745
-0.117534,0.423131,-0.235078,0.047039,0.047033,-0.992008,-2.280217,-2.804973,-3.057949,-3.330458,0.002061,0.0,36.174751
0.616557,1.256825,-0.165995,-0.869777,-0.869789,0.104355,-1.145354,-1.725864,-2.084474,-2.348353,0.001704,-1.0,35.860107
-0.377358,0.424528,-0.801889,0.545421,0.545428,-0.066038,-1.308968,-1.941833,-2.460468,-2.707365,0.001772,0.0,36.055698
0.188907,0.920907,-0.118061,-0.117934,-0.117934,0.108625,-0.852416,-1.596221,-2.176033,-2.424427,0.001805,0.0,36.013176
0.617289,1.377023,-0.047486,-0.543091,-0.543087,0.465336,-0.068851,-0.919599,-1.474354,-1.759481,0.001051,-1.0,35.817593
-0.094847,0.782552,-0.331987,0.118706,0.118696,0.170745,0.023726,-0.891621,-1.421436,-1.731739,0.001155,0.0,35.860107
0.690479,0.738098,-0.023805,-0.403125,-0.403116,0.495234,0.50238,-0.33175,-0.872267,-1.251483,0.001157,0.0,35.715549
-0.071407,0.285653,-0.809331,0.023805,0.023788,0.285659,0.573691,-0.16661,-0.702199,-1.186816,0.001388,0.0,35.724045
-0.731988,0.141681,-1.015348,0.809331,0.809346,-0.519482,-0.205428,-0.741438,-1.327036,-1.844722,0.001708,1.0,36.013176
0.404285,1.070157,-0.047562,-0.70838,-0.708374,0.156946,0.394761,0.117315,-0.526761,-1.016884,0.0014,-1.0,35.758068
-0.023629,0.259856,-0.377992,0.665881,0.665869,-0.429958,-0.318926,-0.379557,-1.057172,-1.521237,0.002069,1.0,35.99617
0.284223,0.686871,-0.142115,-0.259865,-0.259861,-0.066324,-0.047375,-0.036319,-0.654906,-1.124306,0.00141,0.0,35.90263
0.880112,1.04662,-0.428164,-0.426338,-0.426345,0.375837,0.294959,0.459884,-0.08444,-0.543291,0.000853,0.0,35.749561
-0.451302,0.071266,-1.211397,0.142714,0.142721,0.114019,0.092639,0.296124,-0.085507,-0.570069,0.000904,0.0,35.800583
-0.166034,0.403231,-0.592979,0.142523,0.142526,0.023716,-0.040328,0.096454,-0.101996,-0.624293,0.00123,0.0,35.851608
0.45185,0.546968,-0.356711,-0.260913,-0.260909,0.152195,0.192622,0.280612,0.250888,-0.288235,0.001307,0.0,35.758068
-1.477835,0.023453,-1.501288,1.379315,1.379319,-1.018074,-1.022768,-1.011821,-1.002828,-1.491921,0.001811,1.0,36.251286
-1.065799,0.301207,-1.227987,1.243254,1.24323,-1.714538,-1.971722,-2.109969,-2.038913,-2.484698,0.00215,1.0,36.701973
-0.850777,0.367901,-1.103711,0.764601,0.764602,-1.821101,-2.453431,-2.678006,-2.637382,-2.987348,0.002292,1.0,36.982597
0.068932,0.413605,-0.39063,0.068977,0.068965,-1.263769,-2.182885,-2.530618,-2.589594,-2.831781,0.00189,0.0,37.008102
0.299197,0.460301,-0.230156,-0.160843,-0.160811,-0.460314,-1.767562,-2.177229,-2.327977,-2.475501,0.001903,0.0,36.948589
1.519042,1.776111,-0.584249,-1.518987,-1.518997,1.149794,-0.11919,-0.545303,-0.74901,-0.86843,0.000595,-1.0,36.387341
-0.303812,0.0,-1.402201,0.0,0.0,0.976859,0.056085,-0.423778,-0.703439,-0.758123,0.000297,0.0,36.387341
-0.046589,0.838772,-0.256284,0.303802,0.303781,0.405425,-0.055895,-0.63682,-0.937769,-0.994385,0.000408,0.0,36.497879
-0.509497,0.138958,-0.532652,0.605783,0.6058,-0.356645,-0.421491,-1.060675,-1.411532,-1.52941,0.00105,1.0,36.718983
-0.41446,0.161179,-1.03615,0.578972,0.578973,-0.939445,-0.676953,-1.461355,-1.833986,-2.014276,0.001064,1.0,36.931576
0.741597,0.926992,0.0,-0.644711,-0.6447,-0.129796,0.088048,-0.678269,-1.063746,-1.287616,0.000835,-1.0,36.693478
-0.806458,0.092159,-1.036869,0.579374,0.579365,-0.423969,-0.433185,-1.041479,-1.473506,-1.76406,0.001323,1.0,36.906067
0.069179,0.184464,-0.461151,-0.069131,-0.069119,-0.147573,-0.391986,-0.777813,-1.287765,-1.602039,0.001242,0.0,36.880558
-0.887574,0.136552,-1.001363,1.314273,1.314272,-1.096953,-1.588536,-1.79488,-2.353218,-2.7128,0.001988,1.0,37.365269
0.873566,0.942529,-0.068963,-1.001363,-1.001382,-0.064355,-0.581602,-0.579303,-1.231027,-1.60643,0.001543,-1.0,36.9911
0.531298,0.646798,-0.254103,-0.482756,-0.482746,0.485099,0.016165,0.004613,-0.628326,-1.009939,0.000981,0.0,36.812527
0.161625,0.484874,-0.253983,0.0462,0.046196,0.397139,0.090047,-0.018473,-0.527593,-0.935582,0.001309,0.0,36.829533
-0.480547,0.892446,-0.686497,0.900485,0.900489,-0.347829,-0.624716,-0.878724,-1.232271,-1.696115,0.001411,1.0,37.161179
-1.24406,0.294053,-1.470251,1.167043,1.167027,-1.375242,-1.538097,-1.918103,-2.139773,-2.634684,0.002031,1.0,37.59486
-1.207786,0.044735,-1.968233,1.130966,1.130979,-1.936926,-2.352937,-2.827106,-2.936702,-3.510623,0.002709,1.0,38.02005
0.653597,0.653597,-1.014201,-0.760456,-0.760449,-0.698677,-1.329731,-1.845096,-1.996851,-2.577423,0.002316,-1.0,37.730927
0.20316,1.015804,-0.248307,-0.157764,-0.157772,-0.094807,-0.970651,-1.462752,-1.713317,-2.219411,0.002185,0.0,37.671398
-0.605791,0.381427,-0.673098,0.609483,0.609468,-0.309616,-1.30131,-1.812863,-2.187556,-2.590069,0.002564,1.0,37.900993
0.089579,0.380735,-0.425539,0.179497,0.179507,-0.291155,-1.31915,-1.769315,-2.236281,-2.541545,0.002042,0.0,37.969028
-1.171269,0.685085,-1.171269,1.34378,1.343779,-1.374583,-2.24088,-2.803677,-3.333696,-3.550934,0.002086,1.0,38.479248
-1.003926,0.021829,-1.156698,1.259669,1.259669,-1.968573,-2.904842,-3.624322,-4.205582,-4.472279,0.002301,1.0,38.963959
0.554078,1.285465,-0.221629,-1.527719,-1.527722,-0.084217,-0.997334,-1.874991,-2.461205,-2.81648,0.001607,-1.0,38.368698
0.0,0.597874,-0.708592,0.088655,0.088666,0.088567,-0.761743,-1.697672,-2.299604,-2.754654,0.001715,0.0,38.402718
-0.1985,0.132338,-0.683725,0.398583,0.398586,-0.00442,-0.906493,-1.882084,-2.449278,-2.980156,0.002549,0.0,38.555786
0.486506,0.86245,-0.132687,-0.264665,-0.264663,0.247668,-0.53075,-1.368137,-1.99249,-2.566131,0.002434,0.0,38.453743
-1.160241,0.043785,-1.554289,1.017247,1.01723,-0.823109,-1.245616,-2.012544,-2.702487,-3.294213,0.002744,1.0,38.844906
-1.232164,0.129706,-1.232164,1.269698,1.269729,-1.573726,-2.060113,-2.815986,-3.613289,-4.206675,0.003033,1.0,39.338131
-0.87832,0.042847,-0.942584,0.907916,0.90789,-1.808047,-2.489285,-3.264779,-4.12596,-4.746354,0.003176,1.0,39.695278
0.560824,0.970664,-0.21571,-0.685516,-0.685525,-0.690239,-1.447359,-2.287883,-3.203183,-3.814485,0.003158,-1.0,39.423157
1.46192,2.094696,-0.392756,-1.143225,-1.143214,0.724413,-0.181107,-0.994985,-1.829591,-2.492692,0.002409,-1.0,38.972466
-0.265376,0.508624,-0.773998,-1.331008,-0.18763,0.941745,-0.010076,-0.608627,-1.376815,-2.082568,0.002358,0.0,38.899342
1.878674,2.195568,-0.294253,-2.299869,-2.299862,2.616201,2.247913,1.789515,1.099384,0.338041,0.000786,-1.0,38.004711
-0.741744,0.044945,-0.966512,0.701679,0.701676,1.15708,1.501145,1.144778,0.539981,-0.215737,0.001527,1.0,38.271381
0.180388,0.518611,-0.135281,-0.314686,-0.314674,0.809467,1.715437,1.495849,0.930233,0.181625,0.0016,0.0,38.150951
-1.003123,0.31208,-1.02541,1.14995,1.14994,-0.534999,0.59429,0.361052,-0.143406,-0.791607,0.00208,1.0,38.589664
1.561081,1.628952,-0.11312,-1.471244,-1.471246,0.48869,1.879928,1.694483,1.385934,0.817018,0.001048,-1.0,38.021915
1.099162,1.831928,-0.045789,-1.199102,-1.19909,1.474695,2.644648,2.786239,2.602368,2.118995,2e-05,-1.0,37.565998
1.178923,1.294503,-0.138689,-0.93886,-0.938868,1.867782,2.95052,3.547331,3.4824,3.092446,-0.00088,-1.0,37.213303
0.253976,0.83121,-0.531053,0.115587,0.115588,1.269912,2.250055,3.195254,3.267276,2.937074,-0.000499,0.0,37.256317
-0.846099,0.617425,-0.937571,0.969751,0.969752,-0.219531,0.907842,2.055946,2.160931,1.905634,-9e-06,1.0,37.617611
0.483432,1.38122,-0.023018,-0.663163,-0.663173,0.096695,1.171742,2.47381,2.629432,2.547124,-0.000562,-1.0,37.368141
-0.367732,0.344753,-0.551593,0.16114,0.161151,-0.1379,0.854978,1.968774,2.338692,2.35616,-0.00057,0.0,37.42836
1.494626,1.588043,-0.023351,-1.585838,-1.585843,1.265764,2.090147,3.094184,3.774944,3.889744,-0.001844,-1.0,36.834805
0.280568,0.888478,-0.514382,-0.116768,-0.116756,1.131624,1.840066,2.737892,3.656524,3.883196,-0.002443,0.0,36.791798
0.093373,0.210084,-0.466856,0.163666,0.163653,0.550889,1.202151,2.186434,3.269844,3.536841,-0.001707,0.0,36.852009
-0.532531,0.208382,-0.625147,0.816991,0.816995,-0.379715,0.148184,1.044997,2.20529,2.502842,-0.001391,1.0,37.153088
0.232122,0.649951,-0.11607,-0.254682,-0.254676,-0.324985,0.266935,1.132767,2.15867,2.623136,-0.001675,0.0,37.058468
0.185361,0.417053,-0.393879,0.185696,0.185698,-0.352181,0.057918,0.739876,1.623479,2.295507,-0.001479,0.0,37.127285
-0.506331,0.069043,-0.575374,0.671921,0.671899,-0.704246,-0.577665,-0.070568,0.671473,1.486592,-0.001629,1.0,37.376743
-0.206706,0.022963,-0.803863,0.207135,0.207153,-0.58797,-0.826833,-0.479259,0.260673,1.170043,-0.002091,0.0,37.45417
-0.867969,0.045683,-1.02786,0.551213,0.551212,-0.863407,-1.292828,-1.088779,-0.453405,0.489654,-0.002246,1.0,37.660622
0.091598,0.412182,-0.343481,-0.251259,-0.251254,-0.343487,-1.007558,-0.839634,-0.261052,0.554079,-0.002057,0.0,37.565998
0.068704,0.412182,-0.412173,0.0,0.0,-0.109918,-0.812916,-0.777043,-0.354937,0.327355,-0.00156,0.0,37.565998
-0.182936,0.137208,-0.525955,0.137399,0.137393,-0.11891,-0.729477,-0.849152,-0.562544,-0.002288,-0.001419,0.0,37.617611
-1.087942,0.362647,-1.133273,0.891834,0.891835,-0.738893,-1.316862,-1.666667,-1.525386,-0.993654,-3.1e-05,1.0,37.953098
0.797455,1.298701,-0.182269,-0.521306,-0.521309,-0.168599,-0.640232,-1.083007,-1.044654,-0.596032,-0.000563,-1.0,37.755245
0.274975,0.549959,-0.527037,-0.569606,-0.569598,0.389547,0.057283,-0.49649,-0.481215,-0.076082,-0.000674,-1.0,37.540192
-0.321027,0.412749,-0.366888,-0.06874,-0.068745,0.431091,0.229302,-0.307271,-0.372625,-0.088057,-0.001204,0.0,37.514385
1.137159,1.206779,0.0,-1.192389,-1.192383,1.346014,1.355297,0.945301,0.804123,1.000688,-0.001082,-1.0,37.06707
-0.827969,0.29899,-1.609938,0.905082,0.905073,0.142598,0.432386,0.137997,-0.128793,-0.032197,-0.000167,1.0,37.402554
-0.183777,0.413508,-0.6662,0.114993,0.115003,-0.137838,0.259587,0.07504,-0.233178,-0.208598,0.000291,0.0,37.445568
-0.411902,1.189931,-0.572082,0.39054,0.390551,-0.49887,-0.123587,-0.219698,-0.599562,-0.594071,0.00041,0.0,37.591812
0.276304,0.667743,-0.230251,-0.617851,-0.617882,0.036857,0.442105,0.442104,0.088662,0.039616,-0.00028,-1.0,37.359539
-2.313045,0.044914,-2.492704,2.532809,2.532823,-1.787556,-1.859418,-1.877383,-2.186165,-2.322029,0.00111,1.0,38.30579
-0.357782,0.559034,-0.469595,0.426683,0.426703,-1.650284,-2.142237,-2.118386,-2.391568,-2.648501,0.001225,0.0,38.469242
1.333333,1.355928,-0.022594,-1.050986,-1.051021,-0.280208,-1.021451,-1.007893,-1.235012,-1.541228,0.001458,-1.0,38.064922
-0.203528,0.407058,-0.429674,-0.067794,-0.067784,0.022615,-0.823152,-0.857828,-1.039119,-1.410219,0.001479,0.0,38.03912
1.10885,1.131478,-0.135773,-0.067847,-0.067854,0.434499,-0.624561,-0.712063,-0.855384,-1.219267,0.001378,0.0,38.013309
-1.007381,0.179096,-1.007381,1.086216,1.086217,-0.582035,-1.338692,-1.638669,-1.78418,-2.110574,0.001495,1.0,38.426216
-0.267802,0.022314,-0.758759,0.313416,0.313437,-0.852507,-1.350157,-1.84335,-1.949353,-2.240583,0.001742,0.0,38.546658
-0.909896,0.332885,-1.065244,0.557911,0.557903,-1.043061,-1.557927,-2.214828,-2.351313,-2.616959,0.001904,1.0,38.761711
-0.440725,0.440725,-0.63905,0.710164,0.710157,-1.229617,-1.881886,-2.64874,-2.851473,-3.100922,0.001921,1.0,39.03698
0.643294,0.643294,-0.2662,-0.661082,-0.661068,-0.177473,-0.862923,-1.783508,-2.048592,-2.285727,0.001543,-1.0,38.778919
1.76232,1.76232,-0.31631,-1.818997,-1.819006,1.486679,0.912793,0.212387,-0.173966,-0.402163,0.000513,-1.0,38.073528
0.136337,0.136337,-0.772552,-0.564844,-0.564836,1.699613,1.324694,0.861923,0.380593,0.206314,0.000376,-1.0,37.858475
-0.655962,0.203574,-0.655962,0.454444,0.454437,0.855013,0.857273,0.508183,-0.037319,-0.208095,0.000574,0.0,38.030518
-0.651102,0.561293,-0.651102,0.746442,0.746448,-0.269426,0.181851,-0.110771,-0.676927,-0.869338,0.000839,1.0,38.314396
0.494829,0.494829,-0.629777,-0.179618,-0.17965,-0.368847,0.422879,0.223449,-0.402581,-0.619855,0.000373,0.0,38.245564
-0.358421,0.604841,-0.560036,0.404858,0.404863,-0.600343,0.011223,-0.164256,-0.630578,-0.939046,0.000776,0.0,38.400406
0.224572,0.830907,-0.336847,-0.246416,-0.246393,-0.121275,0.195372,0.053893,-0.267236,-0.657534,0.000916,0.0,38.30579
0.769579,1.086464,-0.0679,-0.785985,-0.785988,0.656399,0.789949,0.835973,0.596424,0.155728,0.000604,-1.0,38.004711
-0.652127,0.067459,-0.719584,0.656408,0.656408,-0.031493,-0.071962,0.215872,0.026981,-0.422758,0.001408,1.0,38.254177
-0.379723,0.022334,-1.027472,0.67461,0.674614,-0.562884,-0.810817,-0.369299,-0.493638,-0.986378,0.001308,1.0,38.512245
0.112231,0.673398,-0.089789,-0.491403,-0.491394,-0.11224,-0.255904,0.104742,-1e-05,-0.366339,0.001044,0.0,38.322998
-0.40098,0.133665,-1.09155,0.763187,0.7632,-0.708413,-0.815348,-0.641589,-0.738494,-0.995342,0.001206,1.0,38.615479
-0.044536,0.311732,-0.512135,0.044556,0.044531,-0.427514,-0.70363,-0.708082,-0.709196,-0.916498,0.001494,0.0,38.632675
0.267199,0.4676,-0.111332,0.0,0.0,-0.231567,-0.621244,-0.777851,-0.632375,-0.808728,0.000393,0.0,38.632675
0.624858,0.624858,-0.044633,-0.222665,-0.222653,0.008922,-0.321368,-0.596606,-0.341454,-0.464195,0.000111,0.0,38.546658
0.29031,0.29031,-0.535949,-0.066954,-0.06695,0.178648,-0.223321,-0.452594,-0.262404,-0.375179,0.000539,0.0,38.520851
0.290561,0.558784,-0.312928,-0.089319,-0.089333,0.201163,-0.087169,-0.254809,-0.181049,-0.284314,0.000529,0.0,38.486439
-1.631398,0.154319,-1.631398,1.385782,1.385776,-0.970009,-1.192672,-1.449143,-1.512341,-1.549379,0.001161,1.0,39.019775
1.359786,1.359786,-0.423547,-1.102293,-1.10229,0.111464,-0.004452,-0.303165,-0.47258,-0.395006,0.00021,-1.0,38.589664
1.397023,1.397023,-0.833716,-1.069996,-1.069991,1.00045,0.989186,0.763105,0.525008,0.699412,-0.000392,-1.0,38.176758
1.385997,1.385997,-0.1617,-2.456061,-1.288326,1.875004,2.137917,1.951631,1.78544,1.934996,-0.001195,-1.0,37.684917
0.046168,1.17729,-0.161588,0.069298,0.069269,1.393243,1.827376,1.775914,1.695432,1.7758,-0.001473,0.0,37.711021
0.649659,0.719262,-1.740139,-0.507853,-0.507833,1.111055,2.05044,2.209191,2.146413,2.162857,-0.001407,-1.0,37.519512
0.798124,1.408458,-0.352106,-1.160093,-1.160082,1.485907,2.830662,3.1985,3.179445,3.151314,-0.00112,-1.0,37.084255
0.616557,0.616557,-0.711404,-1.00939,-1.009399,1.721604,3.378881,3.923498,4.022399,3.977697,-0.001313,-1.0,36.709927
-0.633508,0.586579,-0.844676,1.067112,1.067076,0.333201,1.90488,2.606803,2.749093,2.77511,-0.001047,1.0,37.10165
-1.883758,0.022977,-1.906726,2.135148,2.13518,-1.667819,-0.381871,0.334805,0.546723,0.630284,-0.000443,1.0,37.893837
1.091496,1.254057,-0.046447,-1.079711,-1.079695,-0.613118,0.295921,1.225772,1.574807,1.670399,-0.000835,-1.0,37.484699
-0.393341,0.370199,-0.509026,0.371575,0.371541,-0.694114,-0.33201,0.672334,1.115061,1.220648,-0.000849,0.0,37.62397
-0.510801,0.487576,-0.928725,-0.347064,-0.347047,0.069649,-0.167172,0.835652,1.33133,1.492909,-0.000893,0.0,37.493397
-0.644711,0.092105,-0.736816,0.835849,0.835851,-0.386831,-0.962474,-0.126112,0.423102,0.588806,-0.000188,1.0,37.806786
0.023035,0.921239,-0.32243,-0.02303,-0.023036,-0.414548,-0.916623,-0.224511,0.338113,0.558254,-0.000483,0.0,37.798077
0.345777,0.783771,-0.230526,-0.092117,-0.092124,-0.175194,-0.760715,-0.354333,0.315519,0.625401,-0.000816,0.0,37.763256
-0.570776,0.022836,-1.0274,0.968183,0.96819,-0.867578,-1.438355,-1.390408,-0.712478,-0.352646,-0.000182,1.0,38.128876
-0.547822,0.068475,-0.593476,0.022836,0.022841,-0.552392,-1.086518,-1.419774,-0.788782,-0.414697,-0.000504,0.0,38.137585
0.0,0.569606,-0.205058,0.182602,0.182605,-0.524042,-0.977446,-1.508321,-1.010659,-0.608334,-0.000444,0.0,38.207226
0.320513,0.824178,-0.412088,-0.478467,-0.478464,0.073253,-0.467039,-0.979861,-0.595506,-0.192671,-0.000652,0.0,38.024418
-0.227797,0.273344,-0.410025,0.503668,0.503637,-0.191327,-0.774472,-1.354577,-1.198807,-0.736439,-0.000336,0.0,38.215923
1.033535,1.240241,-0.091872,-0.820048,-0.820027,0.514469,0.119429,-0.395041,-0.472555,0.007226,-0.000663,-1.0,37.902542
-0.66165,0.022811,-0.66165,0.666056,0.666058,-0.14146,-0.369615,-0.801588,-1.133932,-0.695533,-0.000335,1.0,38.154995
-1.220893,0.090436,-1.220893,0.912612,0.912599,-0.890788,-1.089747,-1.456013,-1.921761,-1.595423,-0.000541,1.0,38.503197
-0.4955,0.0,-0.765768,0.384359,0.384381,-0.945961,-1.247761,-1.702715,-2.175689,-1.955173,0.000106,0.0,38.651196
1.187217,1.461187,-0.433785,-1.351358,-1.351368,0.365301,0.200917,-0.243528,-0.755704,-0.705538,-1.7e-05,-1.0,38.128876
-0.543234,0.181073,-0.543234,0.867582,0.867592,-0.208245,-0.574928,-0.9567,-1.43052,-1.573118,0.000921,1.0,38.459679
-0.203804,0.135872,-0.86051,-0.045269,-0.045279,-0.013585,-0.450632,-0.747281,-1.160552,-1.500905,0.000871,0.0,38.442265
-1.049344,0.0,-1.183307,1.426633,1.426625,-1.169896,-1.649916,-1.940904,-2.308544,-2.752395,0.001712,1.0,38.990692
0.33662,0.583481,-0.471281,-0.513507,-0.513502,-0.587971,-0.944794,-1.264212,-1.688733,-2.139138,0.001993,-1.0,38.790474
1.023418,1.205365,-0.159197,-1.324057,-1.324044,0.823278,0.400262,0.150091,-0.266103,-0.746885,0.001856,-1.0,38.276871
0.319936,0.525603,-0.365631,-0.477605,-0.477625,1.115186,0.932373,0.624634,0.274237,-0.16452,0.001185,0.0,38.094051
-0.567408,0.090778,-0.998643,0.685564,0.685582,0.381288,0.297312,-0.022706,-0.296197,-0.672729,0.000554,1.0,38.355217
1.130067,1.22232,-0.253692,-1.588743,-1.588756,1.342256,1.715873,1.509844,1.305355,0.999082,0.000333,-1.0,37.745846
0.115285,0.714782,-0.345857,0.023058,0.023083,0.770105,1.454908,1.438766,1.276212,0.961018,0.000182,0.0,37.754559
-1.20646,0.364216,-1.20646,1.291217,1.2912,-0.532666,0.191214,0.150239,0.047803,-0.246758,0.000894,1.0,38.242046
0.413128,1.147579,-0.550833,-0.819486,-0.819496,0.201986,0.879054,0.982337,0.84807,0.609603,0.000174,-1.0,37.928654
0.577634,1.039744,-0.554524,-0.665598,-0.665589,0.512942,1.351666,1.574248,1.462572,1.303145,-0.000105,-1.0,37.676205
-0.755317,0.183111,-0.778212,0.94732,0.94733,-0.279245,0.148769,0.538637,0.487518,0.37628,0.000347,1.0,38.033123
0.345061,0.851159,-0.138029,-0.503543,-0.503543,0.271441,0.404867,0.904827,0.971922,0.888877,-0.000293,-1.0,37.84161
0.161288,0.46082,-0.184336,-0.161028,-0.16104,0.188939,0.435482,1.006143,1.077187,1.053454,-0.000373,0.0,37.78067
-0.046032,0.322207,-0.414272,0.115205,0.115218,0.018405,0.248553,0.777894,0.950506,0.904936,-0.000402,0.0,37.8242
0.161551,0.784666,0.0,-0.276177,-0.276199,0.318498,0.357729,0.92931,1.172405,1.140095,-0.000314,0.0,37.71973
-0.299197,0.345217,-0.874571,0.276942,0.276964,-0.069051,0.101257,0.444945,0.803211,0.820241,-0.000413,0.0,37.8242
-0.687598,0.091673,-1.214767,0.414269,0.414274,-0.407986,-0.252134,-0.111558,0.29909,0.399708,0.000124,0.0,37.980896
0.04581,0.824733,-0.389466,0.045842,0.04581,-0.339044,-0.361955,-0.206171,0.235982,0.330827,-0.000146,0.0,37.998295
-0.657748,0.430934,-0.861876,1.008014,1.008037,-1.043323,-1.238378,-1.152192,-0.774557,-0.620554,-0.000104,1.0,38.381332
-0.339907,0.702465,-0.339907,0.090726,0.090734,-0.77046,-1.135292,-1.231224,-0.867905,-0.68345,-0.000232,0.0,38.416157
0.135936,0.249209,-1.336656,0.022656,0.022649,-0.480289,-1.055731,-1.135781,-0.963981,-0.714095,0.000365,0.0,38.424858
0.521895,0.680733,-0.340372,-0.158584,-0.158595,-0.122527,-0.762415,-0.872847,-0.862258,-0.586335,-8.1e-05,0.0,38.363918
-0.362481,0.996835,-0.453104,0.158836,0.158847,-0.058903,-0.752153,-0.998341,-1.000229,-0.713189,8e-06,0.0,38.424858
-1.931623,0.133208,-1.953821,2.038972,2.038967,-1.634102,-2.382328,-2.759029,-2.836369,-2.620785,0.000274,1.0,39.208328
0.379206,1.293772,-0.089228,-0.46625,-0.466248,-0.861036,-1.590456,-2.07302,-2.295344,-2.104847,0.000295,0.0,39.02552
-0.155176,0.642875,-0.354689,0.624579,0.624566,-1.046323,-1.833286,-2.470986,-2.707815,-2.684097,0.001142,1.0,39.26926
-1.853867,1.395865,-1.897488,1.640428,1.640438,-1.866953,-2.933474,-3.699012,-4.007628,-4.142198,0.002063,1.0,39.913448
-1.620475,0.874198,-1.897663,2.290085,2.290075,-2.88699,-4.41364,-5.357491,-5.840079,-6.038374,0.00276,1.0,40.827496
-0.192102,1.771616,-2.198502,-0.106618,-0.10659,-2.010686,-3.72253,-4.772691,-5.389552,-5.674292,0.003405,0.0,40.783978
0.0,0.711671,-1.01358,-1.024544,-1.024567,-0.332107,-2.242823,-3.349859,-4.076981,-4.498591,0.002949,-1.0,40.366119
0.584165,0.692341,-1.514498,-0.323481,-0.323472,0.471651,-1.475558,-2.63667,-3.491999,-3.941156,0.002247,0.0,40.235546
-1.132961,0.277899,-1.197089,1.211592,1.211575,-0.333463,-2.07566,-3.353272,-4.293487,-4.799473,0.00313,1.0,40.72303
-0.127852,0.149158,-0.745787,0.320652,0.320666,-0.639252,-1.794164,-3.196251,-4.223312,-4.848073,0.003559,0.0,40.853615
-0.656915,0.423819,-0.720494,0.554014,0.55402,-1.0426,-1.879641,-3.291662,-4.35474,-5.065484,0.003388,1.0,41.079952
-0.127085,0.487185,-0.614279,0.042382,0.042373,-0.728657,-1.417071,-2.897688,-3.984321,-4.772713,0.003625,0.0,41.097359
-0.421854,0.189833,-0.569502,0.423641,0.423653,-0.645443,-1.347827,-2.84751,-3.971744,-4.860586,0.00388,0.0,41.271469
0.168843,0.65428,-0.358805,-0.063276,-0.063286,-0.329252,-0.962432,-2.320249,-3.515198,-4.470241,0.003802,0.0,41.24535
0.232217,0.464431,-1.498837,-0.02111,-0.021105,-0.12244,-0.842306,-1.845051,-3.102176,-4.114842,0.003913,0.0,41.236645
0.710905,1.723402,-1.034035,-2.005491,-2.005488,1.589832,1.094353,0.36191,-0.868162,-1.896598,0.002921,-1.0,40.409649
-0.538213,0.129165,-1.033369,0.064634,1.20929,0.27866,0.016564,-0.531978,-1.749175,-2.757901,0.003266,1.0,40.898319
0.582399,0.711816,-1.078516,-0.193757,-0.193763,0.251682,0.35369,-0.085752,-1.26516,-2.275638,0.003162,0.0,40.819073
-0.748347,0.299337,-0.855251,0.884381,0.884381,-0.658858,-0.415053,-0.756574,-1.788765,-2.821567,0.003108,1.0,41.180069
-0.745631,0.404776,-0.894757,0.363479,0.363479,-0.97358,-0.660508,-1.034981,-1.793021,-2.851084,0.003227,0.0,41.32975
-2.335277,0.020855,-2.335277,2.172987,2.172987,-2.218512,-2.501401,-2.911794,-3.524134,-4.552863,0.004162,1.0,42.22784
1.531593,1.786854,-0.382889,-1.980819,-1.980835,-0.004239,-0.460052,-0.78464,-1.288696,-2.336484,0.00337,-1.0,41.391376
-0.148525,0.488012,-0.509234,0.255271,0.25528,0.067896,-0.659153,-0.834608,-1.271618,-2.28903,0.003411,0.0,41.49704
-0.756461,0.252152,-1.134694,0.976022,0.976024,-0.55474,-1.462646,-1.605545,-1.988623,-2.895741,0.002949,1.0,41.902061
0.021013,0.336276,-0.483405,-0.021009,-0.021001,-0.264829,-1.285212,-1.419433,-1.840835,-2.544177,0.003143,0.0,41.893261
0.021238,0.467096,-0.658168,-1.008836,-1.008845,0.386416,-0.023346,-0.35197,-0.757683,-1.332773,0.002433,-1.0,41.470623
0.553903,1.06519,-0.426069,-0.339701,-0.339693,0.698763,0.421813,0.025168,-0.302835,-0.773455,0.001572,0.0,41.32975
0.428819,0.621786,-0.385935,-0.639114,-0.639133,1.136378,1.127802,0.635152,0.439525,0.039787,0.000298,-1.0,41.065598
-0.63722,0.254883,-1.104505,0.943403,0.943417,-0.025494,0.248507,-0.271986,-0.411133,-0.746625,0.000755,1.0,41.453018
0.105818,0.507941,-0.571429,0.361083,0.361105,-0.524888,-0.046583,-0.572154,-0.679431,-1.02921,0.001357,0.0,41.602707
-0.35964,0.211549,-0.719272,0.042328,0.042317,-0.495035,-0.234831,-0.420289,-0.656527,-0.990696,0.001516,0.0,41.620312
0.212265,0.594349,-0.445763,-0.338479,-0.338491,-0.084904,0.125241,0.011322,-0.273061,-0.54706,0.000842,0.0,41.479431
0.148148,0.253966,-0.888885,0.297175,0.297198,-0.122761,-0.146049,-0.159455,-0.528759,-0.710307,0.000832,0.0,41.602707
1.263113,1.391569,-0.192678,-1.142859,-1.142878,0.873485,0.819957,0.986228,0.606859,0.476885,9.4e-05,-1.0,41.127239
0.602537,0.602537,-0.365832,-0.513804,-0.513818,1.058761,1.101797,1.440366,1.087272,1.00191,-0.000147,-1.0,40.91592
-0.683469,0.299015,-0.683469,0.753172,0.753188,0.111062,0.286201,0.519717,0.430368,0.260848,-4e-06,1.0,41.224094
-0.969848,0.463846,-0.969848,1.302862,1.302857,-1.041532,-0.900271,-0.714033,-0.757958,-0.965024,0.00059,1.0,41.761185
-1.132307,1.300067,-1.300061,0.548174,0.548165,-1.396511,-1.220367,-1.177033,-1.159561,-1.436482,0.000837,0.0,41.990105
-0.229599,0.54268,-1.022755,0.461315,0.461323,-1.348364,-1.500726,-1.586305,-1.494467,-1.800102,0.00191,0.0,42.183815
0.334027,0.501038,-0.375785,-0.020868,-0.020863,-0.730697,-1.344473,-1.521231,-1.373702,-1.690612,0.001375,0.0,42.175014
-0.020868,0.459196,-0.54268,0.020873,0.020868,-0.296389,-1.231473,-1.429065,-1.399498,-1.542891,0.001468,0.0,42.183815
-0.210353,0.336559,-0.673117,-0.772279,-0.772265,0.52586,-0.37233,-0.577771,-0.57637,-0.68491,0.000748,-1.0,41.858044
-1.019767,0.353802,-1.019767,1.072777,1.07275,-0.391242,-1.263253,-1.437373,-1.535883,-1.598319,0.001056,1.0,42.307076
0.041548,0.457005,-0.685496,0.187305,0.187311,-0.481919,-1.150803,-1.474854,-1.662848,-1.668458,0.000193,0.0,42.386322
0.104347,1.064278,-0.062602,-0.457003,-0.456985,-0.016702,-0.394414,-0.929332,-1.175924,-1.135232,0.000856,0.0,42.192623
-1.033058,0.516529,-1.033058,1.001678,1.001668,-0.80579,-1.055791,-1.756202,-2.021698,-2.079343,0.00118,1.0,42.615253
0.375626,1.627719,-0.020864,-0.991744,-0.991734,0.346403,0.037556,-0.659438,-0.938026,-1.022543,0.000325,-1.0,42.192623
0.417975,0.794153,-0.731448,-0.146077,-0.146078,0.409611,0.217342,-0.430517,-0.666669,-0.817559,0.00027,0.0,42.130989
0.314075,1.319098,-0.628139,-0.188088,-0.188094,0.439704,0.374794,-0.096314,-0.408288,-0.616413,0.000627,0.0,42.051743
-0.683226,0.103518,-1.097306,1.130655,1.130655,-0.525877,-0.664596,-0.960662,-1.413042,-1.667908,0.001266,1.0,42.527203
-1.387755,0.0,-1.836739,1.449277,1.449275,-1.702038,-1.861223,-2.078911,-2.644897,-2.917549,0.002174,1.0,43.143539
-0.163201,0.611995,-0.5304,0.040816,0.040815,-1.293347,-1.599346,-1.902623,-2.489797,-2.787431,0.001782,0.0,43.161148
-0.040521,0.263373,-0.972447,0.693596,0.69361,-1.361438,-2.011761,-2.352794,-2.947744,-3.236639,0.001926,1.0,43.460518
0.264391,0.610134,-0.101686,-0.384933,-0.38494,-0.40675,-1.423629,-1.804622,-2.322554,-2.692697,0.001741,0.0,43.293221
-1.482673,0.440795,-1.482673,1.504987,1.504995,-1.238237,-2.486484,-2.992063,-3.426178,-3.92227,0.002542,1.0,43.944782
-0.931248,0.792546,-1.010505,1.122022,1.12201,-1.751534,-3.158312,-3.73027,-4.136122,-4.734696,0.002901,1.0,44.437847
-0.904094,0.78616,-0.904094,0.812364,0.812355,-1.812097,-3.356911,-4.06839,-4.569569,-5.205968,0.003751,1.0,44.79884
2.109705,2.109705,-0.040185,-2.181606,-2.181603,0.542502,-0.815746,-1.698473,-2.232262,-2.889285,0.003026,-1.0,43.821507
1.710446,2.015877,-0.122179,-1.326098,-1.326098,1.869276,0.792103,-0.245702,-0.796168,-1.388716,0.002122,-1.0,43.240391
-0.364594,0.141787,-1.073524,0.52942,0.529438,1.114026,0.478014,-0.575257,-1.169748,-1.673091,0.001785,0.0,43.469322
0.44752,0.671282,-0.508544,-0.425358,-0.425371,1.013019,0.939791,-0.047461,-0.620421,-1.062651,0.001362,0.0,43.284416
-1.105526,0.864322,-1.145729,1.200163,1.200169,-0.6392,-0.110555,-0.987608,-1.576889,-2.049451,0.001683,1.0,43.803902
-1.013913,0.27833,-1.391652,1.105526,1.105527,-1.514912,-1.015907,-1.745529,-2.429426,-2.912925,0.002173,1.0,44.288166
0.139054,0.69527,-0.238377,0.079525,0.079518,-1.104485,-0.862135,-1.481921,-2.288436,-2.796979,0.002199,0.0,44.323383
1.247483,1.327968,-0.140845,-1.271353,-1.271354,0.301812,0.372234,-0.025485,-0.851105,-1.400402,0.001982,-1.0,43.759876
0.482804,0.583386,-0.54315,0.020117,0.020112,0.502925,0.199163,0.049631,-0.739278,-1.275388,0.001524,0.0,43.768677
0.664247,1.650564,-0.322061,-0.060348,-0.060338,0.535423,0.018112,0.198602,-0.502217,-1.043482,0.001416,0.0,43.742268
-0.976286,0.019928,-1.494322,1.026568,1.026556,-0.529979,-0.914515,-0.709295,-1.280126,-1.878452,0.002061,1.0,44.191307
-0.767715,0.157484,-1.338583,1.215382,1.215375,-1.543297,-1.771639,-1.687649,-2.166323,-2.847228,0.002154,1.0,44.728397
-1.304767,0.077899,-1.421614,1.082675,1.082688,-1.955211,-2.438167,-2.553713,-2.91723,-3.620637,0.003056,1.0,45.212666
-0.503287,0.038715,-0.948513,0.603704,0.603709,-1.788626,-2.539688,-2.984907,-3.242357,-3.946577,0.003382,1.0,45.485619
-1.038256,0.15382,-1.576618,0.677503,0.677502,-1.553552,-2.761009,-3.492918,-3.606036,-4.278407,0.003759,1.0,45.793785
-0.249378,0.249371,-0.920773,0.230731,0.230721,-1.035872,-2.633799,-3.413259,-3.562245,-4.170339,0.003367,0.0,45.899441
-0.191459,0.459508,-0.44036,0.191826,0.191835,-0.677774,-2.458362,-3.199952,-3.453956,-4.01149,0.002821,0.0,45.987492
-0.325482,0.076584,-1.053035,0.0,0.0,-0.340802,-1.973966,-2.8349,-3.231862,-3.710513,0.002803,0.0,45.987492
-0.591372,0.553226,-0.591372,0.363772,0.363771,-0.412054,-1.812285,-2.772477,-3.396603,-3.798547,0.002659,0.0,46.154781
0.479203,1.897646,-0.210843,-0.476917,-0.476932,0.126523,-0.864468,-1.997302,-2.810029,-3.096015,0.002619,0.0,45.934654
-1.420724,0.227314,-1.685923,1.188428,1.188432,-0.79939,-1.536272,-2.833865,-3.665461,-3.974231,0.002482,1.0,46.480556
3.115138,3.48975,-0.157733,-3.921197,-3.921186,2.653777,2.466477,1.181644,0.424877,0.06703,0.000289,-1.0,44.657967
-0.256,0.295394,-1.299724,0.118293,0.11829,1.961399,2.233163,1.203885,0.445058,0.017331,-1.3e-05,0.0,44.710793
-0.059053,0.29528,-0.866138,0.039386,0.039373,1.283472,2.023633,1.307098,0.566942,0.00395,0.000953,0.0,44.728397
3.032754,3.396684,-0.283055,-2.637795,-2.637778,2.931656,4.272133,4.022099,3.262227,2.598459,0.000383,-1.0,43.548561
-0.281631,0.341988,-1.327701,0.505459,0.50545,1.174817,3.260916,3.434591,2.683569,2.077656,0.000372,0.0,43.768677
2.61574,2.636498,-0.622792,-3.09797,-3.097973,3.350639,5.719335,6.377423,5.741134,5.263038,-0.00079,-1.0,42.412735
0.878841,1.129946,-0.313877,-0.788867,-0.788864,2.92111,5.630883,6.726652,6.382088,5.967777,-0.001655,-1.0,42.078156
-1.97206,0.246506,-1.97206,1.862312,1.86232,0.168441,2.931381,4.367291,4.331342,3.990957,-0.001326,1.0,42.861786
0.980181,1.501558,-0.604799,-1.499587,-1.499578,1.063593,3.618336,5.391711,5.739295,5.423967,-0.002012,-1.0,42.21904
2.23367,2.29811,-0.579897,-2.898853,-1.82395,1.821889,4.329476,6.633903,7.37295,7.108578,-0.002252,-1.0,41.448986
1.198777,1.438535,-0.741064,-1.460481,-1.46047,2.562663,4.941873,7.37474,8.488777,8.355264,-0.002896,-1.0,40.843636
0.329376,1.317519,-0.702679,-0.741064,-0.741073,2.570057,4.696825,7.280762,8.722588,8.846654,-0.003192,-1.0,40.540955
-2.049528,0.277543,-2.455169,2.854631,2.854632,-0.834751,1.064381,3.590782,5.250957,5.627109,-0.002397,1.0,41.69825
1.320632,1.47218,-0.389697,-1.387705,-1.387703,0.025982,1.895885,4.267886,6.163717,6.858401,-0.003529,-1.0,41.119602
-0.065015,0.17339,-1.170353,-0.108249,-0.108226,-0.047697,1.350513,3.503524,5.691479,6.67071,-0.004047,0.0,41.0751
-0.40887,0.150635,-0.731655,0.715219,0.715202,-0.503554,0.378468,2.238478,4.382715,5.588381,-0.003998,1.0,41.36887
-0.91704,0.255916,-1.343572,0.903805,0.903812,-0.818942,-0.600985,0.848692,2.939303,4.310105,-0.0039,1.0,41.742767
2.395475,2.460804,-0.130655,-2.068674,-2.068682,0.875442,1.013724,2.351272,4.468514,6.0628,-0.0049,-1.0,40.879242
0.590037,0.852282,-0.174821,-0.348432,-0.348434,1.040219,1.003064,2.248995,4.19581,5.937099,-0.005135,0.0,40.736805
-0.065523,0.327578,-0.589651,0.065566,0.06556,0.821144,0.768731,1.690525,3.426299,5.36372,-0.005106,0.0,40.763512
2.072654,2.072654,-0.490299,-2.009177,-2.009169,2.175173,2.609763,3.363609,4.956914,6.918922,-0.006138,-1.0,39.944504
-0.132895,0.088587,-1.306757,0.624032,0.624033,0.770756,1.887037,2.410035,3.744104,5.679271,-0.005659,1.0,40.193771
0.490736,0.490736,-0.490745,-0.708749,-0.708769,1.003802,2.165974,2.647794,3.880845,5.807625,-0.006484,-1.0,39.90889
-0.133276,0.466459,-0.444247,0.423819,0.423823,0.248787,1.474914,1.858446,3.009461,4.776558,-0.004595,0.0,40.078033
0.975278,1.066004,-0.476296,-2.065749,-2.065738,1.592196,3.150375,3.633478,4.606641,6.249764,-0.005544,-1.0,39.250126
0.227228,0.954333,-0.090882,-0.181452,-0.181454,1.386052,2.77892,3.538598,4.384099,5.883521,-0.00564,0.0,39.178905
0.113817,1.434102,-0.318687,-0.181772,-0.181761,1.015239,2.292273,3.482806,4.194394,5.503232,-0.004573,0.0,39.107693
0.434581,1.120764,-0.388843,-0.478031,-0.478041,0.992678,2.280419,3.504118,4.188588,5.413134,-0.005,0.0,38.920742
-1.349523,0.247416,-1.439494,1.692585,1.692578,-0.940162,0.285658,1.521979,2.121019,3.257508,-0.002917,1.0,39.579506
1.023893,1.137656,-0.455065,-1.147094,-1.147063,0.145598,1.030692,2.367818,3.009077,3.980985,-0.003073,-1.0,39.125504
-1.142734,0.64978,-1.142734,1.547213,1.54718,-1.102387,-0.562395,0.533281,1.299583,2.126718,-0.00321,1.0,39.730846
0.361011,1.015343,-0.112816,-0.694602,-0.694589,-0.234659,-0.054157,0.849875,1.870484,2.575088,-0.00286,-1.0,39.45488
-1.816568,0.775372,-2.237479,1.850178,1.850194,-1.417823,-1.801079,-1.097343,-0.168381,0.445266,-0.001263,1.0,40.184872
0.783695,1.701742,-0.15674,-1.063356,-1.063363,-0.2687,-0.826252,-0.198548,0.733308,1.277194,-0.00109,-1.0,39.757561
-0.578168,0.466976,-0.711583,0.694136,0.694132,-0.502561,-1.314216,-1.008088,-0.091181,0.437616,-0.000466,1.0,40.033531
-0.287795,0.42064,-0.332074,0.444734,0.444717,-0.703988,-1.494338,-1.402097,-0.677427,-0.069944,-0.001514,0.0,40.211567
1.2354,1.819412,-0.179697,-1.439004,-1.438999,0.835588,0.076376,-0.0569,0.506517,1.297399,-0.001536,-1.0,39.632923
1.430845,1.885083,-0.02271,-1.100631,-1.100628,1.453558,1.260509,0.934215,1.410404,2.169433,-0.001968,-1.0,39.196712
0.639861,1.279712,-0.137105,-0.613221,-0.613215,1.668188,1.725323,1.365022,1.807586,2.577697,-0.002545,-1.0,38.956352
-0.59077,0.817998,-0.59077,0.571298,0.571288,0.6544,1.161109,0.777106,1.027048,1.801418,-0.00269,1.0,39.178905
-0.203023,0.428599,-0.586515,0.727117,0.727121,-0.451168,0.363183,0.097749,0.236855,0.873445,-0.001474,1.0,39.463783
-0.022581,0.451673,-0.700086,-0.112797,-0.112795,-0.447156,0.467481,0.263476,0.251806,0.75158,-0.001372,0.0,39.41927
-0.605112,0.179296,-1.613619,0.767841,0.76783,-0.941274,-0.414603,-0.366043,-0.535624,-0.132666,-0.001066,1.0,39.721943
-0.268815,0.358423,-0.425623,0.044823,0.044849,-0.591413,-0.463726,-0.383824,-0.622774,-0.277793,-0.000173,0.0,39.739758
-0.267139,1.157616,-0.333923,0.627238,0.627228,-0.805878,-1.095286,-0.860792,-1.149824,-0.976851,-0.000172,1.0,39.989017
1.581566,1.671943,-0.135556,-1.469279,-1.469298,0.641678,0.173986,0.561849,0.35248,0.444661,-0.000503,-1.0,39.401459
-0.13532,0.112763,-0.992327,0.180755,0.180755,0.487153,-0.047352,0.383412,0.217648,0.190358,-0.000608,0.0,39.472679
-0.629642,0.044976,-1.394205,0.293191,0.2932,0.125926,-0.240614,-0.010495,0.008995,-0.134923,0.000417,0.0,39.588413
-0.268935,0.53788,-0.649926,0.337302,0.337296,-0.219629,-0.383229,-0.352599,-0.309268,-0.506489,0.000643,0.0,39.721943
0.633482,0.995471,-0.181,-0.941277,-0.941278,0.402713,0.606339,0.478133,0.666295,0.448875,0.000313,-1.0,39.348049
-0.180379,0.270582,-0.5186,0.33936,0.339366,0.10372,0.270578,0.015036,0.294256,0.139804,0.000668,0.0,39.481583
0.31674,1.244342,-0.181,-0.338212,-0.338218,0.380091,0.592762,0.306187,0.621046,0.504078,-0.000215,0.0,39.348049
0.204035,0.430737,-0.702793,-0.20362,-0.203609,0.421663,0.682377,0.522927,0.709583,0.744497,0.000195,0.0,39.267933
-0.204038,0.680116,-0.317388,0.0,0.0,0.190426,0.562222,0.575826,0.647238,0.712759,-0.000477,0.0,39.267933
-1.139406,0.670248,-1.429846,1.473582,1.473589,-1.014303,-0.933879,-0.773019,-0.837809,-0.677396,0.000465,1.0,39.846581
0.87799,1.575869,-0.247629,-0.759607,-0.759608,-0.225125,-0.139583,-5e-06,-0.16322,0.063931,-0.000669,-1.0,39.543903
0.247302,0.629492,-0.449643,0.135079,0.135075,-0.233813,-0.242811,-0.104922,-0.302389,-0.056659,-0.000148,0.0,39.597317
-0.492276,0.469911,-0.537028,0.47212,0.47211,-0.443043,-0.662335,-0.563878,-0.697018,-0.566563,-0.000245,0.0,39.78426
-0.401159,0.80232,-0.534874,0.402775,0.402782,-0.503676,-1.005127,-0.928611,-0.971698,-0.946737,-0.000263,0.0,39.944504
1.48917,1.64711,-0.112816,-1.225761,-1.225761,0.532489,0.250449,0.210584,0.292189,0.223822,-0.00017,-1.0,39.45488
-0.738912,0.022387,-1.298697,0.767148,0.767157,-0.125402,-0.443359,-0.492624,-0.434406,-0.584876,0.000642,1.0,39.757561
-0.963048,0.268753,-1.545359,-0.022387,-0.022406,-0.026872,-0.320264,-0.424037,-0.370659,-0.55095,0.000899,0.0,39.748653
0.609483,0.609483,-0.722345,-0.783881,-0.783876,0.586913,0.510163,0.337099,0.380364,0.259145,0.000309,-1.0,39.437073
-1.294061,0.111555,-1.294061,1.173817,1.173822,-0.602411,-0.497547,-0.797266,-0.764173,-0.809464,0.000504,1.0,39.899994
-0.177852,0.778128,-0.6892,0.356983,0.356985,-0.662519,-0.802582,-1.034538,-1.1105,-1.076039,0.000708,0.0,40.042431
1.21979,1.42309,-0.293655,-1.578479,-1.578488,0.754465,0.754466,0.540627,0.476624,0.505086,-0.000312,-1.0,39.410366
0.567151,0.952808,-0.703271,-0.42918,-0.429187,0.930132,1.09801,0.955845,0.880223,0.92015,-0.000518,0.0,39.241222
-0.022607,0.746102,-0.384352,0.340286,0.3403,0.55618,0.651139,0.631545,0.510961,0.542614,-0.000643,0.0,39.37476
1.109846,1.291051,-0.883361,-0.180868,-0.18087,0.434875,0.670437,0.819927,0.639858,0.6804,-8.3e-05,0.0,39.303543
1.284703,1.605875,-0.183533,-1.268408,-1.268412,1.087407,1.796287,1.936227,1.862816,1.851802,-0.000713,-1.0,38.805012
0.069011,0.161031,-0.828157,-0.27529,-0.275302,0.9984,1.803554,2.071939,2.042801,2.060283,-0.00096,0.0,38.698181
0.576302,0.829878,-0.253575,-0.207039,-0.207028,0.8852,1.721991,2.114646,2.159983,2.183495,-0.001197,0.0,38.618065
-0.532652,0.5095,-0.532652,-0.461044,0.8007,-0.146077,0.783012,1.156742,1.30473,1.303875,-0.00044,1.0,38.92728
-1.006409,0.251603,-1.166519,1.250581,1.250581,-1.323308,-0.585073,-0.182394,0.072023,0.021394,-4.3e-05,1.0,39.414097
-0.297828,0.389457,-0.526928,-0.160107,-0.160092,-0.887586,-0.601371,-0.039937,0.169518,0.182077,3.4e-05,0.0,39.350998
-0.59537,0.137399,-0.732769,0.04581,0.045803,-0.592165,-0.65738,-0.151495,0.101448,0.124775,0.000143,0.0,39.369022
-0.022894,0.755672,-0.114493,0.0,0.0,-0.210669,-0.624918,-0.215781,0.072453,0.126906,0.000143,0.0,39.369022
0.645456,0.760715,-0.368834,-0.664065,-0.664065,0.548638,-0.028908,0.395113,0.654928,0.779858,-0.000787,-1.0,39.107586
0.161922,0.231325,-0.786493,-0.345784,-0.345764,0.670816,0.232978,0.584767,0.879443,1.099192,-0.000607,0.0,38.972366
-0.415704,0.115471,-1.316395,0.161922,0.161917,0.346413,0.129983,0.250192,0.662644,0.852644,-0.000595,0.0,39.035469
-0.983309,0.480217,-1.257718,0.993074,0.993071,-0.612855,-0.670715,-0.733418,-0.369595,-0.151301,-0.000369,1.0,39.423119
0.436688,0.597568,-0.436677,-0.503092,-0.50308,-0.183871,-0.013803,-0.234295,0.067383,0.315569,-0.000763,-1.0,39.224789
-0.411996,0.457771,-0.732433,0.4137,0.413672,-0.453175,-0.308983,-0.643217,-0.351213,-0.138038,-5e-05,0.0,39.387051
0.228995,0.572475,-0.389279,-0.045779,-0.045774,-0.206081,-0.274778,-0.586629,-0.373014,-0.150777,-0.000403,0.0,39.369022
0.693168,0.924217,-0.623847,-0.893059,-0.89306,0.683925,0.538362,0.345487,0.393381,0.704125,-0.000782,-1.0,39.017433
0.440635,0.533393,-0.858068,-0.369686,-0.369694,0.774592,0.783873,0.747848,0.696813,0.986803,-0.000602,0.0,38.873188
-0.625289,0.648446,-0.717927,0.139149,0.13915,0.481705,0.530349,0.660809,0.516564,0.762074,-0.001052,0.0,38.92728
0.35162,0.562593,-0.351622,-1.204261,-1.204256,1.223625,1.586971,1.806536,1.622671,1.888518,-0.00173,-1.0,38.458496
0.845073,0.845073,-0.633793,-0.140652,-0.14064,0.863841,1.582156,1.774645,1.648733,1.876244,-0.001105,0.0,38.404408
0.047125,0.612634,-0.094244,-0.375585,-0.375598,0.848258,1.762493,1.968276,1.960759,2.073999,-0.001082,0.0,38.260162
0.991965,1.157303,-0.094476,-0.235624,-0.235629,0.718001,1.674545,1.999694,2.132389,2.185101,-0.001332,0.0,38.17001
0.0,0.3522,-0.399159,0.590458,0.590471,-0.150276,0.861695,1.231897,1.503869,1.497151,-0.000997,1.0,38.395393
0.330969,0.756501,-0.094565,-0.680913,-0.680915,0.364065,1.224582,1.755713,2.095744,2.062846,-0.000742,-1.0,38.133953
0.451411,0.522692,-0.095037,-0.496452,-0.49646,0.622479,1.354243,2.082844,2.411506,2.428824,-0.000838,0.0,37.944633
-0.823915,0.094162,-1.200563,0.926586,0.926566,-0.282467,0.235425,1.016972,1.333594,1.435323,-0.000345,1.0,38.296215
-0.562188,0.1874,-1.218086,0.494348,0.494375,-0.609046,-0.358402,0.357614,0.720309,0.914219,-0.000478,0.0,38.485542
-0.969524,0.346263,-1.269621,1.475758,1.475752,-1.717454,-1.775161,-1.131118,-0.784853,-0.508769,-0.00038,1.0,39.053493
1.380763,1.54458,-0.046808,-1.361958,-1.361963,-0.159138,-0.402523,0.084254,0.509018,0.82285,-0.000903,-1.0,38.521599
0.611626,0.917441,-0.188186,-0.514865,-0.514854,0.555158,0.09174,0.420291,0.944484,1.230771,-0.001146,-1.0,38.323269
1.093933,1.117719,-0.309158,-1.082096,-1.0821,1.450654,1.093935,1.32382,1.90012,2.185972,-0.001617,-1.0,37.908573
0.815348,1.127091,-0.023986,-0.832338,-0.832342,1.827337,1.788968,1.947241,2.51199,2.854679,-0.00169,-1.0,37.593044
0.576777,0.69695,-0.096133,-0.215827,-0.215814,1.225655,1.773598,1.916193,2.505393,2.879105,-0.001634,0.0,37.511913
-0.692292,0.167104,-1.169723,0.67291,0.672914,0.147999,0.995452,1.112426,1.605383,2.049167,-0.001411,1.0,37.764336
-0.119159,1.453768,-0.166826,0.167104,0.167105,-0.281225,0.795985,0.84206,1.232114,1.757854,-0.001771,0.0,37.827442
0.477317,0.596659,-0.381862,-0.142986,-0.142997,-0.210024,0.801904,0.900549,1.212402,1.769921,-0.001614,0.0,37.77335
-0.403039,0.023706,-0.806069,0.668253,0.668275,-0.644867,0.011834,0.205446,0.429089,0.947344,-0.001503,1.0,38.02578
-1.025876,0.139897,-1.095829,1.68326,1.683237,-1.692692,-1.743991,-1.406698,-1.267194,-0.781534,-0.000752,1.0,38.665844
-0.440628,0.41744,-0.742115,0.536256,0.536246,-1.646552,-2.17763,-1.805803,-1.740482,-1.363627,-0.00013,0.0,38.873188
-2.056033,0.474476,-2.168999,2.643783,2.643789,-3.140525,-4.301843,-4.008128,-4.083817,-3.850876,0.00118,1.0,39.900913
-0.271491,0.882351,-0.339371,-0.135556,-0.135548,-1.968331,-3.685523,-3.618407,-3.754532,-3.637112,0.001061,0.0,39.846828
2.103074,2.3804,-0.277324,-2.104075,-2.10408,0.642475,-1.252595,-1.457513,-1.578461,-1.552115,0.000669,-1.0,39.008419
-0.138381,0.69188,-0.484315,0.207999,0.207994,0.650369,-1.053961,-1.6559,-1.693955,-1.73985,0.000821,0.0,39.089554
0.276493,0.737325,-0.506917,0.092253,0.09225,0.686639,-0.797229,-1.643619,-1.657831,-1.762209,0.001024,0.0,39.125614
0.671143,0.972002,-0.393423,-0.437795,-0.437787,0.643372,-0.071739,-1.103135,-1.095809,-1.273777,0.000937,0.0,38.954327
-0.322801,0.023062,-0.830069,0.370285,0.370293,-0.110681,-0.101457,-1.265086,-1.358085,-1.55223,0.000841,0.0,39.098572
-1.318777,0.045475,-1.318777,1.406505,1.406494,-1.173259,-1.077761,-2.288913,-2.579577,-2.768528,0.001748,1.0,39.648491
0.620549,0.735472,-0.022979,-1.068672,-1.068646,-0.036789,0.133284,-0.942327,-1.505417,-1.633665,0.0015,-1.0,39.224789
0.346263,0.369344,-0.600182,-0.436677,-0.436703,0.364734,0.618657,-0.287775,-1.005303,-1.108029,0.000907,0.0,39.053493
0.162,0.208285,-0.71742,-0.253927,-0.253924,0.620233,0.631802,0.158918,-0.672293,-0.7526,0.000582,0.0,38.954327
-0.023117,0.716765,-0.16185,0.092573,0.09257,0.471681,0.319079,0.274379,-0.625427,-0.773174,-2e-05,0.0,38.990387
0.465333,0.465333,-1.233129,-0.624277,-0.624277,0.63751,0.881809,1.028388,0.147749,-0.122843,0.000301,-1.0,38.746979
0.186562,0.396451,-0.513062,-0.232664,-0.232643,0.578339,1.005112,1.262418,0.529367,0.069012,0.000424,0.0,38.656837
-0.989873,0.391349,-1.151013,1.305965,1.305937,-0.662972,-0.28774,0.006152,-0.588154,-1.155603,0.001462,1.0,39.161671
-0.321541,0.298569,-0.620122,0.230207,0.230215,-0.73955,-0.440972,-0.333792,-0.635047,-1.288009,0.001924,0.0,39.251827
-0.390172,0.091809,-1.285293,0.0689,0.068914,-0.661014,-0.463631,-0.498825,-0.51183,-1.216442,0.002048,0.0,39.278877
-2.07301,0.157729,-2.095538,1.85908,1.859068,-1.843171,-2.190176,-2.148116,-2.079768,-2.777828,0.002563,1.0,40.009098
0.022361,0.827181,-0.201209,0.788641,0.788643,-1.784039,-2.682764,-2.709591,-2.640288,-3.259557,0.002834,1.0,40.324627
-0.46708,0.289148,-0.578287,0.514194,0.514177,-1.610304,-2.81582,-2.975962,-2.933702,-3.481299,0.003119,0.0,40.531967
1.013059,1.013059,-0.202602,-1.20107,-1.201067,-0.017997,-1.361985,-1.614873,-1.735689,-2.086431,0.002307,-1.0,40.045151
0.403497,0.515577,-0.268996,0.427742,0.427755,0.022408,-1.477251,-1.848617,-2.108275,-2.260483,0.001761,0.0,40.216446
-0.798935,0.088764,-1.486911,1.008742,1.008747,-0.674667,-1.999563,-2.669041,-2.887268,-2.980922,0.001966,1.0,40.622128
-1.207993,0.351417,-1.581371,1.043049,1.043042,-1.348563,-2.429166,-3.37799,-3.651435,-3.750491,0.00127,1.0,41.045834
0.153982,0.901892,-0.285959,-0.153745,-0.153738,-0.976687,-1.834583,-2.915387,-3.276509,-3.396395,0.001262,0.0,40.982731
-0.675239,0.849486,-1.089087,0.989883,0.989883,-1.298194,-2.280554,-3.474919,-3.93052,-4.199525,0.002607,1.0,41.388412
-1.76079,0.279152,-1.76079,1.437595,1.437576,-1.855258,-3.021247,-4.367606,-4.948452,-5.353648,0.003142,1.0,41.983402
-0.801558,0.34662,-1.039861,-0.880395,0.288978,-1.433816,-2.80297,-4.111517,-4.930657,-5.332215,0.003228,0.0,42.104725
-0.777036,0.02158,-1.100803,0.368289,0.368289,-1.220971,-2.701701,-3.894986,-4.920413,-5.379515,0.003578,0.0,42.259792
0.431968,0.431968,-0.28078,-0.064759,-0.064766,-0.565138,-2.236002,-3.347963,-4.482433,-5.023935,0.003389,0.0,42.232422
0.130239,0.303883,-0.260471,-0.496758,-0.496749,0.233117,-1.27736,-2.425875,-3.640504,-4.257725,0.002561,0.0,42.022633
-0.820559,0.237523,-1.274023,0.520949,0.520943,-0.164111,-1.309574,-2.463971,-3.755051,-4.456284,0.003253,0.0,42.241547
-0.64711,1.035373,-1.035375,0.107968,0.10796,-0.185498,-1.022263,-2.210017,-3.440258,-4.309727,0.003489,0.0,42.287151
0.61136,1.375548,-0.087338,-1.207942,-1.20793,0.80349,0.3628,-0.782674,-1.886264,-2.895416,0.003075,-1.0,41.776352
1.032577,4.336849,-0.481879,-4.847155,-4.847161,4.690223,5.165599,4.140625,3.185902,2.121394,0.000927,-1.0,39.751385
4.235292,4.588238,-0.023525,-2.478205,-2.4782,5.670585,7.161643,6.56709,5.745411,4.697073,0.000121,-1.0,38.766266
-1.00895,0.18344,-1.788578,2.611767,2.61176,1.742721,3.879846,3.7813,3.116722,2.11151,0.001358,1.0,39.778748
0.159417,0.455479,-1.161462,0.687913,0.687923,-0.068325,2.657704,2.977412,2.41761,1.544232,0.001089,1.0,40.052395
0.411513,0.594417,-1.394607,-0.387151,-0.387163,-0.621853,2.464565,3.185741,2.762124,2.06327,0.00082,0.0,39.897327
0.414651,0.64501,-1.220915,-0.754463,-0.754462,0.055292,2.577753,3.736731,3.42517,2.88306,0.000462,-1.0,39.596317
1.249703,1.273287,-0.448005,-2.303617,-2.303616,2.372085,4.133463,5.716737,5.687958,5.250277,-0.001347,-1.0,38.68417
0.540922,0.682034,-0.893699,0.259373,0.259377,1.594542,2.972718,4.893383,5.229934,4.927002,-0.001578,0.0,38.784508
0.211357,0.422724,-0.375773,0.141115,0.141121,0.826668,1.939868,4.185052,4.852121,4.658655,-0.00174,0.0,38.839241
0.571703,0.738449,-0.404952,-1.409117,-1.409119,1.429249,2.486895,4.983321,5.991138,5.942163,-0.00183,-1.0,38.29195
-0.468386,0.117094,-1.31148,1.715105,1.715112,-0.613592,0.552681,2.651041,3.942807,3.993174,-0.001271,1.0,38.9487
0.871415,1.154032,-0.164861,-0.562066,-0.562068,-0.028262,1.11163,2.664463,4.18711,4.445139,-0.001953,-1.0,38.729782
0.591017,1.016551,-0.354603,-0.376825,-0.376813,0.245855,1.184383,2.420787,4.140644,4.670938,-0.002571,0.0,38.583843
-1.311161,0.0,-1.475057,0.969267,0.96924,-0.655569,-0.067889,0.867879,2.737074,3.49528,-0.002083,1.0,38.957813
0.211119,0.680265,-0.140748,-0.187305,-0.187287,-0.164209,-0.140756,0.561409,2.495882,3.467182,-0.002594,0.0,38.88485
0.070371,0.422238,-0.633357,0.0,0.0,-0.197049,-0.323723,0.412845,2.065435,3.251377,-0.003219,0.0,38.88485
-0.396173,0.582615,-0.862268,0.656812,0.656796,-0.638535,-0.857598,-0.17866,1.031235,2.347897,-0.003059,1.0,39.140244
-1.264949,1.264947,-1.425941,1.328362,1.328372,-1.398345,-1.936521,-1.507208,-0.618678,0.771846,-0.002642,1.0,39.660172
-0.368409,1.473636,-0.644711,-0.114995,-0.114989,-0.953261,-1.627911,-1.467502,-0.841592,0.636417,-0.002664,0.0,39.614567
-0.662554,0.137085,-0.845323,0.782869,0.782861,-1.201734,-1.98309,-2.228313,-1.843728,-0.379256,-0.002108,1.0,39.924694
0.744022,1.395031,-0.023246,-1.736354,-1.736361,0.720773,-0.179014,-0.562646,-0.175528,1.07511,-0.003089,-1.0,39.231457
0.162978,0.651918,-0.349248,-0.139495,-0.139495,0.880097,0.074511,-0.339923,0.016303,0.925732,-0.003197,0.0,39.176731
-1.494936,0.183995,-1.494936,1.233991,1.234,-0.34959,-0.873967,-1.407544,-1.217803,-0.56486,-0.002135,1.0,39.660172
-1.472923,0.997052,-1.744845,1.494943,1.494938,-1.500116,-2.012236,-2.625574,-2.647858,-2.231589,0.000623,1.0,40.253067
-0.113402,1.066004,-0.136088,-0.090644,-0.090654,-1.265586,-1.592187,-2.218177,-2.519834,-2.298015,0.001661,0.0,40.216576
-0.474145,0.541879,-0.654778,0.45362,0.453619,-1.133433,-1.661767,-2.4204,-2.86068,-2.675086,0.000722,0.0,40.399006
-0.850114,0.178966,-1.364655,0.925717,0.925711,-1.257261,-2.163299,-2.981342,-3.49551,-3.370902,0.000826,1.0,40.772984
1.448298,1.606705,-0.65625,-1.140944,-1.140939,0.203671,-0.87349,-1.576513,-2.192789,-2.203199,0.000498,-1.0,40.307789
-0.514657,0.179013,-1.700602,1.131478,1.131479,-0.666815,-1.700597,-2.382326,-3.051005,-3.227555,0.001318,1.0,40.763863
-0.90708,0.066369,-1.68142,1.141199,1.141212,-1.296473,-2.493372,-3.104725,-3.78872,-4.190269,0.002816,1.0,41.229065
0.736767,0.803753,-0.312568,-0.90708,-0.907074,-0.169696,-1.203407,-1.896268,-2.674713,-3.190006,0.002309,-1.0,40.855087
0.201072,0.379808,-0.335114,-0.066986,-0.066993,-0.07596,-0.732797,-1.554958,-2.352543,-2.915098,0.002218,0.0,40.827717
-1.306757,0.044288,-1.32891,0.871323,0.87131,-0.513837,-1.220374,-2.158726,-2.880393,-3.520701,0.00321,1.0,41.183453
0.378118,0.511566,-0.266902,-0.420826,-0.420815,0.026693,-0.618331,-1.518388,-2.219749,-2.901243,0.002281,0.0,41.010147
-1.381278,0.350798,-1.381278,1.445734,1.445747,-1.219043,-1.701399,-2.652944,-3.286575,-3.966687,0.003154,1.0,41.60305
0.043889,0.746105,-0.416939,-0.087702,-0.087712,-0.789995,-1.334216,-2.192968,-2.879091,-3.63046,0.00328,0.0,41.566559
0.153779,0.593148,-0.087873,-0.109721,-0.109725,-0.347098,-1.045694,-1.70914,-2.48572,-3.25571,0.00281,0.0,41.52095
-0.349192,0.130949,-0.763856,0.659051,0.65905,-0.707111,-1.337842,-2.012222,-2.868834,-3.581841,0.003178,1.0,41.794594
-0.432715,0.064905,-0.627436,0.872983,0.872984,-1.021201,-1.860665,-2.55878,-3.407618,-4.112506,0.003558,1.0,42.159454
0.043518,0.435163,-0.89208,-0.562531,-0.562529,-0.308964,-1.14012,-1.736294,-2.622934,-3.280243,0.003028,-1.0,41.922295
-0.108773,0.609091,-0.39156,0.021762,0.021764,-0.156629,-0.904942,-1.514037,-2.322173,-3.010665,0.00246,0.0,41.931419
0.043394,0.781243,-0.238717,0.239289,0.239284,-0.151911,-0.855036,-1.549482,-2.215715,-2.967017,0.002614,0.0,42.031754
-0.709682,0.258062,-0.774196,0.911454,0.911449,-0.761283,-1.460207,-2.10752,-2.774189,-3.58365,0.00267,1.0,42.414852
1.222436,1.484394,-0.065492,-1.483869,-1.483874,0.554472,0.209572,-0.470047,-1.126384,-1.923589,0.002779,-1.0,41.785469
0.788784,0.788784,-0.460121,-0.371102,-0.371096,0.788786,0.589401,-0.03505,-0.588295,-1.394386,0.002679,0.0,41.630405
0.240911,0.240911,-0.657028,0.043823,0.043809,0.608859,0.565062,0.048199,-0.481806,-1.205415,0.002161,0.0,41.648643
0.419144,2.051613,-1.080966,-0.722729,-0.722698,1.010347,1.255221,0.86034,0.312138,-0.276215,0.001197,-1.0,41.347649
0.734145,0.80089,-1.268076,-0.838299,-0.838314,1.174635,1.917685,1.683352,1.244717,0.697663,0.000872,-1.0,41.001026
-0.266071,0.288253,-0.776049,0.333697,0.333694,0.523288,1.330385,1.365864,0.953447,0.448789,0.00082,0.0,41.137844
-0.287424,0.088437,-1.216007,0.288253,0.28827,0.053051,0.877723,1.018486,0.666582,0.260876,0.000543,0.0,41.256432
-0.616195,0.154047,-1.166371,0.464291,0.464284,-0.50616,0.294891,0.532568,0.272886,-0.101235,0.001241,0.0,41.447979
-0.764188,0.109168,-0.851526,0.792254,0.792253,-1.08297,-0.554589,-0.216887,-0.401748,-0.790395,0.001093,1.0,41.776352
0.504054,0.898532,-0.109575,-0.371175,-0.371176,-0.416395,-0.374758,0.127105,0.021912,-0.294547,0.000436,0.0,41.621288
3.005281,3.21175,-0.27529,-4.470745,-4.470746,3.551276,3.778389,4.410796,4.545767,4.270704,-0.001114,-1.0,39.760506
-1.226715,0.363471,-1.453882,0.986465,0.986454,1.990014,2.396648,3.097086,3.343944,3.144945,-0.000656,1.0,40.152725
-0.855081,0.090011,-0.855081,0.954109,0.954115,0.576063,1.154374,1.893195,2.240105,2.138621,-0.00062,1.0,40.535828
-1.110371,0.244282,-1.221406,1.327633,1.32763,-1.083717,-0.237612,0.402701,0.846111,0.824348,0.00014,1.0,41.073994
1.116432,1.708818,-0.159487,-2.531646,-1.341961,-0.280403,1.001356,1.457119,2.06091,2.130562,-0.001072,-1.0,40.522797
-0.068266,0.955627,-0.295793,0.13671,0.136713,-0.013526,0.725544,1.120258,1.72673,1.948547,-0.000974,0.0,40.578197
-1.855168,0.022347,-1.855168,1.797499,1.797483,-1.219881,-1.040628,-0.717367,-0.14391,0.119786,-0.000145,1.0,41.307583
1.224492,1.950116,-0.385483,-1.430496,-1.430481,0.302494,0.215906,0.570871,1.156073,1.489274,-0.001053,-1.0,40.716686
-0.787408,0.202475,-1.304841,0.793658,0.793657,-0.503942,-0.752666,-0.271034,0.238713,0.643247,-0.001088,1.0,41.039837
-1.283758,0.177065,-1.283758,1.642292,1.642297,-1.54051,-2.33408,-1.768496,-1.464932,-0.990652,-0.000129,1.0,41.713833
0.110519,0.950477,-0.419989,0.132807,0.132802,-1.100801,-1.982701,-1.798003,-1.597559,-1.159334,-8.1e-05,0.0,41.76923
0.845951,1.157616,-0.333923,-0.707347,-0.707353,-0.316108,-0.965907,-1.063483,-0.915431,-0.498459,-0.000493,-1.0,41.473774
-0.267802,0.290109,-0.870348,-0.244873,-0.244875,0.245486,-0.52064,-0.832826,-0.705609,-0.308272,-0.000995,0.0,41.372215
0.291604,0.493488,-0.583226,-0.513276,-0.513272,0.820994,0.013456,-0.421056,-0.216142,0.121325,-0.000573,-1.0,41.159863
-0.022436,0.471061,-0.179457,0.0,0.0,0.551814,0.168235,-0.495793,-0.196846,-0.000637,-0.000412,0.0,41.159863
0.269418,0.853159,0.0,-0.089729,-0.089733,0.327797,0.390664,-0.185554,-0.109023,0.024731,-0.00047,0.0,41.122929
-0.752545,0.132807,-1.106684,1.436908,1.436921,-0.978314,-0.934047,-1.349997,-1.469219,-1.384185,0.000469,1.0,41.713833
1.719073,1.990502,-0.067856,-2.14697,-2.146981,0.922876,1.264428,0.860596,0.615494,0.698157,-0.0001,-1.0,40.818245
-0.226342,0.769579,-1.041193,-0.067856,-0.06785,0.81032,1.272068,0.882751,0.562971,0.711896,-0.000275,0.0,40.79055
-0.825347,0.245365,-0.86996,1.471258,1.471262,-0.539825,-0.274379,-0.44019,-0.922979,-0.710699,0.00024,1.0,41.390686
-1.236745,0.154591,-1.435508,1.003785,1.003767,-1.201399,-1.256612,-1.23379,-1.662939,-1.633484,0.000474,1.0,41.806152
-0.309049,0.176605,-0.68432,0.04417,0.044192,-1.192061,-1.216342,-1.195003,-1.506507,-1.622595,0.000149,0.0,41.824627
-0.19938,1.351354,-0.731055,-0.353201,-0.353227,-0.429758,-0.79307,-0.691164,-1.020474,-1.251897,0.000157,0.0,41.676891
1.753198,1.798155,-0.134866,-1.439958,-1.439944,1.164302,0.636095,0.765713,0.425936,0.12267,0.001475,-1.0,41.076767
-0.36036,0.540534,-1.058563,-0.202293,-0.202302,1.175677,0.799555,0.852859,0.686944,0.26439,0.000958,0.0,40.993668
-1.090105,0.244716,-1.245833,1.238736,1.238738,-0.209118,-0.342597,-0.424169,-0.433808,-0.794628,0.001082,1.0,41.501472
-0.660645,0.396388,-0.880868,1.023357,1.023361,-1.17155,-1.301473,-1.36093,-1.368636,-1.630375,0.000949,1.0,41.926182
-1.7915,0.107919,-1.7915,2.02599,2.026004,-2.620345,-2.803812,-3.100955,-3.086565,-3.374327,0.002414,1.0,42.775608
-0.387005,0.623524,-1.010529,0.388509,0.388509,-2.128579,-2.678999,-3.199316,-3.240167,-3.574289,0.002523,0.0,42.941795
0.497833,0.670989,-0.930738,-0.666517,-0.666521,-0.692645,-1.729445,-2.316024,-2.480526,-2.727278,0.001452,-1.0,42.655579
0.367731,0.757088,-0.497512,0.064933,0.064925,-0.203325,-1.58771,-2.135695,-2.436726,-2.593117,0.002102,0.0,42.683273
-0.129175,0.322921,-0.968786,0.475884,0.475898,-0.228209,-1.806256,-2.416948,-2.734135,-2.907224,0.001964,0.0,42.886402
-1.104026,0.318476,-1.188953,1.399348,1.399334,-1.278122,-2.745215,-3.354558,-3.833326,-3.992349,0.001858,1.0,43.486526
-0.06369,0.318476,-0.36093,0.0,0.0,-1.027594,-2.191076,-2.941254,-3.565811,-3.767297,0.0018,0.0,43.486526
-0.254721,0.403307,-0.42454,0.021238,0.021239,-0.662281,-1.636595,-2.639215,-3.317768,-3.623859,0.002117,0.0,43.495762
0.0,0.507833,-0.105796,0.318397,0.318403,-0.541685,-1.460007,-2.668924,-3.33686,-3.758782,0.002362,0.0,43.634254
0.211549,0.380793,-0.148083,0.021164,0.021167,-0.21579,-1.087375,-2.411685,-3.136246,-3.58029,0.002594,0.0,43.64349
0.94037,1.089972,-0.854888,-1.015441,-1.01543,0.675341,0.025629,-1.175484,-1.866871,-2.421904,0.002153,-1.0,43.200321
