-0.307276,0.79892,-1.425767,0.073798,0.073778,0.100804,0.338024,0.883336,1.005426,1.187333,-0.000695,0.0,72.201996
1.310528,1.772339,-0.199705,-1.524088,-1.524073,1.153269,1.331756,2.325678,2.404518,2.635546,-0.000964,-1.0,71.101585
1.165883,1.22924,-0.164751,-1.510233,-1.510242,2.235462,2.263346,3.608337,3.694723,4.009639,-0.002235,-1.0,70.027779
-1.224239,0.012486,-1.811374,1.444682,1.444684,0.372269,0.607128,1.84219,2.044978,2.42599,-0.001941,1.0,71.039459
-0.049882,0.423989,-0.847986,0.174889,0.174917,-0.079832,0.521244,1.431582,1.761422,2.094007,-0.001269,0.0,71.163719
0.488843,0.488843,-0.727002,-0.511289,-0.51129,0.037593,1.060403,1.562619,2.17033,2.412119,-0.001796,-1.0,70.799866
-0.377172,0.704044,-0.980637,-0.300825,-0.300834,0.193611,1.042237,1.444972,2.352269,2.559711,-0.001661,0.0,70.586876
1.93976,1.96529,0.0,-1.48353,-1.483534,1.562025,2.257527,2.508081,3.642161,3.850431,-0.001813,-1.0,69.539696
-2.025509,0.112524,-2.313086,2.067384,2.067395,-0.512633,-0.026271,0.29256,1.320316,1.604885,-0.000765,1.0,70.977356
-0.398256,0.311139,-1.032982,0.462609,0.462574,-0.9309,-0.60483,-0.09622,0.689509,1.060883,-0.000537,0.0,71.305679
0.173504,0.81794,-0.619655,0.423154,0.423168,-1.122811,-1.106699,-0.427144,0.032229,0.589918,-0.000753,0.0,71.607422
-1.632948,0.255909,-2.047284,1.697851,1.697865,-2.1594,-2.521328,-2.093593,-1.792592,-1.06459,-0.00067,1.0,72.823219
1.29582,1.814144,0.0,-1.255178,-1.25517,-0.256707,-1.020619,-0.826866,-0.716412,0.13031,-0.00093,-1.0,71.909164
2.007371,2.032777,-0.292207,-2.863137,-2.863172,2.36058,1.726617,1.844769,2.023274,2.836259,-0.002939,-1.0,69.850281
-0.31411,0.427194,-2.63852,1.118024,1.118048,1.037819,0.526451,0.575451,0.902755,1.528336,-0.00253,1.0,70.631241
-1.408457,0.897412,-2.330801,0.80413,0.804123,0.117162,-0.219369,-0.320743,0.137107,0.508041,-0.00178,1.0,71.199203
-0.11112,0.493889,-1.18533,0.94727,0.947277,-1.086556,-0.976665,-1.184508,-0.871713,-0.613408,-0.000243,1.0,71.873657
-1.808918,0.303509,-1.808918,1.70392,2.501257,-3.021858,-2.832225,-3.266106,-3.154798,-3.077412,0.002006,1.0,73.671402
0.121299,1.23726,-0.315383,0.084981,0.084991,-2.050766,-2.540873,-3.104623,-3.152408,-3.090569,0.001972,0.0,73.734016
-0.636013,0.648238,-2.433959,-0.824842,-0.824857,-0.553836,-1.481384,-2.119848,-2.280104,-2.142278,0.000242,-1.0,73.125816
1.328367,2.122904,-0.459346,-1.47994,-1.479945,1.174432,0.059083,-0.534425,-0.823172,-0.594358,0.000313,-1.0,72.043594
0.037311,1.293532,-0.646772,-0.186221,-0.186225,1.373145,0.11869,-0.226237,-0.581964,-0.462193,-0.000263,0.0,71.909431
-0.522841,0.211625,-1.083036,-0.087065,-0.087073,0.953581,0.197265,0.074793,-0.368731,-0.365577,-9.8e-05,0.0,71.846817
0.990837,1.015926,-1.329493,-0.746918,-0.746907,1.033487,1.156004,0.858999,0.400005,0.318245,-0.000455,-1.0,71.310188
-0.19905,0.821105,-0.67181,0.815244,0.815234,-0.126886,0.513319,0.097739,-0.361253,-0.507283,0.000562,1.0,71.891533
-0.098817,0.370557,-0.407611,0.721575,0.721588,-0.741112,-0.039524,-0.545461,-0.963882,-1.208561,0.001532,1.0,72.410294
-0.61237,0.318435,-1.22474,0.852276,0.852295,-1.273751,-0.726288,-1.3673,-1.633729,-1.937952,0.001275,1.0,73.027443
-0.40919,0.132388,-1.059089,1.763618,1.763619,-2.320386,-2.360103,-2.860803,-3.017159,-3.406643,0.001965,1.0,74.315369
-0.978754,0.131296,-1.42039,0.830428,0.830404,-2.158025,-3.004291,-3.20865,-3.551963,-3.994337,0.002549,1.0,74.932487
-1.942425,0.22233,-2.164753,2.005252,2.005264,-2.89258,-4.478123,-4.605205,-5.112441,-5.605797,0.003551,1.0,76.435081
1.304089,1.446357,-0.391228,-1.298854,-1.298867,-0.810894,-2.770591,-2.974896,-3.6096,-4.117463,0.003632,-1.0,75.442291
0.023572,0.447951,-0.483324,0.569062,0.569083,-0.622434,-2.798553,-3.172633,-3.954145,-4.381412,0.00298,1.0,75.87162
-1.128556,0.011637,-1.128556,1.320282,1.320259,-1.25188,-3.411273,-4.156668,-4.882796,-5.245779,0.003353,1.0,76.873322
-0.782959,0.126656,-1.059295,1.047122,1.047128,-1.568217,-3.592396,-4.811357,-5.3646,-5.882635,0.003624,1.0,77.678284
0.754676,1.207478,-0.603734,-0.829017,-0.829018,-0.589802,-2.118882,-3.677381,-4.157899,-4.798403,0.002526,-1.0,77.034317
-0.794466,0.230288,-0.96718,0.835947,0.835948,-0.838225,-2.252154,-3.992321,-4.535401,-5.275026,0.003435,1.0,77.678284
1.244765,1.721735,-0.348994,-1.024754,-1.024747,0.451364,-0.73872,-2.56709,-3.221269,-4.083102,0.004234,-1.0,76.882278
-1.480887,0.091839,-1.561246,1.337834,1.337814,-0.608418,-1.587638,-3.33447,-4.226827,-5.041222,0.00433,1.0,77.91082
-0.515815,0.045852,-1.146263,0.149233,0.149237,-0.667119,-1.33768,-2.904621,-4.094442,-4.763546,0.004045,0.0,78.027092
-0.045936,0.574185,-0.287092,-0.183398,-0.183394,-0.266423,-0.970372,-2.213287,-3.612768,-4.216078,0.003554,0.0,77.883995
0.103254,0.883428,-0.183575,0.091872,0.091894,-0.28685,-0.738893,-1.82884,-3.322072,-3.957339,0.002506,0.0,77.955566
-0.410818,0.547762,-1.26669,0.53923,0.539237,-0.440505,-0.951749,-1.900433,-3.428068,-4.140608,0.002703,0.0,78.375931
-0.508529,0.327722,-0.904052,0.9814,0.98136,-1.096149,-1.627285,-2.446963,-3.905508,-4.795551,0.003489,1.0,79.145081
-0.293456,0.158014,-0.925507,0.124308,0.124343,-0.911973,-1.551934,-2.205433,-3.524281,-4.63568,0.004186,0.0,79.243492
0.971991,1.086341,-0.045732,-1.29797,-1.29797,0.475697,-0.106358,-0.767689,-1.851355,-3.121339,0.003703,-1.0,78.214935
-0.467721,0.399268,-1.209224,0.240145,0.240124,0.349081,-0.253249,-0.753669,-1.70431,-3.028976,0.003845,0.0,78.402748
-0.739731,0.523499,-0.921822,0.239561,0.239578,0.163867,-0.274282,-0.760229,-1.585311,-2.920693,0.004274,0.0,78.590584
0.434282,0.822858,-0.457145,-0.42108,-0.421094,0.361152,0.192005,-0.222474,-0.917141,-2.182398,0.003737,0.0,78.259644
1.226424,1.550384,-0.115698,-1.222857,-1.222854,1.101473,1.338659,0.980369,0.462801,-0.661346,0.002891,-1.0,77.302643
-0.116075,0.441088,-0.545562,-0.323959,-0.323967,1.128271,1.560079,1.310123,0.829371,-0.07057,0.00238,0.0,77.052208
0.291036,0.593716,-0.733417,-0.290192,-0.290176,1.012798,1.708956,1.531228,1.213027,0.450281,0.001487,0.0,76.828621
0.479593,0.479593,-0.467893,-0.477304,-0.477305,0.940458,1.946424,1.981515,1.73704,1.111704,0.000918,0.0,76.461914
1.456022,1.51569,-0.310302,-1.988533,-1.988532,2.102871,3.453869,3.786444,3.672267,3.196553,-0.000818,-1.0,74.941444
1.14637,1.411847,-0.844703,-1.097981,-1.098004,2.377231,3.91096,4.58712,4.583095,4.298311,-0.000731,-1.0,74.118584
0.840442,1.193671,-0.048721,-0.929172,-0.929164,2.350802,4.233872,5.163635,5.318524,5.112799,-0.001382,-1.0,73.429901
-1.358006,0.853262,-1.370026,1.352011,1.352015,0.338904,2.308622,3.444304,3.694874,3.655815,-0.001368,1.0,74.422684
0.582104,0.776133,-0.836772,-0.901334,-0.901317,0.5166,2.583058,3.967164,4.42577,4.483614,-0.002216,-1.0,73.7519
-0.203981,0.683955,-0.743935,1.06718,1.067145,-0.65273,1.000744,2.457431,3.096979,3.255125,-0.001391,1.0,74.53894
-0.678571,0.321425,-1.190476,0.791941,0.791969,-1.164296,-0.08215,1.287296,2.094043,2.308088,-0.00141,1.0,75.129265
0.514723,0.778072,-0.071819,-0.547618,-0.547631,-0.275315,0.155618,1.533003,2.444345,2.747432,-0.001203,-1.0,74.717834
-1.050627,0.847659,-1.229703,0.263348,0.263371,-0.405939,-0.362961,0.955888,1.972285,2.329972,-0.00167,0.0,74.914619
-0.698808,0.58036,-1.314699,0.799902,0.799851,-0.729572,-1.279136,-0.116829,0.973622,1.445493,-0.001387,1.0,75.513824
0.119089,0.583539,-0.488273,-0.544829,-0.54478,-0.035743,-0.716942,0.150037,1.257577,1.851598,-0.001544,-1.0,75.10244
-0.473823,0.094767,-0.841032,0.535902,0.535889,-0.469084,-1.062546,-0.542526,0.470269,1.175079,-0.001351,0.0,75.504906
2.146283,2.20623,-0.467626,-1.20824,-1.208266,0.714646,0.303376,0.454057,1.456256,2.235994,-0.002111,-1.0,74.592606
0.144121,0.288251,-1.056936,-0.167866,-0.167824,0.763848,0.477999,0.41154,1.362579,2.220494,-0.002611,0.0,74.467422
0.495164,1.111109,-0.241552,-0.552485,-0.552507,0.929955,1.077293,0.752817,1.619565,2.555074,-0.002905,-1.0,74.055984
-0.598086,0.382775,-0.753585,0.966178,0.966192,-0.124408,0.141142,-0.226485,0.413868,1.339707,-0.001921,1.0,74.771507
0.083811,0.335256,-0.622602,-0.095695,-0.0957,-0.244253,0.179596,-0.079026,0.335846,1.193486,-0.002067,0.0,74.699951
0.191337,0.550106,-0.514232,0.119739,0.119742,-0.310934,0.069352,-0.077345,0.064567,0.88925,-0.002119,0.0,74.789398
-0.178671,0.083383,-2.167957,0.394635,0.394601,-0.538388,-0.301344,-0.411328,-0.44488,0.315931,-0.001764,0.0,75.084518
-0.082978,0.936464,-0.426744,0.488391,0.488434,-0.651984,-0.794231,-0.745238,-0.995751,-0.338093,-0.00102,0.0,75.451256
-0.129901,0.212566,-0.507794,0.379326,0.379319,-0.772327,-1.085271,-1.01481,-1.317323,-0.847908,-0.000714,0.0,75.737457
0.398964,1.384653,-0.363761,0.637696,0.637691,-1.002115,-1.618169,-1.546591,-1.804747,-1.53298,-0.000311,1.0,76.220428
-0.789963,0.336897,-0.906133,1.009154,1.009173,-1.419629,-2.289749,-2.333511,-2.554625,-2.520006,0.000336,1.0,76.989624
-3.041565,0.349223,-3.334459,3.124994,3.124995,-3.320947,-4.629956,-4.916844,-5.19434,-5.344617,0.002559,1.0,79.395546
1.070244,1.855854,-0.489582,-1.058911,-1.05895,-1.49605,-3.03653,-3.641108,-3.873948,-4.224967,0.002576,-1.0,78.554787
1.233429,1.440922,-0.391926,-1.22965,-1.229642,0.207506,-1.466271,-2.227848,-2.480683,-2.896132,0.002445,-1.0,77.588844
-1.454049,0.511194,-1.840276,1.475503,1.475518,-0.611155,-2.386688,-3.376124,-3.669776,-4.073616,0.002499,1.0,78.733681
0.319233,0.855091,-0.079808,-0.363512,-0.363536,0.123148,-1.564227,-2.695986,-3.080588,-3.467775,0.002733,0.0,78.447456
0.772599,0.910979,-0.184505,-1.128717,-0.413381,0.213021,-0.766667,-1.980115,-2.472927,-2.877603,0.002089,0.0,78.123169
-0.367647,0.597423,-0.562957,0.369004,0.369012,-0.191978,-0.753982,-1.970182,-2.64672,-2.996981,0.001905,0.0,78.411453
-0.04618,0.577234,-0.300164,-0.482534,-0.482547,0.405837,0.021434,-1.216199,-1.986885,-2.347516,0.001933,0.0,78.033081
0.549068,1.063089,-0.619157,-1.177563,-1.177576,1.182255,1.329198,0.169632,-0.714609,-1.080921,0.001307,-1.0,77.114182
0.257765,0.31635,-0.609251,-0.292056,-0.292041,1.07323,1.612898,0.645069,-0.274475,-0.678241,0.000832,0.0,76.888977
-0.595658,0.058392,-1.249708,0.31635,0.316333,0.497557,0.99904,0.504684,-0.416204,-0.876436,0.001206,0.0,77.132202
0.105369,0.45662,-0.433208,-0.245269,-0.245245,0.36294,1.037871,0.881028,0.016231,-0.558442,0.000867,0.0,76.943039
-0.105271,0.549773,-0.233942,0.093659,0.093633,0.004692,0.868855,0.897253,0.068329,-0.552127,0.001433,0.0,77.015083
-0.503159,0.620172,-0.549966,-0.035091,-0.035098,0.007038,0.67753,0.99915,0.252065,-0.440151,0.001491,0.0,76.988052
-0.081937,0.866204,-0.632098,-0.035103,-0.03509,0.060869,0.519731,1.032127,0.428342,-0.282106,0.001716,0.0,76.961037
0.187723,1.537015,-0.129063,-0.234106,-0.234094,0.204141,0.580772,1.042167,0.774458,0.072398,0.001194,0.0,76.780876
-1.776508,0.229223,-2.097423,2.370054,2.370043,-1.693986,-1.72378,-1.293246,-1.358306,-2.013174,0.002266,1.0,78.600616
-0.674213,0.262823,-0.674213,0.297997,0.298,-1.524403,-1.914071,-1.48115,-1.454937,-2.098138,0.002343,0.0,78.834846
0.275701,0.585864,-1.114303,-0.525653,-0.525653,-0.638715,-1.229182,-0.987175,-0.793923,-1.391022,0.001943,-1.0,78.420448
1.237447,1.319165,-0.070051,-1.596782,-1.596784,1.027317,0.409756,0.508988,0.827462,0.332408,0.001037,-1.0,77.168243
-0.786865,0.193864,-1.231612,2.369832,2.369813,-0.750355,-1.678625,-1.744005,-1.531872,-1.792133,0.001902,1.0,78.996986
-2.245561,0.122892,-2.815332,2.075493,2.075536,-2.263455,-3.219777,-3.557912,-3.404972,-3.531807,0.002527,1.0,80.636597
-0.575026,0.353865,-0.840431,1.027816,1.027806,-2.611972,-3.658089,-4.258185,-4.149756,-4.231981,0.002535,1.0,81.465385
0.612741,1.080661,-0.311942,-0.740902,-0.740917,-1.28119,-2.45989,-3.23455,-3.302694,-3.287528,0.000854,-1.0,80.861794
-0.760249,0.49581,-2.677391,1.114082,1.114087,-1.245042,-2.947335,-3.903339,-4.165383,-4.11961,0.001799,1.0,81.762665
0.331047,0.827632,-0.47451,-0.154252,-0.154262,-0.445806,-2.202598,-3.387032,-3.802135,-3.861671,0.002267,0.0,81.636536
0.721662,0.754968,-0.58843,-0.606933,-0.606919,0.286441,-1.292331,-2.452173,-3.046524,-3.147131,0.001361,-1.0,81.141068
-1.359498,0.043856,-1.819972,1.265681,1.265669,-0.795958,-2.120372,-3.253291,-4.006681,-4.134727,0.00207,1.0,82.168045
0.065815,0.789812,-0.537523,-0.054813,-0.05481,-0.434402,-1.61584,-2.783384,-3.649079,-3.917069,0.002226,0.0,82.123009
-0.9772,0.097724,-1.411504,1.031147,1.031147,-1.159606,-1.920732,-3.292791,-4.26601,-4.679689,0.002513,1.0,82.969818
0.152471,1.001958,-0.424744,-0.304015,-0.304008,-0.596824,-1.171858,-2.519425,-3.636466,-4.166851,0.002591,0.0,82.717583
0.548607,1.031384,-0.504717,-0.74058,-0.740596,0.379644,-0.255638,-1.507558,-2.603127,-3.271877,0.002781,-1.0,82.10498
-0.447016,0.228957,-0.850413,0.636386,0.636389,-0.143913,-0.745743,-1.824386,-2.879409,-3.661136,0.003185,1.0,82.627487
0.16317,1.163929,-0.859351,0.228957,0.228972,-0.204513,-0.736438,-1.694774,-2.749381,-3.605794,0.003147,0.0,82.816681
1.591506,2.707777,-0.022109,-1.577284,-1.577281,1.036681,0.823373,0.235768,-0.911815,-1.83423,0.002568,-1.0,81.510429
-1.598348,0.652386,-1.783189,1.646771,1.646766,-0.567581,-0.663266,-1.077891,-2.150706,-3.148423,0.003243,1.0,82.852715
2.063458,2.307524,-0.199689,-1.989781,-1.989785,1.229203,1.361215,0.977,-0.003882,-0.972266,0.002393,-1.0,81.204124
0.100417,0.133887,-1.773955,-0.565789,-0.565777,1.338835,1.761678,1.492051,0.683357,-0.224041,0.002162,-1.0,80.74469
-0.156179,0.568946,-0.345824,0.011159,0.01115,0.816603,1.580766,1.471811,0.816598,-0.04864,0.002269,0.0,80.753693
0.82179,0.923112,-0.574133,-0.903611,-0.903611,1.364402,2.138913,2.252236,1.914326,1.015868,0.000846,-1.0,80.023994
-1.09509,0.335236,-1.553246,0.742988,0.742995,0.062573,1.12526,1.413931,1.263264,0.461273,0.001039,1.0,80.618568
-0.044446,0.522223,-0.422219,0.569898,0.569897,-0.535558,0.425551,0.834066,0.716659,0.014214,0.001515,1.0,81.078011
-1.513827,0.021935,-1.601587,1.288893,1.28888,-1.46555,-0.913773,-0.452682,-0.5249,-1.098287,0.00277,1.0,82.123009
0.450603,0.538526,-0.406633,-0.186492,-0.186473,-0.984729,-0.831966,-0.279162,-0.271469,-0.740312,0.001659,0.0,81.969872
0.386696,0.519281,-0.17678,-0.527526,-0.527554,-0.088374,-0.302715,0.132595,0.243631,0.000454,0.000527,-1.0,81.537437
1.332291,1.925662,-0.15674,-1.314774,-1.314778,1.204673,0.728858,1.28006,1.506399,1.40575,-0.000492,-1.0,80.465401
-0.178149,0.656947,-0.423113,0.548587,0.548603,0.610176,0.142527,0.628739,0.938094,0.865831,6.9e-05,0.0,80.906837
0.111742,0.458156,-0.759861,-0.356308,-0.356297,0.596705,0.484964,0.822433,1.202921,1.184482,-0.00057,0.0,80.618568
0.335828,1.007501,-0.134337,-0.178786,-0.178795,0.405232,0.630245,0.808984,1.281761,1.346465,-0.000581,0.0,80.474426
0.475326,0.611137,-0.837481,-1.085863,-1.085879,1.020834,1.681771,1.755712,2.181998,2.350399,-0.000789,-1.0,79.600571
-0.384091,0.022598,-0.779479,0.181073,0.181082,0.657486,1.388395,1.311955,1.8109,2.070502,-0.001261,0.0,79.744713
-0.93849,0.520127,-0.93849,-0.090369,-0.090345,0.438696,1.303687,1.275422,1.75032,2.089079,-0.001276,0.0,79.672668
0.283897,1.146948,-0.499654,-0.429674,-0.429681,0.547346,1.388816,1.593602,1.981596,2.386546,-0.001911,0.0,79.33033
-0.566251,0.294445,-0.792758,0.272547,0.272534,0.04077,0.808604,1.216308,1.498868,1.978708,-0.001661,0.0,79.546532
-0.375036,0.090922,-1.216047,-0.351082,-0.351074,0.309127,0.877369,1.50926,1.714965,2.151151,-0.001491,0.0,79.267265
0.434888,0.652323,-0.286107,-0.693262,-0.693281,0.748476,1.359596,2.056933,2.162412,2.661039,-0.002069,-1.0,78.71772
-0.238446,0.681274,-0.715338,0.789658,0.789663,-0.124895,0.367897,1.111244,1.244473,1.717279,-0.001826,1.0,79.339325
0.307732,0.524275,-0.524275,-0.374704,-0.374703,0.177802,0.545938,1.231676,1.517561,1.918405,-0.001303,0.0,79.042038
-0.091026,0.69413,-0.705502,0.159561,0.159562,-0.077377,0.220762,0.834477,1.255698,1.571699,-0.001949,0.0,79.168159
1.186097,1.197606,-0.126662,-1.183433,-1.183435,0.854447,1.24598,1.760335,2.353765,2.620464,-0.001599,-1.0,78.231255
0.242465,1.235422,-0.057734,-0.264849,-0.264846,0.944459,1.294309,1.821961,2.459302,2.645425,-0.001468,0.0,78.024063
0.254366,0.531852,-0.300607,-0.138556,-0.138568,0.719167,1.209401,1.707342,2.398559,2.619049,-0.001533,0.0,77.915947
0.01151,0.621404,-0.391259,0.474048,0.474071,0.050617,0.598374,1.028756,1.670298,2.009195,-0.000934,0.0,78.285324
-0.080229,0.068766,-0.962746,0.402759,0.402747,-0.49513,0.074497,0.464567,1.048139,1.490434,-0.001082,0.0,78.600616
-1.209859,0.03392,-2.758935,1.363899,1.363923,-1.472204,-1.221192,-0.881222,-0.428562,0.10717,-0.000737,1.0,79.672668
-0.452943,0.147213,-1.358846,-0.146997,-0.147019,-0.94213,-0.970443,-0.751137,-0.339142,0.201114,-0.001361,0.0,79.555534
-1.492209,0.690418,-1.492209,1.687244,1.687259,-1.84856,-2.420951,-2.296972,-1.993334,-1.470394,-0.000546,1.0,80.897842
1.14645,1.157692,-0.348429,-0.924278,-0.924303,-0.467559,-1.372363,-1.317289,-1.108228,-0.649647,-0.000719,-1.0,80.150101
-0.748936,0.190027,-1.117818,0.550745,0.550743,-0.518651,-1.735958,-1.771357,-1.64262,-1.262226,9.2e-05,1.0,80.591522
0.111801,0.413642,-0.435997,-0.01118,-0.01117,-0.281719,-1.433197,-1.651571,-1.570704,-1.298597,-0.000151,0.0,80.58252
0.34757,0.34757,-0.560601,-0.29066,0.416573,-0.358593,-1.484434,-1.878272,-1.906522,-1.685671,0.000185,0.0,80.918205
-0.268184,0.301714,-0.581067,0.336356,0.336353,-0.620555,-1.411381,-2.055208,-2.14189,-2.001277,0.000409,0.0,81.190376
-0.077986,0.256234,-0.245099,0.301714,0.301727,-0.603859,-1.321141,-2.153918,-2.307021,-2.255957,0.001012,0.0,81.435349
1.255089,1.390769,-0.350526,-1.470588,-1.470579,0.791482,0.355707,-0.604667,-0.805852,-0.808897,0.000294,-1.0,80.237778
-0.439188,0.394143,-0.777029,0.407057,0.407039,0.378381,0.059559,-0.81454,-1.127472,-1.163154,0.00051,0.0,80.564377
-2.388969,0.08972,-2.725438,0.405407,0.405407,-0.033646,-0.179359,-0.978742,-1.392357,-1.505546,0.000873,0.0,80.890991
-1.513815,0.1326,-1.513815,1.502912,1.502923,-1.290609,-1.51014,-2.104649,-2.683886,-2.845343,0.001408,1.0,82.10672
0.690888,1.002898,-0.200579,-0.839781,-0.839788,-0.459099,-0.520399,-1.019127,-1.713853,-1.920013,0.001196,-1.0,81.417198
-0.46496,0.022137,-0.619955,0.657459,0.657479,-0.690817,-1.004115,-1.392986,-2.185967,-2.443224,0.001783,1.0,81.952499
-1.098664,1.131297,-1.131297,1.771281,1.77127,-1.738281,-2.388779,-2.810923,-3.578256,-3.942744,0.00221,1.0,83.404099
0.759412,1.441775,-0.231124,-1.163928,-1.16393,-0.206911,-1.055473,-1.433651,-2.175314,-2.631242,0.001867,-1.0,82.433334
-0.839965,0.021822,-1.24359,0.891478,0.891473,-0.833417,-1.691933,-2.12259,-2.723928,-3.307437,0.002185,1.0,83.168205
-0.130438,0.815217,-0.239132,0.359989,0.359985,-0.697817,-1.80108,-2.208697,-2.762415,-3.442182,0.002856,0.0,83.467598
-0.097673,0.054269,-0.889949,0.152173,0.152181,-0.455829,-1.548731,-2.117794,-2.611464,-3.377096,0.003037,0.0,83.59462
0.413274,0.543774,-0.239254,-0.20621,-0.206208,-0.245787,-1.002719,-1.6886,-2.185491,-2.928538,0.003008,0.0,83.422241
-0.699452,0.043044,-1.237492,1.0658,1.065782,-0.852245,-1.641007,-2.457034,-2.934948,-3.653909,0.003265,1.0,84.31134
-0.010769,0.77578,-0.150846,-0.129132,-0.12913,-0.478389,-1.264938,-2.092434,-2.613215,-3.230699,0.003034,0.0,84.202469
0.238587,0.422947,-0.76998,-0.646481,-0.64646,0.214715,-0.354634,-1.27825,-1.769888,-2.34416,0.00216,-1.0,83.658134
1.318124,2.115644,-0.02215,-2.093048,-2.093059,1.945058,1.770049,0.9681,0.41039,-0.094993,0.001314,-1.0,81.90712
0.499671,0.85499,-0.144346,-0.243687,-0.243672,1.774359,1.811001,1.308005,0.724504,0.248659,0.000474,0.0,81.707535
0.0,0.665195,-0.299331,0.155451,0.155431,1.011094,1.579829,1.227651,0.624176,0.204479,0.000944,0.0,81.834534
-0.310351,0.332516,-0.310351,0.022177,0.022179,0.414546,1.396586,1.184514,0.642321,0.228921,0.000714,0.0,81.852684
-0.885244,0.327872,-1.06011,1.418753,1.41875,-1.14535,-0.076498,-0.102726,-0.670486,-1.03519,0.001336,1.0,83.013969
-2.017046,0.248089,-2.157265,1.322403,1.322403,-1.911331,-1.319162,-1.235387,-1.736591,-2.159416,0.001729,1.0,84.111748
1.00055,2.707999,-0.282757,-0.819763,-0.819751,-0.689511,-0.503539,-0.417622,-0.753129,-1.214576,0.001227,-1.0,83.422241
1.294569,1.294569,-0.35107,-0.870033,-0.870058,0.390577,0.174453,0.477616,0.227115,-0.26153,0.000717,-1.0,82.696419
0.243141,0.39787,-0.464196,-0.735051,-0.735037,1.19142,0.65871,1.133952,0.968171,0.52078,0.001037,-1.0,82.08857
-0.931718,0.230186,-1.490738,0.828912,0.828931,0.300322,-0.276242,0.246246,0.219758,-0.241165,0.00122,1.0,82.769028
-0.737207,0.390286,-1.496094,1.107086,1.107082,-0.899832,-1.155688,-0.844182,-0.774075,-1.168697,0.001526,1.0,83.685349
-0.701339,0.226585,-1.230038,0.477019,0.477007,-1.212772,-1.342252,-1.262407,-1.204681,-1.470433,0.00108,0.0,84.084534
-0.877005,0.898391,-0.930484,0.884765,0.884773,-1.576471,-1.854551,-2.087706,-1.929952,-2.148882,0.001829,1.0,84.828491
0.519316,1.103535,-0.346207,-1.144385,-1.144375,-0.015154,-0.479296,-0.981657,-0.753558,-0.932612,0.001046,-1.0,83.857735
-0.958019,0.043057,-1.205601,0.508495,0.508469,-0.161453,-0.832069,-1.433074,-1.207204,-1.297731,0.000497,0.0,84.284126
-0.225443,0.042941,-0.869572,0.269107,0.269108,-0.234024,-1.050985,-1.49221,-1.418137,-1.441539,0.00112,0.0,84.510941
-0.214084,0.492399,-0.214084,0.289851,0.289852,-0.363939,-1.17961,-1.537136,-1.624376,-1.66259,0.000858,0.0,84.755898
0.874452,2.061971,-0.021587,-0.845644,-0.845639,0.297962,-0.177042,-0.522505,-0.801572,-0.747486,0.000334,-1.0,84.039169
-0.15065,0.559558,-0.516521,0.323872,0.323862,0.081786,-0.235649,-0.649224,-1.115344,-1.013656,0.000409,0.0,84.31134
0.193548,0.806452,-0.043012,0.075326,0.075334,0.027953,-0.120428,-0.616485,-1.147309,-1.045159,0.000531,0.0,84.374855
0.723774,1.804038,-0.010805,-0.462366,-0.462366,0.367287,0.379174,-0.164917,-0.564435,-0.56692,-0.000133,0.0,83.984734
-0.300815,0.923936,-0.580147,0.550937,0.550942,-0.255701,-0.127852,-0.631003,-0.94704,-1.063176,0.000162,1.0,84.447441
0.942573,1.430119,-1.386789,-0.837988,-0.837985,0.515701,0.586123,0.291796,0.003784,-0.254395,7.9e-05,-1.0,83.739784
-1.636557,1.849095,-2.231666,1.950157,1.950139,-1.158329,-1.160457,-1.370158,-1.702961,-2.10753,0.001837,1.0,85.372826
-0.211712,0.296389,-0.613954,0.393202,0.393199,-1.234244,-1.381381,-1.527809,-1.930758,-2.395244,0.002114,0.0,85.708511
0.053141,0.722789,-0.159441,-0.412828,-0.412827,-0.50382,-0.873718,-0.989219,-1.451413,-1.82907,0.001867,0.0,85.354683
-0.126398,0.294922,-0.473988,0.914116,0.914119,-1.013271,-1.61154,-1.727401,-2.186637,-2.512737,0.002255,1.0,86.134926
0.747381,1.003624,-0.288282,-1.348218,-1.348208,0.629926,-0.156958,-0.372986,-0.715891,-1.032675,0.001052,-1.0,84.973648
0.459353,0.587547,-0.245705,-0.053388,-0.053405,0.579005,-0.030968,-0.235718,-0.495658,-0.834938,0.000454,0.0,84.928268
-0.245539,0.010678,-0.918117,0.064093,0.064114,0.343752,-0.023493,-0.244837,-0.42917,-0.80581,0.000838,0.0,84.982719
-0.892103,0.021236,-1.146986,0.523119,0.523106,-0.161427,-0.374894,-0.692438,-0.845367,-1.260404,0.001444,0.0,85.427269
0.202217,0.457642,-1.02171,-0.21241,-0.212394,-0.157522,-0.069189,-0.442751,-0.566207,-0.964673,0.001671,0.0,85.245827
-1.025588,0.042293,-1.036164,0.659858,0.659865,-0.617482,-0.483208,-0.957937,-1.160939,-1.468824,0.001597,1.0,85.808334
-0.910616,0.701275,-0.973414,1.015013,1.015003,-1.212058,-1.332433,-1.770992,-1.991319,-2.247021,0.001557,1.0,86.679291
-0.489993,0.604673,-0.719344,0.397736,0.397729,-1.13427,-1.57214,-1.957183,-2.222162,-2.438694,0.001523,0.0,87.02404
-0.321607,0.342361,-0.746966,0.489993,0.490005,-1.153649,-1.812436,-2.17105,-2.530874,-2.742202,0.001351,0.0,87.450462
-0.06222,0.051842,-0.715473,0.051876,0.051875,-0.690589,-1.707805,-1.989504,-2.424835,-2.636676,0.001871,0.0,87.495827
0.825928,1.390487,-0.42865,-0.819162,-0.819157,0.353363,-0.687937,-0.946522,-1.461072,-1.742619,0.001294,-1.0,86.779099
-0.915043,0.051994,-1.684512,0.543645,0.543627,-0.05822,-0.958709,-1.338596,-1.825408,-2.118328,0.001413,0.0,87.250854
0.758044,1.225337,-0.155764,0.135182,0.135212,-0.114244,-0.819337,-1.345128,-1.786632,-2.109271,0.001346,0.0,87.368828
0.343252,1.331391,-0.468064,-0.166152,-0.166152,-1e-05,-0.448319,-1.038089,-1.437509,-1.82195,0.001642,0.0,87.223663
-0.364165,0.239304,-0.686717,-0.031202,0.65979,-0.586379,-0.810031,-1.560384,-1.892678,-2.326826,0.001788,1.0,87.799156
0.813177,1.344872,-0.083405,-0.197693,-0.19768,-0.196262,-0.406175,-1.16364,-1.476628,-1.969648,0.001669,0.0,87.625595
-0.176713,0.758839,-0.800413,0.291909,0.291914,-0.343259,-0.559271,-1.227294,-1.620669,-2.092485,0.001997,0.0,87.881386
0.469971,0.522193,-0.856397,-0.467772,-0.467775,0.148303,-0.040908,-0.573494,-1.057605,-1.490792,0.001554,0.0,87.470299
-0.361718,0.372056,-1.167843,1.054832,1.054828,-0.632495,-0.977672,-1.38765,-1.918521,-2.319565,0.002377,1.0,88.39296
0.311013,0.362844,-0.953761,-0.310049,-0.31006,-0.250869,-0.598982,-0.86358,-1.500891,-1.849096,0.001394,0.0,88.118889
0.416444,0.635087,-0.322754,-0.425043,-0.425034,0.201977,-0.064683,-0.293322,-0.922564,-1.247585,0.001038,0.0,87.744354
0.291401,0.551574,-0.156097,0.041638,0.04164,0.137373,-0.045897,-0.25116,-0.801318,-1.178958,0.001236,0.0,87.780891
0.124426,1.503522,-0.362926,0.364248,0.364257,-0.082965,-0.3256,-0.531716,-0.984392,-1.429005,0.000997,0.0,88.100639
0.816154,1.109132,-0.041855,-0.902117,-0.902115,0.577577,0.591179,0.362729,0.024561,-0.442291,0.001191,-1.0,87.30587
-0.851683,0.643958,-1.173657,0.74291,0.742886,-0.201481,-0.132932,-0.342591,-0.559049,-1.093689,0.001537,1.0,87.954453
-0.423462,0.09296,-1.394339,0.560865,0.560869,-0.599042,-0.596976,-0.772647,-0.964463,-1.488215,0.001753,1.0,88.447762
0.134393,1.530028,-0.38251,-0.092953,-0.092953,-0.374233,-0.449701,-0.596229,-0.776907,-1.240966,0.001485,0.0,88.365547
0.197058,1.161588,-0.217796,-0.320485,-0.320464,-0.05809,-0.060164,-0.222646,-0.397834,-0.7827,0.001438,0.0,88.082367
0.610581,0.641626,-0.331159,0.217796,0.217788,-0.055887,-0.290802,-0.360138,-0.567627,-0.86931,0.001246,0.0,88.2742
0.092931,0.258131,-1.00155,0.227674,0.227661,-0.165196,-0.477016,-0.535526,-0.738136,-0.948479,0.000904,0.0,88.475166
-1.31151,0.172832,-1.647014,1.559115,1.559119,-1.384707,-1.770026,-1.89711,-2.09085,-2.288977,0.001409,1.0,89.854599
0.710391,1.472255,-0.144136,-1.250512,-1.250495,-0.053545,-0.419036,-0.590971,-0.767592,-0.959143,0.000652,-1.0,88.730972
0.237353,0.753349,-0.361196,-0.236791,-0.236815,0.282772,-0.135184,-0.275878,-0.466967,-0.656407,0.000526,0.0,88.520844
0.227595,0.682802,-0.206916,-0.247676,-0.247677,0.537972,0.225537,-0.035169,-0.158797,-0.371188,0.000775,0.0,88.301598
-0.103123,0.866244,-0.206253,0.320709,0.320722,0.241308,-0.023723,-0.31969,-0.433643,-0.640527,0.000678,0.0,88.584801
-0.133763,0.30867,-0.720243,0.226875,0.226888,-0.226374,-0.211972,-0.467142,-0.593698,-0.775045,0.000718,0.0,88.785789
-1.378472,0.07095,-1.378472,1.512503,1.512486,-1.402798,-1.503142,-1.776472,-1.950133,-2.125728,0.001448,1.0,90.128662
-0.683761,0.170946,-1.307185,0.800723,0.80073,-1.673201,-1.980896,-2.354954,-2.542988,-2.749925,0.001509,1.0,90.850349
0.739618,1.124621,-0.324215,-0.754148,-0.754152,-0.512658,-1.02634,-1.401552,-1.704151,-1.880443,0.001267,-1.0,90.165199
0.202816,0.912687,-0.243381,-0.091181,-0.091173,-0.089245,-0.757537,-1.15405,-1.505434,-1.689493,0.001101,0.0,90.082993
-0.081039,0.455832,-0.861019,0.111551,0.111548,0.109396,-0.831649,-1.135878,-1.47995,-1.685582,0.001352,0.0,90.183479
-0.234473,1.050063,-1.539397,-0.638174,-0.638186,0.636161,-0.096839,-0.408458,-0.745224,-0.977052,0.000616,-1.0,89.607941
-0.628798,0.507099,-1.004054,0.519933,0.519945,-0.056798,-0.441179,-0.776204,-1.149091,-1.373635,0.000977,0.0,90.073853
-0.212657,0.334179,-0.394936,0.152132,0.152123,-0.198477,-0.380754,-0.783795,-1.138226,-1.442833,0.001228,0.0,90.210876
-1.473961,0.059752,-1.643265,1.681017,1.68103,-1.489903,-1.685102,-2.187709,-2.566989,-2.914862,0.001941,1.0,91.727348
0.672494,1.043863,-0.050181,-0.776822,-0.776835,-0.535978,-0.670474,-1.33694,-1.663147,-2.011035,0.001445,-1.0,91.014778
1.138793,1.301473,-0.061004,-1.284753,-1.284757,0.811397,0.590757,0.029835,-0.300956,-0.643814,0.001278,-1.0,89.845459
0.909277,0.939933,-0.040867,-0.477886,-0.477886,1.148353,0.913373,0.576908,0.25236,-0.107877,0.000748,0.0,89.4161
0.583478,0.951992,-0.286619,-0.19411,-0.194097,1.12805,1.006237,0.842796,0.501579,0.173192,0.000419,0.0,89.242546
-0.852874,0.467051,-0.852874,0.818913,0.818898,-0.083252,0.173632,0.12659,-0.231484,-0.550705,0.000816,1.0,89.973351
0.787004,1.073184,-0.153305,-0.659968,-0.659961,0.214637,0.749186,0.836065,0.404749,0.151683,0.000668,-1.0,89.379562
-0.213848,0.061105,-0.661908,0.367949,0.367942,-0.183294,0.391048,0.435177,0.091152,-0.155589,0.000734,0.0,89.708427
1.225788,1.297892,-0.030901,-1.140524,-1.140525,0.803463,1.392669,1.431128,1.255157,1.023492,0.000139,-1.0,88.68528
-0.092635,0.607242,-0.586669,0.082408,0.082423,0.611348,1.145521,1.241927,1.1975,0.962114,-0.000503,0.0,88.758377
-0.692818,0.264903,-0.93734,1.018936,1.018925,-0.472746,-0.104942,0.189508,0.236886,-0.003257,0.000483,1.0,89.662758
-0.426394,0.375638,-0.568526,0.356595,0.356595,-0.692384,-0.574618,-0.181385,-0.052788,-0.352888,0.000741,0.0,89.982491
-0.645551,0.332865,-0.968327,0.649745,0.649752,-1.143839,-1.13678,-0.755163,-0.673796,-0.915071,0.001131,1.0,90.567154
0.646072,0.817691,-0.090851,-0.080695,-0.080694,-0.664244,-0.937819,-0.644057,-0.613266,-0.747831,0.000957,0.0,90.494072
-0.581689,0.060173,-0.64186,0.656169,0.656171,-0.800325,-1.381012,-1.227566,-1.210515,-1.272494,0.001144,1.0,91.087868
-0.429785,0.079954,-0.8096,0.340993,0.340981,-0.757618,-1.560218,-1.587205,-1.47426,-1.484853,0.000634,0.0,91.39846
-0.488288,0.338818,-0.488288,0.299845,0.299848,-0.685595,-1.60438,-1.833579,-1.687589,-1.653407,0.000416,0.0,91.672516
-0.368272,0.268734,-0.567333,0.119584,0.119593,-0.53947,-1.495974,-1.810166,-1.686579,-1.698821,0.000796,0.0,91.78215
-0.189012,0.089538,-0.497413,0.049762,0.049759,-0.298447,-1.202744,-1.68391,-1.639972,-1.705132,0.000858,0.0,91.82782
-0.119704,0.289278,-0.478806,-0.2686,-0.268593,0.077797,-0.628437,-1.248888,-1.300259,-1.378562,0.000692,0.0,91.581177
-0.85056,0.247255,-1.068146,0.857856,0.857859,-0.563751,-1.180902,-1.916077,-2.105146,-2.118496,0.001343,1.0,92.366814
0.526263,0.933376,-0.099293,-0.395611,-0.395624,-0.097302,-0.568956,-1.336508,-1.662693,-1.650678,0.000945,0.0,92.001389
-0.019804,0.9504,-0.336604,0.297888,0.297898,-0.287105,-0.679148,-1.444089,-1.823096,-1.827155,0.001008,0.0,92.275459
0.579018,0.748727,-0.099828,-0.831605,-0.831618,0.479197,0.264559,-0.411957,-0.885487,-0.941193,-8.4e-05,-1.0,91.50808
0.776135,0.836611,-0.534219,-0.95837,-0.958377,1.241823,1.18437,0.68946,0.150199,0.035896,-0.000163,-1.0,90.631088
-0.571542,0.160429,-1.41382,0.524145,0.524152,0.437179,0.624689,0.270064,-0.309836,-0.512985,0.000623,0.0,91.106133
-1.354829,0.009883,-1.819624,1.393763,1.393773,-0.862351,-0.682364,-0.93553,-1.518007,-1.821607,0.001437,1.0,92.375946
-0.550799,0.599981,-0.914724,0.543903,0.543893,-1.268808,-1.101596,-1.305524,-1.880095,-2.222085,0.001758,0.0,92.878372
-0.207087,0.108464,-0.700135,-0.255723,-0.255722,-0.77113,-0.76028,-0.898005,-1.415048,-1.832168,0.001291,0.0,92.640862
-2.612113,0.057625,-2.631324,2.682174,2.682171,-2.418124,-2.979921,-3.203679,-3.655518,-4.149036,0.002744,1.0,95.125648
-0.506449,0.573338,-0.965125,0.499381,0.499394,-1.962741,-3.123756,-3.391631,-3.823706,-4.38988,0.002801,0.0,95.6007
1.058098,1.096575,-0.057712,-0.659344,-0.659347,-0.765683,-2.168145,-2.518919,-2.922761,-3.519818,0.00301,-1.0,94.97036
0.482253,0.742667,-0.318289,-0.269333,-0.269329,-0.109959,-1.646421,-2.049261,-2.441654,-3.047847,0.002857,0.0,94.714577
-0.336027,0.297616,-0.585638,0.462967,0.462969,-0.042252,-1.716602,-2.267676,-2.646421,-3.222746,0.002615,0.0,95.153076
-0.687549,0.238732,-0.735298,0.537632,0.537624,-0.464091,-1.716005,-2.505731,-2.92781,-3.451492,0.002694,0.0,95.664642
-0.009563,0.181785,-0.459238,-0.190989,-0.190988,-0.298503,-1.06965,-2.101671,-2.528224,-3.022962,0.002329,0.0,95.481934
-0.509467,0.317218,-1.201576,-0.468808,0.163667,-0.321753,-0.890197,-2.008124,-2.480164,-2.944875,0.002435,0.0,95.638206
-0.926369,0.085955,-1.146019,0.653658,0.653664,-0.647303,-1.182197,-2.368323,-2.880719,-3.338478,0.002434,1.0,96.263359
0.995168,1.0628,-0.057969,-1.155572,-1.15556,0.513758,0.236855,-0.971704,-1.570702,-2.012668,0.001783,-1.0,95.150978
1.106005,1.145148,-0.391505,-1.285026,-1.285028,1.452477,1.414216,0.551424,-0.164452,-0.616152,0.001094,-1.0,93.928261
1.111878,1.121809,-0.277977,-1.409411,-1.409413,2.28134,2.540438,2.096731,1.275588,0.856692,0.000429,-1.0,92.604424
-0.43367,0.118276,-0.857484,0.724706,0.7247,1.038838,1.620972,1.426455,0.615224,0.199786,0.000723,1.0,93.275528
-0.656996,0.392228,-0.656996,0.512521,0.51253,-0.011771,1.000289,0.971501,0.181001,-0.227038,0.001062,0.0,93.753593
-0.273864,0.283647,-1.203048,0.254947,0.254947,-0.51252,0.619984,0.810608,0.058409,-0.388633,0.0008,0.0,93.992615
-0.517325,0.351392,-0.517325,0.205398,0.205401,-0.661788,0.256706,0.537433,0.04201,-0.482205,0.001061,0.0,94.185677
0.019566,0.547736,-0.195615,-0.204977,-0.20498,-0.162363,0.304184,0.629881,0.401046,-0.208606,0.000843,0.0,93.992615
1.136926,1.601577,-0.029658,-1.066115,-1.066121,0.852203,1.100347,1.572341,1.516023,0.909304,0.000741,-1.0,92.99054
-0.461646,0.21609,-0.579508,0.652492,0.652494,0.165017,0.160106,0.834303,0.896336,0.311636,0.001441,1.0,93.597298
-0.029351,0.176075,-1.095571,0.412538,0.412536,-0.24846,-0.375623,0.337065,0.553238,0.004866,0.001393,0.0,93.983421
0.383903,0.95482,-0.029528,-0.626046,-0.626046,0.210655,0.194907,0.807171,1.094063,0.753263,0.000515,-1.0,93.395042
-0.409722,0.078035,-1.151107,0.905607,0.905602,-0.636033,-0.530676,-0.185344,0.114621,-0.017921,0.000672,1.0,94.240829
-0.117523,0.264417,-0.577812,-0.390207,-0.390201,-0.058762,-0.077367,0.080306,0.448356,0.437534,0.000613,0.0,93.8731
0.0,0.117389,-0.342397,0.107727,0.10772,-0.086085,-0.161411,-0.18978,0.300878,0.376103,-0.000506,0.0,93.97422
0.137173,0.31354,-0.137174,-0.156528,-0.156526,0.037236,-0.02253,-0.127369,0.387462,0.584037,-0.000791,0.0,93.827126
0.274294,0.744508,-0.431037,0.0196,0.019604,0.113632,-0.078372,-0.152822,0.270865,0.509759,-0.000496,0.0,93.84552
0.256059,0.669687,-0.157577,-0.528998,-0.529002,0.454995,0.384087,0.431361,0.68988,0.947803,-0.000609,-1.0,93.349075
-1.55204,0.184308,-1.61024,1.526487,1.526499,-0.865269,-0.93705,-0.973262,-0.869631,-0.578281,-0.000146,1.0,94.774048
0.04857,0.514819,-0.514812,-0.135803,-0.135814,-0.588631,-0.691593,-0.775775,-0.820294,-0.445995,-0.000439,0.0,94.645332
1.617196,2.060937,-0.335277,-1.495865,-1.495862,0.792818,0.735623,0.676459,0.58278,0.983283,-0.001007,-1.0,93.229568
1.283722,1.704949,-0.110321,-1.676368,-1.676346,2.035886,2.264547,2.209721,2.174286,2.530518,-0.001807,-1.0,91.666718
-0.22053,0.852044,-0.330796,0.050148,0.050121,1.627914,1.937655,1.992787,2.074484,2.31476,-0.002069,0.0,91.712662
0.060247,0.190766,-1.676705,-0.160389,-0.16037,1.090356,1.849388,2.052868,2.145071,2.301196,-0.001636,0.0,91.565582
1.349693,1.840486,-0.296525,-1.807224,-1.807229,1.897748,3.271976,3.657796,3.811341,3.901423,-0.001863,-1.0,89.910782
0.020562,0.154244,-1.151674,-0.562375,-0.562386,1.61852,3.361447,3.902662,4.141908,4.231986,-0.001495,-1.0,89.405136
-1.768484,1.296223,-2.230701,2.334187,2.334196,-0.737539,0.746585,1.394025,1.619272,1.747991,-0.000795,1.0,91.492027
-0.990688,0.237763,-1.386964,1.426854,1.426829,-1.900121,-0.730117,-0.136036,0.12534,0.324964,-0.000398,1.0,92.797462
0.049532,0.891531,-0.148582,0.009902,0.009916,-1.642393,-0.951947,-0.222544,0.105506,0.294809,-0.000504,0.0,92.806664
0.109139,0.615143,-0.2282,-0.15849,-0.15848,-0.892956,-1.009033,-0.158751,0.213805,0.406781,-0.000663,0.0,92.659584
-0.444441,0.296299,-0.464199,0.456393,0.456391,-0.553092,-1.474569,-0.66568,-0.289879,-0.088496,-0.000375,0.0,93.082474
-1.084303,0.234442,-1.084303,1.106176,1.106167,-1.084303,-2.292662,-1.733577,-1.342676,-1.184719,0.000569,1.0,94.112122
-0.155283,0.659938,-0.368786,0.654487,0.654502,-1.319885,-2.609676,-2.2755,-1.958472,-1.796206,0.00057,1.0,94.728088
0.320981,0.748958,-0.126445,-0.223217,-0.223233,-0.737273,-2.079558,-2.075017,-1.705079,-1.511907,0.000294,0.0,94.516624
-0.971997,0.038488,-1.058614,1.069941,1.069946,-1.187568,-2.528154,-3.050077,-2.664328,-2.473682,0.001031,1.0,95.527901
0.067419,0.269652,-0.54892,-0.067374,-0.067375,-0.622106,-1.827808,-2.828704,-2.512995,-2.345911,0.000608,0.0,95.463539
-0.615324,0.576867,-0.615324,0.163719,0.163723,-0.469189,-1.556587,-2.711923,-2.579563,-2.412464,0.000849,0.0,95.619835
0.609458,0.977067,-0.338595,-0.615324,-0.61534,0.2109,-0.711996,-1.876744,-1.887868,-1.774973,0.000535,-1.0,95.031448
0.540389,0.540389,-0.337738,0.251518,0.25155,0.117712,-0.702514,-1.863698,-2.107995,-1.962768,0.000712,0.0,95.2705
1.297943,1.493119,-0.048798,-1.119363,-1.119378,0.970037,0.585534,-0.448918,-1.02323,-0.843178,0.000217,-1.0,94.204063
-1.019824,0.096208,-1.433524,1.434567,1.434564,-0.438714,-0.57822,-1.42775,-2.301329,-2.173179,0.001071,1.0,95.555481
-1.001139,0.41953,-1.172764,0.904363,0.90436,-1.165135,-1.229972,-1.970502,-2.930488,-2.943168,0.0008,1.0,96.419647
-1.141832,0.113235,-1.141832,1.039287,1.039302,-1.691052,-1.969438,-2.662401,-3.635947,-3.774288,0.001311,1.0,97.421738
0.672539,0.833567,-0.397838,-0.377466,-0.377469,-0.951032,-1.336561,-2.001839,-2.988074,-3.315723,0.001797,0.0,97.054001
-0.254601,0.443182,-0.405469,0.454677,0.454663,-0.724181,-1.581326,-2.114723,-3.038188,-3.636395,0.002724,0.0,97.49527
-0.301574,0.329844,-0.452365,0.056575,0.05657,-0.371303,-1.423041,-1.864722,-2.675517,-3.513703,0.002727,0.0,97.550423
-1.182941,0.027942,-1.182941,1.178023,1.178042,-1.069305,-2.258763,-2.697475,-3.443564,-4.352096,0.003309,1.0,98.699608
0.326461,0.559648,-0.3731,-0.139719,-0.139734,-0.699554,-1.763818,-2.302017,-3.016036,-3.940297,0.004034,0.0,98.561691
0.889228,1.1068,-0.132437,-1.399123,-1.399122,0.735979,-0.173108,-0.732816,-1.414713,-2.346036,0.00367,-1.0,97.182693
0.448132,0.772316,-0.390919,-0.785169,-0.785167,1.310071,0.846687,0.114422,-0.439545,-1.3032,0.002314,-1.0,96.419647
-0.990756,0.056613,-1.443674,1.048823,1.048828,0.234001,-0.007553,-0.79009,-1.249768,-1.998118,0.002149,1.0,97.430923
2.007529,2.055783,-0.202682,-2.236273,-2.236277,1.802913,2.15713,1.45353,1.068914,0.401506,0.001173,-1.0,95.252098
-0.440993,0.345125,-0.575208,0.675608,0.675601,0.563711,1.312443,0.832786,0.451549,-0.143025,0.001535,1.0,95.895622
-0.875022,0.294843,-0.998671,0.795706,0.795713,-0.338596,0.471752,0.132524,-0.230642,-0.771921,0.001683,1.0,96.658676
0.692998,1.272075,-0.427185,0.19022,0.190225,-0.44048,0.213592,0.124042,-0.352193,-0.787545,0.001285,0.0,96.842545
0.075954,0.607613,-0.360776,-0.009487,-0.009486,-0.554457,0.149047,0.221518,-0.272009,-0.623192,0.000996,0.0,96.833359
-0.056602,0.094338,-0.632074,0.636094,0.636087,-0.732075,-0.612264,-0.341507,-0.808488,-1.114337,0.001369,1.0,97.449303
0.44626,0.503226,-0.48424,-0.641509,-0.641501,0.100641,-0.150026,0.260785,-0.07549,-0.389296,0.000625,-1.0,96.824165
0.08641,0.44167,-0.134422,-1.110898,-0.487293,0.527227,0.25274,0.703193,0.46996,0.174685,0.000443,0.0,96.352348
0.095959,0.470202,-0.748488,0.057606,0.057614,0.379167,0.193791,0.570013,0.526404,0.153514,0.000397,0.0,96.40786
0.929781,1.462472,-0.087163,-0.921216,-0.921238,1.037444,0.925312,1.363386,1.45923,1.087097,0.000264,-1.0,95.519714
-0.395146,0.269853,-1.368549,0.493949,0.493956,0.23709,0.506268,0.67708,0.938231,0.605715,0.000369,0.0,95.991539
-1.421355,0.114466,-1.593053,1.031226,1.031236,-0.753606,-0.407648,-0.45917,-0.114756,-0.34075,0.001304,1.0,96.981438
-0.398556,0.740185,-0.778135,0.524654,0.524649,-1.038145,-0.842133,-0.957652,-0.613694,-0.769806,0.000909,0.0,97.49025
0.437802,1.037407,-0.266488,-0.294171,-0.29418,-0.582463,-0.512441,-0.611673,-0.335467,-0.353602,0.000387,0.0,97.203453
0.019072,0.667363,-0.276481,-0.171315,-0.171302,-0.099156,-0.320745,-0.468194,-0.190905,-0.121545,-0.000139,0.0,97.036942
-1.301742,0.159204,-2.097769,1.801888,1.801871,-1.301732,-1.949792,-1.991435,-1.953161,-1.793578,0.000809,1.0,98.785423
-0.168271,0.355237,-0.654393,0.177938,0.177943,-1.076938,-1.908008,-1.959007,-2.107134,-1.905794,0.000688,0.0,98.961205
0.460697,0.864985,-0.075218,-0.570253,-0.570256,-0.325309,-1.137641,-1.278948,-1.483994,-1.288608,0.000416,-1.0,98.396873
-1.740093,0.083299,-1.915957,1.579541,1.579545,-1.325436,-2.320437,-2.606706,-2.839243,-2.725273,0.00059,1.0,99.951096
2.28928,2.790658,-0.075681,-2.15661,-2.156611,1.004634,0.065275,-0.394425,-0.679037,-0.571171,-0.000287,-1.0,97.79554
0.435201,1.721854,-0.141905,-0.009462,-0.009447,0.809829,0.258268,-0.362039,-0.540074,-0.599136,0.000318,0.0,97.786301
2.873288,3.535604,-0.282459,-2.866603,-2.866605,2.9473,3.006712,2.449264,2.347159,2.183685,-0.000587,-1.0,94.983154
0.960787,1.235296,-2.627451,-0.652574,-0.652589,2.768635,3.351965,2.981705,2.897828,2.735393,-0.001327,-1.0,94.363304
1.167205,1.566241,-1.895453,-1.725492,-1.725479,3.016757,4.68475,4.525798,4.48302,4.380266,-0.001105,-1.0,92.735085
-2.302927,0.373976,-2.706427,1.366723,1.366716,0.820787,2.950495,3.008889,2.923715,2.827033,-0.000805,1.0,94.00251
-1.238389,0.183825,-1.354491,1.722271,1.722266,-1.339004,0.876552,1.239039,1.085531,1.101515,-0.000402,1.0,95.621483
-1.099427,0.095601,-1.424471,1.199687,1.1997,-2.139584,-0.545894,0.024213,-0.115684,-0.060934,3.7e-05,1.0,96.768654
-0.680403,0.113402,-1.011151,1.16635,1.166343,-2.545831,-1.743525,-1.101242,-1.188338,-1.162518,0.000548,1.0,97.897308
0.00945,1.445585,-0.236206,0.018896,0.018899,-1.506046,-1.969953,-1.071428,-1.130007,-1.13735,0.00028,0.0,97.91581
0.150041,0.731432,-0.403226,0.755861,0.755842,-1.301563,-2.618139,-1.704162,-1.712757,-1.805095,0.000888,1.0,98.655899
-0.769518,0.092711,-1.066199,1.144038,1.144054,-1.583538,-3.519379,-2.749245,-2.634436,-2.822178,0.001597,1.0,99.784576
0.129918,0.593912,-0.473276,-0.092712,-0.092714,-0.90572,-2.9575,-2.610123,-2.408131,-2.616927,0.001532,0.0,99.692062
-0.917095,0.009173,-1.384815,1.187824,1.187817,-1.478354,-3.451022,-3.589502,-3.385908,-3.580698,0.002449,1.0,100.876221
0.368631,1.096668,-0.995302,-0.486059,-0.486052,-0.505027,-2.21731,-3.089732,-2.755508,-2.951251,0.002022,0.0,100.38591
-1.348537,0.362025,-2.099738,1.824713,1.824699,-1.591082,-3.165885,-4.537953,-4.244715,-4.42826,0.002367,1.0,102.217651
0.890912,1.236365,-0.21818,-0.443477,-0.443465,-0.763639,-2.13091,-3.852121,-3.671818,-3.775636,0.001947,0.0,101.764351
-0.532295,0.541326,-0.974372,0.763633,0.763642,-0.959949,-2.309642,-4.089383,-4.227269,-4.287987,0.002406,1.0,102.541466
-0.135259,0.874663,-0.964833,0.054137,0.054128,-0.678091,-1.904421,-3.606253,-4.074392,-4.140668,0.002504,0.0,102.59697
-1.930538,0.123413,-3.349791,2.290352,2.290358,-2.0328,-3.430897,-4.988841,-5.984227,-5.991896,0.002717,1.0,104.946808
0.354486,1.471113,-1.019137,-0.528919,-0.528919,-1.095355,-2.367956,-3.82016,-5.168381,-5.210211,0.00241,-1.0,104.391724
0.515603,0.666726,-0.240019,-0.310172,-0.31017,-0.344921,-1.652596,-2.979825,-4.571522,-4.712245,0.002523,0.0,104.067932
-0.1865,0.275316,-0.364117,0.097786,0.097776,-0.129655,-1.318822,-2.600942,-4.223796,-4.605323,0.001878,0.0,104.169685
0.311137,0.675617,-0.382256,-0.097691,-0.09768,0.250686,-0.915641,-2.110415,-3.663886,-4.294075,0.002774,0.0,104.067932
0.632622,1.084497,-0.804338,-1.635697,-1.635693,1.413456,0.925429,-0.192813,-1.591517,-2.608236,0.002066,-1.0,102.3657
0.931419,1.324077,-0.255683,-1.030276,-1.030284,1.861017,1.886584,1.020908,-0.206378,-1.455578,0.002865,-1.0,101.311043
0.450912,0.865007,-0.082816,-0.767057,-0.767059,1.945343,2.551766,1.851479,0.809332,-0.58452,0.002815,-1.0,100.533928
-1.245683,0.154573,-1.600293,1.205489,1.205486,0.254596,1.252048,0.772868,-0.146845,-1.502819,0.004089,1.0,101.74585
-0.470677,0.570237,-0.868941,0.454628,0.454625,-0.562992,0.755798,0.403697,-0.38785,-1.641561,0.003693,0.0,102.208412
-0.063573,0.35419,-0.526748,-0.334904,-0.334904,-0.326942,0.791941,0.837955,0.140773,-0.952497,0.002798,0.0,101.866112
-0.507895,0.344637,-0.888811,0.136228,0.136236,-0.326506,0.420821,0.686859,0.168689,-0.773448,0.002336,0.0,102.00489
0.380674,0.987942,-0.824802,0.063486,0.063486,-0.088828,0.161332,0.642918,0.217073,-0.583707,0.001857,0.0,102.069649
0.190631,0.753444,-0.099856,-0.154081,-0.154084,0.098037,0.094408,0.75708,0.480662,-0.228398,0.001781,0.0,101.912376
-0.53077,0.31486,-0.818643,0.90777,0.907773,-0.680104,-0.925695,-0.133744,-0.32791,-0.933794,0.001847,1.0,102.837509
-0.59998,0.367157,-0.59998,0.458793,0.458799,-0.854304,-1.286831,-0.695505,-0.641627,-1.177403,0.001549,0.0,103.309326
-0.017904,1.074015,-0.152157,0.053734,0.053734,-0.644415,-1.141151,-0.815067,-0.639495,-1.048249,0.001613,0.0,103.364838
1.921851,2.141488,-0.064062,-2.201742,-2.201741,1.398372,1.139377,1.221437,1.564014,1.231076,0.000139,-1.0,101.089012
-1.662146,0.30714,-2.077683,1.308685,1.308685,0.186089,-0.10208,-0.200544,0.245707,0.029626,0.00092,1.0,102.411949
-0.207634,0.180558,-0.478468,0.063234,0.063218,0.052374,-0.139014,-0.367114,0.176505,0.028901,0.000154,0.0,102.476692
-0.522053,0.180023,-0.918088,0.297916,0.297927,-0.347435,-0.346534,-0.636064,-0.226372,-0.174978,0.000476,0.0,102.781998
-0.099865,0.798908,-0.381297,-0.855082,-0.855087,0.225148,0.502953,0.259647,0.512031,0.673629,-0.000228,-1.0,101.903122
0.703194,1.305936,-0.19178,-0.590106,-0.590104,0.862099,1.023746,0.905328,0.972147,1.252969,-0.000508,-1.0,101.301788
-0.601035,0.537295,-0.965302,0.283103,0.283097,0.415267,0.706684,0.610153,0.560068,0.929615,-0.00138,0.0,101.58857
1.440042,1.716976,-0.07385,-1.347779,-1.347777,1.336657,1.821289,1.852367,1.741903,2.21361,-0.001736,-1.0,100.219383
-0.127935,1.169697,-0.301564,1.015414,1.015411,0.012797,0.593079,0.787116,0.663444,1.039576,-0.00116,1.0,101.237022
0.962162,1.646782,-0.092514,-1.224531,-1.224537,0.871506,1.50339,1.902752,1.8457,2.116402,-0.001735,-1.0,99.997337
0.923478,2.299279,-0.574822,-1.822549,-1.822528,2.107032,3.090826,3.529954,3.616177,3.771945,-0.002485,-1.0,98.174858
0.684151,2.385027,-0.465601,-0.829255,-0.829268,2.092363,3.434059,4.084005,4.257418,4.359947,-0.002134,-1.0,97.360725
-1.104249,0.131012,-1.553438,1.539342,1.539362,0.269495,1.500076,2.237803,2.50747,2.567082,-0.001017,1.0,98.859459
-2.565035,0.018189,-2.801529,2.882277,3.521649,-2.925787,-1.995899,-1.303254,-0.956479,-0.923062,0.000848,1.0,102.340942
0.063579,0.817441,-1.071753,0.14553,0.145519,-2.580448,-2.081057,-1.503582,-1.076738,-1.021021,0.000387,0.0,102.489868
-0.488284,0.28032,-1.121257,0.445048,0.44505,-2.085171,-2.355199,-1.819742,-1.472481,-1.365854,0.000383,0.0,102.945999
0.317228,0.824795,-0.326295,-0.235097,-0.235086,-0.813928,-2.016503,-1.569433,-1.201772,-1.096115,0.000426,0.0,102.703987
-1.400659,0.508527,-1.400659,1.595209,1.59521,-1.320371,-3.159866,-2.995753,-2.680955,-2.567262,0.00106,1.0,104.342331
-2.368102,0.148005,-2.368102,2.471233,2.471228,-2.843465,-4.9637,-5.077073,-4.859043,-4.727878,0.002107,1.0,106.920868
-0.975397,0.388438,-0.975397,0.861916,0.861918,-2.681053,-5.048375,-5.521079,-5.464473,-5.325507,0.002549,1.0,107.842438
1.941402,1.941402,-0.13237,-2.183857,-2.183865,-0.026467,-2.235257,-3.147202,-3.145377,-3.082188,0.001205,-1.0,105.487305
1.885774,2.119253,-0.09878,-1.729614,-1.729608,1.918102,0.09339,-1.309149,-1.380355,-1.308843,0.000253,-1.0,103.662788
-0.276561,0.160586,-1.248991,0.655527,0.655532,1.254347,-0.033012,-1.688462,-1.933228,-1.893894,0.000515,1.0,104.342331
1.572152,1.899306,-0.490732,-1.828883,-1.828893,2.264634,1.838425,0.220951,-0.123264,-0.100392,0.000677,-1.0,102.434021
0.999905,2.550224,-0.082565,-0.936022,-0.936018,1.975963,2.700668,1.264995,0.79935,0.769036,-0.000299,-1.0,101.47522
-1.245823,0.397221,-1.480545,1.614526,1.614533,-0.104724,1.085129,-0.024679,-0.714377,-0.753527,0.000376,1.0,103.113571
-0.724772,0.375804,-0.724772,0.893748,0.893735,-0.918034,0.31765,-0.482576,-1.476284,-1.570261,0.000635,1.0,104.035133
0.930022,0.930022,-0.695257,-0.903724,-0.903726,-0.256427,1.111521,0.69888,-0.438317,-0.648625,0.000613,-1.0,103.09494
0.989556,0.989556,-0.68089,-0.541759,-0.541758,0.306858,1.234684,1.260105,0.167367,-0.11703,0.000634,-1.0,102.536415
0.460249,1.525135,-0.541466,0.599179,0.599182,0.034295,0.176884,0.699702,-0.276387,-0.663564,0.000772,1.0,103.150795
-1.004847,0.053829,-1.803339,0.586591,0.58659,-0.425265,-0.574193,0.164489,-0.588995,-1.148253,0.001613,1.0,103.755867
-0.240767,0.401281,-0.856072,0.610084,0.610097,-0.961308,-1.107552,-0.335302,-0.855187,-1.640384,0.001437,1.0,104.388878
-1.035855,0.04427,-1.549358,0.72231,0.722297,-1.281979,-1.740588,-0.999256,-1.267368,-2.158432,0.002283,1.0,105.142876
-0.404679,0.114371,-1.108467,0.637451,0.637458,-1.287942,-2.043638,-1.69614,-1.72869,-2.605192,0.003353,1.0,105.813118
-1.030568,0.183405,-1.493449,0.730186,0.730183,-1.358953,-2.274237,-2.487337,-2.248908,-3.063944,0.004031,1.0,106.585747
0.261982,0.785959,-0.628767,0.008735,0.008725,-0.834855,-1.956156,-2.426564,-2.086273,-2.756432,0.003365,0.0,106.595047
-0.104278,0.712548,-0.51269,0.497773,0.497766,-0.815076,-2.153274,-2.694345,-2.364863,-2.873465,0.00205,0.0,107.125641
0.122238,0.558805,-0.986638,-0.477931,-0.477916,-0.062868,-1.353358,-2.085043,-1.789486,-2.116125,0.001779,0.0,106.61367
-0.436529,0.48891,-0.567489,0.008733,0.008738,0.080313,-0.978704,-1.83168,-1.812036,-1.964035,0.00159,0.0,106.622986
1.085234,2.532207,-0.202925,-1.047673,-1.047678,0.935239,0.292927,-0.537613,-0.883179,-0.811712,0.001236,-1.0,105.50592
-1.487732,0.104399,-2.227253,1.411687,1.411691,-0.394996,-0.800424,-1.680304,-2.192453,-2.041069,0.001157,1.0,106.995338
1.831668,2.340961,-0.125088,-2.627461,-2.627464,1.728022,1.856683,0.982249,0.471766,0.659044,-0.00106,-1.0,104.184074
-0.706841,0.061848,-2.032164,1.125806,1.125816,0.356946,0.743053,0.001167,-0.598615,-0.423053,-0.000945,1.0,105.356995
-0.852299,0.184517,-1.344345,0.556634,0.556629,-0.326862,0.197693,-0.337995,-0.983222,-1.011163,0.000246,1.0,105.943443
1.196112,1.544232,-0.205299,-1.564009,-1.564011,1.022941,1.569219,1.318096,0.724802,0.42524,0.000318,-1.0,104.286476
-0.502557,0.290956,-1.357786,1.240738,1.240731,-0.483153,0.228359,0.191622,-0.392785,-0.801971,0.000572,1.0,105.580391
4.36189,4.463545,-0.656131,-4.593545,-4.593546,3.622592,4.419191,4.773438,4.238983,3.857688,-0.00063,-1.0,100.730507
-0.074151,0.760104,-0.658138,-0.304964,-0.304962,2.956992,4.122178,4.780624,4.424827,4.019284,-0.000355,0.0,100.423317
-2.119946,0.26273,-2.129007,2.31739,2.317392,0.003623,1.387029,2.208734,2.070122,1.675667,-5e-05,1.0,102.750519
2.175125,2.203137,-0.280063,-2.953428,-2.953433,2.130319,3.891899,4.85997,5.004201,4.699403,-0.001722,-1.0,99.715851
0.543735,0.909348,-0.393736,-0.420094,-0.420086,1.29558,3.554887,4.812346,5.222646,4.98734,-0.001512,0.0,99.296959
0.814703,1.364155,-0.871541,-1.040593,-1.040595,1.858657,4.041304,5.31325,6.01743,5.856384,-0.001729,-1.0,98.26368
-0.658765,0.809337,-1.477508,0.663134,0.66314,0.882732,2.704676,4.100624,5.004224,4.990013,-0.001701,1.0,98.915306
-3.408986,0.063805,-3.50925,3.24675,3.24675,-2.411817,-0.89874,0.533522,1.521732,1.672401,-0.000544,1.0,102.126839
0.723444,1.208791,-0.393773,-0.464864,-0.464875,-1.575083,-0.69505,0.750312,1.75321,2.088284,-0.001012,0.0,101.652077
-0.53666,0.163727,-1.346192,0.67766,0.677669,-1.642718,-1.680014,-0.231042,0.860462,1.345817,-0.001031,1.0,102.340942
-0.515604,0.208047,-0.723657,0.554849,0.55483,-1.282666,-2.010844,-0.864153,0.099061,0.729092,-0.001067,1.0,102.90876
0.145101,0.906865,-0.362741,-0.253284,-0.253268,-0.304707,-1.545298,-0.788369,0.160062,0.887638,-0.001495,0.0,102.648125
1.334681,1.629239,-0.147272,-1.478188,-1.478197,0.994113,-0.22827,0.382922,1.3913,2.216133,-0.002141,-1.0,101.130783
0.774554,1.207935,-1.032729,-0.174891,-0.174879,1.03273,0.069154,0.338708,1.343474,2.172057,-0.002434,0.0,100.953926
0.249542,0.841039,-0.323474,-0.230521,-0.230528,0.944548,0.441779,0.248925,1.266178,2.174865,-0.002326,0.0,100.721199
0.998787,0.998787,-0.970784,-0.988909,-0.988924,1.314305,1.591541,1.183004,2.054065,2.898553,-0.00276,-1.0,99.725143
-1.371122,0.009204,-1.545965,1.437507,1.43753,-0.415948,0.373601,-0.202454,0.400288,1.224619,-0.001679,1.0,101.158722
0.10193,0.194606,-0.389219,-0.69936,-0.69937,0.150122,0.913721,0.34782,0.834027,1.691779,-0.002597,-1.0,100.451248
-0.367608,0.303282,-0.781177,0.834023,0.83402,-0.612073,0.043199,-0.378635,-0.147958,0.684135,-0.001092,1.0,101.289032
0.457942,0.457942,-1.009348,-1.663448,-1.663441,0.844854,1.460742,1.3271,1.241118,2.090465,-0.002305,-1.0,99.604149
-0.944442,0.518517,-1.138892,0.934579,0.934585,0.072217,0.285176,0.539498,0.293974,0.999993,-0.002141,1.0,100.535034
0.926964,1.544938,-0.028096,-1.111108,-1.11112,0.846444,1.087079,1.702872,1.37032,1.895881,-0.001944,-1.0,99.417969
0.800752,1.497877,-0.263777,-0.608615,-0.608614,1.132361,1.471503,2.102057,1.791806,2.231183,-0.002748,-1.0,98.812897
-1.769747,0.433221,-2.120007,2.204424,2.204422,-1.107929,-0.713425,-0.143786,-0.340577,-0.104335,0.000208,1.0,100.99115
1.654759,1.711169,-0.695748,-1.963312,-1.963314,0.752167,1.101922,1.63157,1.64066,1.630694,-0.000513,-1.0,99.008377
-1.802795,0.202356,-2.143122,2.218879,2.21888,-1.302427,-0.946464,-0.686776,-0.420341,-0.556655,-0.000556,1.0,101.205254
-0.878637,0.109825,-1.363724,0.49669,0.496699,-1.33993,-1.38203,-1.239252,-0.77522,-0.997625,0.000944,0.0,101.707939
-2.715694,0.525335,-3.223218,2.791503,2.791496,-2.922267,-3.668414,-3.703436,-3.354105,-3.617482,0.00234,1.0,104.547112
1.111316,2.005784,-0.37044,-1.451338,-1.451326,-1.096865,-2.080782,-2.150956,-1.863942,-2.069398,0.002162,-1.0,103.029793
-0.348836,0.447227,-1.135961,1.011929,1.01192,-1.114492,-2.632382,-2.916521,-2.763868,-2.866908,0.002313,1.0,104.072372
0.044834,0.582804,-0.251053,-0.241506,-0.241515,-0.371191,-2.08015,-2.418474,-2.484525,-2.417637,0.000797,0.0,103.821022
0.414488,1.216434,-0.297352,-0.493137,-0.493121,0.432501,-1.218249,-1.79613,-1.969285,-1.763933,0.000785,0.0,103.309059
0.849703,1.644589,-0.100503,-1.378632,-0.752645,0.800965,-0.106455,-0.916139,-1.15756,-1.00317,0.000163,-1.0,102.531509
3.153872,3.153872,-0.102641,-2.083142,-2.083144,2.420711,1.959425,1.132507,0.917471,1.05289,-0.000984,-1.0,100.39563
-1.115206,0.61751,-1.290324,1.241021,1.241023,0.686917,0.968661,0.026448,-0.274311,-0.21335,-0.000335,1.0,101.641563
-0.68387,0.237077,-1.267438,1.078339,1.078345,-0.59816,0.040638,-0.897749,-1.191616,-1.284579,0.000777,1.0,102.73761
0.311873,1.137411,-0.798014,-0.592688,-0.592691,-0.236654,0.678304,-0.129929,-0.555008,-0.716357,0.000595,-1.0,102.128693
-0.94666,0.054612,-1.920627,0.770505,0.770494,-0.924808,-0.250015,-0.627773,-1.19564,-1.406112,0.001031,1.0,102.915588
-0.04547,0.936618,-0.21824,0.100127,0.100132,-0.514684,-0.350879,-0.595971,-1.21053,-1.424568,0.001504,0.0,103.018639
-0.425456,0.561234,-0.452612,0.454669,0.454674,-0.608312,-0.858468,-0.757373,-1.470064,-1.763831,0.001077,0.0,103.487038
0.346056,0.837815,-0.036427,-0.59745,-0.59746,0.014578,-0.355148,-0.053068,-0.764417,-1.051144,0.001121,-1.0,102.868744
1.049626,1.187737,-0.460363,-1.092794,-1.092789,1.044102,0.592027,1.053611,0.446337,0.065139,0.000283,-1.0,101.744606
0.565338,0.574601,-0.741431,-0.653714,-0.653718,1.345692,1.110291,1.489858,1.219413,0.748448,0.000722,-1.0,101.079483
0.361613,0.602691,-0.129809,-0.046343,-0.046337,0.999536,1.220215,1.405124,1.26839,0.785003,0.000296,0.0,101.032646
1.519503,1.908643,-0.092651,0.074179,0.07417,0.454002,1.092382,1.13448,1.297145,0.769784,0.000811,0.0,101.107582
-0.323086,0.43386,-0.553862,0.370612,0.370613,-0.190158,0.595406,0.607409,0.936761,0.435034,0.001237,0.0,101.4823
-0.036847,0.626382,-0.128961,0.212311,0.212322,-0.410838,0.3399,0.288624,0.722404,0.31191,0.000371,0.0,101.697769
0.68773,0.873609,-0.8736,-0.884304,-0.884286,0.421915,1.025073,1.068754,1.435077,1.285662,0.00084,-1.0,100.79847
0.215622,0.97497,-0.487481,-0.864312,-0.864331,1.076217,1.596511,1.918689,2.164215,2.12615,-0.000501,-1.0,99.927238
-1.253919,0.765261,-1.346117,1.678074,1.678071,-0.494188,-0.265536,0.234188,0.356655,0.542874,1.3e-05,1.0,101.604088
1.042729,1.647887,-0.251378,-0.968094,-0.968098,0.307238,0.485988,1.073766,1.178662,1.502495,-0.001622,-1.0,100.620461
-0.204133,0.380443,-0.76088,0.335158,0.335154,-0.174434,0.072385,0.658819,0.724237,1.133716,-0.000845,0.0,100.957695
-0.654016,0.460575,-0.994837,0.733044,0.733054,-0.724027,-0.595064,-0.153527,-0.049744,0.285676,-0.000966,1.0,101.697769
-0.986213,0.730523,-1.223636,0.875096,0.875089,-1.06657,-1.305816,-1.047697,-0.80997,-0.601537,-0.000481,1.0,102.587715
1.494054,1.494054,-0.405794,-0.986213,-0.986206,-0.086697,-0.276679,-0.18753,0.174763,0.290194,-0.000695,-1.0,101.575989
-0.844196,0.091759,-1.376399,0.507242,0.507234,-0.302808,-0.720313,-0.742031,-0.362451,-0.28372,-0.000147,0.0,102.091217
0.594575,0.873284,-0.780375,-1.229587,-1.229589,0.914164,0.430145,0.43355,0.81383,0.859538,0.000224,-1.0,100.835915
0.998404,1.243289,-1.017238,-1.365664,-1.365644,1.861155,1.685963,1.715475,2.035873,2.132417,-0.000909,-1.0,99.458855
-0.589892,0.084266,-1.441948,0.593393,0.593375,0.752811,1.098315,1.049938,1.285581,1.516106,-0.00112,1.0,100.049019
-0.732772,0.946113,-0.8719,0.945688,0.945703,-0.306101,0.090892,0.095839,0.213328,0.539458,-0.000451,1.0,100.995186
2.635867,3.584777,-0.90099,-3.227897,-3.227916,2.127871,3.134292,3.179023,3.293402,3.688303,-0.00219,-1.0,97.735146
1.075374,2.102304,-0.745983,-1.063933,-1.063922,2.369696,3.802555,3.943678,4.143089,4.578566,-0.002696,-1.0,96.69532
-0.260145,0.684073,-0.520282,0.552219,0.552215,1.348879,2.772908,3.128112,3.373158,3.770305,-0.002654,1.0,97.229286
-0.755718,0.302285,-0.755718,1.994412,1.994416,-0.810506,0.418475,1.060517,1.25779,1.585865,-0.001527,1.0,99.168442
0.428616,1.238216,-0.323837,-0.821843,-0.821837,-0.52577,0.92294,1.677614,1.956848,2.218871,-0.001409,-1.0,98.353439
-0.873029,0.246728,-1.451887,0.371463,0.371458,-0.694627,0.207821,1.172898,1.439553,1.672423,-0.000963,0.0,98.718781
1.256472,2.263573,-0.393251,-1.062816,-1.062812,0.571642,0.960094,2.035289,2.323031,2.597728,-0.001405,-1.0,97.669586
-0.69234,0.341427,-0.69234,1.131786,1.131791,-0.240903,-0.239009,0.696119,1.07548,1.356208,-0.000945,1.0,98.775002
-1.132322,0.028072,-1.67509,1.346737,1.34672,-1.379367,-1.559043,-0.807282,-0.258746,-0.027696,-0.000521,1.0,100.105225
-1.070565,0.009311,-1.107797,0.524047,0.524053,-1.441068,-2.108543,-1.387076,-0.827126,-0.567863,-0.000385,0.0,100.629829
-0.75125,0.250414,-1.335562,0.372372,0.372373,-1.354107,-2.148023,-1.824646,-1.176035,-0.955667,0.000161,0.0,101.004547
-0.037124,0.612533,-0.575409,-0.064923,-0.064915,-0.642233,-1.664043,-1.754067,-1.112769,-0.9214,0.000509,0.0,100.93898
0.492152,0.696443,-0.325013,-0.055683,-0.055698,-0.168999,-1.247091,-1.605219,-1.098054,-0.862843,-0.000245,0.0,100.882759
-0.018584,0.250934,-0.734201,-0.083577,-0.083551,0.052032,-1.002801,-1.473372,-1.104104,-0.74537,0.000139,0.0,100.79847
0.457565,0.719026,-0.373512,-0.47398,-0.473999,0.466905,-0.335224,-1.048956,-0.695671,-0.323835,-0.000212,0.0,100.320686
-0.093109,0.251393,-0.493481,0.289482,0.289485,0.098697,-0.434823,-1.144011,-1.055868,-0.611921,-0.000405,0.0,100.611099
-0.379703,0.138909,-0.916841,0.540038,0.540028,-0.396363,-0.625108,-1.381113,-1.57158,-1.137982,-0.000551,0.0,101.154427
0.455939,0.707176,-0.120969,-0.472312,-0.472293,0.035352,0.035349,-0.684851,-1.044022,-0.709417,-0.000328,0.0,100.676682
-0.11153,0.715685,-0.455431,0.111654,0.111648,-0.078073,-0.008363,-0.688413,-1.117667,-0.891531,-0.0005,0.0,100.789085
0.66792,0.893694,-0.940734,-1.19899,-1.198989,0.985885,1.099714,0.59893,0.011284,0.231039,-0.000486,-1.0,99.580635
1.202744,1.909126,-0.477281,-1.448731,-1.448732,1.966398,2.293813,2.038308,1.502003,1.543334,-0.000522,-1.0,98.137978
-0.824546,0.958773,-0.872487,-0.439098,-0.4391,1.710453,2.41419,2.490891,2.001437,1.863086,-0.000971,0.0,97.707054
-0.423609,0.057762,-1.424862,-0.412272,-0.41227,1.438335,2.470394,2.814412,2.427551,2.196203,-0.001562,0.0,97.304237
1.232528,1.232528,-0.300852,-0.799078,-0.799083,1.372289,2.853265,3.39545,3.115786,2.873452,-0.000506,-1.0,96.526695
-0.048523,0.863657,-0.465796,0.009707,0.009699,0.731693,2.451248,3.102712,3.011656,2.67871,-3.9e-05,0.0,96.536057
0.125808,0.696798,-0.116136,0.271712,0.271725,0.181938,1.779732,2.533628,2.633309,2.361751,-0.000161,0.0,96.79837
-0.048061,0.595928,-0.509418,0.687118,0.687115,-0.551711,0.706461,1.596183,1.92234,1.694735,-0.000729,1.0,97.463486
0.690258,1.011084,-0.038889,-1.134179,-1.134177,0.392763,1.413571,2.448635,2.966166,2.825199,-0.000865,-1.0,96.358078
0.185206,0.575109,-0.516618,-0.262498,-0.262497,0.569257,1.193102,2.392699,3.029051,2.968324,-0.001141,0.0,96.105141
-0.50584,0.077815,-1.16732,0.204705,0.204704,0.315173,0.645911,1.905315,2.59387,2.672761,-0.00059,0.0,96.301872
-1.101851,0.756923,-1.456362,1.527237,1.527228,-0.994533,-0.905427,0.178857,0.885319,1.089592,-0.000418,1.0,97.772621
-0.35346,0.582729,-0.554071,0.297017,0.297021,-1.165453,-1.162587,-0.327978,0.439918,0.806273,-0.000874,0.0,98.063026
0.173128,1.18303,0.0,-0.678257,-0.678244,-0.277011,-0.478031,0.128235,0.946901,1.4381,-0.001397,-1.0,97.397919
0.298591,0.760933,-0.221541,-0.144273,-0.14428,0.104026,-0.259103,0.030823,0.910711,1.467541,-0.001621,0.0,97.257393
1.062996,2.389309,-0.273063,-1.232902,-1.232895,1.302899,0.936213,1.035036,1.948501,2.543781,-0.002129,-1.0,96.058311
1.673435,2.049708,-0.009897,-1.511608,-1.511617,2.188341,2.253693,2.33687,3.195866,3.847119,-0.002762,-1.0,94.606277
1.17706,1.317904,-0.040242,-1.574409,-0.887426,2.186924,2.774993,2.973014,3.725912,4.470976,-0.003112,-1.0,93.766716
-0.030167,0.181015,-0.754224,0.040241,0.040243,1.379656,2.46142,2.682861,3.31788,4.127117,-0.002888,0.0,93.804451
0.010075,1.359788,-0.211522,-0.160904,-0.160901,0.773421,2.364771,2.64382,3.103431,3.989763,-0.003084,0.0,93.653519
0.667067,0.737817,-0.272897,-0.342463,-0.342467,0.535678,2.398423,2.767742,3.123032,4.047634,-0.003468,0.0,93.332787
0.06071,0.556458,-0.354106,-0.101077,-0.101077,0.343995,2.01573,2.617183,2.964629,3.836616,-0.003306,0.0,93.238449
-0.876666,0.119549,-1.235304,1.558075,1.558071,-1.000193,0.094549,0.847681,1.225731,1.970564,-0.002677,1.0,94.69117
0.490439,1.050941,-0.570521,-0.468214,-0.468208,-0.440402,0.231168,1.172809,1.53976,2.177396,-0.00236,0.0,94.247818
-0.612643,0.503955,-0.899206,1.291155,1.291158,-1.330041,-1.234263,-0.161564,0.189811,0.651848,-0.001168,1.0,95.464706
-0.739353,0.581622,-0.778785,0.237159,0.23715,-1.070583,-1.506307,-0.440323,-0.091378,0.251129,-0.000874,0.0,95.691101
1.567962,1.987422,-0.129828,-1.291409,-1.291417,0.481386,-0.233682,0.628094,1.09171,1.406774,-0.001257,-1.0,94.45533
-0.860529,0.74184,-1.127595,0.968742,0.968769,-0.340269,-1.022762,-0.52563,0.012026,0.335799,-0.000488,1.0,95.370384
-0.226047,0.383291,-0.60934,0.64293,0.642917,-0.615235,-1.428012,-1.25932,-0.646371,-0.360195,-0.000213,1.0,95.983536
-0.196121,0.392228,-0.480491,0.226047,0.226043,-0.68641,-1.385566,-1.555255,-0.86549,-0.598478,-0.000233,0.0,96.2005
-0.624146,0.009754,-1.004485,0.549125,0.549131,-1.014242,-1.573049,-2.046685,-1.384829,-1.133373,-0.000293,0.0,96.728767
-1.328205,0.057745,-1.501449,1.326313,1.3263,-1.584206,-2.374392,-3.097202,-2.663447,-2.377961,0.000777,1.0,98.011681
1.24023,1.328125,-0.048832,-1.443696,-1.443683,0.111323,-0.747076,-1.482428,-1.31353,-0.983856,0.000264,-1.0,96.596703
0.43129,0.460695,-0.431283,-0.371099,-0.371105,0.537154,-0.17055,-0.946868,-1.006187,-0.620015,1.3e-05,0.0,96.238228
1.281161,1.638687,-0.337674,-1.303661,-1.303665,1.608901,1.097431,0.454865,0.181713,0.645449,-0.001217,-1.0,94.983604
-0.237716,0.425911,-0.594293,0.268147,0.26816,1.024161,0.77951,0.319592,-0.129265,0.331611,-0.00123,0.0,95.238312
1.063195,1.303915,-0.431294,-1.248021,-1.248026,1.458377,2.010033,1.644936,1.103311,1.441262,-0.001478,-1.0,94.049713
0.050186,0.532021,-0.150574,-0.080235,-0.080236,0.981727,1.943382,1.675698,1.19554,1.348682,-0.00145,0.0,93.974251
-0.6278,0.767319,-0.727449,0.73278,0.732769,-0.085689,1.062293,0.9653,0.504745,0.495863,-0.000595,1.0,94.662865
0.0,0.518079,-0.647606,0.019935,0.019955,-0.169384,0.881725,0.890028,0.538993,0.367,7.1e-05,0.0,94.681755
-0.377768,0.258477,-0.805246,0.219182,0.219176,-0.461278,0.467243,0.61305,0.401133,0.098221,0.000552,0.0,94.889275
-0.594883,0.475902,-0.783265,0.268421,0.268417,-0.497719,-0.103113,0.391963,0.2325,-0.147135,0.000651,0.0,95.143974
-0.137552,0.805658,-0.196499,0.912153,0.912169,-0.972697,-1.06702,-0.470963,-0.604749,-0.956193,0.001118,1.0,96.011848
-0.768857,0.525548,-1.021901,0.953037,0.953025,-1.440387,-1.929928,-1.345663,-1.404869,-1.762338,0.001681,1.0,96.926865
1.900762,3.241295,-0.420166,-2.715329,-2.715328,1.228492,0.734293,1.273173,1.285011,1.006799,0.000544,-1.0,94.294983
0.377394,1.459928,-0.317806,0.730295,0.730284,0.514458,-0.022836,0.416465,0.513462,0.344031,0.000184,1.0,94.983604
0.309263,0.419,-1.306862,-0.44692,-0.446902,0.841975,0.479842,0.623828,0.970164,0.85035,0.000194,0.0,94.55912
-1.767474,0.098199,-2.071871,1.596167,1.596153,-0.73055,-0.880785,-0.993708,-0.579824,-0.676741,0.000326,1.0,96.068428
-0.341962,0.801172,-0.654615,0.500788,0.500799,-1.303376,-1.17929,-1.465564,-1.045927,-1.076313,0.000441,0.0,96.549538
-0.515312,1.069518,-0.894505,0.48852,0.488505,-1.221189,-1.418561,-1.80456,-1.484678,-1.49304,0.001215,0.0,97.021187
-2.686796,0.047465,-3.000099,2.411282,2.41129,-2.665909,-3.289662,-3.839996,-3.671796,-3.664675,0.001842,1.0,99.360649
0.066616,0.485339,-0.628097,-0.237349,-0.237358,-1.51313,-2.657968,-3.269883,-3.386461,-3.247044,0.001459,0.0,99.124809
-1.253174,0.150762,-1.535849,0.999234,0.999239,-1.67907,-3.211152,-3.817954,-4.166583,-4.014694,0.001795,1.0,100.115303
-0.216201,0.300808,-1.278436,0.23556,0.235568,-1.152478,-3.09739,-3.666104,-4.18688,-4.066181,0.001659,0.0,100.351143
0.227271,0.64394,-0.350374,-0.73322,-0.733227,0.098487,-1.847536,-2.624365,-3.246682,-3.220451,0.000763,-1.0,99.615341
0.181119,0.657764,-0.600577,-0.662875,-0.662874,0.684458,-0.791232,-1.700668,-2.413252,-2.484653,0.001103,-1.0,98.955017
-0.086293,1.150524,-0.278045,-0.571972,-0.571964,1.114084,0.168733,-0.915318,-1.631361,-1.908351,0.001016,-1.0,98.38903
1.775204,2.520596,-0.00981,-2.243532,-2.24354,2.616716,2.479405,1.370473,0.740979,0.325619,0.000607,-1.0,96.181633
-0.465869,2.390116,-0.931738,-3.158102,-3.158094,4.415633,5.455735,4.405503,3.944698,3.464446,-0.000883,-1.0,93.144127
3.571804,4.37934,-0.082818,-2.177438,-2.177443,4.874215,7.154986,6.496877,6.062741,5.597682,-0.001287,-1.0,91.115967
1.031672,1.361807,-2.125242,0.352007,0.351995,2.861869,5.912523,5.864722,5.501918,5.060981,-0.001099,0.0,91.436691
-0.286179,0.102214,-1.328695,0.938818,0.93884,0.58462,4.18744,4.716534,4.366304,4.007759,-0.001009,1.0,92.295135
0.349215,0.801148,-1.294169,-0.490592,-0.490596,0.135572,3.800321,4.926038,4.653852,4.427681,-0.001231,0.0,91.842339
2.329995,2.41434,-0.843432,-2.578064,-2.57807,1.96521,5.331578,7.17554,7.006853,6.9592,-0.002447,-1.0,89.474579
1.474735,2.027754,-0.574712,-2.772796,-2.772799,3.925397,6.884626,9.463602,9.638906,9.65604,-0.00377,-1.0,86.993629
1.271737,1.413047,-1.434783,-0.238561,-0.238554,3.102173,5.73804,8.759414,9.428798,9.544777,-0.00427,0.0,86.786102
-1.359884,0.171329,-1.756076,1.510868,1.510863,0.61463,2.99604,6.306173,7.433345,7.59439,-0.004027,1.0,88.097321
-0.215886,0.485748,-0.874349,-0.803084,-0.803086,0.410193,2.823838,6.196032,7.806566,8.070814,-0.003196,-1.0,87.389824
0.365792,0.774611,-0.355023,0.334627,0.334633,-0.333513,1.857988,4.878608,6.941365,7.288648,-0.003368,0.0,87.682259
1.825534,2.011365,-0.218631,-1.581489,-1.581501,1.106257,2.936166,5.534913,8.038374,8.641893,-0.003861,-1.0,86.295563
1.443005,1.731608,-0.388498,-1.519465,-1.519451,2.242199,3.765123,6.067265,8.859472,9.847483,-0.005216,-1.0,84.984344
-0.465011,0.132863,-0.974311,0.255305,0.2553,1.302035,2.66829,4.765278,7.765167,9.12843,-0.005323,0.0,85.201309
0.132878,0.78618,-0.34326,-0.011074,-0.011068,0.797249,1.89901,3.916874,6.901224,8.629825,-0.00554,0.0,85.191879
-0.484308,0.16511,-1.078696,0.59794,0.597926,-0.264163,0.853064,2.720245,5.411127,7.47783,-0.006328,1.0,85.701263
-0.645086,0.34988,-1.049638,0.671438,0.671439,-0.933737,0.097316,1.661206,3.935061,6.262854,-0.005933,1.0,86.276695
-1.581837,1.484987,-2.023025,1.607261,1.607266,-1.889596,-1.38599,-0.233867,1.646939,4.048208,-0.005669,1.0,87.663391
0.075733,1.060266,-0.194742,-0.538039,-0.53804,-0.902306,-0.9564,-0.084387,1.554691,4.063617,-0.006005,-1.0,87.191727
-0.440572,0.22566,-0.924136,0.681595,0.681591,-0.98216,-1.58177,-1.068839,0.389003,2.797342,-0.00539,1.0,87.786018
0.634404,1.236561,-0.333331,-0.064472,-0.064477,-0.455909,-1.512897,-1.137627,0.14517,2.288181,-0.00513,0.0,87.729416
0.314842,1.05309,-0.629684,-0.956988,-0.205829,0.040019,-1.166611,-0.891441,0.148001,1.947851,-0.004971,0.0,87.548843
-1.013581,0.118611,-1.326284,0.683962,0.683945,-0.529682,-1.479123,-1.461711,-0.718869,0.764898,-0.003698,1.0,88.147629
-1.139024,1.245475,-1.139024,1.293944,1.293959,-1.330743,-2.279936,-2.63155,-2.155497,-0.930007,-0.001762,1.0,89.288223
-0.425398,0.542382,-0.669996,0.095803,0.095794,-1.06987,-1.905548,-2.576746,-2.387242,-1.329512,-0.000774,0.0,89.373756
-0.476389,0.370526,-0.635187,0.457301,0.45731,-1.062887,-1.897535,-2.864296,-2.814456,-1.928457,-0.000728,0.0,89.782471
-1.819688,0.093049,-2.088507,2.392549,2.392537,-2.421419,-3.574816,-4.72536,-4.816811,-4.184585,-9.6e-05,1.0,91.93055
0.321574,0.539415,-0.943988,-0.330851,-0.330836,-1.338183,-2.822228,-3.925839,-4.236733,-3.858259,-2.7e-05,0.0,91.626411
0.320643,0.320643,-0.889532,0.290454,0.29045,-1.057098,-2.592108,-3.71864,-4.307569,-4.154218,0.001221,0.0,91.89254
-1.281012,0.060997,-1.53518,1.737692,1.737675,-1.866601,-3.645781,-4.771435,-5.615777,-5.720793,0.003182,1.0,93.489334
0.3174,1.044337,-0.337874,-0.701508,-0.701502,-0.516017,-2.415268,-3.586496,-4.671547,-4.91002,0.00298,-1.0,92.833504
0.071582,1.032827,-0.42949,0.122866,0.122873,-0.419268,-1.95419,-3.226348,-4.430699,-4.770489,0.002377,0.0,92.947571
-2.07707,0.140477,-2.528602,1.912264,1.912258,-1.633555,-3.099537,-4.545198,-5.709786,-6.222114,0.003558,1.0,94.724968
0.070197,0.581631,-0.551547,0.060202,0.060213,-1.083042,-2.578226,-4.068764,-5.26112,-5.996439,0.003438,0.0,94.782005
-0.229247,0.627925,-0.767471,0.611714,0.611708,-1.291739,-2.542611,-4.122398,-5.303894,-6.233582,0.004392,1.0,95.361794
-0.507313,0.308363,-0.636626,0.199339,0.199347,-0.919132,-2.132703,-3.767372,-4.976833,-6.090691,0.005139,0.0,95.551895
1.146997,1.660129,-0.140858,-1.13399,-1.134007,0.539301,-0.741513,-2.175259,-3.453338,-4.667485,0.004535,-1.0,94.46833
-0.903581,0.287957,-1.489425,1.328101,1.328105,-0.569947,-1.614532,-2.929859,-4.297789,-5.468269,0.005117,1.0,95.722969
-0.324773,0.413343,-1.269561,0.893657,0.893653,-1.078629,-2.000782,-3.286415,-4.659498,-5.834365,0.005246,1.0,96.5784
-0.559701,0.0491,-1.011388,0.226351,0.226357,-1.005497,-1.880396,-2.993579,-4.409362,-5.567469,0.005052,0.0,96.797012
0.078851,0.295686,-0.344962,-0.373131,-0.373119,-0.451422,-1.139374,-2.170323,-3.599949,-4.768551,0.004191,0.0,96.435844
0.682226,1.206251,-0.088982,-0.315395,-0.315418,0.209619,-0.495341,-1.569429,-2.848514,-4.057162,0.004288,0.0,96.131668
-1.121843,0.039022,-1.307193,1.354561,1.354569,-0.778462,-1.547165,-2.487561,-3.670372,-4.938294,0.004581,1.0,97.433838
0.926385,1.468412,-0.226671,-1.014536,-1.014538,0.210901,-0.365623,-1.173415,-2.312009,-3.580186,0.004168,-1.0,96.445335
0.177427,0.374574,-0.965989,-0.019714,-0.019721,0.153781,-0.235573,-0.950866,-1.927044,-3.202746,0.004249,0.0,96.426315
0.059398,0.435595,-0.712802,-0.433706,-0.433704,0.50094,0.246513,-0.298974,-1.17562,-2.436187,0.003763,0.0,96.00811
0.109001,0.485579,-1.397289,-0.098998,-0.098991,0.554943,0.496476,0.005942,-0.870085,-1.990687,0.003157,0.0,95.913071
-0.789736,0.17769,-1.668314,0.386482,0.386493,-0.07109,0.167804,-0.271154,-1.009884,-2.030021,0.003283,0.0,96.283768
-0.898356,0.039052,-1.50376,1.095756,1.095743,-0.97061,-0.839764,-1.17697,-1.803048,-2.761059,0.003561,1.0,97.338791
-0.097664,0.195329,-0.64459,-0.019534,-0.019525,-0.767656,-0.766682,-1.023544,-1.587074,-2.415475,0.002512,0.0,97.319786
-1.550977,0.239349,-5.055049,2.011913,2.0119,-2.066049,-2.437523,-2.72538,-3.203438,-3.957483,0.003531,1.0,99.277763
-1.213039,0.246401,-1.336236,1.024414,1.024421,-2.185364,-3.011751,-3.324488,-3.818706,-4.597799,0.00385,1.0,100.294785
1.123701,1.344597,-0.048024,-1.326757,-1.326763,-0.328466,-1.553015,-1.806249,-2.311274,-3.018438,0.002518,-1.0,98.964111
2.24931,2.358309,-0.743163,-3.073382,-3.073379,2.536665,1.514073,1.261728,0.845722,0.224736,0.001486,-1.0,95.922569
0.348778,0.577979,-0.568011,-0.564804,-0.564808,2.712509,1.981073,1.737924,1.419538,0.873351,0.001187,-1.0,95.380791
-0.829224,0.069102,-1.233959,0.946692,0.946707,1.127331,1.053295,0.773266,0.506402,0.070668,0.000767,1.0,96.283768
0.009849,0.660228,-0.492708,0.17769,0.177677,0.151754,0.930234,0.61687,0.431119,0.038629,0.000819,0.0,96.454842
1.688442,2.723617,-0.020097,-1.951126,-1.951129,1.216085,2.757794,2.417425,2.368849,2.02292,-0.000296,-1.0,94.572884
0.799111,1.537524,-0.192194,-0.643215,-0.643208,1.45458,3.063925,2.90444,2.89247,2.64859,-0.000662,-1.0,93.964584
-2.631065,0.019705,-2.660627,2.650214,2.650209,-0.942055,0.313361,0.249639,0.218269,0.043752,0.000983,1.0,96.454842
1.308558,1.847965,-0.169812,-1.350022,-1.350023,0.175809,1.252625,1.56162,1.522328,1.396067,-0.000181,-1.0,95.152679
-0.999013,0.128591,-1.612262,0.988909,0.988908,-0.880311,-0.176056,0.579632,0.526219,0.470828,-0.00014,1.0,96.093651
-0.541022,0.275426,-0.836126,0.553913,0.553925,-1.001387,-0.967942,0.049173,-0.069359,-0.045259,3e-06,1.0,96.625938
-0.166387,0.714499,-0.411078,0.501666,0.501652,-0.847599,-1.339914,-0.465881,-0.533905,-0.522257,0.000383,0.0,97.110664
1.226749,1.226749,-0.148399,-1.066845,-1.066834,0.142455,-0.203803,0.521033,0.520375,0.520375,5.6e-05,-1.0,96.074654
0.309131,0.458715,-0.608298,-0.791455,-0.791467,0.975276,0.490634,1.045747,1.285909,1.275238,-0.000877,-1.0,95.314255
0.907443,0.907443,-0.120994,-1.096928,-1.096924,1.708009,1.373264,1.740274,2.322045,2.319423,-0.000913,-1.0,94.26873
-0.28101,0.602167,-0.441592,0.463802,0.463824,0.832982,0.919293,0.970812,1.766343,1.731818,-0.000702,0.0,94.705971
0.403098,0.846515,-0.020159,-0.411477,-0.41151,0.657072,1.373588,1.274493,2.026618,2.061889,-0.000693,0.0,94.316246
-0.419747,0.079953,-1.259239,0.836436,0.83646,-0.381778,0.390758,0.415078,1.063854,1.159698,-0.000286,1.0,95.105164
1.484041,1.636513,-0.142304,-1.678994,-1.678994,0.933113,1.929249,1.931959,2.48119,2.780235,-0.001184,-1.0,93.508354
0.886965,2.093646,-0.319716,-1.443381,-1.443393,1.95339,2.995055,3.114004,3.540641,4.122531,-0.002288,-1.0,92.158661
-0.389062,0.563124,-1.484588,0.73226,0.732262,0.808848,1.837824,2.239517,2.45777,3.216959,-0.001961,1.0,92.833504
2.568423,2.568423,-2.052628,-2.733693,-2.733682,2.751572,3.945254,4.842095,5.02578,5.805885,-0.004024,-1.0,90.295731
0.510533,1.042335,-1.350773,-1.031582,-1.031589,2.53776,4.277814,5.405943,5.783877,6.552649,-0.004918,-1.0,89.36425
-0.117334,0.736002,-1.01333,-0.28717,-0.287173,1.845334,3.881602,5.257245,5.685867,6.402988,-0.004466,0.0,89.10762
1.242976,1.718552,-0.183743,-1.312003,-1.312007,2.239523,4.54281,6.038342,6.606687,7.25552,-0.0037,-1.0,87.938522
0.679232,1.040758,-0.449163,-1.340249,-1.34025,2.228314,5.047113,6.720719,7.60463,8.149876,-0.004038,-1.0,86.759926
-0.718176,0.130571,-1.501638,0.679232,0.679242,0.863974,3.540799,5.255706,6.499993,7.027632,-0.004154,1.0,87.349236
-0.506467,0.872843,-0.711211,0.979326,0.979322,-0.377159,1.754307,3.640083,4.999458,5.664222,-0.003805,1.0,88.204666
-3.459742,0.103894,-3.636364,3.717669,3.717672,-3.428574,-2.114288,-0.353941,1.035322,1.666907,-0.001341,1.0,91.483826
0.36478,0.865036,-0.416878,-0.311691,-0.311693,-2.41167,-1.913494,-0.266802,1.082859,1.75425,-0.001197,0.0,91.198677
0.868551,1.18631,-0.37073,-1.604995,-1.60499,-0.156769,-0.658837,0.990705,2.347729,3.19838,-0.003047,-1.0,89.734947
0.785819,1.199963,-0.573432,-0.254217,-0.254231,0.579814,-0.493778,0.889891,2.183828,3.262196,-0.00257,0.0,89.506813
0.521727,0.521727,-0.809193,-0.265477,-0.265466,1.08603,-0.239567,0.7226,2.074637,3.215076,-0.003116,0.0,89.269203
-3.055733,0.569707,-3.055733,2.789611,3.561456,-2.181605,-3.30893,-2.817657,-1.59068,-0.451471,-0.001808,1.0,92.448486
0.093735,0.395756,-0.322847,-0.538641,-0.53863,-1.488338,-2.34898,-2.30646,-1.183804,-0.092602,-0.00226,-1.0,91.950531
-0.395632,0.229041,-0.916195,0.03125,0.031247,-1.031106,-1.812037,-2.398892,-1.362896,-0.325885,-0.001783,0.0,91.979263
0.66771,1.032862,-0.12519,-0.20823,-0.20823,-0.327594,-1.123593,-2.086867,-1.294813,-0.349868,-0.001529,0.0,91.787735
1.19136,1.602536,-0.158145,-1.043297,-1.043297,1.066948,0.207909,-0.946982,-0.489499,0.46978,-0.001506,-1.0,90.830116
0.489309,0.808419,-1.191366,-0.885605,-0.885606,1.431762,0.94132,0.006064,0.206222,1.132517,-0.002093,-1.0,90.025719
