-0.228109,0.399199,-1.3972,0.228631,0.228666,1.311641,3.199296,4.267634,4.88022,5.258038,-0.003717,0.0,28.14666
-1.345666,0.560698,-1.457797,1.710858,1.710867,-0.678458,1.028854,2.265187,2.916995,3.304718,-0.001311,1.0,28.628212
1.134436,1.304603,-0.028355,-1.149425,-1.14945,0.107778,1.727173,3.081872,3.793254,4.256387,-0.001953,-1.0,28.299145
-1.675515,0.139626,-1.982695,1.55985,1.559846,-1.256628,-0.061436,1.178441,1.917061,2.459649,-0.001166,1.0,28.740568
1.466855,1.692519,-0.197461,-1.005306,-1.005321,0.005661,0.589575,1.842986,2.686896,3.262074,-0.001776,-1.0,28.451633
-0.333434,0.333423,-0.833573,1.523275,1.523297,-0.983614,-1.13088,0.0463,0.95581,1.562646,-0.001385,1.0,28.885036
0.27965,1.230434,-0.111848,-0.639077,-0.639085,-0.296415,-0.612407,0.417607,1.431776,2.067122,-0.001709,-1.0,28.700436
1.066819,1.459854,-0.140368,-0.391496,-0.391485,0.297579,-0.303204,0.56522,1.60443,2.254908,-0.001849,0.0,28.588078
-1.900821,0.247934,-1.900821,1.90904,1.90903,-1.311293,-1.950407,-1.377406,-0.468315,0.170803,-0.000958,1.0,29.133833
0.807577,1.113899,-0.055698,-1.074377,-1.074373,0.016707,-0.629351,-0.460414,0.407962,1.100525,-0.001102,-1.0,28.820827
0.866896,1.062643,-0.782992,-0.417717,-0.417722,0.307612,-0.019566,-0.227435,0.594248,1.345645,-0.001665,0.0,28.700436
-0.939995,0.49765,-1.050586,1.146533,1.146551,-0.602718,-1.014663,-1.360252,-0.69119,0.10505,-0.001551,1.0,29.029501
2.297875,2.52482,0.0,-2.543539,-2.54355,1.781558,1.565954,1.089359,1.66099,2.493046,-0.001987,-1.0,28.291121
1.892291,2.474536,-0.08733,-2.553197,-2.5532,3.312961,3.802043,3.514806,3.994184,4.808157,-0.002928,-1.0,27.568792
0.23208,0.754276,-1.073406,0.349354,0.349359,2.117777,3.156361,3.053858,3.302864,4.105591,-0.002459,0.0,27.665106
-0.435281,1.131744,-0.957626,-0.029017,-0.029026,1.392928,2.742317,2.965765,3.000587,3.789909,-0.002691,0.0,27.657076
-0.970597,0.513845,-1.398795,1.654092,1.654094,-0.90779,0.862123,1.168526,1.160439,1.850989,-0.002388,1.0,28.11455
0.25473,0.452873,-0.679315,0.856417,0.856418,-1.703939,-0.076427,0.322667,0.219357,0.803845,-0.00194,1.0,28.355328
-0.280668,0.89812,-0.364864,0.849134,0.849146,-1.813089,-1.105821,-0.555724,-0.606242,-0.156061,-0.001694,1.0,28.596106
0.42372,0.819201,-0.25424,-0.645521,-0.645532,-0.64972,-0.607347,0.080977,0.097456,0.341239,-0.001715,-1.0,28.411509
0.283295,1.07649,-0.311615,-0.282494,-0.282498,0.107659,-0.456081,0.234192,0.413607,0.461198,-0.001547,0.0,28.331247
-0.67548,0.759921,-1.06951,0.651558,0.651542,-0.258914,-1.280586,-0.457806,-0.256099,-0.26229,-0.001005,1.0,28.515837
-0.421106,0.336898,-1.179107,0.253307,0.253336,-0.348126,-1.426172,-0.709345,-0.457614,-0.546889,-0.001031,0.0,28.588078
-0.083737,0.195367,-1.618761,0.589565,0.589546,-0.820542,-1.590842,-1.378729,-1.038233,-1.092934,-0.00083,1.0,28.756618
0.112414,0.309154,-0.534016,-0.697739,0.56531,-1.026964,-1.710383,-1.910437,-1.513691,-1.533188,-7.5e-05,1.0,28.919182
0.477534,0.646079,-0.168531,0.0562,0.056212,-0.664954,-1.323805,-1.9114,-1.560312,-1.479467,0.000212,0.0,28.935438
0.565134,0.819443,-0.395589,-0.589885,-0.589889,0.097558,-0.51223,-1.390713,-0.965002,-0.87587,0.000409,-1.0,28.764751
-0.334539,0.390296,-0.529688,1.356315,1.356302,-0.853073,-1.569283,-2.512744,-2.193035,-2.084896,0.001407,1.0,29.154888
0.195476,0.279249,-0.698129,-0.167265,-0.167269,-0.446796,-1.229137,-1.997284,-2.033921,-1.870603,0.001265,0.0,29.106121
0.365685,0.590715,-0.815755,-0.72606,-0.726074,0.264437,-0.339487,-0.996793,-1.304613,-1.091552,0.000395,-1.0,28.894789
-0.724643,0.055744,-0.780387,0.928276,0.928299,-0.501681,-0.970911,-1.563127,-2.133065,-1.963145,0.001137,1.0,29.163019
0.0,0.973309,-0.166844,0.22296,0.222954,-0.406007,-0.947538,-1.52813,-2.316814,-2.10903,0.000659,0.0,29.228039
0.335755,0.699496,-0.363741,-0.611783,-0.611782,0.134296,-0.179075,-0.762741,-1.58504,-1.442965,0.0008,-1.0,29.049227
0.055853,0.111692,-0.809832,0.195856,0.195854,-0.061437,-0.254117,-0.839904,-1.513323,-1.639424,0.000326,0.0,29.106121
0.534002,0.871268,-0.112426,-0.642276,-0.642267,0.601454,0.390659,-0.081882,-0.659862,-0.989999,0.000325,-1.0,28.919182
-0.167554,0.390952,-0.865683,0.646428,0.646419,-0.083773,-0.195475,-0.54614,-1.048966,-1.570155,0.000695,1.0,29.106121
-0.028257,0.28248,-1.327689,-1.144929,-1.144934,0.757068,0.963279,0.665285,0.21148,-0.465821,-0.000395,-1.0,28.772875
-0.789619,0.310212,-0.846021,0.169483,0.169483,0.428663,0.67683,0.548988,0.122822,-0.560601,4.9e-05,0.0,28.82164
-0.533702,0.280907,-0.814598,0.394808,0.394835,-0.08428,0.221898,0.194746,-0.212307,-0.762755,0.000339,0.0,28.935438
-0.668902,0.334445,-0.863994,0.786525,0.786513,-0.696774,-0.468233,-0.531407,-0.862179,-1.331724,0.000211,1.0,29.163019
1.637499,1.835127,-0.028227,-1.28206,-1.282048,0.372663,0.694514,0.72651,0.504846,0.106969,0.000661,-1.0,28.789135
0.453643,0.87894,-0.141761,-0.423484,-0.423504,0.725835,0.927139,1.132222,0.9587,0.609842,0.001422,0.0,28.667212
-0.195966,0.279952,-0.979849,1.275875,1.275858,-0.397518,-0.349927,-0.169824,-0.236545,-0.564265,0.001753,1.0,29.032965
-0.475264,0.027954,-0.726872,0.139975,0.139989,-0.441707,-0.500414,-0.316835,-0.321493,-0.637574,0.001813,0.0,29.073608
0.084113,0.504626,-0.280342,-0.279569,-0.279597,-0.28032,-0.19621,-0.014915,-0.0294,-0.278847,0.001122,0.0,28.992319
0.394586,0.507328,-0.197294,-0.532655,-0.532627,0.287477,0.245208,0.445323,0.489011,0.325415,0.000626,-1.0,28.837898
-0.477668,0.393369,-0.477668,0.310034,0.31004,0.157334,-0.011245,0.065558,0.206515,0.072224,0.000434,0.0,28.927307
1.048453,1.218475,-0.481729,-0.842931,-0.84293,0.765076,0.790585,0.831201,0.97619,0.936237,0.000363,-1.0,28.68347
1.321836,1.465523,-0.143675,-1.388501,-1.3885,1.626429,1.979881,2.057469,2.252871,2.290804,-3.2e-05,-1.0,28.2852
-0.486821,0.143193,-0.544095,0.344825,0.344831,0.84765,1.354517,1.58075,1.811279,1.863685,-0.000141,0.0,28.382736
0.662442,0.777653,-0.432031,-0.572729,-0.572732,0.990778,1.736737,1.956594,2.230693,2.349069,-0.000436,-1.0,28.220179
-0.028766,0.057524,-0.747777,0.144006,0.144003,0.373887,1.446642,1.689191,1.912565,2.130568,-0.000595,0.0,28.260817
0.727802,1.048038,0.0,-1.207944,-1.207941,1.053861,2.288207,2.717127,2.956331,3.202328,-0.001229,-1.0,27.919443
0.263312,0.58514,-0.789936,-0.4949,-0.49491,1.193687,2.331775,2.951046,3.229963,3.524872,-0.001426,0.0,27.781267
0.917422,1.154185,-0.473513,-1.141015,-1.140999,1.692798,2.956484,3.726924,4.156539,4.511379,-0.001622,-1.0,27.464283
-0.059052,0.649545,-0.265722,0.236751,0.236729,0.950706,2.237983,3.176862,3.624162,4.027175,-0.002022,0.0,27.529299
0.955792,1.105131,-0.05974,-1.151459,-1.15145,1.356033,2.798688,4.022299,4.544503,4.942652,-0.002374,-1.0,27.212313
-0.946186,0.532229,-1.862806,1.015532,1.015526,0.023659,1.330581,2.602015,3.25104,3.660561,-0.001752,1.0,27.488661
-1.399825,0.116655,-1.574806,1.389713,1.389718,-1.283175,-0.207058,0.907938,1.644791,2.062406,-0.001587,1.0,27.870676
1.44885,1.74453,-0.05914,-1.370665,-1.37067,0.106448,0.85453,1.945601,2.752813,3.272625,-0.002156,-1.0,27.488661
-0.356186,1.098255,-0.474918,-0.384391,-0.384377,0.385865,0.937958,1.984759,2.892542,3.419406,-0.002075,0.0,27.383001
0.357353,0.774264,0.0,-0.326497,-0.326505,0.774264,0.914228,1.919789,2.977955,3.541386,-0.002261,0.0,27.293594
-0.029727,1.218422,-0.118874,0.208457,0.208463,0.463588,0.496275,1.382853,2.456154,3.110835,-0.001958,0.0,27.350491
-0.532072,0.177348,-0.768554,0.534918,0.534912,-0.342892,-0.141889,0.652278,1.624293,2.352936,-0.001997,0.0,27.496792
2.070822,2.370951,-0.24009,-1.507544,-1.507543,0.882359,1.245499,1.872751,2.827133,3.612245,-0.002127,-1.0,27.082266
-1.5412,0.029632,-1.570845,1.26051,1.260496,-0.343795,-0.05334,0.410995,1.289281,2.123303,-0.001737,1.0,27.423637
1.289742,1.739646,-0.209958,-1.185542,-1.185536,0.707866,1.103787,1.329742,2.167075,3.116982,-0.002302,-1.0,27.09852
0.26938,0.508836,-0.538761,0.209958,0.209967,0.353184,0.76923,0.92986,1.671654,2.624361,-0.002508,0.0,27.155418
-0.475766,0.267618,-1.129946,0.658488,0.658484,-0.422245,-0.086232,0.160571,0.832591,1.698483,-0.001815,1.0,27.334232
-0.26494,0.382682,-0.647633,1.011002,1.010992,-1.036204,-1.042086,-0.806586,-0.316446,0.480434,-0.001302,1.0,27.610579
0.029435,0.824254,-0.294383,0.0,0.0,-0.90079,-0.959662,-0.78696,-0.426838,0.30263,-0.001758,0.0,27.610579
-1.27982,0.203607,-1.27982,1.206947,1.206958,-1.477607,-1.908088,-1.795619,-1.671031,-1.034323,-0.001377,1.0,27.943827
0.553607,1.194639,-0.320516,-0.174523,-0.174525,-0.775058,-1.541374,-1.526803,-1.503493,-0.974355,-0.001339,0.0,27.895058
0.0,0.462829,-0.60746,0.728438,0.728441,-0.948803,-2.039343,-2.184938,-2.159386,-1.717094,-0.000889,1.0,28.098257
-0.460432,0.287764,-0.575542,0.520683,0.520691,-1.012957,-2.135261,-2.513196,-2.528065,-2.245762,-0.000814,0.0,28.244562
-0.629474,0.171665,-1.831187,0.575542,0.575537,-1.018601,-2.349076,-2.830715,-2.931335,-2.778831,-0.000307,1.0,28.40712
0.402183,0.402183,-0.373459,-0.400572,-0.400579,-0.373453,-1.534041,-2.204345,-2.349897,-2.383221,4.6e-05,0.0,28.293327
1.486444,1.573876,-0.320606,-1.436369,-1.436363,1.072573,0.163214,-0.650932,-0.855438,-0.965319,-0.00059,-1.0,27.886932
0.526011,0.526011,-1.490362,-0.262314,-0.262316,1.133842,0.599063,-0.313659,-0.60491,-0.700176,-0.00048,0.0,27.81378
0.029328,0.586685,-0.234679,-0.379898,-0.379894,1.132297,1.017893,0.21707,-0.186272,-0.286303,-0.000667,0.0,27.708117
0.176217,0.939794,-0.29368,-0.117339,-0.117334,0.722464,1.160056,0.395492,-0.016156,-0.148021,-0.000277,0.0,27.675606
-0.175291,0.584283,-0.408998,0.528637,0.528635,-0.146073,0.58428,0.040895,-0.446981,-0.585456,8.8e-05,0.0,27.821909
0.382581,0.5003,-0.470865,-0.730353,-0.73037,0.394362,1.224263,0.88877,0.334032,0.164815,0.000235,-1.0,27.618706
-0.118276,0.206975,-0.413956,-0.470865,-0.470858,0.632766,1.481378,1.403513,0.807219,0.583092,-1.8e-05,0.0,27.488661
-0.792719,0.528482,-0.880807,0.709642,0.709645,-0.093954,0.56371,0.706595,0.205518,-0.097475,0.000647,1.0,27.683733
0.088397,0.353571,-0.559809,-0.352325,-0.35233,0.194466,0.621694,1.056776,0.589284,0.285218,0.000158,0.0,27.586195
0.802619,0.862072,-0.029721,-0.883913,-0.883902,0.737211,1.171223,1.811334,1.530914,1.186681,-0.000654,-1.0,27.34236
-0.207407,0.118521,-0.44445,0.326995,0.326983,0.272596,0.675561,1.36692,1.250376,0.868747,-4.7e-05,0.0,27.431765
-0.941176,0.382356,-1.088232,0.740741,0.740751,-0.358829,-0.129416,0.509801,0.56029,0.147055,0.000355,1.0,27.634966
1.419514,1.63093,-0.060408,-2.617644,-1.311505,0.663787,1.038082,1.607901,1.834694,1.505849,3e-06,-1.0,27.272532
-1.540741,1.037031,-1.777772,1.932948,1.932978,-1.091517,-0.833285,-0.464577,-0.062404,-0.364918,0.000619,1.0,27.799704
-0.175701,0.0,-1.669107,1.185191,1.185182,-1.690598,-1.885589,-1.669338,-1.200026,-1.385383,0.000851,1.0,28.129181
-0.204678,0.146196,-0.789477,0.14641,0.146396,-1.309931,-1.833186,-1.746005,-1.29559,-1.385424,0.001442,0.0,28.170361
0.176893,0.53066,-0.147403,-0.818722,-0.818694,-0.277132,-0.861422,-0.904913,-0.509202,-0.484722,0.000699,-1.0,27.939732
0.474637,1.216256,0.0,-0.619101,-0.619125,0.700102,-0.213908,-0.27349,0.024568,0.157738,0.000901,-1.0,27.76675
-0.87719,0.0,-0.906439,1.453581,1.453577,-0.479525,-1.436225,-1.585236,-1.450557,-1.197787,0.001346,1.0,28.170361
-0.203252,0.0,-0.90011,0.701749,0.701769,-1.004654,-1.761529,-2.142721,-2.124157,-1.826502,0.001361,1.0,28.368052
-0.260043,0.780121,-0.693447,0.493618,0.493612,-1.253978,-1.866517,-2.415401,-2.495968,-2.222703,0.001176,0.0,28.50808
-0.567862,0.227138,-0.965361,1.762496,1.76249,-2.226009,-3.091993,-3.755803,-3.978441,-3.790386,0.001806,1.0,29.010532
0.340613,0.425776,-0.48254,0.02839,0.028397,-1.390862,-2.517742,-3.476419,-3.779871,-3.71098,0.001385,0.0,29.01877
-0.595235,0.170071,-1.04875,0.141922,0.141922,-0.918365,-2.222222,-3.275116,-3.678047,-3.757581,0.001498,0.0,29.059954
1.097306,1.097306,-1.155071,-1.842398,-1.842381,1.051094,-0.248361,-1.183328,-1.746955,-1.918722,0.00058,-1.0,28.524559
-1.534518,0.142094,-1.534518,1.617089,1.617077,-0.227337,-1.554421,-2.398411,-3.074674,-3.327887,0.000971,1.0,28.985823
-0.843407,0.0,-0.927742,1.079855,1.079869,-1.096441,-2.142272,-3.062524,-3.801243,-4.157921,0.001151,1.0,29.298832
-1.681831,0.551423,-1.709396,1.967951,1.967928,-2.431752,-3.325057,-4.352537,-5.291026,-5.717446,0.001997,1.0,29.875412
0.165477,0.386111,-0.827355,-0.027577,-0.027568,-1.864306,-2.730278,-3.864681,-4.883056,-5.397938,0.0025,0.0,29.867176
0.138119,0.801108,-0.552489,-0.165463,-0.165446,-0.834271,-2.082893,-3.327832,-4.31034,-4.973424,0.002535,0.0,29.817762
0.717434,1.545245,-0.220756,0.1105,0.110491,-0.364246,-1.741182,-3.05925,-4.010778,-4.779215,0.00271,0.0,29.850708
0.0,0.192041,-0.740743,0.579467,0.57943,-0.455394,-1.969796,-3.154985,-4.165961,-4.99004,0.002959,1.0,30.023672
2.026459,2.251627,-0.028142,-2.524011,-2.523978,1.7056,0.652968,-0.305849,-1.34394,-2.313671,0.001869,-1.0,29.265881
-0.139587,0.502513,-0.279171,0.816214,0.816193,0.636531,-0.01115,-0.81145,-1.853701,-2.844424,0.002421,1.0,29.504747
2.022213,2.022213,-0.227861,-1.98213,-1.982108,2.050685,2.147527,1.321551,0.267718,-0.661555,0.001881,-1.0,28.919931
-0.483361,0.0,-1.734424,0.170883,0.170872,1.268129,1.967596,1.254867,0.234583,-0.618702,0.001689,0.0,28.969347
0.342572,0.628036,-0.171276,-0.398064,-0.398055,0.862114,2.220951,1.623369,0.793602,-0.052531,0.001673,0.0,28.854033
-0.056855,0.426506,-0.568658,0.399655,0.399646,0.255905,1.501288,1.207478,0.599951,-0.216086,0.002131,0.0,28.969347
-0.199601,0.285138,-0.627322,-0.284328,-0.284318,0.114051,1.451377,1.45613,1.010829,0.218982,0.001913,0.0,28.886982
-0.170654,0.625714,-0.284411,0.25663,0.256617,-0.113763,0.895908,1.296934,0.85467,0.077364,0.00174,0.0,28.961111
-0.874968,0.141123,-0.93142,0.767918,0.767923,-0.728197,-0.101612,0.57014,0.201807,-0.54643,0.002482,1.0,29.18351
-0.36516,0.112362,-0.646065,0.479814,0.479812,-0.882018,-0.81741,0.095513,-0.223306,-0.832578,0.001963,0.0,29.323536
-0.22397,0.307954,-0.447928,0.337087,0.337088,-0.907057,-1.097428,-0.343413,-0.489922,-0.940651,0.001661,0.0,29.422382
1.327675,1.497169,-0.19774,-0.895854,-0.895849,0.175131,-0.322043,0.395471,0.426546,0.090387,0.001288,-1.0,29.158802
0.424935,0.79321,-0.339941,-0.282494,-0.282491,0.538241,0.01416,0.50991,0.805946,0.471385,0.00148,0.0,29.076431
-0.451722,0.0,-1.044605,0.339941,0.339935,0.191987,-0.25409,0.015059,0.496899,0.222478,0.001822,0.0,29.175272
0.254453,0.508906,-0.14136,-0.14116,-0.141157,0.203563,-0.016966,-0.047123,0.610685,0.381113,0.001253,0.0,29.134089
0.340145,0.736967,-0.028342,-0.254453,-0.254461,0.209758,0.269281,0.160625,0.727047,0.642864,0.000911,0.0,29.059954
-0.338884,0.028235,-0.59305,0.368484,0.368507,-0.152516,-0.002843,-0.284307,0.237202,0.288036,0.000867,0.0,29.167042
0.76683,0.908833,-0.028395,-0.564815,-0.564836,0.363539,0.579387,0.301055,0.666008,0.923607,3.5e-05,-1.0,29.002296
1.091957,1.178161,0.0,-1.164442,-1.164422,1.189644,1.58332,1.411863,1.645098,2.067801,-0.000391,-1.0,28.664587
0.08635,0.143923,-0.633281,-0.172405,-0.172432,1.001734,1.511232,1.53138,1.574557,2.148535,-0.000503,0.0,28.61516
-0.751439,0.14452,-1.156061,-0.403005,-0.402996,1.017351,1.598274,1.832376,1.851161,2.368792,1.1e-05,0.0,28.499842
0.496345,0.905112,-0.116791,-1.011555,-1.011556,1.372264,2.300733,2.713384,2.662775,3.180148,-0.000928,-1.0,28.21155
0.0,0.14481,-0.666087,0.817515,0.817523,0.156384,1.248187,1.758854,1.746304,2.15001,-0.001021,1.0,28.442186
-0.518884,0.11531,-1.210721,0.463365,0.463365,-0.368986,0.570769,1.147303,1.207838,1.50014,-0.001559,0.0,28.573977
1.133718,1.482552,-0.029078,-0.835967,-0.835981,0.273258,1.136632,1.767446,1.969479,2.117444,-0.001847,-1.0,28.335104
1.325482,1.472754,-0.088374,-1.308142,-1.308119,1.219426,2.085405,2.768762,3.141367,3.284812,-0.002255,-1.0,27.964447
0.472116,0.708179,-0.413098,-0.176736,-0.176764,1.186207,1.817662,2.6537,3.149913,3.23991,-0.002358,0.0,27.915016
0.088635,0.29543,-0.738552,-0.118032,-0.118026,0.903999,1.536202,2.489427,3.0783,3.213011,-0.002607,0.0,27.882069
-0.263546,1.054161,-0.263546,0.886275,0.886276,-0.298685,0.453878,1.341142,1.985359,2.186822,-0.001389,1.0,28.129181
1.033982,1.299861,-0.265879,-0.878489,-0.87849,0.259979,1.081251,1.939943,2.630737,2.95304,-0.001994,-1.0,27.882069
-1.454334,0.174514,-2.181501,1.56574,1.565755,-1.035503,-0.541024,0.193901,0.853683,1.273985,-0.000727,1.0,28.318634
-0.464441,0.058055,-0.928882,0.203607,0.203601,-0.911473,-0.685056,-0.195458,0.51088,0.996221,-0.000716,0.0,28.376291
0.553945,0.932945,-0.116621,-0.435419,-0.435413,-0.215748,-0.31779,0.064134,0.804659,1.337603,-0.000729,0.0,28.252737
-0.663015,0.230617,-0.778325,1.137026,1.137023,-1.026232,-1.438457,-1.081967,-0.433844,0.112999,-0.000466,1.0,28.573977
-0.600855,0.085834,-0.715308,0.749501,0.749493,-1.133042,-2.014306,-1.777778,-1.23462,-0.706151,-9.6e-05,1.0,28.788137
-0.511945,0.056883,-0.625714,0.600855,0.600852,-1.279856,-2.2554,-2.258242,-1.841574,-1.362905,2.6e-05,1.0,28.961111
-0.3411,0.198977,-0.625358,0.056883,0.056883,-0.920973,-1.944282,-2.137573,-1.930068,-1.443996,-0.000227,0.0,28.977585
-0.48296,0.284085,-0.539781,0.056853,0.056844,-0.465901,-1.616466,-2.066277,-1.987204,-1.511352,-0.000379,0.0,28.994057
0.028436,0.341294,-0.568831,-0.113639,-0.11363,-0.085324,-1.217288,-1.865752,-1.824512,-1.428891,-0.000539,0.0,28.961111
0.82976,0.972818,0.0,-0.597267,-0.597263,0.515015,-0.309014,-1.171199,-1.20458,-0.884693,-0.000433,-1.0,28.788137
1.005756,1.034486,-0.545971,-0.42919,-0.42917,0.741362,0.241364,-0.582392,-0.750016,-0.512658,-0.000485,0.0,28.664587
0.143018,0.257437,-0.457666,0.45977,0.459752,0.154464,-0.071508,-0.833332,-1.102686,-1.019448,-0.000442,0.0,28.796373
0.515021,0.572249,-0.114452,-0.028598,-0.028601,0.040058,0.14306,-0.595137,-1.014307,-1.020888,-0.000402,0.0,28.788137
0.613315,1.05139,-0.40889,-2.031471,-0.724826,0.503398,0.876146,0.235675,-0.290633,-0.310135,-0.00057,-1.0,28.579473
2.087063,2.087063,-0.089454,-2.044395,-2.044415,2.034499,2.698271,2.354616,1.729676,1.681893,-0.001432,-1.0,27.99519
0.356939,0.565146,-0.327189,0.238515,0.23852,1.362212,2.133484,2.050084,1.504983,1.377523,-0.001145,0.0,28.061964
0.870874,1.05106,-0.300294,-0.951814,-0.951811,1.615619,2.689427,2.891286,2.45879,2.291753,-0.001069,-1.0,27.794867
-0.448023,0.209077,-0.955795,0.540544,0.540531,0.465961,1.761981,2.264728,1.919224,1.670656,-0.000815,0.0,27.945107
-0.384732,0.621483,-0.710275,0.925929,0.925958,-0.722128,0.559864,1.239002,0.997394,0.685375,-0.00034,1.0,28.203867
-0.206125,0.353366,-0.44169,0.503101,0.50308,-0.971726,-0.099567,0.628194,0.57363,0.182885,0.000201,0.0,28.345755
0.979223,0.979223,-0.05935,-0.765601,-0.7656,-0.160238,0.480673,1.207271,1.315808,0.979165,-0.000364,-1.0,28.12874
0.80429,1.280906,-1.102172,-0.38576,-0.385758,0.387252,0.592793,1.371421,1.644619,1.385229,-0.000668,0.0,28.020231
0.779838,0.959808,-0.089979,-0.685136,-0.685134,0.995803,0.941812,1.791457,2.269557,2.07691,-0.000614,-1.0,27.828255
-1.71597,0.0,-1.923068,1.379721,1.379702,-0.372766,-0.562112,0.229181,0.813628,0.699491,0.000346,1.0,28.212202
1.226822,2.603241,0.0,-1.124263,-1.124255,0.436872,0.532627,1.155379,1.799832,1.84634,8e-06,-1.0,27.895025
0.059687,0.686374,-0.238729,0.2693,0.269313,0.053709,0.22978,0.718167,1.349262,1.522954,0.000146,0.0,27.97015
-0.593475,0.326409,-1.038585,0.567004,0.566997,-0.433242,-0.216621,-0.007915,0.626969,0.915365,3.2e-05,1.0,28.12874
-2.731909,0.720498,-3.902741,-1.15727,-1.157261,0.714485,0.90062,0.926638,1.590965,2.032221,-6.7e-05,-1.0,27.803217
0.569724,0.719646,-1.01949,0.120075,0.120065,0.323844,0.647681,0.627693,1.267151,1.803905,-0.000584,0.0,27.836599
-1.050417,1.110441,-1.65066,-0.089949,-0.089943,0.354139,0.546212,0.674264,1.182746,1.755096,-0.000689,0.0,27.811562
4.287947,4.287947,-0.156498,-4.111642,-4.111653,3.680757,4.309861,4.642674,5.147089,5.774372,-0.002002,-1.0,26.668047
-1.140213,0.0,-1.386752,1.564945,1.564948,1.312791,2.357472,2.855676,3.211096,3.865122,-0.001849,1.0,27.085388
0.997506,1.091016,-0.124691,-1.140213,-1.140216,1.714464,3.145261,3.751041,4.025875,4.731808,-0.002524,-1.0,26.776556
0.968753,0.968753,-0.8125,-0.249383,-0.249367,1.124994,2.840618,3.637491,3.93593,4.656474,-0.002827,0.0,26.709784
-0.371514,0.185765,-1.083585,0.937497,0.937484,-0.445814,1.538709,2.332309,2.778646,3.413241,-0.002513,1.0,26.960184
0.030832,0.061652,-0.678169,0.433437,0.433439,-0.573363,0.770659,1.631734,2.153211,2.732419,-0.002378,0.0,27.07704
-1.001523,0.273141,-1.335366,1.572139,1.572136,-1.808801,-1.01669,-0.066767,0.51897,0.954176,-0.001776,1.0,27.502728
-0.091072,0.39466,-0.394651,-0.030355,-0.030364,-1.256818,-1.098954,-0.117371,0.467533,0.796617,-0.001574,0.0,27.494377
-1.970737,0.029854,-2.329062,1.669712,1.669723,-1.988662,-2.681403,-1.819453,-1.227237,-0.948347,-0.000824,1.0,27.953457
0.693813,0.693813,-0.271496,-1.015228,-1.01522,-0.470602,-1.734553,-0.866779,-0.336363,0.0205,-0.001351,-1.0,27.669668
1.249238,1.249238,-0.578912,-0.995481,-0.995487,0.76173,-0.481415,-0.010156,0.531687,0.928702,-0.001696,-1.0,27.39422
-0.395729,0.51751,-0.761035,0.091402,0.091413,0.608823,-0.450539,-0.273978,0.330283,0.781729,-0.001405,0.0,27.419262
-0.994581,0.602776,-1.537077,1.004572,1.004549,-0.247124,-1.109092,-1.291933,-0.691672,-0.25677,-0.000316,1.0,27.694702
0.853668,1.310979,-0.060976,-1.145271,-1.145262,0.48781,0.28049,-0.260159,0.306407,0.778053,-0.00081,-1.0,27.377525
1.108719,1.2319,-0.030804,-1.006091,-1.006081,1.090225,1.352004,0.578983,1.179539,1.618712,-0.000829,-1.0,27.102085
1.056885,1.087976,-0.373015,-0.923939,-0.923929,1.628837,2.21323,1.56252,1.914815,2.376113,-0.001352,-1.0,26.851681
0.78125,0.906253,-0.343753,-0.528436,-0.528447,1.637495,2.459369,2.008326,2.190618,2.723742,-0.001872,-1.0,26.709784
-0.744648,0.217186,-1.303137,0.71875,0.718748,0.322681,1.50791,1.311403,1.29382,1.852926,-0.001795,1.0,26.90176
1.002192,1.221422,-0.438456,-0.93081,-0.930809,0.720328,1.973064,2.248663,2.02317,2.575628,-0.001854,-1.0,26.651356
-0.18833,0.376645,-0.313876,-0.219226,-0.219238,0.558703,1.792221,2.381255,2.018208,2.605151,-0.001794,0.0,26.592926
-0.155533,0.217726,-0.37326,0.910235,0.910242,-0.360811,0.665626,1.39761,1.129076,1.510414,-0.001225,1.0,26.834986
0.342362,0.342362,-0.373492,-0.062212,-0.062214,-0.217863,0.504203,1.290591,1.142234,1.37815,-0.00174,0.0,26.818291
-0.587502,0.092761,-0.742121,0.653592,0.653588,-0.797767,-0.408154,0.509182,0.525671,0.599882,-0.001105,1.0,26.993572
-0.184392,0.153654,-0.860489,0.618432,0.618425,-1.032568,-1.100172,-0.303205,-0.00921,-0.117999,-0.00098,1.0,27.160507
-0.707472,0.092289,-0.98431,-0.092203,-0.092189,-0.54137,-0.99661,-0.342453,0.115354,-0.125496,-0.001215,0.0,27.135468
0.930807,0.930807,-0.279246,-0.861267,-0.861264,0.372316,-0.117907,0.401279,0.952524,0.776911,-0.00111,-1.0,26.90176
-0.401485,0.30883,-0.679435,0.465408,0.465397,0.061766,-0.463246,-0.16059,0.396853,0.301423,-0.000986,0.0,27.02696
0.463685,0.958275,-0.154556,-0.092659,-0.092645,0.160737,-0.333851,-0.239053,0.398763,0.427818,-0.000987,0.0,27.001921
-0.615577,0.307781,-0.707922,0.432779,0.432766,-0.301632,-0.590953,-0.732532,-0.18775,0.0554,0.000636,0.0,27.118776
-0.638489,0.0,-1.094558,1.231139,1.231154,-1.28307,-1.486781,-1.854673,-1.441174,-1.0897,0.000517,1.0,27.45265
-0.151607,0.181931,-0.394184,0.273642,0.273617,-1.097621,-1.503929,-1.958748,-1.685855,-1.294103,0.001021,0.0,27.527765
0.182042,1.152916,-0.424754,-0.060646,-0.060641,-0.68567,-1.192345,-1.705086,-1.609514,-1.232997,0.001089,0.0,27.511072
-2.99208,0.146668,-3.16809,3.428401,3.428427,-2.956894,-3.954254,-4.599604,-4.737473,-4.37197,0.001979,1.0,28.454269
0.116621,1.457726,-0.495621,0.616013,0.615999,-2.495626,-4.029153,-4.723031,-5.102037,-4.862971,0.002044,1.0,28.629547
-0.145093,0.870572,-0.667438,0.466472,0.466494,-2.037162,-3.908896,-4.662428,-5.253934,-5.152657,0.001649,0.0,28.763102
-0.979263,0.489626,-1.00807,0.754504,0.754481,-1.768431,-3.91129,-4.882874,-5.596198,-5.644009,0.001929,1.0,28.980114
0.866799,1.213516,0.0,-0.31682,-0.316824,-0.502736,-2.961568,-4.102858,-4.919096,-5.140708,0.00122,0.0,28.888298
-0.858121,0.200229,-1.029751,1.011263,1.011257,-1.00113,-3.186486,-4.563298,-5.480537,-5.886714,0.001943,1.0,29.180433
0.02852,0.285138,-0.855432,0.314648,0.314649,-0.872532,-2.754483,-4.381704,-5.329333,-5.923001,0.002411,0.0,29.272249
0.655828,1.226119,-0.228109,0.0,0.0,-0.524662,-2.132871,-3.895059,-4.871677,-5.626452,0.002379,0.0,29.272249
-0.227991,0.142488,-1.253913,0.057029,0.057047,-0.37049,-1.587356,-3.406488,-4.506992,-5.347401,0.00204,0.0,29.288948
-0.593721,0.311001,-0.932988,0.797945,0.797936,-0.729434,-1.68504,-3.607575,-4.804918,-5.715576,0.002734,1.0,29.522655
-0.505192,0.112257,-0.785863,0.735092,0.735093,-1.077749,-1.970254,-3.697263,-5.037894,-6.021895,0.003356,1.0,29.739674
0.787632,0.928276,-0.140644,-0.224535,-0.224525,-0.585098,-1.398039,-2.906713,-4.400852,-5.403103,0.003606,0.0,29.672901
0.140882,0.845306,0.0,-0.168768,-0.168777,-0.180335,-0.941119,-2.254164,-3.819393,-4.834045,0.003734,0.0,29.62282
-0.623762,0.0,-1.020697,-0.619899,0.685131,-0.499601,-1.33165,-2.405642,-3.983689,-5.080518,0.003722,1.0,29.825775
0.945023,1.002297,-0.515452,-0.99235,-0.992363,0.502537,-0.12545,-0.971696,-2.597527,-3.761841,0.0037,-1.0,29.529795
0.08543,0.882691,-0.427101,0.572741,0.572723,-0.097232,-0.519617,-1.256231,-2.69814,-3.94551,0.003983,1.0,29.698919
-0.198864,0.340906,-0.539781,0.227796,0.227813,-0.261366,-0.579663,-1.226016,-2.474542,-3.813637,0.003739,0.0,29.766577
-0.22625,0.028275,-0.848416,0.454545,0.454567,-0.526039,-0.818982,-1.419085,-2.506309,-3.878824,0.003924,0.0,29.901886
-0.924893,0.0,-0.980936,0.904975,0.904933,-1.188325,-1.415628,-2.03972,-2.942383,-4.307252,0.004014,1.0,30.172478
-0.941828,0.027709,-1.108025,1.177124,1.177136,-1.684202,-2.23339,-2.821426,-3.577518,-4.961889,0.004213,1.0,30.527649
-0.027752,0.527189,-0.332972,-0.166197,-0.16619,-1.009991,-1.82874,-2.376057,-3.085174,-4.3476,0.004187,0.0,30.476915
0.055466,0.305039,-0.554631,0.055494,0.055501,-0.587917,-1.613984,-2.163143,-2.833251,-3.957939,0.004514,0.0,30.49383
-0.523568,0.330667,-0.909347,0.637826,0.637801,-0.70542,-1.890314,-2.475569,-3.135381,-4.144868,0.004576,1.0,30.68832
0.257732,1.231386,-1.317294,-3.775153,-3.775133,2.754868,1.858534,1.404923,0.757924,-0.113053,0.003261,-1.0,29.529795
1.449275,1.739125,-0.144925,-1.202743,-1.202751,3.078264,2.976814,2.559892,2.033615,1.331047,0.002677,-1.0,29.174625
-0.173969,0.173955,-0.492902,-0.02898,-0.028981,2.209334,2.824006,2.458534,2.060749,1.458056,0.002227,0.0,29.16617
-1.168768,0.199544,-1.482329,1.710641,1.71066,-0.068435,1.060415,0.733544,0.410416,-0.108723,0.00274,1.0,29.665104
-0.282321,0.169401,-1.044605,0.969202,0.969179,-1.518902,0.107295,-0.15997,-0.439827,-0.908703,0.003108,1.0,29.952612
-0.756305,0.112048,-1.232501,0.790522,0.790515,-1.854331,-0.672259,-0.862734,-1.07156,-1.525666,0.002165,1.0,30.189392
0.477791,1.180433,-0.477802,-0.336132,-0.336128,-0.916242,-0.483413,-0.404718,-0.643977,-1.034068,0.001825,0.0,30.087917
0.196464,0.47712,-0.308731,0.140526,0.140548,-0.415394,-0.738156,-0.449073,-0.718617,-1.046878,0.001709,0.0,30.130205
-0.503345,0.0,-0.894852,0.364853,0.364837,-0.397087,-1.182878,-0.706552,-0.985727,-1.278557,0.00157,0.0,30.240131
0.760766,0.760766,-0.028183,-0.755022,-0.755033,0.400118,-0.656515,0.073267,-0.167644,-0.428938,0.001413,-1.0,30.011808
-0.559276,0.559287,-0.671135,0.760766,0.760777,-0.324379,-1.171693,-0.667405,-0.8529,-1.054915,0.001324,1.0,30.240131
-1.401107,1.263733,-1.64836,1.78972,1.789721,-1.626378,-2.387366,-2.358977,-2.39286,-2.631055,0.001851,1.0,30.781345
-0.164649,0.192094,-0.713499,0.109882,0.109881,-1.289791,-1.959381,-2.39297,-2.318875,-2.598322,0.00189,0.0,30.815168
0.437517,0.464867,-1.121138,0.356754,0.356759,-1.197709,-1.900471,-2.646983,-2.478811,-2.78261,0.001997,0.0,30.925104
0.773478,0.939226,-0.856359,-1.011756,-1.011751,0.20441,-0.682332,-1.668519,-1.366033,-1.659678,0.001351,-1.0,30.612219
-0.796925,0.494644,-1.044246,0.524856,0.524846,0.027487,-1.011262,-1.912609,-1.783452,-2.050008,0.001276,0.0,30.772886
-0.328582,0.246443,-2.573927,0.357244,0.357256,-0.262877,-1.106252,-1.893036,-2.075584,-2.223448,0.001483,0.0,30.882824
-0.517156,0.136089,-0.626032,0.602415,0.602422,-0.696802,-1.396319,-2.072239,-2.566705,-2.632573,0.001759,1.0,31.068869
-1.072015,1.01704,-1.676748,-0.979861,-0.979868,0.181416,-0.250146,-0.864955,-1.558559,-1.539317,0.001164,-1.0,30.764435
2.394361,2.394361,-0.225358,-2.418914,-2.418917,2.270425,2.22535,1.607507,0.770418,0.917177,0.000655,-1.0,30.020269
1.134103,1.247516,-0.510349,-0.647887,-0.647876,2.302235,2.753036,2.188814,1.47716,1.528761,0.000219,-1.0,29.825775
-0.16959,0.339172,-0.367442,0.311883,0.311885,1.339733,2.145265,1.83341,1.286018,1.131693,0.000249,0.0,29.918797
0.113253,0.651186,-0.198188,-0.16959,-0.169616,0.707831,2.001714,1.947914,1.575604,1.221979,2.6e-05,0.0,29.86805
0.227214,0.539628,-0.312414,-0.311441,-0.311423,0.357853,1.93411,2.16226,1.911382,1.441629,-0.000409,0.0,29.775034
-0.14148,0.452745,-0.367858,0.369216,0.369222,-0.101873,1.315781,1.758147,1.52517,0.960936,-0.000697,0.0,29.88497
-0.056513,0.141283,-1.102003,0.14148,0.141469,-0.175186,0.890089,1.544696,1.337949,0.871432,-0.000587,0.0,29.927248
-0.507471,0.169151,-0.507471,0.226058,0.226048,-0.349586,0.366517,1.140878,1.093887,0.753316,-0.000526,0.0,29.994898
0.169303,0.310384,-0.395034,-0.084584,-0.084574,-0.197514,0.084655,1.038379,1.152653,0.945823,-0.000784,0.0,29.96953
0.653406,1.136355,-0.142043,-0.677195,-0.677198,0.477272,0.431819,1.467804,1.762782,1.647723,0.000322,-1.0,29.766577
0.427966,0.427966,-0.285301,-0.426142,-0.426149,0.741805,0.733251,1.683323,2.135532,2.040523,0.000599,0.0,29.639727
-0.085464,0.085479,-0.854698,0.142651,0.14267,0.433041,0.541306,1.293445,1.896007,1.826774,0.000661,0.0,29.682014
0.142776,0.228435,-0.371219,-0.227915,-0.227939,0.405493,0.668201,1.239308,1.931768,1.995444,-3.2e-05,0.0,29.614357
0.114256,0.314199,-0.19994,-0.028561,-0.028544,0.188516,0.608399,0.938782,1.756644,1.953728,-0.000388,0.0,29.605904
-0.057244,0.457925,-0.228958,-0.19994,-0.199936,0.240404,0.732679,0.866243,1.727244,2.064105,-0.000742,0.0,29.546711
0.402183,0.66073,-0.028733,-0.372061,-0.372075,0.476877,0.956623,1.110797,1.907503,2.36714,-0.000754,0.0,29.436775
0.028705,0.114835,-0.602937,0.057458,0.057462,0.264135,0.737864,0.968511,1.625035,2.201548,-0.000784,0.0,29.45369
-0.314019,0.342572,-0.713674,0.574209,0.574217,-0.302599,0.037108,0.325432,0.832144,1.461603,-0.000709,1.0,29.622818
-0.028585,0.314465,-0.228696,-0.142732,-0.142741,-0.17724,0.048602,0.404044,0.724705,1.439685,-0.000491,0.0,29.580534
0.0,0.371222,-0.199883,0.114351,0.114342,-0.245564,-0.117066,0.2532,0.41549,1.146787,-0.000722,0.0,29.614357
-0.511366,0.028403,-0.653409,0.513995,0.514007,-0.534095,-0.585231,-0.285989,-0.140627,0.515908,-0.001177,0.0,29.766577
-0.311089,0.084836,-0.452489,0.454545,0.454567,-0.68441,-0.961562,-0.742859,-0.579774,-0.055451,-0.001054,0.0,29.901886
0.678163,1.017239,-0.113029,0.084836,0.084817,-0.565129,-0.940942,-0.842045,-0.662616,-0.26787,-0.001151,0.0,29.927248
0.508621,0.508621,-0.367338,0.0,0.0,-0.333425,-0.833567,-0.851464,-0.652726,-0.420456,-0.00079,0.0,29.927248
0.283361,0.821765,-0.226699,-0.28256,-0.282572,0.102022,-0.453379,-0.553503,-0.359869,-0.261823,-0.001078,0.0,29.842682
-0.113434,0.085091,-0.453772,-0.085018,-0.085012,0.221225,-0.241057,-0.429184,-0.286435,-0.204188,-0.001236,0.0,29.817312
0.141812,0.141812,-0.453772,0.0,0.0,0.164496,-0.119107,-0.398934,-0.30487,-0.205323,-0.001451,0.0,29.817312
-0.67778,0.056481,-0.875465,0.425417,0.425417,-0.24852,-0.434904,-0.747433,-0.735666,-0.62468,-0.000949,0.0,29.94416
0.113125,0.537325,-0.084839,-0.1412,-0.141176,-0.124459,-0.186675,-0.541124,-0.606642,-0.479661,-0.000136,0.0,29.901886
-0.704622,0.140922,-0.930096,0.339364,0.339346,-0.355132,-0.39459,-0.776027,-0.90333,-0.785798,0.000217,0.0,30.003357
-0.532655,0.0,-0.672829,0.535507,0.535523,-0.656022,-0.793394,-1.143831,-1.34428,-1.277278,0.000296,0.0,30.164032
0.027896,0.083703,-0.41853,0.476597,0.476578,-0.803564,-1.130022,-1.42485,-1.708984,-1.695313,0.000527,0.0,30.307787
-0.333143,0.222093,-0.471966,0.502232,0.502241,-0.960576,-1.449202,-1.734229,-2.061362,-2.125494,0.000818,0.0,30.460005
-0.056243,0.478062,-0.421825,-1.277066,0.0,-0.594116,-1.274298,-1.541742,-1.921162,-2.061085,0.000686,0.0,30.460005
0.14025,0.196351,-0.392718,0.253096,0.253089,-0.495499,-1.296131,-1.588854,-2.006601,-2.207403,0.000726,0.0,30.537096
-0.896359,0.196076,-0.896359,0.14025,0.140236,-0.362844,-1.184974,-1.549353,-1.956919,-2.22137,0.000695,0.0,30.57992
-0.111848,0.195761,-0.531314,0.168059,0.168068,-0.318781,-1.085029,-1.555785,-1.929196,-2.261464,0.000785,0.0,30.631315
0.0,0.223084,-0.418299,0.27965,0.279652,-0.429449,-1.109283,-1.658919,-2.024585,-2.390445,0.001127,0.0,30.716976
-0.800223,0.303521,-0.883013,1.059679,1.059678,-1.098238,-1.778788,-2.450585,-2.816448,-3.228835,0.001658,1.0,31.042477
0.0,0.274343,-0.329215,0.579467,0.579464,-1.229081,-1.954241,-2.718001,-3.118839,-3.571686,0.001814,1.0,31.222357
0.666114,1.22121,-0.13877,-1.152269,-1.152251,0.105459,-0.584991,-1.358208,-1.811948,-2.262841,0.001484,-1.0,30.862597
0.027653,0.055297,-0.469997,0.388562,0.388548,-0.055286,-0.751995,-1.489273,-2.017586,-2.443749,0.001633,0.0,30.982513
0.305898,0.556176,-0.222464,-0.580589,-0.580608,0.584002,-0.061156,-0.728172,-1.303275,-1.720812,0.001497,-1.0,30.802626
0.250417,0.445184,-0.473008,-0.055617,-0.055589,0.473003,0.100161,-0.481607,-1.108987,-1.509586,0.00161,0.0,30.785503
0.055744,0.22296,-0.222971,-0.166939,-0.166945,0.323294,0.331655,-0.156678,-0.798594,-1.199152,0.00153,0.0,30.734108
-0.197183,0.619721,-1.323946,-1.059089,-1.059097,1.098593,1.349301,0.965698,0.360516,-0.057101,0.000946,-1.0,30.408604
-0.47834,0.450197,-0.506472,0.112679,0.112675,0.630278,1.173332,0.881644,0.350304,-0.098503,0.001037,0.0,30.442867
-0.280513,0.3366,-0.420763,0.309513,0.309527,0.145854,0.802233,0.587181,0.137735,-0.326889,0.001107,0.0,30.537096
2.295709,2.432359,-0.355291,2.63674,2.636727,-2.071597,-1.691713,-1.80923,-2.205009,-2.706891,0.001865,1.0,31.342276
0.247525,0.742574,-0.797582,-0.628584,-0.628576,-1.188123,-1.094614,-1.057943,-1.403085,-1.92417,0.001478,-1.0,31.145266
1.292495,1.74206,-0.224788,-2.117714,-2.117718,1.000284,0.921608,1.062099,0.782851,0.285434,0.000692,-1.0,30.485697
1.273697,1.386918,-0.141531,-0.730537,-0.730533,1.624677,1.426542,1.724685,1.517119,1.08235,0.000431,-1.0,30.262989
-0.253807,0.197406,-0.733215,0.367951,0.367951,1.144953,0.913708,1.276557,1.130854,0.768431,0.000663,0.0,30.374342
0.712048,0.996861,-0.284828,-0.987022,-0.987014,1.310159,1.68327,2.071572,2.074896,1.795908,0.000341,-1.0,30.074543
1.097634,1.155404,-0.751005,-1.395619,-1.395642,1.738896,2.758537,3.163891,3.3709,3.189709,-0.000157,-1.0,29.65481
1.578489,1.695417,-0.116928,-1.184287,-1.184273,2.15142,3.612981,4.045602,4.391993,4.308955,-0.000732,-1.0,29.303616
-0.493188,0.087029,-0.841314,0.760018,0.760026,0.881916,2.521023,2.932006,3.417454,3.416294,-0.00041,1.0,29.526331
0.63823,0.841303,-0.174067,0.0,0.0,0.307506,2.178696,2.643835,3.215829,3.289807,-0.000532,0.0,29.526331
-0.173202,0.173216,-0.461891,0.493177,0.49318,-0.456126,1.114313,1.889908,2.478341,2.676667,-0.000547,0.0,29.671949
0.172963,0.403583,-0.547705,0.144342,0.144332,-0.559232,0.487176,1.514368,2.07697,2.41799,-0.000665,0.0,29.714775
-0.229155,0.05729,-0.888003,0.634191,0.634196,-0.784875,-0.340879,0.761955,1.273269,1.682034,-0.000618,1.0,29.903225
0.546914,0.662058,-0.805996,-0.486961,-0.486961,-0.143931,-0.023036,1.101507,1.563029,2.062166,-0.000792,0.0,29.757608
0.634912,0.721501,-0.230886,-0.259067,-0.25907,0.219334,0.002882,1.171711,1.6378,2.187583,-0.000975,0.0,29.680515
0.609046,0.609046,-0.435029,-0.490626,-0.490625,0.620651,0.313224,1.262567,1.927202,2.487236,-0.0012,0.0,29.534895
0.028966,0.086887,-0.260643,0.145009,0.145008,0.382282,0.14191,0.762624,1.584131,2.116421,-0.001209,0.0,29.577723
-0.317552,0.317555,-0.375292,0.318564,0.318571,-0.09238,-0.051965,0.259811,1.137408,1.631633,-0.001195,0.0,29.671949
0.173916,0.376814,-0.434788,-0.404154,-0.404159,0.173913,0.362319,0.506279,1.397099,1.850431,-0.001717,0.0,29.552027
0.028983,0.434662,-0.173854,0.02898,0.028979,0.063754,0.344833,0.293639,1.202553,1.652857,-0.001914,0.0,29.560591
0.289849,0.434788,-0.115945,-0.028971,-0.028971,0.104346,0.333332,0.204829,0.928983,1.515359,-0.001513,0.0,29.552027
-0.460432,0.115111,-0.604314,0.724638,0.724634,-0.489206,-0.37122,-0.491124,-0.028775,0.654965,-0.001393,1.0,29.766171
-0.230288,0.02878,-0.518138,-0.028771,-0.028768,-0.403,-0.391485,-0.360781,-0.122344,0.596423,-0.001196,0.0,29.757608
-0.657892,0.0,-0.97254,0.633267,0.633277,-0.766596,-0.955384,-0.894362,-0.803783,-0.102983,-0.00095,1.0,29.946056
0.258324,0.459242,-0.401834,-0.343247,-0.343271,-0.235348,-0.559689,-0.482191,-0.551078,0.148118,-0.001013,0.0,29.84326
-0.057192,0.085785,-0.428942,0.373137,0.37315,-0.337434,-0.78925,-0.789249,-0.940809,-0.409496,-0.000501,0.0,29.95462
0.114485,0.171726,-0.343443,-0.085794,-0.0858,-0.143094,-0.586711,-0.656353,-0.80995,-0.486539,-0.000572,0.0,29.928919
-0.568993,0.312933,-0.768139,0.601039,0.601044,-0.506407,-1.035566,-1.204366,-1.268851,-1.131156,-0.000468,1.0,30.108805
0.314199,0.314199,-0.314185,-0.398304,-0.398285,-0.07999,-0.494155,-0.757889,-0.796925,-0.772362,-0.001552,0.0,29.988886
1.096368,1.154071,-0.317372,-0.999709,-0.99972,0.825156,0.553949,0.246197,0.232252,0.137329,-0.001684,-1.0,29.689081
0.086452,0.230542,-0.893377,0.11541,0.115416,0.553304,0.495665,0.172898,0.125347,-0.025374,-0.000887,0.0,29.723347
-0.688657,0.086092,-1.004298,0.432268,0.432243,0.068889,0.091842,-0.197015,-0.28262,-0.429248,-0.000472,0.0,29.851824
0.956528,1.188406,-0.405794,-1.004298,-1.004284,0.707248,1.03768,0.788405,0.669565,0.614493,-0.000962,-1.0,29.552027
-0.230608,0.259441,-0.778325,0.550722,0.550717,-0.028821,0.406462,0.272899,0.11099,0.088793,-0.000413,1.0,29.714775
-0.972818,0.171665,-1.058652,0.749501,0.749509,-0.606589,-0.309019,-0.389134,-0.590851,-0.600865,0.000354,1.0,29.93749
0.0,0.485434,-0.542541,0.200283,0.200264,-0.622493,-0.493989,-0.48923,-0.712436,-0.756125,0.000848,0.0,29.997444
-0.113768,0.227537,-0.426627,0.399772,0.399801,-0.84188,-0.827657,-0.807749,-1.018216,-1.097852,0.000719,0.0,30.117374
-0.338323,0.02819,-0.676631,0.881687,0.88167,-1.161546,-1.604172,-1.53745,-1.766282,-1.89907,0.001034,1.0,30.38291
-0.112679,0.140842,-0.591546,0.084576,0.084567,-0.788723,-1.549287,-1.51924,-1.708441,-1.896328,0.000888,0.0,30.408604
0.567218,0.709019,-0.085077,-0.676062,-0.676059,0.062402,-0.709009,-0.76951,-0.933057,-1.159376,0.000595,-1.0,30.203024
-0.19774,0.254237,-0.621475,0.397062,0.397066,-0.118648,-0.903962,-1.080983,-1.197744,-1.446331,0.000511,0.0,30.32295
0.969202,0.997714,-0.285068,-0.903955,-0.903965,0.746867,0.06557,-0.152026,-0.249423,-0.4846,0.000362,-1.0,30.048841
-0.226752,0.170071,-0.90703,0.570117,0.570122,0.068031,-0.280605,-0.69349,-0.738369,-0.976181,0.000658,1.0,30.220156
-0.255467,0.11354,-0.738005,-0.141721,-0.141707,0.05676,0.014184,-0.510936,-0.55919,-0.752774,0.000783,0.0,30.177332
0.056742,0.454029,-0.397287,0.028391,0.028392,0.017014,0.06809,-0.42945,-0.53066,-0.698083,0.000741,0.0,30.1859
0.371856,0.772314,-0.085809,-0.79456,-0.794556,0.566355,0.852395,0.41761,0.26458,0.149877,0.000343,-1.0,29.946056
0.200172,0.428933,-0.428942,0.02861,0.028598,0.474694,0.769228,0.411779,0.240204,0.146409,0.000498,0.0,29.95462
-0.282814,2.262441,-0.791852,1.115242,1.11523,-0.588222,-0.373296,-0.533552,-0.835681,-0.888,0.000886,1.0,30.288683
0.197236,0.676241,-0.366303,0.36765,0.367659,-0.80586,-0.741057,-0.747631,-1.131308,-1.191325,0.001027,0.0,30.400042
0.566083,0.792525,-0.056612,-0.450831,-0.450832,-0.30569,-0.271725,-0.226439,-0.588738,-0.688369,0.000608,0.0,30.262989
-0.65435,0.056888,-1.507832,-0.509482,0.802974,-0.732733,-1.006136,-0.910077,-1.252348,-1.407167,0.000905,1.0,30.505993
1.269469,1.615698,-0.173116,-1.394031,-1.394011,0.754478,0.403962,0.482656,0.181715,0.006847,0.000181,-1.0,30.080736
1.489045,1.605836,-0.029191,-1.18292,-1.182927,1.581265,1.439273,1.537944,1.410057,1.152355,-0.000119,-1.0,29.724903
1.034885,1.537552,0.0,-1.255474,-1.255473,2.158484,2.447723,2.588881,2.637574,2.351609,-0.000701,-1.0,29.351715
0.118206,0.650121,-0.354607,0.059137,0.059128,1.489368,2.109058,2.338954,2.48015,2.247542,-0.000649,0.0,29.36907
-0.560965,0.324774,-2.273401,0.08865,0.088654,0.643642,1.831185,2.037876,2.286922,2.112309,-0.000832,0.0,29.395107
-0.029721,0.564813,-1.159331,-0.679067,-0.679076,0.725336,2.267408,2.540669,2.828396,2.720548,-0.000932,-1.0,29.195492
-0.938979,0.35211,-1.2324,1.307976,1.307955,-0.674868,0.706569,1.071913,1.364633,1.39778,-0.000108,1.0,29.577356
-0.583422,0.029177,-1.283544,0.586846,0.586871,-0.986001,-0.099181,0.386664,0.662695,0.81104,6e-05,1.0,29.750937
-1.010973,0.115543,-1.530904,0.991832,0.991814,-1.507789,-1.152496,-0.630246,-0.352015,-0.164552,0.00026,1.0,30.046011
0.811591,0.840583,-0.347823,-0.346618,-0.346605,-0.800006,-0.9971,-0.285559,-0.069066,0.175262,0.000495,0.0,29.94187
1.128939,1.336901,-0.623883,-2.434783,-2.434794,1.687467,1.176482,2.033591,2.28168,2.551339,-0.000571,-1.0,29.212847
-0.738116,0.206673,-1.623853,0.623883,0.623904,0.93297,0.436958,1.198288,1.50716,1.781067,-0.000616,1.0,29.395107
-0.674289,0.381123,-0.732923,0.708598,0.708608,0.123109,-0.184719,0.306832,0.695997,0.956115,-0.000435,1.0,29.603403
-0.058261,0.233026,-0.728226,0.644975,0.64497,-0.687458,-0.681638,-0.440835,-0.015011,0.254283,-0.000347,1.0,29.794336
0.0,0.726744,-0.668616,0.203903,0.203894,-0.947676,-0.72966,-0.788766,-0.233695,-0.012398,-0.000589,0.0,29.855085
-0.695445,0.115911,-1.130104,0.319756,0.319755,-0.770778,-0.793969,-1.133965,-0.552366,-0.344222,-0.000505,0.0,29.950548
-0.229627,0.028697,-0.746263,0.95625,0.956263,-1.153849,-1.51551,-1.957532,-1.502893,-1.285944,7.8e-05,1.0,30.236954
0.373137,0.545347,-0.660158,0.0,0.0,-0.734792,-1.354774,-1.762354,-1.529861,-1.278057,-6.4e-05,0.0,30.236954
0.51739,0.833576,-0.431164,-0.14351,-0.14352,-0.32768,-1.164128,-1.439116,-1.399831,-1.135153,0.000208,0.0,30.193558
0.057277,0.11455,-0.601372,0.373662,0.373659,-0.400907,-1.411788,-1.605569,-1.799821,-1.455638,0.000137,0.0,30.306379
0.518436,0.662442,-0.57604,-0.572729,-0.572718,0.293772,-0.538601,-0.831426,-1.225531,-0.864352,-1.6e-05,-1.0,30.132809
-0.572905,0.171873,-1.088516,0.547232,0.547231,-0.211976,-0.782013,-1.212649,-1.668585,-1.402709,0.000169,0.0,30.297705
-0.170837,0.056948,-1.309792,0.601544,0.601527,-0.649191,-1.087685,-1.643876,-2.071459,-1.981766,0.000667,1.0,30.479954
0.142462,0.142462,-0.854698,-0.05695,-0.056939,-0.415952,-0.811961,-1.496672,-1.836181,-1.899713,0.000637,0.0,30.462599
-0.988709,0.112986,-1.242946,0.854712,0.85472,-0.988712,-1.37007,-2.161972,-2.451994,-2.70284,0.000544,1.0,30.722969
-0.673974,0.814381,-0.898624,0.593217,0.593201,-1.072728,-1.642791,-2.373858,-2.75063,-3.169894,0.000624,1.0,30.905218
-0.724242,0.696379,-0.835666,0.814381,0.814406,-1.320354,-2.142081,-2.785534,-3.282752,-3.768269,0.001076,1.0,31.156912
0.027902,0.139481,-0.61366,-0.139287,-0.139295,-0.775451,-1.723851,-2.326361,-2.928874,-3.407537,0.00074,0.0,31.113512
0.139975,0.419927,-0.279961,-0.362614,-0.36263,-0.067179,-1.105817,-1.711453,-2.421607,-2.845462,0.001108,0.0,31.000685
0.735092,0.819907,-0.537176,-0.979849,-0.979859,0.904742,2.1e-05,-0.556006,-1.33303,-1.71443,0.001181,-1.0,30.696922
0.19841,0.453515,-0.255102,-0.254453,-0.254436,0.97506,0.413835,-0.156836,-0.851753,-1.277777,0.001538,0.0,30.618818
0.566896,0.623586,-0.821987,0.0,0.0,0.623581,0.518709,-0.073693,-0.651923,-1.141721,0.001517,0.0,30.618818
0.806914,1.152729,-1.383285,-1.643985,-1.643982,1.642641,2.077805,1.569639,1.093655,0.559072,0.000898,-1.0,30.11545
-0.488219,0.086152,-1.493397,0.345818,0.345813,0.775415,1.64561,1.225352,0.815627,0.2355,0.001264,0.0,30.219593
-0.683182,0.19926,-0.768574,0.890296,0.890313,-0.250512,0.671775,0.371937,0.029873,-0.5773,0.001115,1.0,30.488642
-0.282651,0.537024,-0.423971,0.711642,0.711636,-0.898818,-0.104586,-0.212935,-0.553993,-1.085366,0.00116,1.0,30.70561
0.62749,0.884193,-0.427841,-0.904466,-0.904463,-0.119799,0.567588,0.726363,0.385044,-0.046786,0.000482,-1.0,30.427889
1.749775,2.099729,-0.349965,-2.196235,-2.196255,1.883945,2.370962,2.82688,2.559065,2.218733,-0.000178,-1.0,29.759615
0.735294,0.7647,-0.2353,-0.845731,-0.84573,2.270603,2.738246,3.488248,3.317659,3.051777,0.000389,-1.0,29.507929
0.501333,0.560301,-0.471837,-0.264706,-0.264688,1.822466,2.580355,3.469964,3.442931,3.267467,7.2e-05,0.0,29.429825
-0.176777,0.02947,-0.648197,0.088467,0.088465,0.883911,2.094874,3.050481,3.236593,3.109015,-0.00015,0.0,29.45586
0.295156,0.619832,-0.088557,-0.176777,-0.17678,0.365992,1.862454,2.835493,3.26741,3.178273,-0.000443,0.0,29.403788
1.27699,1.337802,-1.489805,-2.922084,-2.922086,2.535729,4.378237,5.330905,6.036795,6.046827,-0.001559,-1.0,28.544584
1.231139,1.231139,-0.246236,-1.216166,-1.216171,2.868577,4.94614,5.964912,6.940598,7.069252,-0.002108,-1.0,28.197433
-0.275145,1.039438,-0.428001,0.677122,0.677133,1.442983,3.500458,4.710079,5.810149,6.078875,-0.002208,1.0,28.388367
1.119403,1.305976,0.0,-1.68144,-1.681439,2.070891,4.269274,5.854059,7.083329,7.574622,-0.002808,-1.0,27.911034
0.217054,0.589144,-0.55814,0.279851,0.27985,0.775191,3.106972,4.932297,6.2186,6.944492,-0.002657,0.0,27.989143
0.311148,2.084636,-0.062228,-0.341088,-0.341082,0.653388,2.790908,4.760418,6.004971,6.939633,-0.002912,0.0,27.893677
-1.377401,0.397922,-1.561059,1.649032,1.649026,-0.869294,0.716258,2.622186,3.81849,4.907258,-0.002119,1.0,28.353651
-1.462244,0.0,-1.969561,2.571166,2.571179,-2.876758,-1.92779,-0.272563,0.938518,2.051916,-0.001396,1.0,29.082674
-0.178894,0.655924,-0.566497,0.089534,0.089514,-2.140722,-2.134761,-0.727487,0.588853,1.713778,-0.001579,0.0,29.108707
-0.561294,0.384053,-0.827173,0.924261,0.92426,-2.091569,-3.03987,-1.874927,-0.543561,0.540041,-0.001228,1.0,29.377747
0.117546,0.382019,-0.352627,0.531761,0.531773,-1.498682,-3.217751,-2.444905,-1.168089,-0.205705,-0.001344,0.0,29.53397
0.176681,0.677267,-0.088336,-0.205701,-0.205712,-0.535918,-2.585386,-2.25166,-1.09098,-0.207295,-0.001629,0.0,29.473215
-0.351182,0.175598,-0.556037,0.618372,0.618368,-0.760894,-2.756791,-2.801665,-1.839319,-0.961063,-0.001699,1.0,29.655468
-0.117271,0.469068,-0.263855,-0.175584,-0.175566,-0.252141,-2.014084,-2.597491,-1.852841,-0.924081,-0.001712,0.0,29.603403
0.029337,0.35211,-0.146722,-0.087948,-0.087987,-0.029325,-1.390825,-2.472592,-1.91019,-0.977676,-0.001614,0.0,29.577356
1.16106,1.458773,-0.148851,-1.437799,-1.437759,1.166998,0.479295,-0.910998,-0.583519,0.334612,-0.001777,-1.0,29.152105
-0.826687,0.295252,-0.826687,0.833578,0.833566,0.277532,0.002954,-1.458515,-1.424561,-0.607023,-0.001389,1.0,29.395107
0.9538,1.102829,-0.089416,-0.944789,-0.94478,0.864376,0.968695,-0.35172,-0.538009,0.152602,-0.001726,-1.0,29.117388
0.505958,0.625009,-0.744048,0.149028,0.149004,0.41073,0.836327,-0.214266,-0.736587,-0.208313,-0.001086,0.0,29.160774
1.236069,1.266211,-1.326494,-1.279762,0.120738,0.028392,0.652469,-0.059028,-0.891879,-0.497431,-0.001166,0.0,29.195982
-0.776113,0.238812,-1.04477,0.994881,0.994897,-0.730205,-0.35517,-0.683428,-1.708477,-1.514684,-0.001129,1.0,29.486452
0.658674,0.868254,-0.029949,-0.298501,-0.298503,-0.43073,-0.082273,-0.149153,-1.209933,-1.23472,-0.00149,0.0,29.398434
0.298591,0.806199,-0.029866,0.269461,0.26945,-0.453869,-0.411102,-0.32815,-1.290643,-1.493638,-0.00107,0.0,29.477648
0.686769,1.283953,-0.656918,0.0,0.0,-0.238877,-0.453763,-0.24471,-1.024914,-1.490681,-0.000286,0.0,29.477648
-0.150024,0.360033,-0.87009,-0.477755,-0.477742,0.336027,-0.057897,0.22485,-0.320108,-1.026933,-0.000155,0.0,29.336821
0.691533,1.232712,-0.240523,-0.210033,-0.210033,0.40289,0.194505,0.376871,0.125648,-0.718792,-0.000135,0.0,29.275204
-1.952663,0.177521,-1.952663,1.623575,1.623582,-0.964503,-1.286784,-1.164655,-1.23924,-2.096137,0.000413,1.0,29.750511
-0.235647,0.029449,-1.178209,0.443793,0.443781,-1.131074,-1.466866,-1.550671,-1.54175,-2.32869,0.000635,0.0,29.882538
-0.558821,0.676471,-1.029406,0.147272,0.147263,-0.976459,-1.355873,-1.623452,-1.549889,-2.202918,0.001731,0.0,29.926544
0.14797,0.414321,-1.479728,-0.617644,-0.617629,-0.08879,-0.559343,-0.975234,-0.876867,-1.359437,0.001945,-1.0,29.741709
1.288583,1.288583,-0.089898,-1.242977,-1.242982,1.234646,0.653286,0.321033,0.343155,0.083407,0.001259,-1.0,29.372025
0.421941,0.482218,-0.391805,-0.569371,-0.569375,1.44063,1.163356,0.852063,0.8718,0.773095,0.001656,-1.0,29.204788
0.853395,0.944828,0.0,-1.115127,-1.115119,1.88966,2.096916,1.934361,1.874911,1.881313,0.001158,-1.0,28.87912
2.417384,2.937573,-0.122402,-0.396224,-0.396231,1.487152,2.255206,2.248065,2.134389,2.238765,0.001138,0.0,28.764692
-0.849512,0.424754,-1.668686,0.85679,0.85679,0.121364,1.274278,1.336981,1.16916,1.319689,0.000855,1.0,29.011145
-0.455644,1.549216,-0.607524,-0.121362,-0.121381,-0.030356,1.294072,1.342676,1.261709,1.365786,-0.000106,0.0,28.975931
-0.744934,0.178778,-2.264607,1.944116,1.944124,-1.710367,-0.709171,-0.558195,-0.645,-0.558365,0.000556,1.0,29.539259
-1.980198,0.0,-2.009313,2.324192,2.324215,-3.05185,-2.850915,-2.651922,-2.718415,-2.741627,0.001056,1.0,30.225815
-0.232485,0.988085,-0.523104,0.203844,0.203822,-2.243531,-2.929372,-2.671693,-2.7303,-2.849121,0.000939,0.0,30.287422
-0.144757,0.173703,-0.636946,0.3778,0.377807,-1.69659,-3.077593,-2.804478,-2.898087,-3.106303,0.001147,0.0,30.40185
-1.089753,0.516203,-1.319183,0.955408,0.955402,-1.508452,-3.564661,-3.416489,-3.620579,-3.822538,0.001268,1.0,30.69231
0.202079,0.779449,-0.144339,-0.659593,-0.659579,-0.230951,-2.502892,-2.613553,-2.801676,-3.040337,0.001095,-1.0,30.48987
0.028703,0.631283,-0.172158,0.606233,0.606224,-0.539452,-2.505018,-3.02821,-3.192244,-3.421513,0.001343,1.0,30.674707
1.163135,1.27945,-0.407092,-1.31994,-1.319934,0.779293,-0.703698,-1.655522,-1.766502,-1.983134,0.001385,-1.0,30.269821
-0.577871,0.028888,-1.069052,0.639727,0.639739,0.179121,-0.858154,-2.12272,-2.206027,-2.439774,0.001316,1.0,30.463469
-0.317372,0.201962,-0.836702,0.144464,0.144448,-0.086553,-0.499135,-2.015773,-2.145124,-2.446623,0.001705,0.0,30.507473
-0.316914,0.057623,-0.749058,0.144256,0.144253,-0.190141,-0.311144,-1.863052,-2.154994,-2.43618,0.001703,0.0,30.551481
0.695848,0.695848,-0.405926,-0.633814,-0.633815,0.237751,0.368219,-0.912346,-1.452598,-1.697885,0.001433,-1.0,30.357841
1.144031,1.144031,-0.176008,-1.159762,-1.159756,1.237901,1.452036,0.526054,-0.283077,-0.474041,0.000664,-1.0,30.005764
-0.058688,0.0,-0.762917,-0.029328,-0.029328,0.956565,1.346823,0.774638,-0.211277,-0.356816,0.00076,0.0,29.996964
0.354514,0.590845,-0.324951,-0.674894,-0.674888,1.163958,1.73412,1.642538,0.537663,0.389953,0.000423,-1.0,29.794518
-0.881054,0.20558,-1.321589,0.590845,0.590847,0.182082,0.963284,1.141452,0.074882,-0.170345,0.000634,1.0,29.970558
-0.233844,0.029237,-0.672315,0.469897,0.469878,-0.450147,0.304019,0.643098,-0.188531,-0.606829,0.000972,0.0,30.111383
-1.101452,0.26087,-1.275359,0.847708,0.847723,-1.049278,-0.507249,-0.185512,-0.763775,-1.384353,0.00135,1.0,30.366644
-0.405101,0.057873,-0.520833,0.173916,0.173915,-0.943292,-0.69445,-0.354944,-0.704579,-1.466442,0.000832,0.0,30.419456
-0.230941,0.028877,-1.24134,0.231476,0.231477,-0.715935,-0.929562,-0.629331,-0.685625,-1.547347,0.000756,0.0,30.48987
0.348733,0.697477,-0.174374,-0.663969,-0.663984,0.15694,-0.354537,-0.009676,0.101725,-0.746285,0.000467,-1.0,30.287422
1.323532,1.323532,-0.088232,-1.191514,-1.191511,1.241183,0.702949,1.02942,1.25883,0.590594,0.000262,-1.0,29.926544
0.441182,0.588238,-0.029406,0.0,0.0,0.947063,0.676477,0.952949,1.198536,0.745888,0.000706,0.0,29.926544
0.298692,0.866189,-0.328557,-1.529412,-1.529408,1.869771,2.060934,2.295901,2.61201,2.372762,0.000363,-1.0,29.468845
0.299859,0.719646,-0.119931,-0.388297,-0.388285,1.493245,2.308841,2.43278,2.784105,2.823384,0.000622,0.0,29.354422
1.464304,1.464304,-0.091516,-1.709143,-1.709156,2.263579,3.700432,3.821443,4.287683,4.516176,0.000153,-1.0,28.852709
0.797063,0.827713,-0.306557,-0.488103,-0.488096,1.919066,3.721643,3.948499,4.45739,4.817904,-0.000327,0.0,28.71188
-0.875343,0.241467,-1.297917,1.563464,1.563457,-0.175068,1.711439,2.155148,2.659223,3.049805,0.000275,1.0,29.160778
0.702088,0.824179,-0.488401,-1.116822,-1.116808,0.512817,2.310739,3.040289,3.536322,3.996334,-0.000818,-1.0,28.835108
-0.816697,0.120983,-1.149428,0.91576,0.915755,-0.57472,0.904407,1.945949,2.354802,2.833629,-0.001321,1.0,29.099167
-0.151988,0.668684,-0.395143,-0.483966,-0.483969,-0.018241,0.936163,2.208706,2.577502,3.122183,-0.001567,0.0,28.958336
-1.96487,0.0,-2.679372,2.097258,2.097261,-1.494492,-1.259306,-0.013896,0.336407,0.853823,-0.000953,1.0,29.565668
0.933726,0.933726,-0.060244,-1.161057,-1.161039,-0.295196,-0.340382,0.899575,1.381001,1.895158,-0.001709,-1.0,29.222399
0.120373,1.113446,-0.06019,0.090358,0.090328,-0.102302,-0.505555,0.541689,1.161611,1.637085,-0.001441,0.0,29.248795
0.270433,1.201926,0.0,0.150463,0.150481,-0.120192,-0.676084,0.118184,0.923974,1.318505,-0.001604,0.0,29.292809
0.483822,1.058355,0.0,-0.631007,-0.631008,0.616872,0.042332,0.483817,1.416686,1.763526,-0.001358,-1.0,29.107969
1.226245,1.502152,0.0,-1.360753,-1.360758,1.410184,1.422446,1.587986,2.572044,2.938077,-0.002072,-1.0,28.71188
-0.578912,0.944549,-0.639851,0.613124,0.613133,0.560625,0.709927,0.729222,1.691033,2.155993,-0.001905,1.0,28.887922
0.58015,0.61069,-0.152669,-0.213285,-0.213283,0.482437,0.922131,0.79592,1.63205,2.211897,-0.002032,0.0,28.826309
-0.454962,0.212314,-0.515626,0.671759,0.671754,-0.376103,0.221409,0.0465,0.700628,1.423103,-0.001566,1.0,29.019951
0.980089,1.16385,0.0,-0.970576,-0.970581,0.343031,1.127103,1.000506,1.418064,2.245628,-0.001499,-1.0,28.738289
-0.820918,0.060812,-1.064147,0.73506,0.735058,-0.224983,0.176353,0.318239,0.509278,1.339013,-0.001226,1.0,28.949532
-0.694232,0.301838,-0.935711,0.729711,0.729704,-0.760632,-0.570474,-0.408484,-0.35013,0.439485,-0.000724,1.0,29.160778
-0.540054,0.240018,-0.810084,0.603685,0.603698,-1.008108,-1.13712,-0.892096,-0.970606,-0.310842,-0.000719,1.0,29.336821
0.572973,0.874551,0.0,-0.510057,-0.510069,-0.386,-0.666456,-0.363882,-0.491547,0.02172,-0.001069,-1.0,29.187183
0.245017,0.612545,-0.245029,-1.537992,-0.122345,0.019497,-0.529853,-0.197664,-0.318411,-0.011627,-0.001416,0.0,29.151474
-0.336485,0.30591,-0.76476,0.122502,0.122495,0.059974,-0.488704,-0.406217,-0.358943,-0.235285,-0.001434,0.0,29.187183
0.0,0.1831,-0.366182,0.244726,0.244727,-0.117427,-0.604946,-0.641104,-0.585478,-0.570154,-0.001429,0.0,29.258612
-0.364973,0.577856,-0.547445,0.335676,0.335679,-0.43796,-0.756764,-0.948982,-0.829217,-0.918066,-0.001072,0.0,29.356827
0.703576,0.734173,-0.214133,-0.577865,-0.577869,0.140722,-0.122639,-0.397396,-0.237731,-0.365094,-0.000853,-1.0,29.187183
-0.547279,0.212831,-0.760109,0.611808,0.611796,-0.322274,-0.516298,-0.944534,-0.774992,-0.901066,-0.000635,1.0,29.365749
0.030528,0.458021,-0.152669,-0.425658,-0.425639,0.14045,0.008549,-0.400533,-0.406405,-0.405112,-0.000241,0.0,29.240757
0.430649,0.584445,-0.430634,-0.732831,-0.732844,0.719787,0.700594,0.366584,0.295098,0.311642,-0.000364,-1.0,29.026468
-0.548279,0.121831,-0.548279,0.984325,0.984333,-0.292427,-0.289378,-0.501221,-0.671703,-0.60103,0.000598,1.0,29.312185
0.551133,0.581745,-0.244942,-0.517825,-0.517822,0.208199,0.220449,0.048797,-0.177386,-0.075242,0.000588,-1.0,29.1604
-0.243463,0.09129,-0.943402,0.612373,0.612358,-0.419956,-0.325618,-0.42364,-0.74557,-0.631521,0.000248,1.0,29.338966
-2.2787,0.496646,-2.629267,4.1692,4.169199,-3.540747,-3.865023,-4.057247,-4.415355,-4.478157,0.002136,1.0,30.562166
0.588065,0.911503,-0.147013,-0.642717,-0.642697,-2.0347,-2.878571,-3.172092,-3.553725,-3.70966,0.001579,-1.0,30.365744
-0.117339,0.616013,-0.146668,0.235231,0.235219,-1.525374,-2.751541,-3.158306,-3.515432,-3.779448,0.001836,0.0,30.43717
-1.663804,0.372923,-1.979355,2.25873,2.258745,-2.43834,-4.277124,-4.882401,-5.308523,-5.669396,0.001894,1.0,31.124668
-0.517825,1.352135,-0.632903,-0.28687,-0.286869,-1.064447,-3.463758,-4.204074,-4.666025,-5.149597,0.002206,0.0,31.035381
0.173216,0.750586,-0.259815,-0.345222,-0.345241,-0.484976,-2.58371,-3.496913,-4.015866,-4.534355,0.00205,0.0,30.928234
0.406749,0.871595,-0.842525,-0.635107,-0.63509,0.389307,-1.406163,-2.560532,-3.146781,-3.68419,0.00177,-1.0,30.731812
-0.347521,0.521286,-0.810886,0.319585,0.319574,0.324361,-1.227915,-2.552369,-3.213146,-3.731041,0.002109,0.0,30.830023
2.283514,2.550418,-0.177939,-2.345781,-2.345772,2.058116,1.459063,-0.007921,-0.735481,-1.274143,0.001758,-1.0,30.106821
0.98861,1.22828,-0.898739,-1.008304,-1.008303,2.270811,2.648282,1.108437,0.384948,-0.125615,0.001179,-1.0,29.803253
-0.359601,0.56938,-0.779137,-0.029964,-0.029983,1.540321,2.421352,1.262624,0.516944,0.017755,0.001244,0.0,29.794317
0.089053,0.415562,-0.296821,0.958945,0.958958,0.142477,1.35352,0.534284,-0.301277,-0.810022,0.001347,1.0,30.080032
0.477755,0.62705,-0.328459,-0.593639,-0.593646,0.11944,1.779637,1.266048,0.385187,-0.142134,0.001481,-1.0,29.901463
-1.039807,0.831845,-1.871661,0.507608,0.507614,-0.421867,0.909091,0.952663,0.02228,-0.531196,0.0014,0.0,30.053247
-0.796463,0.707956,-0.973457,0.713018,0.713018,-0.820066,-0.059002,0.442473,-0.536879,-1.087913,0.001394,1.0,30.267532
-0.146496,0.205098,-0.380899,0.678463,0.67844,-1.043053,-0.881903,-0.253911,-1.004962,-1.585684,0.001421,1.0,30.472879
-0.640842,0.174766,-0.932141,0.585998,0.585996,-1.246711,-1.485566,-0.772874,-1.316616,-1.977264,0.001812,1.0,30.651449
-1.691999,0.430172,-1.749358,1.572959,1.572983,-1.984517,-2.913678,-2.160402,-2.552335,-3.26699,0.002418,1.0,31.133591
1.222002,1.396564,-0.581906,-1.433897,-1.433889,-0.145487,-1.312199,-0.832128,-0.885954,-1.664249,0.001862,-1.0,30.68717
-0.548813,0.259965,-0.9532,0.727379,0.727369,-0.45061,-1.666667,-1.575195,-1.347484,-2.174463,0.002034,1.0,30.910379
-1.482752,0.427719,-1.568292,1.29983,1.299832,-1.191907,-2.443688,-2.756394,-2.493586,-3.165101,0.002378,1.0,31.312162
0.518583,0.921925,-0.259291,-1.026521,-1.026521,0.051859,-1.138002,-1.692116,-1.381445,-1.907231,0.002218,-1.0,30.990736
-0.201904,0.25959,-1.182579,-0.115243,-0.115244,0.051922,-0.683587,-1.55177,-1.184016,-1.581767,0.001959,0.0,30.955021
-0.572249,0.429176,-1.001439,0.807623,0.807617,-0.417739,-1.110159,-2.105865,-1.962803,-2.108153,0.002399,1.0,31.205019
0.45977,0.488512,-0.45977,-0.42919,-0.429181,0.11494,-0.425293,-1.411881,-1.534485,-1.46322,0.002507,0.0,31.071093
0.607988,0.810651,0.0,-0.747121,-0.747132,0.56167,0.442966,-0.443928,-0.807756,-0.685578,0.001889,-1.0,30.838951
0.52402,0.727802,-0.320221,-0.550096,-0.55008,0.908293,1.004364,0.234833,-0.26929,-0.096655,0.001878,-1.0,30.669312
0.029098,0.494756,-0.232835,0.029121,0.029117,0.69848,0.826535,0.374457,-0.323058,-0.094303,0.001669,0.0,30.678242
-1.655718,0.399655,-1.912641,1.949936,1.949939,-1.181846,-0.913507,-1.284619,-2.042541,-1.985731,0.000877,1.0,31.276449
-0.99235,0.595407,-1.389286,0.68513,0.685126,-1.587752,-1.403462,-1.697387,-2.441173,-2.594844,0.001351,1.0,31.490732
1.706682,1.735603,-0.202488,-1.98469,-1.984698,0.42234,0.448371,0.377982,-0.292156,-0.630599,0.000558,-1.0,30.865736
-0.260191,0.375834,-0.289095,0.057854,0.05786,0.503037,0.355593,0.370048,-0.219719,-0.668403,-0.000228,0.0,30.883595
0.231823,0.811368,-0.028971,-0.231286,-0.231298,0.822963,0.541887,0.533194,0.159388,-0.440437,-0.000208,0.0,30.812162
-0.374427,0.115199,-0.374427,0.608528,0.608539,0.034556,-0.132492,-0.007685,-0.293784,-0.927424,0.000133,1.0,30.999666
-0.172021,0.286694,-0.286703,0.460829,0.460834,-0.647946,-0.567668,-0.416675,-0.610675,-1.209872,0.000524,0.0,31.142523
0.288594,0.894652,-0.028869,-0.659401,-0.65941,0.057718,0.124098,0.163539,0.124096,-0.406352,0.000174,-1.0,30.937166
0.3778,0.464981,-0.029056,-0.692646,-0.692646,0.650976,0.839876,0.804033,0.834063,0.371987,0.000765,-1.0,30.722881
-1.067202,0.230753,-1.182579,0.755588,0.755593,-0.011532,0.173064,0.048077,0.049038,-0.244589,0.001395,1.0,30.955021
-0.229879,0.143675,-0.747121,0.374967,0.37497,-0.339081,-0.267244,-0.354407,-0.262933,-0.486209,0.001539,0.0,31.071093
-0.628215,0.228435,-0.742439,0.632187,0.632189,-0.885214,-0.96517,-0.938517,-0.832388,-0.983446,0.001423,1.0,31.267521
-0.200069,0.200054,-0.314378,-0.08566,-0.085677,-0.605883,-0.760213,-0.767833,-0.758783,-0.800224,0.001604,0.0,31.240732
0.171224,0.31393,-0.114158,0.142895,0.142913,-0.388136,-0.773411,-0.778167,-0.85332,-0.86074,0.001474,0.0,31.285379
-0.946811,0.946811,-1.113901,2.482874,2.482866,-2.11083,-2.787522,-2.894271,-3.082705,-3.146754,0.002106,1.0,32.062153
0.391277,0.475131,-0.279483,-0.362019,-0.362034,-1.207361,-2.138048,-2.401697,-2.614571,-2.637209,0.001734,0.0,31.946077
-0.138195,0.746271,-0.386951,1.117946,1.117953,-1.65837,-2.86069,-3.313057,-3.500544,-3.541175,0.001924,1.0,32.303219
0.719828,0.775202,-0.581393,-0.16584,-0.165847,-0.869313,-2.292344,-2.866355,-3.121522,-3.264656,0.001303,0.0,32.249645
0.279561,1.285994,-0.055913,-0.96899,-0.968978,0.508801,-0.956108,-1.696019,-1.975116,-2.199605,0.001469,-1.0,31.937153
1.435808,1.773654,-0.168922,-0.69891,-0.698904,0.99661,-0.019712,-0.814568,-1.121906,-1.415543,0.00096,-1.0,31.713943
0.056227,0.168684,-0.843407,0.140766,0.140765,0.736569,0.056223,-0.794679,-1.18499,-1.484398,0.000546,0.0,31.758585
0.335847,0.559754,-0.251892,0.449817,0.449815,0.033582,-0.193118,-1.080326,-1.563113,-1.821438,0.001073,0.0,31.90144
-0.02809,0.140407,-0.393148,-0.335849,-0.335841,0.084237,0.317313,-0.567269,-1.085381,-1.370412,0.000994,0.0,31.794302
0.055916,0.223646,-1.118258,0.449309,0.449297,-0.363428,0.072687,-0.758548,-1.362871,-1.652778,0.000866,0.0,31.937153
1.408445,1.523423,-0.143717,-2.739723,-1.444756,0.945823,1.353381,0.806557,0.188496,-0.109724,0.000504,-1.0,31.475739
1.831931,1.89009,-0.174461,-1.149761,-1.149759,1.705516,2.264774,1.988231,1.372169,1.031227,0.00036,-1.0,31.113844
-0.086589,0.577189,-0.288609,0.756042,0.756033,0.589962,1.193059,1.240295,0.644456,0.255054,0.000826,1.0,31.349075
-0.372709,0.258028,-0.602073,0.663778,0.663771,-0.223615,0.30636,0.63957,0.079046,-0.318381,0.001053,1.0,31.557161
-1.081996,0.028479,-1.309792,0.688068,0.688091,-1.00798,-0.430375,0.054393,-0.439431,-0.887464,0.000602,1.0,31.774303
1.065356,1.151745,-0.143968,-1.110476,-1.110476,0.069096,0.594654,1.042014,0.752803,0.30308,-3.9e-05,-1.0,31.421457
-0.881689,0.085321,-0.881689,1.238123,1.238119,-0.716727,-0.619278,-0.222121,-0.363161,-0.821646,0.001112,1.0,31.810492
0.257069,0.656967,-0.314185,-0.426627,-0.426627,-0.085688,-0.265035,0.073112,0.128025,-0.329497,0.000939,0.0,31.67478
0.401143,0.45845,-0.544421,-0.314185,-0.314187,0.240685,-0.020064,0.246133,0.496579,0.065477,0.00091,0.0,31.575262
0.289262,0.289262,-0.520686,-0.945564,-0.94556,0.879373,0.723165,1.062292,1.454518,1.091516,0.000354,-1.0,31.276699
-0.05836,0.233434,-0.729501,-0.867804,-0.867806,1.494017,1.453163,1.794619,2.172218,1.982957,-0.00012,-1.0,31.005278
1.031533,1.20837,-0.206304,-0.992121,-0.992128,1.786035,2.334221,2.584271,2.992715,2.956239,-0.000239,-1.0,30.697666
1.079029,2.333039,0.0,1.061011,1.061009,0.297467,1.154858,1.318579,1.705154,1.843853,0.000387,1.0,31.023371
-0.291372,0.990676,-0.874126,0.087486,0.087505,-0.128216,0.903253,1.070305,1.423142,1.730309,0.000149,0.0,31.050518
0.699091,0.728226,-0.320422,0.029143,0.02914,-0.297126,0.64374,0.852495,1.252322,1.671592,2.5e-05,0.0,31.059566
-0.634183,0.634191,-0.922456,1.048637,1.048627,-1.089644,-0.412217,-0.213314,0.149219,0.530232,0.000174,1.0,31.385265
0.17242,0.258621,-0.344825,0.317094,0.317085,-0.902285,-0.830446,-0.450179,-0.210817,0.153868,0.000318,0.0,31.484783
0.575697,0.719632,-0.057573,-0.172405,-0.172398,-0.472079,-0.736905,-0.26099,-0.113403,0.215763,0.000205,0.0,31.430504
0.836702,1.038661,-0.461627,-0.230288,-0.230292,-0.046157,-0.577027,-0.073083,0.047611,0.333363,-0.000764,0.0,31.358122
0.607285,0.636197,-0.231353,-0.230808,-0.230798,0.329659,-0.344137,0.053974,0.174948,0.482182,-0.000717,0.0,31.285748
0.636393,0.752103,-0.173567,-0.028924,-0.028924,0.289264,-0.228524,0.052066,0.172111,0.455334,-0.001126,0.0,31.276699
0.905365,1.02219,-0.846965,-0.954579,-0.954586,0.928738,0.823598,0.837226,1.115652,1.322735,-0.001408,-1.0,30.978136
-0.292306,0.146153,-0.496925,-0.087626,-0.08762,0.707398,0.888632,0.769758,1.140019,1.288759,-0.001093,0.0,30.950993
-1.380104,0.0,-1.667619,1.66618,1.666179,-0.874062,-0.632546,-0.904732,-0.531913,-0.41288,-0.000249,1.0,31.466692
-0.144312,0.894652,-0.230886,-0.373769,-0.373783,-0.461755,-0.167384,-0.51755,-0.226545,-0.114281,-0.000432,0.0,31.349075
-0.470309,0.146972,-1.675482,-1.818187,-1.818178,1.058201,1.484422,1.275722,1.516757,1.644916,-0.001242,-1.0,30.779093
0.591532,1.064765,-0.059154,-0.617281,-0.617286,1.43153,1.82195,1.881104,1.947653,2.207634,-0.001343,-1.0,30.589098
-0.411157,0.0,-0.792952,0.709843,0.709838,0.622623,0.901628,1.116021,1.088121,1.416755,-0.00125,1.0,30.806231
-0.788785,0.0,-0.964061,0.528637,0.528637,-0.227865,0.245409,0.566765,0.458674,0.807491,-0.000545,0.0,30.969084
-0.553124,0.232902,-0.669575,0.350564,0.350588,-0.751103,-0.17177,0.219302,0.075685,0.365641,-9e-06,0.0,31.077658
-0.174627,0.407448,-0.844008,0.029121,0.029114,-0.582084,-0.261943,0.126106,0.059654,0.293356,-0.000269,0.0,31.086706
0.648003,1.502203,0.0,-1.193248,-1.193266,0.701036,0.857149,1.168393,1.270996,1.362012,-0.000932,-1.0,30.715759
0.958658,1.707609,0.0,-1.67894,-1.67892,2.019163,2.330724,2.624314,2.86398,2.897533,-0.001777,-1.0,30.200066
-0.58696,0.98857,-4.324992,-3.02577,-3.025775,4.05314,4.779115,5.354753,5.77232,5.795491,-0.002462,-1.0,29.28628
4.119503,4.119503,-0.094336,-1.76089,-1.760893,4.314471,5.761008,6.66038,7.270443,7.3434,-0.003533,-1.0,28.77058
-1.009477,0.489443,-2.08015,2.798742,2.798748,0.452736,2.474759,3.373098,4.044047,4.227591,-0.002381,1.0,29.575796
-1.285888,0.149531,-1.854064,2.29428,2.294271,-2.105257,0.065794,0.89514,1.507183,1.831346,-0.001449,1.0,30.254345
0.150192,0.480625,-0.570751,-0.448559,-0.448544,-1.718247,0.288361,1.165499,1.746756,2.170007,-0.001272,0.0,30.118641
0.0,0.240958,-0.572298,-0.270351,-0.270371,-0.951802,0.250007,1.122494,1.802716,2.312053,-0.001058,0.0,30.037209
0.86633,1.454211,-0.49505,-2.650605,-2.650599,2.066834,2.351488,3.395215,4.224939,4.84901,-0.001651,-1.0,29.241043
0.457041,0.457041,-0.975015,1.54703,1.547024,0.591109,0.32298,1.57628,2.370512,3.023772,-0.001477,1.0,29.693409
-0.211864,0.60533,-0.363205,0.670326,0.670327,-0.320821,-0.620457,0.744553,1.507265,2.124699,-0.001269,1.0,29.892452
0.368547,0.67567,-0.644972,-1.452784,-1.452771,0.700234,0.592741,1.924641,2.750295,3.362397,-0.001798,-1.0,29.458183
-0.573319,0.150875,-0.995769,1.781321,1.781301,-1.098359,-0.935412,-0.07844,0.704599,1.36996,-0.001536,1.0,29.982922
1.891406,2.196464,-0.183032,-1.086301,-1.086302,0.268466,0.451508,0.699628,1.525334,2.26359,-0.002038,-1.0,29.657217
0.061069,0.274809,-0.61069,-0.091516,-0.091512,0.31756,0.561837,0.464128,1.424434,2.134968,-0.002009,0.0,29.630077
0.030559,0.183368,-0.488998,-0.0916,-0.091586,0.213924,0.433975,0.305614,1.350845,2.042777,-0.001959,0.0,29.60294
0.583727,0.706605,-0.122891,-0.519566,-0.519567,0.731175,0.731178,0.659495,1.649767,2.371732,-0.002062,-1.0,29.449133
-0.547781,0.213022,-0.973828,0.952387,0.952374,-0.38953,-0.322579,-0.190705,0.482353,1.172249,-0.001712,1.0,29.729599
-0.24286,0.485729,-0.546451,0.243451,0.243454,-0.534299,-0.376438,-0.202383,0.024293,0.718888,-0.001284,0.0,29.801977
-0.152529,1.098231,-1.128734,-0.485732,-0.48574,-0.030494,0.097631,0.303042,0.27152,1.059195,-0.001426,0.0,29.657217
0.399389,0.737333,-0.430104,-0.701647,-0.70163,0.571422,0.654372,0.829488,0.764973,1.618429,-0.002272,-1.0,29.449133
-0.030719,0.399257,-0.337838,0.030728,0.030731,0.546669,0.623449,0.649044,0.608095,1.404165,-0.002127,0.0,29.458183
0.154943,0.557797,-0.433836,-0.890666,-0.890673,1.084595,1.25813,1.361425,1.496743,2.072511,-0.001796,-1.0,29.195807
0.279503,0.434779,-0.496894,-0.216917,-0.216922,0.844721,1.298136,1.556934,1.779502,2.027328,-0.001653,0.0,29.132475
-0.28029,0.373712,-0.498287,-0.279503,-0.279506,0.710065,1.382749,1.694177,1.974464,2.033013,-0.002006,0.0,29.051048
-0.185592,1.144445,-0.525834,0.685148,0.685156,-0.111356,0.572215,0.855749,1.108868,1.138253,-0.001951,1.0,29.250093
1.12852,1.37931,-0.062699,-1.33004,-1.330047,0.821322,1.724142,2.077328,2.253922,2.315991,-0.002551,-1.0,28.861053
-0.249454,0.343,-0.685999,0.532915,0.532915,0.162149,0.938576,1.313796,1.535706,1.736206,-0.002371,0.0,29.014858
-0.675264,0.399009,-1.043585,1.590278,1.590282,-1.172504,-0.752,-0.313081,-0.013819,0.239404,-0.001377,1.0,29.476276
-0.153701,0.338149,-1.106674,-0.153478,-0.153479,-0.762368,-0.676292,-0.204934,0.095301,0.373813,-0.000832,0.0,29.431036
-0.919115,0.0,-1.378677,0.338149,0.33816,-0.906869,-0.98346,-0.557604,-0.303315,-0.062506,0.00037,0.0,29.53056
-1.346096,0.179485,-1.376007,2.420346,2.42034,-2.333235,-3.063119,-2.73208,-2.529169,-2.407422,0.001863,1.0,30.2453
0.570396,0.630438,-0.180129,-0.358956,-0.358952,-1.236872,-2.401689,-2.291613,-2.152517,-2.04264,0.000735,0.0,30.136734
-0.150963,0.664254,-0.332129,-0.570405,0.852604,-1.46813,-2.811825,-2.987849,-2.858561,-2.719073,0.00022,1.0,30.393681
-0.868266,0.029934,-1.586835,0.84542,0.845426,-1.498353,-3.104713,-3.585065,-3.506452,-3.409695,0.000682,1.0,30.650637
0.844897,1.146654,-0.422447,-0.778452,-0.778476,-0.14584,-1.962423,-2.617531,-2.616358,-2.583525,0.000501,-1.0,30.412029
-0.300294,0.030036,-0.690688,0.4828,0.482816,-0.420416,-1.877902,-2.845327,-2.90271,-2.907533,0.00162,0.0,30.558863
-0.090313,0.210716,-0.481638,-0.240234,-0.240231,0.048158,-1.159223,-2.329345,-2.54492,-2.607788,0.000982,0.0,30.485451
-0.120228,0.360682,-0.510977,0.150509,0.150508,-0.012024,-0.962197,-2.170679,-2.571933,-2.63963,0.000796,0.0,30.531334
-0.477755,0.029854,-0.865933,0.661262,0.661258,-0.615115,-1.189083,-2.448435,-3.036896,-3.135627,0.001551,1.0,30.733225
-0.236482,0.088676,-0.85723,1.015228,1.01523,-1.206033,-1.694266,-3.043364,-3.754341,-3.923308,0.001277,1.0,31.045238
0.0,0.178406,-0.624451,-0.591194,-0.591189,-0.422245,-0.909906,-2.034583,-2.954575,-3.168852,0.001454,-1.0,30.861702
-0.474074,0.29629,-0.681481,0.356821,0.356814,-0.462217,-0.992589,-1.96166,-3.012901,-3.352698,0.001614,0.0,30.971821
0.833342,1.011908,-0.80356,-0.44445,-0.444443,0.178575,-0.407736,-1.2304,-2.303982,-2.787337,0.001488,0.0,30.834169
-1.47232,0.588931,-1.47232,1.071432,1.071432,-0.606596,-1.298589,-1.906603,-3.000546,-3.624396,0.002057,1.0,31.164536
2.845284,2.963841,-0.35567,-0.647812,-0.64782,-0.011857,-0.47718,-0.958644,-2.091516,-2.800458,0.001485,-1.0,30.962646
0.26738,0.297083,-0.534759,-0.237113,-0.237115,0.243616,-0.133684,-0.584268,-1.53051,-2.384122,0.001313,0.0,30.889229
1.084014,1.204463,-0.150554,-1.336901,-1.33689,1.27672,1.216498,0.837094,0.043519,-0.893361,0.001009,-1.0,30.476274
-0.179524,0.5386,-0.867735,0.632337,0.632331,0.53262,0.625379,0.26332,-0.390663,-1.315707,0.001486,1.0,30.668985
-0.208641,0.357672,-0.804769,0.388992,0.388989,-0.101339,0.253357,-0.095377,-0.556215,-1.472389,0.001614,0.0,30.788284
0.328263,0.71621,0.0,-0.119228,-0.119217,-0.119372,0.277526,0.09748,-0.23899,-1.159482,0.001889,0.0,30.751579
0.238018,0.505796,-0.654573,0.298427,0.29842,-0.4463,-0.026783,-0.138852,-0.438862,-1.196486,0.002073,0.0,30.843348
-0.237889,0.356821,-0.505507,0.059506,0.059507,-0.255729,-0.121921,-0.116964,-0.380619,-1.015875,0.002194,0.0,30.861702
0.836314,0.896054,-0.119477,-0.446033,-0.446032,0.226999,0.289722,0.372358,0.11947,-0.409948,0.00179,0.0,30.724049
0.449916,0.659871,-0.209958,-0.41816,-0.418164,0.521899,0.524896,0.763848,0.530893,0.1605,0.002116,0.0,30.595572
0.180944,0.331725,-0.904701,-0.539892,-0.539885,0.856451,0.895652,1.17611,1.079608,0.822468,0.001733,-1.0,30.430391
0.365405,0.395862,-0.274056,-0.965018,-0.965025,1.370284,1.629113,2.001625,1.99452,1.790501,0.00082,-1.0,30.13673
0.21348,0.335471,-0.365974,-0.15225,-0.152243,1.012498,1.655985,1.961971,2.084468,1.939606,0.000821,0.0,30.090849
-0.243007,0.243019,-0.364517,0.396453,0.396449,0.273396,1.102679,1.421632,1.628194,1.512762,0.000842,0.0,30.210144
0.458859,0.520043,-0.183536,-0.69866,-0.698676,0.581233,1.55095,1.876227,2.220879,2.140119,-0.000272,-1.0,29.999073
1.021349,1.640356,0.0,-1.162429,-1.162413,1.237999,2.373873,2.779318,3.187861,3.238619,-0.000559,-1.0,29.65036
-2.088387,0.03026,-2.48184,2.259362,2.259355,-0.877724,-0.060531,0.383374,0.818705,0.926151,-5.7e-05,1.0,30.320267
-0.571251,0.781726,-0.601314,0.66585,0.665848,-1.250745,-0.832822,-0.270584,0.078183,0.26339,-0.000121,1.0,30.522154
-0.864642,0.119264,-1.550391,0.841861,0.841861,-1.705428,-1.642813,-1.079306,-0.766247,-0.541441,0.000458,1.0,30.779108
-0.297439,0.386678,-0.446157,0.238515,0.238532,-1.386087,-1.793583,-1.30082,-1.052953,-0.762649,0.00037,0.0,30.852526
0.237677,0.356503,-0.3268,0.11898,0.118963,-0.701125,-1.761731,-1.388388,-1.182407,-0.900767,0.000499,0.0,30.889229
0.597732,0.657505,-0.089656,-0.59418,-0.594184,0.143463,-0.98923,-0.828838,-0.621625,-0.328738,0.000233,-1.0,30.70569
-0.299485,0.598985,-0.569027,-0.209205,-0.209189,0.431262,-0.601982,-0.668866,-0.386346,-0.162926,-7.8e-05,0.0,30.641457
-0.298963,0.149474,-0.6278,0.179701,0.179694,0.197306,-0.621829,-0.853018,-0.560541,-0.359943,-0.000377,0.0,30.696518
-0.20852,0.625556,-0.268097,0.358741,0.358748,-0.190654,-0.71493,-1.161758,-0.913023,-0.762591,-3.7e-05,0.0,30.806641
-0.237594,0.237606,-0.742501,0.297879,0.297858,-0.481124,-0.605863,-1.354303,-1.183526,-1.065617,-5.8e-05,0.0,30.898401
0.029609,0.592245,-0.562624,0.297006,0.297019,-0.592241,-0.68404,-1.462836,-1.452471,-1.345571,0.000206,0.0,30.990175
0.595939,1.162098,-0.059595,-0.621851,-0.621845,0.131101,0.02681,-0.693294,-0.846252,-0.686538,-0.000398,-1.0,30.797464
1.540795,1.691849,-0.271903,-1.370688,-1.370684,1.311175,1.283986,0.723059,0.474319,0.654984,-0.000656,-1.0,30.375328
-2.697162,0.175893,-2.755799,3.051369,3.051374,-1.372047,-1.571402,-1.981839,-2.387878,-2.259762,0.000518,1.0,31.302193
-1.138019,0.350158,-1.138019,0.469068,0.469047,-1.482336,-1.852925,-2.058159,-2.681639,-2.627363,0.001163,0.0,31.449015
0.29543,0.738552,-0.649917,-1.225568,-1.225565,-0.212691,-0.519931,-0.683398,-1.324953,-1.390831,0.000499,-1.0,31.063587
0.536193,1.966041,-0.297882,-0.827173,-0.827161,0.625553,0.363413,0.206526,-0.385769,-0.57552,6.5e-05,-1.0,30.806641
-0.118791,1.069204,-0.356397,0.297879,0.297858,0.665298,0.130698,-0.065321,-0.570222,-0.848214,0.000214,0.0,30.898401
0.723551,1.266211,-0.241176,-1.485002,-1.484993,1.615921,1.519453,1.350627,1.000914,0.625877,-0.000423,-1.0,30.439562
-1.339274,0.148821,-1.458324,1.296352,1.296362,-0.083339,0.199404,0.041665,-0.099703,-0.609524,1.9e-05,1.0,30.834169
-0.266193,0.354922,-1.183085,0.625009,0.624998,-0.727598,-0.41112,-0.510696,-0.606329,-1.112096,0.000401,1.0,31.026882
-1.424424,0.232552,-1.453488,1.745049,1.745051,-1.947683,-1.875005,-2.021322,-2.145353,-2.620935,0.001174,1.0,31.568317
1.146045,1.704384,0.0,-1.07559,-1.075585,-0.669999,-0.534824,-0.842395,-1.009404,-1.431679,0.000983,-1.0,31.228773
0.803574,1.190482,0.0,-1.263594,-1.263591,0.857143,0.586306,0.432538,0.254463,-0.061905,0.000876,-1.0,30.834169
-0.498686,0.058671,-0.99736,1.458339,1.458333,-0.305074,-0.912294,-0.928914,-1.123498,-1.289529,0.001451,1.0,31.283834
-0.348733,0.203429,-1.162459,0.938692,0.938696,-0.883467,-1.671031,-1.726247,-1.904974,-2.048246,0.001645,1.0,31.577494
-1.006323,0.402527,-1.006323,1.075266,1.075266,-1.719379,-2.369181,-2.537859,-2.748708,-2.91547,0.002278,1.0,31.917036
0.346218,0.346218,-0.346218,-0.345023,-0.345029,-1.015577,-1.745527,-1.900364,-2.237448,-2.450085,0.00257,0.0,31.806913
-0.402759,0.345233,-0.460299,0.288511,0.288513,-0.632906,-1.570765,-2.057917,-2.347521,-2.599535,0.001866,0.0,31.89868
0.028626,0.171778,-0.400799,0.489074,0.489083,-0.635564,-1.66906,-2.408637,-2.642436,-2.928151,0.001803,0.0,32.054691
0.546914,0.604488,-0.172717,-0.543939,-0.543952,0.097869,-0.863559,-1.70409,-1.970353,-2.249858,0.001308,-1.0,31.880329
0.435923,0.726533,-0.058126,-0.949919,-0.949912,0.842776,0.090087,-0.598668,-0.906717,-1.193843,0.000884,-1.0,31.577494
