-0.691569,0.553246,-1.146023,1.52458,1.524602,0.493954,0.458392,0.044775,-1.4e-05,-0.284542,0.000371,1.0,40.011341
0.197585,0.454454,-0.671806,0.0,0.0,0.244996,0.45049,0.060582,0.03259,-0.212619,0.000804,0.0,40.011341
0.603134,0.904698,-0.241261,-1.719026,-1.719025,1.37916,1.936054,1.694128,1.701835,1.492546,0.000266,-1.0,39.323536
-0.780312,0.020012,-1.140456,0.482505,0.48249,0.356151,1.358547,1.188479,1.123454,1.024414,-0.0002,0.0,39.513268
-0.381454,0.863282,-0.843208,-0.340134,-0.340119,0.68259,1.499686,1.567276,1.385252,1.394084,-0.000357,0.0,39.378876
-0.099846,0.339453,-0.758788,0.542062,0.542065,-0.071892,0.742795,0.990399,0.809689,0.832251,-0.000346,0.0,39.592335
-0.341019,0.341027,-0.601803,-0.459273,-0.459298,0.084274,0.928803,1.349398,1.210649,1.263006,-0.000838,0.0,39.410488
1.08981,1.130176,-0.100906,-0.601803,-0.601787,0.613521,1.190716,1.755801,1.716445,1.796163,-0.000895,-1.0,39.173321
-0.540543,0.300294,-0.720723,0.807269,0.807261,-0.2042,0.106111,0.878213,0.885887,0.906508,-0.000312,1.0,39.489552
-0.359281,0.239527,-0.638721,0.300294,0.3003,-0.387223,-0.143706,0.479044,0.637727,0.56128,-0.000285,0.0,39.608139
0.078472,0.922107,0.0,1.736533,1.736535,-1.738285,-1.777518,-1.256954,-1.014328,-1.108107,0.000367,1.0,40.295948
-0.68094,0.330735,-0.700391,0.843635,0.843636,-1.957203,-2.445529,-2.062263,-1.769462,-1.864598,0.001163,1.0,40.635899
0.924252,1.547119,-0.502311,-3.17121,-1.698594,0.123617,-0.604099,-0.469314,-0.127812,-0.175449,0.000902,-1.0,39.94566
0.124099,0.703208,-0.703206,-2.853128,-2.853151,2.711876,2.132835,2.150339,2.669425,2.672842,-0.000988,-1.0,38.80595
-0.208982,0.14629,-1.149423,-1.034126,-1.034115,3.158393,2.946368,3.043125,3.510416,3.664808,-0.00174,-1.0,38.404652
-0.445582,0.91237,-0.721409,-1.504696,-1.504698,3.428814,4.052316,4.232288,4.74863,5.043389,-0.002772,-1.0,37.826778
0.021088,0.421854,-0.822611,0.594099,0.594098,1.459609,3.080652,3.273338,3.807027,4.213672,-0.001943,1.0,38.051506
0.062891,0.293499,-0.587008,0.611687,0.611692,-0.025164,2.221724,2.46449,2.881172,3.359986,-0.002031,1.0,38.284264
-0.721945,0.268154,-0.783833,1.635218,1.635233,-1.580046,0.428187,0.712605,1.01228,1.599257,-0.001577,1.0,38.910301
-0.225875,0.328542,-0.595485,0.453797,0.45378,-1.675562,-0.15884,0.207852,0.51458,1.027897,-0.001473,0.0,39.086868
-0.204673,0.429797,-0.245598,0.328542,0.328555,-1.289406,-0.761369,-0.184407,0.083918,0.573921,-0.001364,0.0,39.21529
0.290577,0.601912,-0.498134,-1.391733,-1.391763,0.423434,0.130779,1.096651,1.323008,1.803108,-0.002003,-1.0,38.669506
-0.975302,0.352774,-1.03756,0.020753,0.020766,0.605944,-0.217881,0.990206,1.218461,1.589252,-0.000748,0.0,38.677536
-0.124089,0.041367,-1.199582,0.332017,0.332012,0.219245,-0.548073,0.538577,0.792381,1.070974,-0.001267,0.0,38.80595
-0.245096,0.42892,-0.306368,1.261636,1.261654,-0.923212,-1.560463,-0.767101,-0.47403,-0.200005,-0.000718,1.0,39.295547
0.20383,0.244596,-0.754183,0.204252,0.204232,-1.043618,-1.367703,-1.125142,-0.704375,-0.467974,0.000118,0.0,39.375801
-0.930795,0.364225,-1.092669,0.733789,0.733811,-1.262656,-1.679487,-2.008639,-1.395658,-1.227983,0.000227,1.0,39.664745
-0.039785,0.258608,-0.5371,1.719956,1.719958,-2.104647,-2.830725,-3.599242,-2.917492,-2.796633,0.001123,1.0,40.346962
-0.237771,0.039629,-0.832181,0.397854,0.397854,-1.652475,-2.821491,-3.701221,-3.17656,-3.083652,0.00106,0.0,40.507484
0.315777,0.414452,-0.078936,0.396269,0.39625,-1.365687,-2.816252,-3.710271,-3.428403,-3.339373,0.001432,0.0,40.667995
0.392919,0.451864,-0.137525,0.453925,0.453922,-1.0884,-2.854614,-3.651598,-3.796653,-3.652758,0.001891,0.0,40.852596
0.743787,0.743787,-0.293601,0.373277,0.373276,-0.802495,-2.646302,-3.529708,-4.109405,-3.85551,0.001702,0.0,41.005089
-0.211622,0.500196,-0.327047,1.742024,1.74204,-1.843023,-3.584076,-4.632556,-5.538674,-5.257592,0.002329,1.0,41.719414
-0.019238,0.442391,-0.25005,0.019242,0.019228,-1.277169,-2.902477,-4.200805,-5.206766,-5.061282,0.001582,0.0,41.727436
0.113595,0.51117,-0.075731,1.596457,1.596465,-2.014391,-3.697463,-5.186168,-6.225861,-6.29031,0.00191,1.0,42.3936
0.11364,0.246214,-0.56818,-0.037866,-0.037864,-1.257578,-2.952651,-4.65278,-5.653409,-6.058333,0.002632,0.0,42.377548
0.320933,0.660749,-0.490848,0.321973,0.321982,-0.86465,-2.593932,-4.355937,-5.431387,-6.183133,0.004012,0.0,42.513996
-1.07183,0.0,-1.10944,0.396449,0.396437,-0.804811,-2.431363,-4.108059,-5.28958,-6.297102,0.004634,0.0,42.682537
-0.41245,0.093736,-0.86239,0.300865,0.300877,-0.596181,-2.185987,-3.772037,-5.11812,-6.203983,0.005419,0.0,42.810959
0.833014,0.833014,-0.321844,-0.974878,-0.974888,0.382435,-0.815978,-2.337497,-3.794017,-4.904202,0.004737,-1.0,42.3936
0.754144,0.810709,-0.094267,0.416511,0.416532,0.056547,-0.823926,-2.242352,-3.799041,-4.852961,0.004652,0.0,42.570183
-0.4524,0.716307,-0.4524,0.01885,0.018835,0.067863,-0.473138,-1.804588,-3.358155,-4.445619,0.00395,0.0,42.578201
0.336891,0.505336,-0.168445,0.716307,0.716313,-0.550254,-0.909607,-2.108686,-3.555127,-4.696246,0.004064,1.0,42.883194
-0.186043,0.353487,-0.651159,0.598914,0.598911,-0.989766,-1.172094,-2.284656,-3.626981,-4.871447,0.004181,1.0,43.140026
-0.335946,0.093317,-0.634565,-0.316275,-0.316272,-0.391939,-0.716691,-1.612552,-2.890081,-4.205312,0.004649,0.0,43.003586
0.03749,0.112469,-0.74976,-0.429272,-0.429269,0.153701,-0.185568,-0.882229,-2.069358,-3.455677,0.004453,0.0,42.818985
-0.523468,0.056082,-0.616941,0.262426,0.262402,0.056098,-0.349585,-0.842514,-1.945214,-3.311265,0.004423,0.0,42.931343
0.018604,0.390769,-0.427994,0.467377,0.467381,-0.294002,-0.70896,-1.085466,-2.078521,-3.347967,0.004078,0.0,43.131996
0.335322,0.596125,-0.093143,-0.111652,-0.111641,-0.208645,-0.534649,-0.765027,-1.670085,-2.842774,0.00394,0.0,43.083843
0.018671,0.261338,-0.392009,-0.204918,-0.204919,-0.007469,-0.190403,-0.467922,-1.1975,-2.299049,0.003532,0.0,42.995556
-0.241191,0.092763,-0.408167,0.61602,0.616031,-0.415599,-0.641942,-0.941261,-1.524133,-2.538048,0.003052,1.0,43.260422
-0.018481,0.536046,-0.24029,0.37105,0.371025,-0.55821,-0.815139,-1.168189,-1.609964,-2.552294,0.00304,0.0,43.420929
-1.042238,0.237705,-1.609066,1.090575,1.090601,-1.283607,-1.65479,-2.050352,-2.42367,-3.280317,0.003342,1.0,43.894478
-0.289593,0.271497,-0.41629,1.023955,1.023944,-1.715837,-2.380091,-2.812669,-3.117647,-3.914572,0.00359,1.0,44.343933
0.605175,0.806899,-0.183383,-1.303169,-1.303161,-0.066023,-0.916933,-1.320379,-1.681648,-2.362743,0.002861,-1.0,43.76606
0.458884,0.495595,-0.238623,-0.091691,-0.091703,0.238623,-0.618572,-1.053593,-1.437219,-2.010275,0.002064,0.0,43.725925
0.571222,0.921319,-0.350098,-0.385463,-0.385456,0.689147,-0.090292,-0.520854,-0.936062,-1.396723,0.001888,0.0,43.557381
-0.036432,0.30965,-0.273228,1.160866,1.160864,-0.389802,-1.025504,-1.483914,-1.916214,-2.315487,0.001699,1.0,44.063023
-0.623336,0.302757,-0.676762,2.276867,2.276868,-2.286735,-2.788962,-3.392109,-3.849514,-4.193771,0.002705,1.0,45.06628
0.661776,0.697548,-0.393491,-0.42743,-0.427446,-1.373624,-1.953125,-2.699564,-3.160422,-3.561424,0.002379,0.0,44.873646
0.952208,1.311533,-0.449156,-0.447147,-0.447135,-0.506646,-1.196549,-1.985865,-2.490116,-2.922742,0.002012,0.0,44.673
0.0,0.281146,-0.825867,2.245778,2.245791,-1.764198,-2.872965,-3.738075,-4.292752,-4.778079,0.002858,1.0,45.676262
-0.232096,0.410648,-0.374931,-1.581448,-1.581458,0.21068,-1.076589,-1.921081,-2.524545,-3.04588,0.002594,-1.0,44.953911
0.307357,0.524312,-0.451998,-1.249772,-1.249762,1.175184,0.186214,-0.483346,-1.149892,-1.676379,0.00187,-1.0,44.392094
0.471702,0.544265,-0.544265,-0.343522,-0.343539,1.237311,0.638616,0.04718,-0.669439,-1.170526,0.001712,0.0,44.23959
-0.996736,0.724904,-1.159839,0.108855,0.10888,0.953232,0.65602,0.093013,-0.611651,-1.122886,0.001448,0.0,44.287758
-0.76004,0.28954,-0.832427,0.144976,0.144938,0.209939,0.689492,0.088094,-0.595343,-1.10602,0.001251,0.0,44.351948
-0.107956,0.467791,-0.9176,0.579088,0.579111,-0.521776,0.232092,-0.381437,-1.002164,-1.520696,0.00164,1.0,44.608795
-0.857909,0.232352,-0.929403,0.665705,0.665705,-0.950854,-0.466492,-0.95681,-1.45398,-2.014659,0.002116,1.0,44.905758
-0.464282,0.428575,-0.642859,0.089364,0.089349,-0.72499,-0.539274,-0.870226,-1.324987,-1.929274,0.002041,0.0,44.945881
-0.97173,0.106011,-1.095403,1.071425,1.071429,-1.275614,-1.427551,-1.671367,-2.132498,-2.739211,0.002304,1.0,45.427444
-0.405644,0.405642,-0.599647,0.176684,0.176691,-0.941802,-1.63845,-1.559084,-2.075838,-2.684304,0.002429,0.0,45.50771
-0.281789,0.264179,-0.581187,0.14109,0.141068,-0.658667,-1.641403,-1.477024,-2.029741,-2.607233,0.002579,0.0,45.571907
0.63147,0.684098,-0.035075,0.40507,0.405094,-0.687606,-1.740048,-1.773958,-2.270653,-2.76653,0.002488,0.0,45.756516
-0.405857,0.070586,-0.617607,-0.596387,-0.596394,0.144698,-0.877003,-1.095223,-1.495492,-1.964346,0.002067,-1.0,45.483627
-1.815637,0.209502,-2.321924,1.076409,1.076401,-0.684352,-1.565984,-1.95995,-2.300091,-2.772332,0.002061,1.0,45.973213
-0.193485,0.035182,-0.703601,-0.7507,0.647988,-0.993792,-1.784953,-2.505443,-2.635856,-3.15191,0.001897,1.0,46.271114
0.088291,0.618045,-0.211907,-0.386978,-0.386984,-0.383467,-1.081596,-1.96207,-2.037502,-2.584955,0.002296,0.0,46.092052
0.017479,0.052446,-0.699304,1.006534,1.006534,-1.032705,-1.712861,-2.629159,-2.853712,-3.365644,0.002773,1.0,46.555984
0.515735,0.584494,0.0,1.695799,1.695795,-1.896506,-2.844989,-3.815498,-4.212601,-4.67463,0.003678,1.0,47.345478
-0.240672,0.601688,-0.326625,0.0,0.0,-1.316824,-2.439874,-3.384943,-3.930369,-4.368831,0.003173,0.0,47.345478
-0.444828,0.205302,-0.615913,0.481353,0.481351,-1.242086,-2.473025,-3.39634,-4.191198,-4.48928,0.002393,0.0,47.573376
-0.169749,0.577152,-0.271601,0.786996,0.786997,-1.239178,-2.739054,-3.686419,-4.627122,-4.910995,0.002921,1.0,47.947777
0.103595,0.397106,-0.483424,-1.680533,-1.680526,0.69751,-0.782724,-1.723936,-2.705298,-3.109561,0.002385,-1.0,47.142002
-0.378464,0.464478,-0.447277,0.362574,0.362566,0.319972,-0.754515,-1.745435,-2.731993,-3.253359,0.001566,0.0,47.312923
-0.291199,0.051386,-1.027753,0.430071,0.430064,-0.037679,-0.854738,-1.873098,-2.808777,-3.428288,0.00244,0.0,47.516399
0.328441,0.397587,-0.414861,-0.90785,-0.907832,0.670693,0.226441,-0.75078,-1.628133,-2.423869,0.002589,-1.0,47.08503
0.171795,0.721529,-0.068718,0.622301,0.622285,-0.192401,-0.121966,-1.110429,-1.944251,-2.822653,0.003009,1.0,47.378033
-0.774662,0.499227,-0.774662,-0.206148,-0.206129,0.072289,0.237549,-0.6913,-1.490591,-2.377575,0.002872,0.0,47.280373
0.809504,0.895627,-0.189459,-0.051642,-0.051645,0.099888,0.270399,-0.389953,-1.195268,-2.07181,0.002786,0.0,47.255955
0.550678,0.688345,-0.499055,0.086118,0.086099,-0.07915,0.173816,-0.289099,-1.082662,-1.901584,0.002572,0.0,47.296642
-0.593023,0.321923,-0.660791,1.565994,1.56601,-1.223318,-1.27415,-1.581391,-2.344537,-3.107253,0.002964,1.0,48.037312
-0.253596,0.101432,-0.371939,0.220268,0.220262,-1.122569,-1.450552,-1.51367,-2.292124,-3.026551,0.00302,0.0,48.14312
-0.320782,0.270132,-0.35455,0.135246,0.135249,-0.87118,-1.362487,-1.418204,-2.16981,-2.883511,0.002613,0.0,48.208233
-0.302777,0.588727,-0.319601,0.371435,0.371434,-0.770398,-1.505469,-1.639477,-2.231796,-2.958411,0.002698,0.0,48.387295
0.636198,0.853846,-0.217649,0.470982,0.470985,-0.69312,-1.741171,-1.926451,-2.418387,-3.151036,0.002842,0.0,48.615192
-0.64452,0.297473,-0.694097,1.305873,1.305859,-1.480735,-2.568158,-2.963686,-3.373811,-4.0955,0.003233,1.0,49.250038
-0.049323,0.67401,-0.526063,0.528845,0.528861,-1.446663,-2.650015,-3.263749,-3.536916,-4.28183,0.003722,0.0,49.510502
0.363692,0.396756,-0.281041,-0.558935,-0.558932,-0.476121,-1.706077,-2.436777,-2.722776,-3.461314,0.003011,-1.0,49.233772
-0.807113,0.329437,-0.955358,0.363692,0.363675,-0.421667,-1.625752,-2.506991,-2.866076,-3.493058,0.002888,0.0,49.412823
-0.033131,0.082821,-0.646015,-0.56004,-0.560029,0.351166,-0.697366,-1.738171,-2.136825,-2.692068,0.002813,-1.0,49.136097
0.263981,0.280478,-0.379475,0.397552,0.397555,-0.013203,-0.828252,-1.823688,-2.346155,-2.829244,0.002548,0.0,49.33144
0.814996,0.847597,0.0,1.220916,1.220915,-1.049714,-1.665852,-2.666667,-3.325185,-3.693564,0.002341,1.0,49.933735
-0.293016,0.537194,-0.406967,0.130403,0.130399,-0.872539,-1.435781,-2.430951,-3.165393,-3.543548,0.002398,0.0,49.998848
0.0,0.27419,-0.451611,0.927885,0.927885,-1.367741,-1.930645,-2.904302,-3.743549,-4.183228,0.002592,1.0,50.46278
1.218324,1.445744,0.0,-0.709676,-0.709672,-0.276157,-0.932429,-1.836696,-2.797277,-3.27811,0.001941,-1.0,50.10466
0.032692,0.849953,-0.604771,-0.617286,-0.6173,0.529594,-0.207573,-0.9916,-1.92137,-2.498847,0.002404,-1.0,49.795364
0.514524,0.680498,-0.331952,-1.520105,-1.520099,1.716186,1.236519,0.658372,-0.23817,-0.904893,0.001585,-1.0,49.038425
-0.745282,0.033125,-0.81153,0.215769,0.215768,1.149389,1.000334,0.568625,-0.263328,-0.95528,0.001492,0.0,49.144234
0.117507,0.318949,-0.470034,-1.341505,-1.341504,1.708915,2.182311,1.949531,1.219578,0.488169,0.001303,-1.0,48.484962
-0.248677,0.248675,-0.613394,1.259023,1.259021,0.033157,0.90352,0.747132,0.144237,-0.63262,0.00158,1.0,49.095398
1.406783,1.440675,-0.050846,-2.188329,-2.188311,1.53219,2.888122,2.830497,2.383038,1.668462,0.000718,-1.0,48.021038
-1.053166,0.0,-1.223029,-0.220341,-0.220353,1.287584,2.694073,2.835629,2.58536,1.937832,0.000645,0.0,47.915222
0.016938,0.287895,-0.237086,0.305758,0.305771,0.528357,1.977974,2.359571,2.257399,1.692115,0.000741,0.0,48.061733
0.561895,0.800274,0.0,-0.541912,-0.541928,0.790062,1.976847,2.692552,2.753282,2.291848,-0.000176,-1.0,47.801273
-1.096488,0.151822,-1.298922,0.936487,0.9365,-0.495954,0.646079,1.617178,1.76197,1.421721,0.000136,1.0,48.248932
-0.622056,0.201745,-0.739743,0.337384,0.337369,-0.669126,0.021862,1.148851,1.333228,1.11164,0.000223,0.0,48.411709
-0.333836,0.066768,-0.701048,0.722932,0.72293,-1.034878,-0.752789,0.262623,0.529134,0.436662,0.000376,1.0,48.761692
0.8517,1.152303,0.0,-0.050073,-0.050068,-0.708085,-0.786573,0.14028,0.528557,0.530394,0.00015,0.0,48.737278
0.318468,0.48609,-0.234663,-0.367403,-0.367403,-0.030171,-0.40563,0.248073,0.811265,0.915187,-0.000578,0.0,48.558216
0.453707,1.109057,-0.252053,-0.251428,-0.25142,0.299104,-0.29071,0.271098,0.993107,1.15476,-0.000917,0.0,48.436131
-0.4503,0.283526,-0.583719,0.756177,0.756171,-0.293529,-0.878919,-0.617078,0.180954,0.358907,-0.000345,1.0,48.802391
-0.527617,0.412201,-0.626549,1.150772,1.150763,-1.183838,-1.713104,-1.703761,-1.016484,-0.794719,-3e-06,1.0,49.363991
0.099292,0.148933,-0.364059,-0.36274,-0.36273,-0.642068,-1.126927,-1.340396,-0.738874,-0.437534,8.3e-05,0.0,49.184933
0.447096,0.513333,-0.314618,-0.066194,-0.066189,-0.334497,-0.78656,-1.184528,-0.806431,-0.392786,-0.000119,0.0,49.152378
0.544461,0.659952,-0.313485,0.364302,0.3643,-0.333283,-0.927247,-1.511307,-1.244851,-0.738498,-0.000491,0.0,49.33144
-0.016577,0.69629,-0.149204,-0.478471,-0.478482,0.265259,-0.311665,-0.891903,-0.84134,-0.280498,-0.000756,0.0,49.095398
0.033317,0.782944,-0.049973,-0.480771,-0.480766,0.543066,0.189908,-0.284299,-0.38064,0.113279,-0.001369,0.0,48.859364
0.437707,0.622892,-0.252529,-1.04947,-1.049463,1.262619,1.171709,0.812561,0.593426,1.038375,-0.001516,-1.0,48.346603
-0.900746,0.033992,-1.070702,-0.942764,-0.942774,1.699528,1.995246,1.784504,1.488787,1.785184,-0.001658,-1.0,47.890804
0.171026,0.735422,-0.547287,-0.628822,-0.62882,1.611082,2.462802,2.33624,1.972807,2.217889,-0.00127,-1.0,47.589657
-0.709703,0.0,-1.115242,1.214296,1.2143,0.006758,1.101722,1.074686,0.764615,0.856368,-0.000836,1.0,48.167538
1.235843,1.304501,-0.720903,-1.554583,-1.554586,0.978379,2.288026,2.481983,2.303473,2.312398,-0.000929,-1.0,47.418732
-0.290993,0.0,-0.718928,0.274631,0.274621,0.366324,1.663828,2.034706,1.969374,1.897995,-0.001357,0.0,47.548954
1.227857,1.333103,-0.456057,-2.413557,-1.048347,1.072455,2.294176,2.902082,2.969906,2.855604,-0.000861,-1.0,47.050476
0.565471,0.671498,-0.353421,-0.736709,-0.736719,1.443271,2.490782,3.418536,3.568722,3.414158,-0.001086,-1.0,46.703846
0.088454,0.194587,-0.636832,-0.106028,-0.106028,0.902253,2.076341,3.221357,3.49031,3.406745,-0.001265,0.0,46.654327
0.260828,0.991139,0.0,1.733591,1.733593,-0.798468,0.042734,1.195416,1.589984,1.606539,-0.000275,1.0,47.463123
0.173616,0.434028,-0.243054,0.156495,0.1565,-0.958336,-0.283812,0.806242,1.30504,1.403654,-0.000614,0.0,47.537403
-1.073256,0.35775,-1.36286,1.909727,1.909732,-2.238511,-2.037993,-1.180122,-0.60502,-0.443424,6.9e-05,1.0,48.44524
-0.491777,0.322196,-0.576564,0.459966,0.459967,-1.87893,-2.264936,-1.723449,-1.036282,-0.864805,-4.5e-05,0.0,48.668072
-0.537454,0.419886,-0.621436,0.966593,0.966582,-1.807185,-3.002988,-2.658433,-1.949491,-1.754694,0.000397,1.0,49.138489
0.149925,0.566383,-0.116608,0.822973,0.822986,-1.769119,-3.365992,-3.361024,-2.731792,-2.493567,0.000914,1.0,49.542892
0.033219,0.049831,-0.332172,0.29985,0.299839,-1.195808,-3.223714,-3.469494,-2.971603,-2.708248,0.001154,0.0,49.691441
-0.199069,0.364965,-0.199069,0.11626,0.11628,-0.786342,-2.793645,-3.33257,-3.024311,-2.725486,0.000876,0.0,49.749222
0.097913,0.359009,-0.342688,1.658925,1.6589,-1.651426,-3.614548,-4.516559,-4.483894,-4.143714,0.001097,1.0,50.574512
0.327173,0.507113,-0.310816,-0.244775,-0.244754,-0.889917,-2.625565,-3.98058,-4.115219,-3.777837,0.001148,0.0,50.450729
-0.212177,0.261139,-0.261138,0.229018,0.229023,-0.711616,-2.234386,-3.785012,-4.165536,-3.9026,0.001276,0.0,50.566273
0.066591,0.116529,-0.832362,-1.958544,-1.958562,1.225245,0.129854,-1.590365,-2.127081,-1.951328,0.000267,-1.0,49.575901
0.436165,0.553595,-0.385841,-0.765772,-0.765773,1.781585,1.055197,-0.540176,-1.239134,-1.191135,0.000142,-1.0,49.196262
0.555272,0.605756,-0.370185,-0.301964,-0.301972,1.467287,1.43868,0.079656,-0.791365,-0.914996,0.000219,0.0,49.047703
-0.151007,0.553695,-0.285232,0.286047,0.28605,0.66444,1.159409,0.137595,-0.970611,-1.19009,0.0008,0.0,49.188004
0.101776,0.57676,-0.152672,-1.090599,-1.090595,0.987274,2.091606,1.404583,0.248008,-0.117676,0.000736,-1.0,48.651562
0.50925,0.712955,-0.407405,-0.067856,-0.067848,0.662018,1.940245,1.62168,0.426069,-0.027488,0.00098,0.0,48.618553
0.151286,0.386618,-0.151286,0.984556,0.984554,-0.359733,0.813577,0.719444,-0.344602,-0.903887,0.00088,1.0,49.097229
0.409833,0.802592,-0.478145,-1.56329,-1.563284,0.925538,1.950129,2.272305,1.406241,0.731118,0.000876,-1.0,48.3297
-1.174893,0.335678,-1.560926,1.741805,1.741788,-0.808989,-0.055382,0.52591,-0.073845,-0.911697,0.001514,1.0,49.171501
-0.721719,0.251759,-0.822427,0.0,0.0,-0.597509,-0.339037,0.475557,0.099872,-0.769113,0.00197,0.0,49.171501
-0.067161,0.033581,-0.721961,-0.03357,-0.033552,-0.345878,-0.391214,0.436525,0.298009,-0.605115,0.002275,0.0,49.155003
0.522151,0.960081,-0.168434,-0.319009,-0.319013,-0.067375,-0.112856,0.655772,0.675423,-0.128015,0.002183,0.0,48.998192
0.783459,0.833472,-0.550095,1.044304,1.0443,-0.62344,-1.051846,-0.527869,-0.28005,-0.933493,0.001883,1.0,49.50988
0.249456,0.482283,-0.282724,0.233371,0.233382,-0.671886,-1.19409,-0.870349,-0.463175,-0.924676,0.001917,0.0,49.625427
0.382821,0.399464,-0.665782,-0.083152,-0.083149,-0.422778,-0.923781,-0.919901,-0.376181,-0.671121,0.00105,0.0,49.584164
1.954731,1.989026,0.0,-2.929431,-2.929455,2.157081,1.965036,1.870154,2.468292,2.37587,-0.000424,-1.0,48.131618
0.606274,0.900745,-0.173218,-1.01166,-1.011641,2.632945,2.70223,2.694144,3.294641,3.354921,-0.001284,-1.0,47.644699
-0.44498,0.205372,-0.701694,1.212541,1.212527,0.869427,1.449606,1.349771,1.813288,2.07976,-0.001114,1.0,48.222404
-0.64058,0.72715,-0.882961,-1.146675,-1.146685,1.218854,2.311309,2.31304,2.702582,3.140602,-0.001743,-1.0,47.669445
0.240053,0.291499,-0.78875,0.969533,0.969537,-0.35665,1.112838,1.258586,1.463488,2.032933,-0.001372,1.0,48.131618
-1.066988,0.279874,-1.17194,-1.971883,-1.971862,1.245397,2.728698,3.092525,3.250823,3.872654,-0.002951,-1.0,47.182529
1.619217,1.868326,-0.284698,-1.696689,-1.696687,2.448381,3.93771,4.481601,4.729523,5.375075,-0.003582,-1.0,46.381989
-0.653824,0.035344,-0.989576,0.693948,0.693927,1.092072,2.620615,3.529492,3.756858,4.317382,-0.00338,1.0,46.703846
-0.246694,0.246694,-0.405286,0.282735,0.282745,0.451101,1.735682,2.90514,3.213217,3.714538,-0.002406,0.0,46.835899
-0.501212,0.743173,-0.622193,1.955949,1.955946,-1.634978,-0.599726,0.732805,1.138958,1.489112,-0.001222,1.0,47.751984
-1.544729,0.271601,-1.697505,1.814723,1.814729,-2.797489,-2.271265,-1.136198,-0.663726,-0.398577,-0.000302,1.0,48.618553
0.564775,0.581893,-0.017118,-0.814802,-0.81481,-1.235664,-1.34862,-0.43128,0.061618,0.338872,-0.00078,-1.0,48.222404
-0.929846,0.743868,-1.048188,1.232247,1.232249,-1.572274,-2.427728,-1.737954,-1.106508,-0.901437,0.000229,1.0,48.816624
-0.985139,0.166978,-1.085318,1.251052,1.251068,-1.739865,-3.277685,-2.978805,-2.302564,-2.106538,0.000803,1.0,49.427353
-0.431897,0.365444,-0.514953,0.517619,0.5176,-1.468433,-3.463449,-3.465113,-2.754147,-2.527569,0.0006,0.0,49.683189
-0.753726,0.213012,-0.884806,1.378734,1.378732,-2.113706,-4.143854,-4.48194,-3.956241,-3.714228,0.001879,1.0,50.368187
0.361428,0.460002,-0.213565,-0.262166,-0.262162,-1.054703,-3.124689,-3.886969,-3.580576,-3.370456,0.001008,0.0,50.236141
0.229846,0.673124,-0.213431,0.065715,0.065708,-0.541776,-2.479058,-3.678643,-3.568369,-3.279582,0.001036,0.0,50.26915
-0.016278,0.30935,-0.407034,0.837298,0.837297,-0.869418,-2.528481,-4.081177,-4.264071,-3.962864,0.001415,1.0,50.690052
0.256946,0.610249,-0.016062,1.383917,1.383922,-1.557735,-3.150792,-4.967609,-5.39505,-5.101006,0.002155,1.0,51.391563
-0.332546,0.696751,-0.443393,1.413204,1.413207,-2.258122,-3.828982,-5.660598,-6.33096,-6.196041,0.002316,1.0,52.117832
0.063193,0.821487,-0.379144,0.237525,0.237529,-1.721964,-3.287522,-5.136389,-6.112956,-6.169984,0.002318,0.0,52.241627
0.409968,0.55188,-0.189213,0.189572,0.189552,-1.116354,-2.797209,-4.597901,-5.897176,-6.131169,0.002436,0.0,52.340652
-0.236075,0.173121,-0.472142,0.189219,0.189224,-0.635815,-2.406354,-4.065672,-5.620072,-6.093789,0.003792,0.0,52.439693
-0.647148,0.107857,-0.878274,2.140386,2.140413,-1.907569,-3.727294,-5.352868,-7.090925,-7.764577,0.005162,1.0,53.562119
0.865869,1.2437,-0.472291,-2.126351,-2.126346,0.340032,-1.243724,-2.812782,-4.572594,-5.433267,0.003711,-1.0,52.423203
1.046556,1.12465,0.0,0.787149,0.787138,-0.218684,-1.522967,-2.989695,-4.707127,-5.778823,0.004552,1.0,52.835846
-0.805323,0.092918,-0.898247,0.859111,0.85911,-0.712405,-1.794958,-3.256421,-4.900889,-6.201029,0.004504,1.0,53.289764
-0.354276,0.55453,-0.369683,0.542044,0.542042,-0.822543,-1.785275,-3.261453,-4.784351,-6.265559,0.005597,0.0,53.578617
0.836822,0.929797,-0.821322,-0.600738,-0.600749,-0.337815,-0.84146,-2.229448,-3.692074,-5.314109,0.006073,-1.0,53.256744
-0.046503,0.155013,-0.899088,-0.030989,-0.030986,1e-06,-0.599906,-1.839509,-3.228182,-4.829638,0.005758,0.0,53.240242
1.016263,1.485311,0.0,-0.852586,-0.852571,0.841143,0.358028,-0.673347,-1.963737,-3.525963,0.005264,-1.0,52.786331
-0.810221,0.514182,-1.012778,0.343967,0.343968,0.373939,0.132433,-0.674157,-1.907927,-3.38362,0.004563,0.0,52.967899
2.936505,2.936505,0.0,-1.838579,-1.838587,1.644444,1.922225,1.353437,0.176186,-1.177146,0.002975,-1.0,51.994038
-0.486354,0.800122,-0.643238,1.174606,1.174606,0.216504,0.556949,0.330506,-0.709137,-1.955449,0.00384,1.0,52.604763
-0.154558,0.417317,-0.355481,1.506111,1.506111,-1.211739,-0.7527,-0.998451,-1.898762,-3.052239,0.003959,1.0,53.397049
-0.334704,0.760688,-0.791121,1.591972,1.591959,-2.2212,-2.047764,-2.303355,-3.066326,-4.127181,0.004107,1.0,54.247108
1.866839,2.084636,-0.637834,-2.206,-0.991922,-0.965617,-0.988359,-1.154722,-1.774955,-2.802307,0.003451,-1.0,53.709019
-0.642934,0.878159,-0.65862,-0.793402,-0.793396,0.310179,-0.252023,-0.258716,-0.7461,-1.735538,0.002507,-1.0,53.282894
0.046991,1.441106,-0.078319,0.109769,0.109782,0.476371,-0.34554,-0.395681,-0.672175,-1.568973,0.002668,0.0,53.341389
0.951341,0.966929,-0.701817,0.438601,0.438592,0.104171,-0.718161,-0.687264,-0.969892,-1.759349,0.00283,0.0,53.57534
-0.602038,0.200687,-1.157765,1.029314,1.029296,-0.960158,-1.482002,-1.540069,-1.804678,-2.472713,0.002914,1.0,54.126789
0.276372,0.629516,-0.076762,0.540287,0.540298,-1.231376,-1.744737,-1.930821,-2.141395,-2.691774,0.002547,0.0,54.419235
-0.106887,0.717668,-0.229046,0.552742,0.55274,-1.24904,-1.786677,-2.330848,-2.470962,-2.93209,0.002173,1.0,54.720032
-0.090944,0.197026,-0.409221,0.748213,0.748216,-1.333744,-2.05811,-2.829734,-3.053119,-3.381765,0.002395,1.0,55.129456
0.685983,1.067081,-0.27439,-0.57594,-0.575933,-0.310982,-1.232626,-2.075693,-2.273632,-2.625477,0.002062,-1.0,54.811947
-0.030298,0.257573,-0.227276,0.609759,0.609745,-0.545449,-1.668174,-2.383881,-2.65643,-3.004936,0.002245,1.0,55.14616
0.349538,0.516711,-0.197576,-0.303026,-0.303026,-0.039512,-1.138294,-1.843311,-2.206927,-2.518166,0.001183,0.0,54.979053
0.303911,0.501445,-0.136753,0.01519,0.015189,0.042555,-0.843327,-1.495303,-2.093678,-2.34764,0.002114,0.0,54.987404
0.392386,0.739508,-0.135835,0.683793,0.683806,-0.552379,-1.151534,-1.832122,-2.568362,-2.880714,0.002069,1.0,55.363411
0.96052,1.143467,-0.198196,-1.011177,-1.011184,0.46044,0.082334,-0.658224,-1.430454,-1.714889,0.001256,-1.0,54.803585
-0.676382,0.165339,-0.977006,1.43315,1.43314,-0.799631,-1.068681,-1.900885,-2.571046,-2.905443,0.001643,1.0,55.588997
0.193304,0.460964,-0.297393,1.08222,1.082236,-1.430491,-1.812645,-2.656758,-3.327403,-3.738484,0.002375,1.0,56.190601
1.348894,1.545918,-0.27281,-1.888471,-1.888474,0.518333,0.151554,-0.559772,-1.182257,-1.773096,0.001567,-1.0,55.129456
-0.286969,0.649449,-0.679651,0.348584,0.348578,0.154059,-0.161602,-0.666561,-1.279965,-1.965004,0.002089,0.0,55.321625
-0.841575,0.442929,-0.885879,2.295732,2.295742,-1.461695,-2.087712,-2.54049,-3.213209,-3.928241,0.002938,1.0,56.591667
0.841453,0.841453,-0.930022,0.014757,0.01475,-1.118977,-1.845287,-2.263553,-3.019629,-3.672891,0.003744,0.0,56.600014
0.265604,0.339388,-0.516451,0.044286,0.044286,-1.009291,-1.598048,-2.047116,-2.80507,-3.457188,0.003252,0.0,56.62508
-0.337844,0.425971,-0.411279,0.457437,0.457453,-0.843141,-1.712707,-2.239539,-2.931126,-3.552953,0.002796,0.0,56.884113
0.058616,0.205188,-0.175879,0.22033,0.220316,-0.469002,-1.640045,-2.234603,-2.82281,-3.455925,0.0022,0.0,57.009438
-0.262201,0.0,-0.437005,0.615564,0.615563,-0.809905,-1.796068,-2.53654,-3.087403,-3.770199,0.002899,1.0,57.360367
0.867781,0.970737,-0.397113,-0.961404,-0.961409,0.226515,-0.628023,-1.395295,-1.910567,-2.655676,0.002826,-1.0,56.808899
0.306523,0.802797,-0.437897,0.764824,0.764834,-0.318204,-1.19837,-1.880024,-2.408414,-3.147576,0.003111,1.0,57.243393
0.218981,0.437961,-0.204378,-0.014599,-0.014601,-0.181023,-0.816059,-1.603895,-2.174455,-2.857228,0.002914,0.0,57.235035
-0.660159,0.157866,-1.061995,1.722628,1.722634,-1.45523,-1.997709,-2.942985,-3.565593,-4.167057,0.003215,1.0,58.220985
0.170604,1.478534,-0.099515,0.947181,0.947172,-1.899339,-2.546197,-3.403462,-4.133488,-4.712533,0.003392,1.0,58.772438
-0.168438,0.224599,-1.403706,1.279502,1.279503,-2.226273,-3.286071,-4.183039,-4.976836,-5.553619,0.003708,1.0,59.524433
0.056451,0.197571,-0.508045,-0.533404,-0.533421,-1.038655,-2.331341,-3.329554,-4.110202,-4.723666,0.003151,-1.0,59.206917
-0.04257,0.496664,-0.312191,-0.550381,-0.550366,0.068112,-1.451681,-2.369801,-3.248899,-3.913721,0.003162,-1.0,58.881062
-1.127241,0.112727,-1.29632,0.709522,0.709522,-0.273359,-1.759899,-2.610491,-3.598703,-4.309426,0.003205,1.0,59.298836
0.651372,0.693852,-0.26905,-0.493163,-0.493168,0.300197,-0.994051,-1.854996,-2.764795,-3.550833,0.003123,0.0,59.006393
-0.223002,0.390243,-0.599303,1.600109,1.600118,-1.137288,-2.029271,-3.028108,-3.932405,-4.74927,0.003812,1.0,59.950565
-0.137503,1.086201,-0.494981,1.365858,1.365859,-1.955183,-2.769153,-3.88011,-4.850136,-5.651594,0.004108,1.0,60.769405
0.809821,0.865673,-0.167555,-1.526193,-1.526189,-0.114501,-0.826595,-2.060887,-2.981718,-3.864851,0.003884,-1.0,59.841949
0.195039,0.334352,-0.264702,0.223396,0.2234,-0.111456,-0.755094,-1.949484,-2.809982,-3.771532,0.003358,0.0,59.975636
0.154321,0.252525,-0.533105,-0.696573,-0.696575,0.77441,0.072945,-1.015719,-1.879215,-2.777223,0.002585,-1.0,59.557861
0.084574,0.549681,-0.140943,-0.462966,-0.462987,1.017638,0.49755,-0.277174,-1.1966,-2.075811,0.003205,0.0,59.282116
0.697109,0.725568,-0.540613,-0.930227,-0.930218,1.271877,1.360083,0.828,-0.089626,-0.983352,0.002649,-1.0,58.730663
0.084504,0.492955,-0.323948,1.0101,1.010101,0.084508,0.42113,0.054462,-0.883097,-1.690702,0.00209,1.0,59.323902
0.688682,0.730845,-0.084337,0.21127,0.211267,-0.303585,0.234719,-0.018739,-0.886857,-1.620236,0.002175,0.0,59.449234
0.469086,0.668091,-0.184786,-1.124391,-1.124385,0.56574,1.336179,1.119167,0.361053,-0.352521,0.001667,-1.0,58.780796
0.29541,0.365736,-0.140664,1.051881,1.051876,-0.441688,0.188503,0.052523,-0.465598,-1.201285,0.001926,1.0,59.399097
-0.140754,0.225188,-0.295576,-0.056257,-0.05625,-0.171719,0.008437,0.126664,-0.230831,-0.96102,0.001805,0.0,59.365685
-0.196326,0.126215,-0.462761,0.365932,0.365913,-0.448731,-0.399648,-0.159848,-0.397543,-1.140917,0.001697,0.0,59.582912
-0.140822,0.309817,-0.337988,-0.420693,-0.420684,-0.067597,-0.087311,0.265694,0.116887,-0.566678,0.001932,0.0,59.332256
-0.229726,0.258435,-0.545592,-1.915223,-0.743872,0.718736,0.548227,1.004057,0.877268,0.28248,0.001276,-1.0,58.8909
-0.186296,0.028667,-0.415593,0.186643,0.186625,0.396107,0.31325,0.708594,0.644982,0.244278,0.001363,0.0,59.000805
0.259179,0.691149,0.0,-0.472918,-0.472907,0.653839,0.788381,0.954649,1.081893,0.821298,0.000409,0.0,58.721786
0.171285,0.199827,-0.342561,0.878331,0.878342,-0.339146,-0.103753,0.007625,0.23187,0.078673,0.000379,1.0,59.237564
-0.17179,0.143162,-0.343589,-0.299743,-0.299747,-0.131713,0.130679,0.20494,0.512996,0.436382,-0.000308,0.0,59.060001
0.86068,0.991977,0.0,-1.861124,-1.861128,1.441277,1.888109,1.921557,2.32895,2.285069,-0.000885,-1.0,57.960819
-0.867711,0.22759,-1.351358,2.552881,2.55289,-0.935998,-0.641268,-0.597854,-0.261271,-0.266803,0.000464,1.0,59.440495
-0.309948,0.239503,-0.648078,0.967283,0.967272,-1.453927,-1.484864,-1.407415,-1.279587,-1.168364,0.000576,1.0,60.015446
-0.254742,0.31134,-0.551949,-0.45083,-0.450814,-0.837826,-1.011621,-0.913957,-0.840649,-0.662965,0.000595,0.0,59.744888
-0.524667,0.0,-0.694836,-0.198142,-0.198151,-0.450928,-0.765737,-0.697407,-0.673051,-0.443756,-0.000187,0.0,59.626503
0.114077,0.199629,-0.28518,-0.553035,-0.553046,0.553274,-0.145432,-0.087157,-0.14269,0.129484,-0.001021,-1.0,59.296741
-0.437108,0.479419,-0.479408,1.126481,1.126478,-0.391979,-1.096997,-1.137234,-1.198115,-0.984945,0.000132,1.0,59.964706
0.041898,0.265367,-0.223458,0.958827,0.958811,-1.164783,-1.736006,-1.94686,-1.987036,-1.940476,0.000452,1.0,60.539654
0.098012,0.378051,-0.364035,-0.251397,-0.251372,-0.702891,-1.297953,-1.610938,-1.651975,-1.657225,0.000645,0.0,60.387474
-0.605804,0.43674,-0.746698,-0.616067,-0.616068,0.042253,-0.526912,-0.925147,-0.995156,-1.044958,0.000579,-1.0,60.015446
-0.333433,0.166706,-0.625179,1.408848,1.408862,-0.833586,-1.432359,-2.085781,-2.199723,-2.334084,0.001596,1.0,60.860981
0.329949,0.838603,-0.068732,1.055842,1.055826,-1.369258,-2.126749,-2.837498,-3.05045,-3.210016,0.001616,1.0,61.503567
0.300548,0.491805,0.0,0.632388,0.632396,-1.551911,-2.438527,-3.106557,-3.455572,-3.61392,0.001799,1.0,61.892513
-0.013527,0.324859,-0.351914,0.928962,0.928964,-1.792095,-2.900656,-3.653675,-4.113295,-4.299778,0.002691,1.0,62.467472
1.310758,1.338071,-0.054616,-0.866268,-0.866283,-0.316755,-1.68077,-2.503176,-3.065938,-3.303496,0.001857,-1.0,61.926327
0.12308,0.314545,-0.588076,-0.163838,-0.163833,0.15864,-1.110508,-1.926515,-2.669586,-2.947866,0.001811,0.0,61.824871
0.374009,0.401719,-1.64843,-1.271883,-1.271893,1.296585,0.339389,-0.488518,-1.248779,-1.590129,0.001099,-1.0,61.038525
-0.069245,0.083109,-0.595568,0.013845,0.013849,1.005548,0.408599,-0.389648,-1.07201,-1.493592,0.001287,0.0,61.046978
-0.775621,0.360114,-0.858719,0.0,0.0,0.540171,0.516631,-0.247452,-0.923811,-1.397662,0.001611,0.0,61.046978
0.109937,0.43974,-0.316059,0.789474,0.789479,-0.376529,-0.024731,-0.822681,-1.499238,-2.027203,0.001873,1.0,61.528931
0.08296,0.290375,-0.318037,-0.618383,-0.618379,0.022115,0.644353,-0.003692,-0.625693,-1.269913,0.00181,-1.0,61.148449
-0.180301,0.16644,-0.305133,-0.304206,-0.304228,0.302371,0.862709,0.41056,-0.197621,-0.839922,0.001296,0.0,60.962418
0.154799,0.309599,-0.506616,-1.442441,-1.44242,1.449473,2.03771,1.829439,1.268645,0.701943,0.000799,-1.0,60.083084
0.795789,0.923681,-0.49738,-0.971003,-0.971002,1.924104,2.539422,2.728427,2.241002,1.70697,0.001186,-1.0,59.499676
-0.256558,0.641387,-0.427598,-0.298421,-0.298413,1.48516,2.407335,2.957983,2.521361,2.02906,-5.4e-05,0.0,59.322121
-0.318611,0.333086,-0.825489,-1.582099,-1.582098,2.169429,3.464137,4.330177,4.09122,3.698173,-0.001162,-1.0,58.383587
0.159443,0.347884,-0.275395,-0.086901,-0.086913,1.356729,3.090305,4.058561,4.041892,3.712425,-0.001004,0.0,58.332844
0.244789,0.590359,-0.172779,0.666762,0.666763,0.221752,2.011522,3.009361,3.197988,2.937368,-0.000628,1.0,58.721786
1.66471,1.797291,-0.132581,-2.260619,-2.260626,1.806142,3.734542,4.802601,5.324112,5.154399,-0.00137,-1.0,57.394306
0.55377,0.568346,0.0,1.090168,1.090181,0.25939,2.011065,3.223536,4.01631,3.909634,-0.001386,1.0,58.020008
1.557587,2.471171,-0.194695,-2.696016,-2.696001,2.354335,4.006274,5.449534,6.508143,6.58737,-0.002975,-1.0,56.455788
-0.587202,0.014671,-0.954201,2.021875,2.021858,0.070459,1.36083,2.961431,4.058269,4.310618,-0.001987,1.0,57.597244
0.207222,0.384846,-0.414445,-0.822086,-0.8221,0.340453,1.682965,3.357029,4.503416,4.93607,-0.002077,-1.0,57.123737
-0.376051,0.260343,-0.549605,2.338663,2.338686,-1.588086,-0.818635,0.700019,1.772478,2.406121,-0.001672,1.0,58.459682
0.520233,0.563582,-0.289013,0.086778,0.086774,-1.50578,-1.043354,0.268783,1.392335,2.214446,-0.002094,0.0,58.51041
-0.01434,0.315414,-0.51613,0.794802,0.79479,-1.427953,-1.723293,-0.767499,0.351256,1.280575,-0.002023,1.0,58.975445
0.523333,0.69777,-0.69778,-1.376343,-1.376347,0.142467,-0.380862,0.296563,1.504584,2.464317,-0.003025,-1.0,58.163738
0.043275,0.432655,-0.620121,0.799528,0.799546,-0.138451,-1.186908,-0.664361,0.493216,1.428895,-0.002301,1.0,58.628784
0.677126,1.123754,-0.12967,0.100963,0.100962,-0.161372,-1.066139,-0.856757,0.19088,1.068994,-0.002186,0.0,58.687977
1.996101,2.371307,-0.795436,-4.005196,-4.0052,3.232779,2.763022,2.926611,3.910401,4.889087,-0.003374,-1.0,56.337406
1.271318,1.271318,-0.341087,-3.196754,-3.196761,5.013958,5.804655,5.8553,6.735662,7.818295,-0.00477,-1.0,54.536434
0.231841,0.602781,-1.020087,0.310073,0.310064,3.425055,4.94901,5.086054,5.833866,7.021962,-0.004635,0.0,54.705532
-0.595612,0.076353,-1.252289,1.205573,1.20558,1.014049,3.381185,3.430055,4.147069,5.33659,-0.004454,1.0,55.365051
0.993326,1.350307,-0.263849,-1.603548,-1.603542,1.114383,4.334935,4.758653,5.383362,6.57085,-0.004883,-1.0,54.477249
-0.924781,0.739834,-0.971019,0.698428,0.698424,-0.126384,2.945444,3.647768,4.245538,5.34526,-0.004447,1.0,54.857731
1.41042,1.642909,-0.511462,-0.554871,-0.554879,0.437082,2.709251,3.993609,4.476147,5.449489,-0.004061,-1.0,54.553337
-0.16905,0.52252,-0.922082,0.852454,0.852461,-0.298142,1.269404,2.802112,3.291842,4.126022,-0.003268,1.0,55.018383
-0.107459,0.736881,-0.199566,0.107575,0.10758,-0.509677,0.515809,2.443965,2.850014,3.650599,-0.003092,0.0,55.077572
-0.140421,0.234049,-0.764547,-1.611917,-1.611927,1.014204,1.332509,3.597036,4.239364,4.956793,-0.003105,-1.0,54.189762
-0.217322,0.0,-0.76063,0.514904,0.514898,0.353934,0.47036,2.571678,3.3794,4.062729,-0.002843,0.0,54.468784
0.343322,0.468157,-0.124847,-0.52778,-0.527767,0.749054,0.93788,2.526002,3.718003,4.304613,-0.003362,-1.0,54.181316
1.04966,1.300332,-1.096665,-0.390137,-0.390127,0.755114,1.196912,2.409509,3.788171,4.38977,-0.002549,0.0,53.96994
-0.328181,0.156265,-0.765748,0.250666,0.250638,0.143781,0.711058,1.596094,3.249739,3.78748,-0.002914,0.0,54.105209
-0.589783,0.077608,-0.698432,0.687604,0.687623,-0.434584,0.023274,0.386977,2.179105,2.864502,-0.001443,1.0,54.477249
-0.873502,0.358751,-0.982688,-0.496661,-0.496664,-0.034315,0.402429,0.626003,2.292151,3.096551,-0.002538,0.0,54.20668
-0.616429,0.200336,-0.755119,1.216656,1.216675,-0.986297,-0.747436,-0.543503,0.68807,1.741391,-0.001652,1.0,54.866199
0.534753,0.566211,-1.195348,-2.018796,-2.01882,0.975153,1.06323,1.388279,2.352943,3.552062,-0.003546,-1.0,53.758549
-1.260763,0.0,-1.476013,2.296318,2.296331,-0.968637,-1.220795,-0.932768,-0.275224,1.072563,-0.002585,1.0,54.993023
-0.561545,0.258004,-0.607074,1.306885,1.306888,-1.803006,-2.22189,-2.063042,-1.828814,-0.428601,-0.002363,1.0,55.71172
-0.289064,0.04564,-0.836761,-0.242823,-0.24283,-1.071047,-1.784575,-1.738431,-1.658306,-0.397389,-0.00187,0.0,55.576435
0.260493,0.551641,-0.030653,-0.715048,-0.715058,-0.245165,-0.896405,-0.955147,-0.891812,0.04475,-0.002528,-1.0,55.179031
0.151606,0.333537,-0.773199,1.072628,1.072621,-0.582154,-1.62521,-1.916296,-1.848074,-1.188583,-0.002106,1.0,55.770893
0.625291,0.732047,-0.564287,-0.591266,-0.591258,0.170814,-0.799137,-1.2892,-1.257429,-0.830861,-0.000622,-1.0,55.441143
-0.271086,0.015063,-0.587349,1.265826,1.265836,-0.92772,-1.742474,-2.291169,-2.34338,-2.251814,0.001319,1.0,56.142937
0.269501,1.362473,-0.464138,0.587348,0.587347,-1.188808,-1.914959,-2.625145,-2.770628,-2.813,0.001439,1.0,56.472691
-0.373636,0.0,-0.941571,0.179672,0.179674,-0.872825,-1.788979,-2.517818,-2.766412,-2.843233,0.000993,0.0,56.574158
0.886852,1.009168,-0.244654,-2.256766,-2.256771,1.244649,0.75688,-0.107034,-0.496179,-0.557189,0.000709,-1.0,55.297409
-0.27582,0.27582,-0.55164,-0.214067,-0.214075,1.366849,1.006748,0.237008,-0.273515,-0.357335,0.000312,0.0,55.179031
0.01534,0.030681,-0.628828,-0.091948,-0.091939,1.09203,0.993868,0.407982,-0.09662,-0.218401,0.000514,0.0,55.1283
-0.844846,0.0,-1.152074,-0.153373,-0.153375,0.728115,1.05223,0.663601,0.10907,-0.051608,7.6e-05,0.0,55.043747
0.155168,0.496509,-0.372379,-0.998465,-0.998455,0.980599,1.945689,1.633304,1.147399,0.952052,-0.000405,-1.0,54.49416
-0.684295,0.155519,-0.933129,-0.232729,-0.232737,0.874021,1.925345,1.945044,1.419902,1.139653,0.000195,0.0,54.367332
-2.017732,0.0,-2.048297,1.741827,1.741833,-0.804038,0.157443,0.238456,-0.207125,-0.57475,0.000729,1.0,55.31432
0.432698,0.649047,-0.123632,-1.085294,-1.085294,0.132899,0.995207,1.216706,0.90944,0.554471,0.000486,-1.0,54.713997
-0.577305,0.0,-0.811353,-0.958125,0.298907,-0.226087,0.40355,0.83016,0.669837,0.284596,0.000786,0.0,54.877541
0.047189,0.440456,-0.173039,-0.811353,-0.811376,0.567339,0.83137,1.563505,1.45347,1.123379,0.000324,-1.0,54.432278
0.409061,0.534929,-0.267467,-0.015729,-0.01572,0.603873,0.686689,1.414451,1.530532,1.17263,1.8e-05,0.0,54.423721
-0.047945,0.783125,-0.06393,-1.557585,-1.557582,1.546747,1.980579,2.786973,3.004733,2.733902,-0.000443,-1.0,53.576027
-1.228993,0.513382,-1.602363,2.732938,2.732937,-1.036092,-0.748346,-0.080965,0.203565,0.041853,0.000216,1.0,55.040226
1.108298,1.155793,-0.664975,-1.742376,-1.742375,0.424316,0.833678,1.396071,1.842209,1.806587,0.000336,-1.0,54.081219
-1.715347,0.216348,-1.947146,2.454083,2.454083,-1.628805,-1.416588,-1.17293,-0.576518,-0.592843,0.000405,1.0,55.408417
-0.109512,0.297251,-0.516267,-1.220833,-1.220834,-0.300373,-0.131551,-0.020377,0.557369,0.706894,-0.000694,-1.0,54.731972
0.0,1.318861,-0.310313,0.82916,0.829166,-0.536852,-0.976107,-0.84174,-0.292697,-0.107294,-0.000228,1.0,55.185791
0.031414,0.549708,-0.486881,-1.210239,-1.210248,0.490032,0.201042,0.298381,0.779755,1.028875,-0.000443,-1.0,54.517906
1.126853,1.352222,-1.963936,-2.434426,-2.434433,2.662597,2.384105,2.568751,2.985877,3.370315,-0.001968,-1.0,53.190704
-0.344261,0.377049,-0.803282,-1.80296,-1.802945,3.331139,3.842616,4.163191,4.461055,5.042531,-0.002495,-1.0,52.231705
0.032787,0.770493,-0.459015,0.0,0.0,2.373764,3.422944,3.890607,4.167584,4.771494,-0.003045,0.0,52.231705
0.956697,1.090967,-0.117496,-2.327866,-2.327868,3.178912,5.386028,5.804961,6.242229,6.921587,-0.004313,-1.0,51.01582
-1.242339,0.298161,-2.219646,1.325943,1.325951,0.735458,3.359275,4.03069,4.519588,5.178014,-0.003814,1.0,51.692265
1.758621,1.87931,-0.10345,-3.925789,-3.925787,3.431028,6.69309,7.581595,8.248737,8.927322,-0.00454,-1.0,49.662937
1.204606,1.682907,-0.40744,-2.672412,-2.672419,4.658991,8.159427,9.694708,10.583983,11.236481,-0.005609,-1.0,48.335735
1.037636,1.530072,-0.211043,0.726306,0.726309,2.448117,6.137875,8.118176,9.203218,9.891273,-0.005253,1.0,48.686802
1.284569,1.891172,-0.089204,-1.424555,-1.424569,2.66906,6.17307,8.905153,10.018653,10.880471,-0.005806,-1.0,47.993225
0.054273,0.560783,-2.080315,-1.373773,-1.373771,2.257607,6.134234,9.336716,10.771532,11.766259,-0.005969,-1.0,47.333908
-2.643566,0.893349,-2.789422,-0.77786,-0.777859,1.910671,5.640848,9.183841,10.797636,11.954465,-0.006206,-1.0,46.965717
1.055079,1.698857,-0.500714,1.950775,1.950774,-0.228895,2.711025,6.04674,7.993569,9.259896,-0.006115,1.0,47.881912
-1.335503,0.0,-1.443781,-0.912014,-0.912008,0.166028,2.647536,5.998915,8.252118,9.68194,-0.00604,-1.0,47.445225
-1.31602,0.210561,-1.526589,2.851474,2.851478,-2.281112,-0.652752,2.18751,4.761353,6.106957,-0.00493,1.0,48.798115
0.733197,1.305444,-0.21459,-1.877529,-1.877538,-0.182398,0.45244,3.218892,6.018426,7.56653,-0.005394,-1.0,47.881912
-0.779898,0.814553,-0.970541,3.183124,3.183129,-2.273833,-2.698443,-0.476026,2.274694,3.805195,-0.004003,1.0,49.406055
0.157315,0.471947,-0.85649,-0.849224,-0.849214,-0.985848,-1.732224,-0.065264,2.495184,4.249597,-0.003695,-1.0,48.986492
-0.476949,0.63593,-0.900906,-1.048764,-1.048777,0.487549,-0.734854,0.47695,2.935878,4.863452,-0.005339,-1.0,48.472733
-0.10329,0.482009,-0.67137,2.614377,2.614379,-1.693922,-2.912722,-2.253972,-0.234119,1.883285,-0.003445,1.0,49.739994
1.398363,2.080495,-0.989083,0.946805,0.946812,-1.688269,-3.250345,-3.367443,-1.598741,0.54297,-0.0041,1.0,50.210938
-1.698048,0.117685,-2.151982,1.432471,1.432479,-2.478152,-3.838276,-4.566253,-3.210334,-1.124425,-0.002947,1.0,50.930199
-1.05193,0.0,-1.653026,0.689306,0.689294,-2.25079,-3.833693,-4.836645,-3.965602,-2.123226,-0.003007,1.0,51.281258
1.221616,1.410874,-0.172056,-2.955418,-2.955419,1.245702,-0.438745,-1.793989,-1.288711,0.458363,-0.003766,-1.0,49.765682
-0.052704,0.140552,-1.071674,-2.064695,-2.064692,2.969082,1.647927,0.378308,0.558679,2.047083,-0.003605,-1.0,48.738174
-1.005203,0.519929,-1.594458,1.37035,1.370345,1.251301,0.582323,-0.699019,-1.032063,0.253725,-0.002226,1.0,49.406055
0.568675,0.809928,-0.827158,0.57192,0.57192,0.175773,0.067211,-0.898383,-1.592277,-0.598308,-0.001977,1.0,49.688618
-0.860141,0.0,-1.531049,0.172328,0.172345,-0.602113,0.053314,-0.815429,-1.617082,-0.966815,-0.00089,0.0,49.774254
0.532641,0.790376,-0.154639,0.12042,0.120402,-0.694154,0.206189,-0.615118,-1.620274,-1.278349,-0.001414,0.0,49.834183
-0.978203,0.343232,-1.45873,0.120273,0.120287,-0.350101,0.116691,-0.588076,-1.547977,-1.486881,0.000345,0.0,49.894127
0.034985,0.927065,-0.472269,-1.887767,-1.887779,1.381852,1.785909,1.470475,0.511637,0.184718,0.000686,-1.0,48.952236
-0.859947,0.0702,-1.000351,-0.332339,-0.332334,1.351353,1.686555,1.724581,1.033694,0.447172,0.000226,0.0,48.789551
-1.36173,0.366625,-1.414103,0.526499,0.526494,0.523747,0.698329,1.199959,0.623259,-0.020946,0.001074,0.0,49.046425
-0.13971,0.471535,-0.628704,-0.034918,-0.034914,0.230529,0.583307,1.310982,0.819947,0.041915,0.001656,0.0,49.029301
-0.428082,0.513697,-0.873293,1.990926,1.990914,-1.681503,-1.126705,-0.631271,-1.02739,-1.749994,0.00286,1.0,50.005432
0.290701,0.530097,-0.940492,0.136983,0.136987,-1.367986,-1.128585,-0.785448,-0.943906,-1.665522,0.002072,0.0,50.073933
-1.071977,0.119108,-1.140041,0.495896,0.495901,-1.245536,-1.490555,-1.355566,-1.341669,-1.883954,0.002684,0.0,50.32225
0.700237,1.183726,-0.083361,2.058874,2.058867,-2.337443,-3.169384,-3.335549,-3.101026,-3.592523,0.002339,1.0,51.358318
-0.446798,0.0,-0.910142,0.75025,0.750272,-2.01557,-3.521443,-3.800553,-3.506549,-3.978169,0.003482,1.0,51.743645
-0.100439,0.368257,-0.753266,-1.141814,-1.141823,-0.435225,-2.161039,-2.374741,-2.25394,-2.684975,0.001601,-1.0,51.152824
-0.083701,0.569133,-0.468703,0.0,0.0,-0.013395,-1.73084,-2.147088,-2.161874,-2.429199,0.00197,0.0,51.152824
0.287615,0.665107,-0.790944,-6.879814,-6.879827,6.244844,5.286724,4.794785,4.720484,4.630605,-0.000565,-1.0,47.633598
-0.445077,0.195836,-1.370831,0.970694,0.970701,3.866843,4.076915,3.554692,3.382596,3.550657,-0.001279,1.0,48.095978
0.0,1.49306,-0.368872,1.353039,1.353038,1.250662,2.629548,2.023541,1.897949,2.190765,-0.001103,1.0,48.746735
-0.49523,1.008136,-0.795898,-0.68505,-0.685049,0.817119,3.00849,2.523287,2.56721,2.785994,-0.002024,-1.0,48.412796
-1.485329,0.161059,-2.147461,-1.167315,-1.167319,0.626342,3.759848,3.580295,3.615789,3.802439,-0.002831,-1.0,47.847664
0.036049,0.468641,-0.522713,-0.715821,-0.715803,1.297752,3.914913,4.146827,4.13301,4.262425,-0.001857,-1.0,47.505169
1.219512,1.385809,-0.203254,-2.451336,-2.451354,3.085744,5.44347,6.374732,6.379352,6.456034,-0.002025,-1.0,46.340649
-0.596014,1.564537,-0.838139,-0.794531,-0.794531,2.704422,5.032603,6.783395,6.811334,6.978591,-0.002966,-1.0,45.972458
2.048311,2.10628,-0.734301,-3.613334,-2.227492,3.502788,6.045161,8.466131,8.6946,9.078567,-0.004183,-1.0,44.948425
0.312378,1.913315,-0.410002,-1.024153,-1.024165,3.063466,5.64438,8.751442,9.317606,9.765088,-0.004704,-1.0,44.488079
2.513971,3.032722,-0.019948,-2.147602,-2.147598,3.500359,7.020952,10.098474,11.113046,11.608496,-0.00569,-1.0,43.532654
4.390642,4.862534,-0.184653,-2.753386,-2.753381,4.537947,8.690011,11.794611,13.466244,14.065509,-0.006939,-1.0,42.334034
-1.537835,2.266295,-2.003234,1.39515,1.395138,1.679494,5.838151,8.886697,11.193926,11.85216,-0.005512,1.0,42.924652
-3.317256,1.562203,-3.45226,4.917038,4.917049,-3.047252,0.127962,2.878014,5.430898,6.17853,-0.00323,1.0,45.035278
-0.245192,0.075445,-1.791777,2.256513,2.256498,-4.507725,-2.471599,-0.130695,2.667619,3.583529,-0.002477,1.0,46.051498
-1.443842,0.0,-1.950124,0.584689,0.584704,-3.858999,-3.294233,-0.900189,1.638874,2.768202,-0.002208,1.0,46.320763
1.066669,1.066669,-0.876189,-1.556351,-1.556358,-0.906667,-1.927808,0.301611,2.614334,4.090597,-0.00375,-1.0,45.599846
-0.731157,0.037497,-0.937383,1.6,1.600003,-0.997377,-3.395201,-1.625786,0.414042,2.218272,-0.003114,1.0,46.329445
0.037702,0.659761,-0.999056,-0.543684,-0.543682,-0.003771,-2.622055,-1.425889,0.412229,2.436073,-0.003566,-1.0,46.07756
-0.338666,0.677321,-0.376295,0.188507,0.18851,-0.142998,-2.442153,-1.854442,-0.316988,1.904587,-0.004379,0.0,46.164421
-0.379221,1.213498,-0.587793,-0.771402,-0.77141,0.409557,-1.186955,-1.338403,0.258723,2.302641,-0.005041,-1.0,45.808304
1.513973,1.688663,0.0,-2.313238,-2.313244,2.406842,1.692555,0.760749,2.258857,4.134364,-0.00555,-1.0,44.748646
0.624998,0.742189,-0.332035,-0.621116,-0.621112,2.21094,2.675783,1.165367,2.417199,4.131019,-0.00582,-1.0,44.470707
0.097731,0.410475,-1.153245,-0.078127,-0.078121,1.551992,2.621187,1.167577,2.049792,3.607798,-0.002863,0.0,44.435966
2.205572,2.351223,-1.061178,-6.059419,-6.059411,5.984174,8.208478,7.254808,7.901104,9.389126,-0.00592,-1.0,41.743408
0.650443,2.517837,-0.734366,-0.832295,-0.832301,4.741919,7.92698,7.81088,8.068807,9.704488,-0.00687,-1.0,41.395977
-0.103462,0.951788,-1.013867,1.405795,1.405779,1.969801,5.56798,6.25975,6.051012,7.600685,-0.005961,1.0,41.977913
-0.584326,1.188797,-1.20895,2.689838,2.68985,-1.33387,2.055208,3.5046,2.940761,4.258882,-0.004284,1.0,43.107056
1.377471,1.562506,-0.925164,-1.994765,-1.994762,-0.361841,3.22574,5.171326,4.716282,5.797161,-0.00484,-1.0,42.247173
0.185759,1.052627,-1.568632,-0.390621,-0.390613,0.189876,2.660463,4.954925,4.841061,5.664015,-0.003944,0.0,42.08215
0.638916,1.380872,-1.071723,0.144477,0.144484,0.399822,1.642606,4.142606,4.524921,5.002612,-0.003535,0.0,42.142952
-0.534104,0.739525,-1.376339,0.329761,0.329766,0.213628,0.725127,3.277165,4.175205,4.27352,-0.002424,0.0,42.281925
0.878447,1.123593,-0.898883,0.554645,0.554613,-0.61694,-0.290079,2.109646,3.552614,3.373248,-0.001737,1.0,42.516426
-2.671383,0.0,-2.691021,4.004084,4.00409,-3.551354,-4.177953,-2.101742,-0.526414,-0.672555,0.000937,1.0,44.218822
0.67635,0.795699,-0.5371,-1.25712,-1.257105,-1.599368,-2.518408,-1.237328,0.466472,0.516401,0.001588,-1.0,43.662945
-1.994574,0.309837,-2.265682,2.725281,2.725288,-3.001558,-4.33386,-3.999496,-2.362523,-2.032547,0.002166,1.0,44.852886
-0.596731,0.327234,-1.366697,0.600314,0.600303,-2.321467,-4.207894,-4.517168,-2.99808,-2.369978,0.000289,1.0,45.122139
-0.05858,1.523146,-0.292908,-1.42445,-1.424449,-0.027337,-2.515132,-3.136107,-1.804337,-0.819375,-0.001311,-1.0,44.479397
-1.555385,0.796658,-2.23824,2.948647,2.948651,-2.204099,-4.533388,-5.713208,-4.64815,-3.594092,-0.000283,1.0,45.790939
-1.2241,0.037667,-1.581921,0.720783,0.720771,-1.83803,-4.340855,-5.75517,-5.335209,-4.277959,0.000707,1.0,46.120987
2.827763,2.827763,-0.098873,-4.764592,-4.764597,2.649802,0.850318,-0.656505,-0.813714,0.292672,-0.00206,-1.0,43.923508
-1.21927,0.0,-2.457898,2.175199,2.175211,0.356106,-0.718017,-2.340491,-2.910778,-1.906715,-0.000878,1.0,44.878937
-0.640648,1.611342,-0.815372,-0.309657,-0.309662,0.784317,0.087368,-1.793819,-2.579105,-1.744122,-0.001095,0.0,44.739964
-1.227679,0.316224,-1.302078,4.368084,4.368095,-3.046883,-3.571431,-5.269099,-6.414624,-5.803576,0.00114,1.0,46.694248
-0.865487,0.721244,-0.955642,3.162204,3.162195,-5.167688,-5.591414,-7.330204,-8.616117,-8.52434,0.00352,1.0,48.170811
0.0,1.091178,-0.684296,-2.506309,-2.50631,-1.435176,-2.714998,-4.263606,-5.674124,-6.074346,0.002701,-1.0,46.963501
-0.620325,0.78453,-1.039954,1.368598,1.36859,-1.620137,-3.506654,-4.810551,-6.356496,-7.102346,0.00333,1.0,47.606239
1.173842,1.602387,-0.055895,-2.079918,-2.079906,1.274454,-0.998697,-2.202347,-3.991054,-4.945033,0.00506,-1.0,46.616074
-0.704358,1.186282,-0.704358,0.521712,0.521704,0.819277,-1.284523,-2.334256,-3.997215,-5.231507,0.005649,0.0,46.859272
0.0,0.315103,-1.816497,0.0,0.0,0.2595,-1.126969,-1.879515,-3.487484,-4.794807,0.005037,0.0,46.859272
-0.48762,0.337584,-1.481622,-1.16775,-1.16775,1.162792,0.557017,-0.510124,-1.897032,-3.245306,0.00336,-1.0,46.312073
-1.100914,0.293578,-1.376147,2.213053,2.213051,-1.141281,-1.100914,-2.352289,-3.487151,-4.887333,0.00519,1.0,47.336983
-0.203177,0.59106,-0.332471,-0.660552,-0.660555,-0.310301,0.042491,-1.342191,-2.366078,-3.921673,0.005072,-1.0,47.024296
-1.047794,0.128675,-2.113974,0.480242,0.48025,-0.62133,-0.31802,-1.607848,-2.511951,-3.957354,0.005218,0.0,47.25013
0.07449,0.670391,-0.689011,-1.286766,-1.286756,0.580993,0.653618,-0.250788,-0.921798,-2.314348,0.004516,-1.0,46.642136
0.21089,0.786043,-0.632665,-2.867786,-2.867778,3.105813,3.259185,2.897477,2.053281,0.848911,0.003028,-1.0,45.304543
-1.872167,0.302572,-2.382757,1.38037,1.380352,1.089262,1.488275,1.649016,0.751701,-0.206505,0.001887,1.0,45.929905
-0.019131,0.937623,-0.497509,-1.172472,-1.172484,1.569099,2.42252,2.950649,2.047472,1.230788,0.001924,-1.0,45.391384
-0.766642,0.504862,-1.402393,2.334485,2.334509,-1.092002,-0.001879,0.56718,-0.209434,-0.886321,0.001754,1.0,46.45105
-1.242578,0.185464,-1.74332,0.822734,0.822724,-1.817502,-0.823438,-0.443864,-0.947697,-1.424328,0.00185,1.0,46.833214
-0.113254,0.396374,-0.377503,-1.74332,-1.743327,0.234054,0.872034,1.185359,1.037191,0.425828,0.001712,-1.0,46.016758
0.0,1.137425,-0.29834,1.22688,1.22689,-0.701107,-0.512776,-0.187711,-0.004666,-0.66605,0.000963,1.0,46.581333
1.078524,1.116369,-0.473037,-1.454415,-1.454415,0.987702,0.71145,1.181962,1.597919,0.924126,1.7e-05,-1.0,45.903847
-1.262012,0.207197,-1.506873,0.454119,0.45411,0.384257,0.009425,0.616569,1.075538,0.495767,0.002286,0.0,46.112301
-0.492236,0.0,-1.211662,-0.50857,-0.508567,0.480879,0.354035,0.988264,1.342297,0.988264,0.00112,-1.0,45.877789
1.054252,1.111754,-0.095839,-1.230598,-1.2306,1.422279,1.606292,2.099554,2.422856,2.369185,0.000719,-1.0,45.313217
0.965133,1.28028,-0.039393,-2.683531,-2.683517,3.092366,3.992503,4.425176,4.84931,5.121124,-0.002347,-1.0,44.097229
0.575171,0.952011,0.0,-0.689387,-0.689397,2.844111,4.349468,4.658209,5.254863,5.764383,-0.004021,-1.0,43.793224
1.010513,1.361105,0.0,-3.827838,-3.82783,5.040202,7.473691,8.011261,8.881198,9.539272,-0.004596,-1.0,42.116894
0.458242,0.770679,-0.749835,-0.989903,-0.989912,4.086654,7.317229,8.301053,9.351181,10.013751,-0.005621,-1.0,41.699974
1.140131,1.285238,-0.331675,0.479075,0.47907,1.961032,5.822969,7.242952,8.303276,9.005805,-0.004509,0.0,41.899746
0.381679,0.572519,-1.16624,-2.23881,-2.238813,2.765063,6.874477,8.89031,10.00531,10.853274,-0.005709,-1.0,40.961689
-1.137323,0.0,-1.453241,0.678541,0.678544,0.83404,5.023172,7.485262,8.562559,9.584672,-0.005414,1.0,41.239632
-0.145742,0.35395,-0.499684,1.15838,1.158386,-0.512182,2.767022,5.497953,6.656259,7.83677,-0.004403,1.0,41.717346
-2.777221,0.486515,-3.243466,2.706648,4.201437,-3.709165,-1.930458,0.728462,1.990987,3.176891,-0.003538,1.0,43.470074
-0.184502,0.389508,-0.799508,-1.114946,-1.114958,-2.11833,-1.366232,1.394067,2.871206,4.030677,-0.003736,-1.0,42.985401
-0.829224,1.401775,-1.263581,3.833545,3.833555,-4.086919,-4.88771,-2.640395,-1.072073,-0.05246,-0.002278,1.0,44.63327
0.410242,0.703262,-0.410234,1.066134,1.066131,-3.383079,-5.599321,-3.784878,-2.146935,-1.276617,-0.001255,1.0,45.109119
0.763656,0.841982,-0.391621,-0.234419,-0.234407,-1.69572,-4.736126,-3.723086,-2.077862,-1.244355,-0.00011,0.0,45.00338
0.863765,1.079708,-0.431877,-0.254555,-0.254565,-0.812718,-3.782612,-3.62425,-2.044529,-1.148552,-0.000821,0.0,44.888817
0.453379,0.808198,-1.00532,-0.412248,-0.412227,0.366633,-2.757089,-3.316204,-1.785912,-0.793128,-0.00049,0.0,44.703773
-1.338058,0.157422,-1.889018,0.17741,0.17739,0.25581,-2.075973,-3.385309,-2.1606,-1.071234,-0.001428,0.0,44.783073
0.591248,0.926285,-0.137966,-0.157414,-0.157405,0.236495,-1.144865,-3.095916,-2.139567,-0.975995,-0.001854,0.0,44.712582
0.08055,0.966571,-0.261782,-2.128502,-2.128488,1.848557,1.471993,-0.738017,-0.279986,0.93166,-0.002022,-1.0,43.76088
0.803863,1.185691,-0.241156,0.201365,0.201346,1.169625,1.354507,-0.610746,-0.711705,0.456618,-0.002467,0.0,43.848991
-0.11997,0.059994,-0.779842,0.502412,0.502404,0.375938,1.093795,-0.779384,-1.349173,-0.222321,-0.001617,0.0,44.06929
-0.80836,0.78864,-0.80836,1.419722,1.419737,-1.068617,-0.307578,-1.611484,-2.663281,-1.787893,-0.001197,1.0,44.694958
0.527344,1.562498,0.0,0.946372,0.946355,-1.816398,-1.240224,-1.960799,-3.428991,-2.778292,-0.000564,1.0,45.117931
1.752657,1.870817,-0.39385,-0.820316,-0.820315,-0.563209,-0.480493,-0.698428,-2.33628,-2.096142,-0.000386,-1.0,44.747822
-0.429103,0.195044,-0.702165,0.964949,0.964956,-0.924521,-1.367269,-1.395228,-2.884596,-3.093655,0.0012,1.0,45.179619
-0.311223,0.408479,-0.505734,0.273064,0.273077,-0.64969,-1.503609,-1.32271,-2.773463,-3.358466,0.001619,0.0,45.302994
1.037383,1.389702,0.0,-0.622447,-0.622462,0.117441,-0.833818,-0.64722,-1.71365,-2.671066,0.003013,-1.0,45.021
-0.749854,0.326864,-0.942123,1.80074,1.800749,-1.342051,-2.343781,-2.299558,-2.95126,-4.214802,0.004226,1.0,45.831715
-1.124443,0.0,-1.555476,2.595661,2.595661,-2.871069,-4.121072,-4.485263,-4.842585,-6.220948,0.005146,1.0,47.021351
0.357139,0.507519,-0.921056,-0.29985,-0.299853,-1.853384,-3.186094,-3.914789,-4.192673,-5.496894,0.005989,0.0,46.880356
-0.757293,0.189318,-0.851952,-0.714288,-0.714291,-0.613402,-1.95759,-2.959736,-3.120975,-4.417768,0.005384,-1.0,46.545494
-0.133029,1.045228,-0.285059,-0.378646,-0.378638,0.345874,-1.223874,-2.362857,-2.565569,-3.588003,0.004715,0.0,46.369255
0.669981,0.937975,-0.401997,-0.722153,-0.722164,1.163862,-0.306278,-1.461204,-1.756316,-2.470061,0.002575,-1.0,46.034393
-0.538354,0.019231,-1.36512,-0.440283,-0.440275,1.092099,0.371084,-0.724221,-1.231493,-1.679677,0.002868,0.0,45.831715
-0.955657,0.535164,-1.051223,0.596043,0.596046,0.156723,-0.02294,-0.986245,-1.684829,-2.033646,0.00146,1.0,46.104893
0.308463,0.674768,-0.597644,-0.860094,-0.860095,0.65934,0.933101,0.111816,-0.722,-0.945443,0.000623,-1.0,45.708347
0.0,0.714153,-0.169141,2.583382,2.583382,-1.653825,-1.210299,-2.097352,-2.997559,-3.247512,0.001848,1.0,46.889168
0.385461,0.532305,-0.789282,2.386771,2.386771,-3.124083,-3.05984,-3.978221,-4.915569,-5.261383,0.002996,1.0,48.008305
-0.609752,0.905399,-1.422766,-0.660795,-0.660807,-1.699916,-2.274565,-2.928051,-3.871019,-4.405755,0.002888,-1.0,47.691063
-0.184839,0.683924,-0.776336,-0.036957,-0.036938,-1.005551,-2.072095,-2.543444,-3.434388,-4.13679,0.002795,0.0,47.673447
-0.570696,0.865245,-1.270249,0.406658,0.406654,-0.504423,-2.192567,-2.581007,-3.428762,-4.260684,0.00304,0.0,47.867313
0.334823,0.744051,-0.260415,-1.030932,-1.030925,0.736601,-0.961689,-1.235127,-2.140076,-3.044652,0.003518,-1.0,47.373837
0.65851,1.354651,-0.206963,-1.134665,-1.134679,1.392286,0.34619,0.041391,-0.833492,-1.75052,0.002937,-1.0,46.836296
0.111342,1.187604,-0.408241,1.39228,1.392271,-0.085344,-0.682859,-1.266765,-1.906649,-2.785663,0.003324,1.0,47.488384
0.322883,0.379859,-1.101618,-2.300978,-2.300969,1.716998,1.718897,0.988919,0.534661,-0.276546,0.001706,-1.0,46.395691
-0.092987,0.31616,-0.836898,2.127252,2.127254,-0.606286,-0.046494,-0.996838,-1.339967,-2.07402,0.002219,1.0,47.382645
0.322095,0.663134,-0.511559,-1.841177,-1.841193,0.886712,1.746891,0.880401,0.670726,-0.081075,0.001775,-1.0,46.510239
-0.643574,0.227142,-0.908582,0.094739,0.094764,0.670057,1.338241,0.859347,0.653025,-0.052257,0.001397,0.0,46.554314
1.43045,1.637491,-0.489369,0.567857,0.567857,-0.184463,0.579701,0.430381,0.063042,-0.439687,0.001525,1.0,46.818676
0.542768,1.253973,-0.224591,0.564651,0.564644,-0.45293,-0.110426,0.004989,-0.477262,-0.836985,0.002041,1.0,47.083035
-1.493929,0.0,-1.960782,0.224591,0.224588,-0.758167,-0.478055,-0.009957,-0.632117,-0.899344,0.001356,0.0,47.188778
-0.18957,0.284364,-0.625596,-1.493929,-1.493931,0.735552,0.839812,1.448344,0.887207,0.729482,-0.000422,-1.0,46.48381
0.936546,1.165902,0.0,-0.815166,-0.815159,1.3685,1.509934,2.006877,1.724002,1.581036,-0.000646,-1.0,46.104893
-0.417064,0.341232,-0.853082,0.821865,0.821859,0.398107,0.466354,1.002215,0.964932,0.706733,2.2e-05,1.0,46.48381
-0.769231,0.037525,-0.938086,1.042652,1.042653,-0.686677,-0.448402,-0.140084,0.015013,-0.32495,0.00064,1.0,46.968475
0.209526,0.41905,-0.209526,-1.500936,-1.500937,0.426667,0.826668,1.150478,1.599049,1.169526,0.000301,-1.0,46.263508
1.636115,1.655825,-0.039426,-3.371429,-3.371415,3.134229,3.94046,4.281478,4.899456,4.550353,-0.000973,-1.0,44.703773
-1.70609,0.465293,-1.880576,1.675541,1.675536,1.147723,1.985257,2.360077,2.889675,2.776259,-0.000504,1.0,45.452801
-0.195463,0.273649,-1.407351,-0.814273,-0.814289,1.356539,2.437461,2.84468,3.445084,3.553567,-0.000484,-1.0,45.082684
1.010097,1.58447,-0.237677,-1.309613,-1.309605,1.588433,3.214495,3.924207,4.460286,4.782726,-0.002177,-1.0,44.492279
0.317586,0.476376,-0.734424,-0.217867,-0.217869,0.968643,2.810641,3.702529,4.297342,4.893213,-0.003309,0.0,44.395344
-0.388797,0.602646,-0.544322,2.104006,2.104009,-0.835923,0.437405,1.391916,1.92263,2.594092,-0.002107,1.0,45.329426
0.254497,1.233354,0.0,-0.699839,0.616553,-1.375122,-0.286798,0.632422,1.163517,1.754989,-0.001823,1.0,45.608906
0.896416,2.39044,0.0,-1.72279,-1.722786,0.23796,1.090672,2.099696,2.639596,3.28281,-0.002749,-1.0,44.823162
-1.358641,0.519485,-1.498502,-0.298809,-0.298823,0.626531,0.883637,2.048603,2.7563,3.325258,-0.00243,0.0,44.68922
-0.442035,0.241107,-0.823787,-0.559439,-0.559444,1.212388,1.040683,2.210235,3.003222,3.597991,-0.00218,-1.0,44.439209
-0.283055,0.687424,-0.80873,-0.622867,-0.622869,1.318249,1.551394,2.500427,3.383001,3.956441,-0.003056,-1.0,44.162411
0.09852,1.162562,-0.4335,2.60817,2.608173,-1.387189,-1.060493,-0.221328,0.618303,1.179642,-0.000922,1.0,45.314243
0.254599,0.763807,-0.685472,0.610839,0.610843,-1.649045,-1.549686,-0.957666,-0.127221,0.398879,-0.001581,1.0,45.591042
0.060058,0.840837,-0.900903,-2.173913,-2.173918,0.496496,0.662242,0.889237,1.813804,2.468915,-0.001726,-1.0,44.59993
-1.166763,0.241406,-1.227119,-0.480484,-0.480483,0.957556,1.146054,1.094279,1.989592,2.69355,-0.001976,0.0,44.385635
-1.030091,0.302973,-1.090683,-0.402336,-0.402322,1.385571,1.300742,1.427739,2.144066,2.899978,-0.002398,0.0,44.207062
-0.179283,0.258966,-1.314741,1.393664,1.393669,-0.227105,-0.266948,-0.060046,0.597107,1.331118,-0.002037,1.0,44.823162
0.338852,2.352003,0.0,-0.059767,-0.059777,-0.522222,-0.213276,-0.042879,0.468931,1.211149,-0.002161,0.0,44.796368
0.461014,0.861898,-0.120259,-0.5581,-0.558099,0.012027,0.314688,0.526205,0.760929,1.551399,-0.001754,-1.0,44.54636
-0.13616,1.147637,-0.700255,3.046705,3.046698,-2.283597,-2.33223,-2.226931,-2.257395,-1.563082,-7.5e-05,1.0,45.903553
-0.753621,0.038647,-0.753621,0.66135,0.661363,-2.059909,-2.53141,-2.742682,-2.736904,-2.23378,-0.000145,1.0,46.207142
-0.250677,0.636325,-0.269958,0.212562,0.212549,-1.627456,-2.524101,-2.848694,-2.85114,-2.423825,-0.000506,0.0,46.305355
0.48216,0.48216,-0.501443,-0.019288,-0.019276,-0.960465,-2.352945,-2.617814,-2.701325,-2.421202,0.000138,0.0,46.296429
0.287967,0.556731,-0.902286,0.462878,0.462865,-0.572082,-2.392009,-2.805398,-2.932625,-2.910147,0.001806,0.0,46.510719
0.502614,1.869714,-0.381992,-4.511419,-4.51141,3.453954,2.225566,1.782593,1.655298,1.510198,-0.000884,-1.0,44.41243
1.159252,1.159252,-1.301605,-1.145967,-1.14597,3.603826,3.341472,2.923193,2.671346,2.614046,-0.001029,-1.0,43.903477
1.555049,1.575787,-0.269546,-1.911731,-1.911742,4.117778,4.947137,4.580837,4.376952,4.392126,-0.00129,-1.0,43.064156
0.699445,1.131452,-0.020578,0.787893,0.787899,1.970788,3.805803,3.427279,3.397448,3.421297,-0.000853,1.0,43.403458
0.762058,1.672305,-0.381035,-2.818348,-2.818328,2.874664,6.255272,6.044292,6.098622,6.201322,-0.002993,-1.0,42.180206
-1.599331,0.357742,-3.198653,0.592714,0.592705,1.334171,4.810601,5.112228,5.236734,5.390312,-0.003004,1.0,42.43021
0.27796,0.684199,-1.090447,-1.578283,-1.578295,1.932871,5.426563,6.407249,6.636739,6.738513,-0.002941,-1.0,41.760536
0.58848,1.218995,-0.567467,1.731884,1.731893,-0.075665,2.732234,4.22866,4.488222,4.627145,-0.002058,1.0,42.483784
0.723755,0.784075,-1.387219,4.539722,4.539723,-3.960596,-2.153202,-0.355187,-0.181953,0.046634,0.000159,1.0,44.41243
0.796567,1.062094,0.0,-1.56816,-1.568158,-1.727941,-1.233661,1.105662,1.307186,1.551465,-0.000252,-1.0,43.715973
-1.26151,0.0,-1.441726,2.001634,2.001635,-2.687226,-3.13176,-1.074625,-0.657792,-0.427718,-0.000516,1.0,44.591007
1.077459,1.36207,-0.406581,-1.501802,-1.501805,-0.219553,-1.650741,0.086739,0.824355,1.068508,-0.001434,-1.0,43.921337
0.867985,1.271694,0.0,0.711531,0.711533,-0.133229,-2.08115,-0.932585,0.045411,0.256755,-0.00018,1.0,44.233852
1.133837,1.15408,-0.182223,-0.30279,-0.302793,0.028349,-1.625831,-0.963756,0.270299,0.425997,-0.000102,0.0,44.099915
1.040812,1.2449,0.0,-0.789632,-0.789636,0.840821,-0.483668,-0.595913,0.977555,1.147758,-0.000271,-1.0,43.751686
0.202509,0.972053,-0.162013,0.775512,0.775508,-0.162004,-0.872817,-1.409472,-0.005057,0.342654,-0.00054,1.0,44.090984
-0.36855,0.0,-1.00328,-1.093562,-1.093561,0.798531,0.647018,-0.364448,0.802627,1.397222,-0.000989,-1.0,43.608822
0.225458,0.983806,-0.102478,-0.102373,-0.102374,0.594385,0.99816,-0.185824,0.591315,1.385534,-0.000791,0.0,43.564178
1.482253,1.649263,-0.062637,-1.824142,-1.824136,1.84133,2.490602,1.569936,2.048014,3.079746,-0.002909,-1.0,42.769508
1.056412,1.077536,-0.190154,-1.189979,-1.189981,2.362134,3.380518,2.805831,2.774138,4.104795,-0.003714,-1.0,42.260559
-1.434806,0.0,-1.829904,1.605743,1.605753,0.207937,1.362022,1.260131,0.978368,2.1834,-0.003108,1.0,42.939159
-2.205878,0.081701,-2.205878,1.809106,1.809104,-1.523694,-0.486114,-0.241015,-0.83742,0.139703,-0.002313,1.0,43.715973
0.630075,0.813002,-0.894315,0.4902,0.490189,-1.837393,-1.040648,-0.508125,-1.222556,-0.565036,-0.002301,0.0,43.930264
1.176705,1.196997,-0.426048,0.182927,0.182935,-1.45263,-1.241636,-0.750663,-1.333945,-0.954356,-0.00026,0.0,44.010628
1.234574,1.316881,0.0,-1.399884,-1.399891,0.469145,0.078197,0.609062,0.206799,0.164618,-0.00037,-1.0,43.394527
0.534316,0.842581,-0.513769,0.123461,0.123467,0.579529,-0.193179,0.309629,0.200369,-0.047679,0.000515,0.0,43.448105
0.693453,1.346115,-0.611868,0.760376,0.760374,-0.150927,-0.907605,-0.469098,-0.325308,-0.813376,0.000503,1.0,43.778473
-0.584436,0.382914,-1.209188,1.203345,1.203345,-1.168882,-1.918578,-1.64181,-1.304915,-1.88069,0.002251,1.0,44.305279
0.882998,1.384704,-0.040138,0.423222,0.423225,-1.36866,-1.944617,-1.997464,-1.711826,-2.196272,0.002177,0.0,44.49279
-1.091051,0.337239,-1.229913,1.163953,1.163955,-1.785362,-2.461816,-2.938574,-2.698872,-3.070028,0.00337,1.0,45.010666
-0.255547,0.0,-1.356397,0.912515,0.912506,-1.804593,-2.797319,-3.620987,-3.487313,-3.683106,0.003013,1.0,45.421391
-1.303575,0.474023,-2.310887,-0.471787,-0.471784,-0.70709,-2.006715,-2.928434,-2.887615,-2.921586,0.000835,0.0,45.2071
0.773137,0.895215,0.0,-2.923166,-2.92316,2.091551,0.933869,0.043399,-0.003059,0.129394,0.000245,-1.0,43.885624
-0.14268,0.591107,-0.570734,-0.183115,-0.183112,1.964935,1.072149,0.384557,0.146752,0.257637,-0.000704,0.0,43.805264
-0.142943,0.878091,-0.653459,-0.183449,-0.18346,1.564227,1.333474,0.792326,0.327755,0.442724,-0.000131,0.0,43.724899
0.666389,0.957934,-0.020829,-1.939965,-1.939963,2.38651,3.204919,2.776625,2.170974,2.269891,-0.001284,-1.0,42.876652
0.33557,0.776005,-0.964763,-0.708038,-0.708033,1.879195,3.657717,3.330535,2.777893,2.872482,-0.00146,-1.0,42.573071
1.765962,2.319149,0.0,-1.426174,-1.426157,2.438283,4.599983,4.513457,4.07445,4.144662,-0.001737,-1.0,41.965912
2.563546,3.019768,0.0,-2.063832,-2.063866,3.280487,5.978729,6.243773,6.064543,6.047379,-0.002972,-1.0,41.099792
0.662557,2.673061,-1.622113,-4.909839,-4.909818,6.237143,9.933738,10.993825,11.134332,11.045001,-0.004631,-1.0,39.081867
6.153479,6.270463,-0.467948,-2.353205,-2.353209,6.326621,10.680855,12.745274,13.186702,13.099664,-0.005609,-1.0,38.162189
2.930145,3.000466,-4.055321,-0.187183,-0.187185,4.17253,9.020161,11.961245,12.660572,12.732302,-0.004898,0.0,38.090755
-1.96598,1.281197,-2.275233,6.118143,6.118149,-2.597752,1.87762,4.865617,5.731164,5.921798,-0.00172,1.0,40.421204
-1.128227,0.846171,-1.128227,1.811354,1.811351,-4.30462,-0.579302,2.458956,3.502927,3.880233,-0.001631,1.0,41.153374
-2.198278,0.0,-2.995698,0.672601,0.672601,-3.810347,-1.797418,1.198271,2.574348,3.106029,-0.002125,1.0,41.430172
1.01366,1.189945,-0.859407,-2.198278,-2.198289,-0.484786,-0.171872,2.666382,4.518519,5.184671,-0.003294,-1.0,40.519417
0.351185,0.570674,-1.997364,0.39665,0.396679,0.395068,-1.031623,1.518858,3.724739,4.470568,-0.003201,0.0,40.680149
0.0,2.086539,-0.219633,-0.065852,-0.065865,0.575447,-1.28926,1.055714,3.343948,4.216998,-0.002621,0.0,40.653355
0.83881,1.360231,-0.204038,-3.118818,-3.118825,2.915443,1.453189,3.560797,6.022445,7.102245,-0.004031,-1.0,39.385448
-0.154696,0.0,-0.994477,2.584446,2.584455,-0.185638,-0.775693,0.403679,2.78121,4.10784,-0.003238,1.0,40.403347
3.070379,3.541018,-0.268935,-1.392267,-1.392278,0.883023,1.046625,1.313322,3.532057,5.215607,-0.004366,-1.0,39.84082
-0.199424,0.797698,-1.285181,1.14299,1.142989,-0.447593,0.452033,-0.208282,1.75272,3.680926,-0.004053,1.0,40.296196
0.310281,0.465432,-0.642724,-0.022163,-0.022171,-0.607257,0.441062,-0.463932,1.328696,3.304982,-0.004569,0.0,40.287262
-0.489002,0.666813,-0.911314,-0.288114,-0.288106,0.071124,0.486776,-0.330441,1.16915,3.173151,-0.005091,0.0,40.171192
-1.892475,0.150538,-2.0,3.356297,3.356293,-2.640858,-2.754831,-3.175618,-2.381711,-0.513539,-0.003427,1.0,41.519455
-1.26396,0.547712,-1.390352,2.086024,2.086029,-3.429539,-4.301664,-4.489852,-4.434378,-2.832945,-0.001249,1.0,42.385563
-0.816752,1.382199,-0.984295,0.589844,0.589842,-2.898431,-4.404187,-4.339262,-4.987429,-3.643974,-0.000913,1.0,42.635571
0.216501,0.73609,-0.411342,-3.267018,-3.267007,0.844332,-1.032698,-0.975685,-1.866209,-0.646031,-0.002253,-1.0,41.242664
0.90011,1.29528,-0.482979,-1.385581,-1.385587,2.507134,0.673983,0.336627,-0.540064,0.441714,-0.002012,-1.0,40.671211
-0.427156,0.224825,-1.14658,-2.349065,-2.34906,4.064742,2.922652,2.462523,1.932324,2.454131,-0.002726,-1.0,39.71582
2.484047,2.484047,0.0,-1.348919,0.200948,2.554428,2.704891,2.135789,1.933132,1.93898,-0.002018,0.0,39.795628
-0.429959,0.407332,-1.267251,0.706468,0.706467,0.558048,1.929653,1.318925,1.465837,0.974715,-0.000814,1.0,40.076771
1.12638,1.351663,-0.788461,0.452591,0.452604,-0.384126,1.463165,0.796974,0.988418,0.350079,0.001518,0.0,40.25816
0.767447,1.279067,-0.604647,-3.131334,-3.13134,1.977673,4.442071,3.988987,3.976525,3.378329,0.001179,-1.0,38.99754
-0.159272,0.864621,-0.864621,2.209305,2.209309,-0.154727,1.767948,1.650184,1.531941,1.221751,0.002221,1.0,39.859116
0.089468,0.603894,-0.268394,1.729233,1.729236,-1.480656,-0.415031,0.038623,-0.19037,-0.263467,0.000313,1.0,40.548374
2.591358,2.901433,-0.598009,0.984127,0.984118,-2.015503,-1.797788,-0.830256,-1.130407,-0.95637,-4.7e-05,1.0,40.947418
-2.90254,0.338983,-3.093218,4.540418,4.540401,-5.080494,-5.697561,-4.745039,-5.173005,-5.035136,0.001635,1.0,42.806595
0.331606,0.911915,-0.352327,2.224574,2.224587,-4.969945,-7.044141,-6.271373,-6.73689,-6.863571,0.003558,1.0,43.758865
-1.784638,0.982559,-1.864849,3.357511,3.357528,-5.682785,-8.845005,-8.769454,-9.233126,-9.553181,0.004845,1.0,45.228081
1.3466,1.58079,-0.62452,2.747149,2.747127,-5.655735,-9.845819,-10.622632,-10.946614,-11.459187,0.006069,1.0,46.470554
-1.589145,0.387599,-1.937985,0.702568,0.702572,-3.813949,-9.038751,-10.653352,-10.873334,-11.554066,0.00773,1.0,46.797043
1.614782,1.82879,-0.369656,-0.387589,-0.387591,-1.805447,-7.32101,-9.537294,-9.847759,-10.698309,0.006438,0.0,46.615662
0.155797,0.214218,-0.623172,-0.097284,-0.0973,-0.502415,-5.604652,-8.604717,-9.072917,-9.994215,0.007001,0.0,46.570305
-1.571717,0.785849,-1.689589,-0.876331,-0.876318,0.781921,-3.404715,-6.865747,-7.766189,-8.699495,0.006123,-1.0,46.162201
-0.949984,0.135712,-1.240797,1.335953,1.335957,-0.414897,-3.346262,-7.09836,-8.512562,-9.309883,0.006713,1.0,46.778908
-0.868057,0.308642,-1.195986,0.504067,0.504061,-0.821757,-2.540504,-6.580496,-8.505682,-9.193115,0.007058,0.0,47.014702
0.115447,0.30787,-0.962093,0.250774,0.250775,-0.850492,-1.866459,-5.841827,-8.109726,-8.839323,0.005708,0.0,47.132603
0.373571,0.432562,-0.786477,-2.135848,-2.135846,1.120724,0.78844,-2.756584,-5.512973,-6.333388,0.003872,-1.0,46.125923
-0.931617,0.376607,-1.189302,-0.806134,-0.806128,1.764118,1.722491,-1.107371,-4.085235,-5.201971,0.003265,-1.0,45.754089
1.092362,1.350548,-0.158884,-0.198222,-0.198221,1.477655,1.747763,-0.164184,-3.252232,-4.726558,0.004599,0.0,45.663395
-0.886519,0.059108,-1.024421,0.8143,0.814309,0.232459,0.760431,-0.233789,-3.386531,-5.200715,0.005556,1.0,46.035236
-0.317521,0.138916,-1.012102,-0.728918,-0.728926,0.341338,1.299857,0.920815,-2.081763,-4.114511,0.00626,-1.0,45.699673
1.206544,1.247436,-0.081802,-2.95693,-2.956947,2.597147,3.88549,4.084535,1.505122,-0.861176,0.004887,-1.0,44.348358
-0.622275,0.539311,-1.120102,-1.411049,-1.411042,3.136286,4.814361,5.344679,3.399718,0.924299,0.003966,-1.0,43.722584
-0.720309,1.728751,-1.378889,0.78822,0.788231,1.605264,3.37929,4.157227,2.990322,0.522738,0.004112,1.0,44.067219
-1.114553,0.45407,-1.155835,-0.288123,-0.288126,0.945299,2.978324,4.024762,3.628478,1.16491,0.005349,0.0,43.94025
0.47688,1.140367,0.0,-0.454078,-0.45408,0.510054,2.672611,4.061094,4.207961,1.944848,0.004191,0.0,43.740726
-1.530403,0.0,-1.691502,2.96496,2.96496,-2.078132,-0.525574,0.837696,1.349174,-0.454289,0.004728,1.0,45.037621
-1.891624,0.866993,-2.246303,2.194925,2.194938,-3.180304,-2.602967,-1.347795,-0.7409,-2.056367,0.005254,1.0,46.026169
0.636816,1.094525,-0.597013,-0.985222,-0.985224,-1.556224,-1.653739,-0.542629,0.148248,-0.640806,0.002852,-1.0,45.572708
-0.059854,0.758182,-0.738226,-0.258708,-0.258701,-0.634485,-1.526349,-0.513448,0.26036,0.013552,0.001772,0.0,45.454811
-0.559884,0.0,-1.4797,-0.219475,-0.219499,0.295957,-1.385711,-0.555877,0.341942,0.458319,0.000217,0.0,45.355038
0.868161,1.271958,-0.524932,-0.959806,-0.959801,1.215433,-0.302841,0.228823,1.130632,1.535235,-0.001395,-1.0,44.91972
-1.109324,0.262196,-1.33119,0.100955,0.100965,0.64138,-0.127075,0.010747,0.895511,1.409427,-0.001656,0.0,44.965073
1.017501,1.221007,-0.142448,-0.887461,-0.887453,1.090753,0.879112,0.742087,1.550659,2.146507,-0.001874,-1.0,44.566029
0.519427,1.849156,0.0,-2.055348,-2.055361,2.385206,2.929567,2.491861,3.296279,4.001659,-0.002725,-1.0,43.650036
-0.83246,0.166497,-1.810612,-0.166221,-0.166222,1.739861,3.063483,2.337847,3.060358,3.895944,-0.002416,0.0,43.57748
-2.343595,0.203786,-2.486248,2.122791,2.122787,-0.562453,0.800905,0.233686,0.73569,1.550443,-0.002074,1.0,44.502537
0.469865,1.144018,-0.347297,-0.244547,-0.244548,-0.576093,0.680292,0.58019,0.829423,1.640045,-0.0024,0.0,44.393707
-0.140393,0.481342,-1.143201,1.85904,1.859045,-2.101888,-1.235459,-1.085706,-1.059968,-0.352989,-0.0017,1.0,45.219006
-0.200882,0.642826,-0.361593,-0.160453,-0.160455,-1.281638,-1.145034,-0.748621,-0.999393,-0.358372,-0.000842,0.0,45.14645
1.360963,1.746902,-0.385941,-1.104859,-1.104844,0.300617,-0.199077,0.495622,-0.011184,0.532184,-0.000971,-1.0,44.647652
-0.041256,0.495052,-0.495045,-1.523461,-1.523473,1.608911,1.128302,1.888066,1.492369,1.891089,-0.001548,-1.0,43.967457
-1.039751,0.611619,-1.100919,1.175741,1.175735,0.468916,-0.154937,0.472995,0.398581,0.592872,-0.00139,1.0,44.484398
-0.040893,0.654263,-0.613369,-0.285421,-0.285415,0.368022,0.083825,0.577931,0.718667,0.763033,-0.001198,0.0,44.357433
0.345322,0.50782,-0.060936,0.654263,0.654274,-0.507829,-0.343299,-0.196369,0.143195,-0.016262,0.000372,1.0,44.647652
0.52578,0.910012,0.0,0.446884,0.446868,-0.861473,-0.503537,-0.715872,-0.178965,-0.537106,0.00118,0.0,44.847168
-0.100743,0.644771,-0.322386,0.364004,0.364014,-0.757612,-0.751568,-1.062535,-0.544032,-0.839015,0.000996,0.0,45.010418
2.264768,2.964789,0.0,-2.135807,-2.135812,1.210627,1.336217,0.958068,1.402101,1.354747,0.000192,-1.0,44.04908
2.363182,2.425369,-0.497517,-0.679428,-0.679428,1.625208,1.693614,1.52432,1.887435,2.019069,9.4e-05,-1.0,43.749798
-0.16729,0.0,-1.840236,-0.870651,-0.870653,1.928068,2.176919,2.37279,2.541827,2.862405,-0.001573,-1.0,43.368889
-0.021443,0.021432,-1.243305,-2.446671,-2.446676,3.284035,4.1865,4.740268,4.753488,5.306757,-0.003591,-1.0,42.307793
-0.498699,1.214226,-1.019074,-1.136126,-1.136119,2.948831,4.872076,5.517494,5.587601,6.209891,-0.003657,-1.0,41.827126
0.535791,2.657527,-0.814404,1.170861,1.170862,0.938704,3.146164,3.969138,4.052722,4.63009,-0.003035,1.0,42.316864
0.449388,2.032955,-0.042801,0.150021,0.150011,0.141243,2.525155,3.366869,3.638999,4.172062,-0.002875,0.0,42.380344
2.590562,2.590562,-0.373212,-2.525147,-2.525133,1.738744,4.373213,5.425538,6.040612,6.469372,-0.003555,-1.0,41.310184
-0.486074,0.441894,-1.171008,-0.636665,-0.636674,1.776408,4.116225,5.516284,6.411851,6.731781,-0.003876,-1.0,41.047173
0.086695,0.996964,-0.238405,1.944324,1.944326,-0.156047,1.37408,3.16573,4.064806,4.402258,-0.002645,1.0,41.845264
-0.196678,0.677452,-1.311184,-0.823583,0.624506,-0.875585,0.283596,2.148979,3.147362,3.482759,-0.00148,1.0,42.10659
2.452193,2.497188,-0.179982,-2.862756,-2.862749,1.322443,2.542609,4.59608,5.659401,6.174108,-0.002652,-1.0,40.901184
0.857403,1.195844,-0.293324,-0.292466,-0.292483,1.360415,2.208971,4.270902,5.434187,6.204209,-0.003702,0.0,40.781555
1.706719,1.953746,-0.718617,0.473824,0.473834,0.84707,1.401632,3.149119,4.488775,5.449274,-0.00339,0.0,40.974792
0.112433,0.944452,-0.202384,-0.134736,-0.134741,0.530696,1.316659,2.621807,4.257332,5.241306,-0.004257,0.0,40.919582
-0.908309,0.0,-1.535474,3.980214,3.980209,-3.109859,-2.507208,-1.541559,0.038993,1.039332,-0.002456,1.0,42.548267
0.501199,0.828069,-0.566568,-0.756927,-0.756926,-1.743295,-1.800133,-1.031161,0.549632,1.526457,-0.002305,-1.0,42.226208
0.176332,0.374701,-0.573062,-1.133145,-1.13313,-0.154294,-0.569841,-0.155744,1.354733,2.364426,-0.002135,-1.0,41.74773
0.021817,0.676122,-0.501634,1.057966,1.057959,-0.623772,-1.34002,-1.219705,-0.021313,1.059721,-0.002187,1.0,42.189404
0.775018,1.284327,-0.287868,-1.504903,-1.504897,1.200169,0.097424,0.245811,1.090422,2.371533,-0.002717,-1.0,41.554497
-0.489435,0.422687,-0.68966,-0.465011,-0.465023,1.099001,0.384874,0.560129,1.237792,2.547773,-0.003203,0.0,41.361259
