-0.427579,0.1069,-0.641363,0.267947,0.267941,1.154471,1.405675,2.729387,3.666497,3.448432,-0.000771,0.0,16.104387
-1.267159,0.475185,-1.319958,1.2293,1.229305,-0.19008,-0.052806,1.133397,2.246561,2.21541,-0.000305,1.0,16.302359
1.554132,1.661302,-0.214357,-1.478358,-1.478357,0.685957,1.141477,2.211502,3.56377,3.659161,-0.001904,-1.0,16.061352
0.268817,0.752688,-0.537634,-0.321543,-0.321542,0.612901,1.311826,2.111109,3.46505,3.883867,-0.001776,0.0,16.009708
0.695554,0.856067,-0.214024,0.483876,0.483863,0.160518,0.791873,1.34832,2.560197,3.203857,-0.00188,0.0,16.087173
-0.478469,0.691132,-0.850606,0.642044,0.642058,-0.37214,0.122276,0.453661,1.544392,2.417863,-0.001423,1.0,16.190462
0.647943,1.241901,-0.107991,-1.541728,-1.541729,0.734339,1.403884,1.720658,2.753776,3.799132,-0.003745,-1.0,15.940849
1.525043,1.960773,-0.381264,-0.863925,-0.863938,1.285406,1.808282,2.291216,3.232575,4.461877,-0.004121,-1.0,15.80313
-0.547345,0.218933,-1.532567,-0.490201,-0.490181,1.423088,1.926645,2.568864,3.322376,4.551713,-0.004248,0.0,15.725666
1.55642,1.889939,-0.500278,-1.532567,-1.532571,2.223454,3.140628,3.883633,4.52473,5.685374,-0.004397,-1.0,15.484659
0.551865,1.379691,-0.496689,0.722629,0.722625,0.728474,2.07505,2.866071,3.391273,4.474606,-0.003996,1.0,15.596555
-1.030928,0.054265,-1.682035,1.710811,1.710794,-1.063468,0.081404,0.911572,1.397192,2.391767,-0.003055,1.0,15.86338
1.723174,2.612557,0.0,-2.387412,-2.387392,0.944966,2.156748,2.916429,3.532511,4.47359,-0.003324,-1.0,15.484659
1.550833,1.665715,-0.287186,-3.224013,-3.224036,3.319947,4.876525,5.747672,6.556595,7.404958,-0.00486,-1.0,14.985428
2.444703,2.502916,-0.174622,-1.32108,-1.321057,3.760177,5.401623,6.58905,7.526186,8.314312,-0.005123,-1.0,14.787462
-0.885995,0.826934,-1.89013,-1.45518,-1.455192,3.886593,5.847614,7.462105,8.54401,9.3042,-0.005441,-1.0,14.572276
-1.939532,0.228175,-2.224769,3.544011,3.544004,-0.695946,1.660017,3.247772,4.395328,5.143189,-0.003132,1.0,15.088718
-0.510204,0.396825,-0.850335,0.627484,0.627489,-1.712012,0.617926,2.218455,3.290829,4.126997,-0.002536,1.0,15.183398
-0.223095,1.059682,-0.613497,1.643997,1.644013,-2.721705,-1.199118,0.316035,1.330164,2.228658,-0.002077,1.0,15.433015
-0.109176,0.491266,-0.655016,2.175125,2.175103,-3.548028,-3.122261,-1.954137,-0.919748,-0.041472,-0.001569,1.0,15.768699
0.813003,1.192406,-0.162607,0.709612,0.709627,-2.579956,-3.626027,-2.775075,-1.688354,-0.834696,-0.001694,1.0,15.880598
0.810811,1.891892,-0.108108,0.270997,0.270997,-1.794598,-3.848652,-3.045047,-2.072975,-1.221624,-0.000966,0.0,15.923634
-0.551882,0.220745,-1.048571,-2.054049,0.67786,-1.397679,-4.154887,-3.602844,-2.741601,-2.018686,3.9e-05,1.0,16.031574
1.482707,1.812202,-0.274569,0.496678,0.49667,-1.043109,-3.929818,-3.919724,-3.19077,-2.556795,0.000138,0.0,16.111198
1.534097,1.818182,-0.170455,-3.349802,-3.349801,2.133363,-0.096609,-0.552495,-0.001039,0.694658,-0.001852,-1.0,15.571505
0.112113,1.008969,-0.168167,1.363636,1.363651,0.636761,-0.673014,-1.811261,-1.475138,-0.741225,-0.000617,1.0,15.783846
0.728694,1.513459,-0.168167,0.0,0.0,0.459633,-0.232609,-1.844854,-1.524874,-0.872629,-0.000477,0.0,15.783846
-0.215755,0.647244,-0.377573,3.923772,3.923759,-2.88026,-3.255822,-5.177507,-5.06001,-4.531941,0.001019,1.0,16.403166
0.759214,1.084588,-0.705,-0.539374,-0.539365,-2.104127,-2.190768,-4.120117,-4.36464,-3.939452,0.000505,-1.0,16.314693
-0.326087,0.48913,-0.489136,-0.216925,-0.216933,-1.021731,-1.664475,-3.300735,-3.912658,-3.683403,0.001081,0.0,16.279301
-1.030928,0.108524,-1.030928,0.163043,0.163054,-0.542596,-1.563759,-2.749378,-3.851582,-3.811891,0.001527,0.0,16.305845
-0.108406,1.029799,-0.325214,0.108524,0.108507,0.010847,-1.425468,-2.350477,-3.814847,-3.822373,0.001788,0.0,16.323538
4.283177,4.46163,-0.416413,-8.888899,-8.8889,7.709714,7.412272,7.036983,5.3633,5.310544,-0.001411,-1.0,14.872555
-0.4245,0.181928,-3.638569,-1.903623,-1.90362,7.434813,8.453618,8.728628,7.272228,7.042639,-0.002553,-1.0,14.589438
-0.601691,0.180499,-1.083032,0.788363,0.788372,4.452457,7.015638,7.395644,6.404915,5.993111,-0.002954,1.0,14.704457
1.373949,1.67264,-0.238943,0.722016,0.722006,1.684591,5.591407,6.144175,5.722638,5.021059,-0.001602,1.0,14.810624
0.293772,1.175082,-0.352532,1.67264,1.672644,-1.668626,3.372507,4.01489,3.973284,3.079487,0.000527,1.0,15.058353
-0.465658,0.058213,-0.640279,0.940071,0.940076,-2.15367,1.618159,2.681411,3.010392,2.044552,0.00151,1.0,15.199913
1.242609,1.420112,-0.591722,-1.629802,-1.629805,-0.047336,2.390532,3.865881,4.556287,3.726342,0.001435,-1.0,14.952184
0.898198,0.958084,-0.119766,-1.183426,-1.183426,1.245503,2.598796,4.750496,5.472259,4.965257,-0.000621,-1.0,14.775236
0.294644,0.94284,-0.47142,1.616754,1.616753,-0.094277,0.106076,2.742104,3.505608,3.412941,-0.000191,1.0,15.014115
0.471137,0.765612,-0.058899,0.058933,0.058938,-0.200237,-0.818614,2.343932,3.144876,3.33452,-0.00088,0.0,15.022964
-1.217386,0.115942,-1.681165,1.590106,1.590099,-1.681156,-2.115938,0.243483,1.278267,1.737678,-0.001134,1.0,15.261844
1.488095,1.488095,-0.238089,-2.608701,-2.608695,0.833336,0.69048,2.277781,3.571434,4.309587,-0.002577,-1.0,14.863709
-0.475624,0.237818,-1.248508,0.119054,0.119048,0.856124,0.689657,1.529927,3.216414,3.947058,-0.002643,0.0,14.881404
0.421941,1.326094,-0.120555,-1.36742,-1.367411,1.796257,1.995172,2.198104,4.270641,5.060394,-0.003532,-1.0,14.677914
1.422387,1.422387,-0.371051,-2.531646,-2.531654,3.438468,4.118741,3.912597,6.462589,7.337049,-0.004849,-1.0,14.30632
0.246615,0.308268,-0.801474,0.309208,0.309213,1.849571,3.205922,3.349778,5.419241,6.537614,-0.003258,0.0,14.350557
-0.370136,0.370148,-0.493523,-0.061652,-0.061649,1.184454,2.843924,3.298377,4.796423,6.109812,-0.003878,0.0,14.34171
0.74767,1.121502,-0.498436,-0.987045,-0.987051,1.23365,3.46418,4.091387,5.109041,6.781318,-0.004307,-1.0,14.20015
0.0,0.553171,-0.983399,1.370723,1.370718,-0.528579,1.634915,2.491297,3.023975,4.951451,-0.005417,1.0,14.394794
1.432142,1.494396,0.0,-1.290725,-1.290717,0.635117,2.391034,3.432962,3.627025,5.880452,-0.005744,-1.0,14.208998
-0.3125,0.5625,-0.75,-0.373593,-0.373601,0.737501,1.993753,3.32917,3.762504,5.642505,-0.005812,0.0,14.155913
0.87665,1.502812,0.0,-0.1875,-0.187491,0.626167,1.665617,3.135039,3.79461,5.222287,-0.005964,0.0,14.129372
1.201771,1.391531,0.0,-1.001879,-1.001878,1.340917,2.055654,3.803493,4.588861,5.631873,-0.006447,-1.0,13.987813
0.126342,0.947568,-0.126342,0.126502,0.126496,0.656982,1.44662,3.192251,4.169299,4.84144,-0.002527,0.0,14.005507
0.126984,1.079365,-0.31746,-0.50537,-0.505365,0.774601,1.695234,3.195763,4.295235,4.68825,-0.001919,-1.0,13.934728
-1.120791,0.373611,-1.183057,1.968248,1.968248,-1.095886,-0.367371,0.70984,1.933377,2.4807,-0.001406,1.0,14.208998
-0.184945,0.431578,-0.493218,0.996264,0.996263,-1.763251,-1.344018,-0.521987,0.718252,1.403209,-0.001287,1.0,14.350557
-0.492005,0.98401,-0.615006,0.246615,0.246618,-1.451419,-1.45757,-0.996315,0.335173,1.065185,-0.001907,0.0,14.385948
0.563204,1.126408,-0.250313,-1.722017,-1.722028,0.463084,0.087615,0.483943,1.783484,2.645813,-0.003065,-1.0,14.138218
-0.553506,0.245996,-0.799514,1.75219,1.752201,-0.639612,-1.512919,-1.209518,-0.190658,0.691262,-0.001594,1.0,14.385948
-1.259754,0.479904,-1.259754,2.521525,2.521523,-2.351532,-3.533295,-3.459311,-2.819439,-1.907622,1.7e-05,1.0,14.748693
1.388901,3.260876,-0.301926,-0.659874,-0.659875,-1.292266,-2.536227,-2.67713,-2.246373,-1.33816,-0.000973,-1.0,14.65137
0.94674,1.952663,-0.473373,2.053146,2.053146,-2.520711,-3.852072,-4.299804,-4.189351,-3.275741,-0.000106,1.0,14.952184
0.830362,0.830362,-0.652438,-0.23668,-0.236681,-1.245556,-3.013054,-3.839468,-3.881976,-3.072367,-0.0009,0.0,14.916795
-1.280565,0.465658,-1.33876,1.897977,1.897981,-2.013972,-3.987198,-5.195967,-5.378351,-4.831203,0.001059,1.0,15.199913
1.293357,1.646096,-0.058789,-0.989523,-0.989525,-0.634921,-2.469136,-3.852636,-4.200472,-3.93651,0.000577,-1.0,15.049506
-1.098254,0.23122,-1.213867,1.704874,1.704867,-1.445075,-3.479758,-4.95182,-5.491319,-5.431204,0.001913,1.0,15.30608
0.343255,0.343255,-0.800915,1.040468,1.040482,-1.796345,-3.775751,-5.293676,-6.055499,-6.254012,0.003466,1.0,15.465337
0.057339,0.45871,-0.229364,-0.228827,-0.228834,-0.905968,-2.717895,-4.461015,-5.504593,-5.844043,0.003232,0.0,15.429947
0.636562,1.157402,-0.347234,-0.917431,-0.917443,0.12732,-1.226846,-2.986105,-4.276615,-4.715273,0.00286,-1.0,15.288386
-0.403924,0.057703,-0.634743,0.289346,0.28935,0.207737,-1.13098,-2.77745,-4.169064,-4.733981,0.003415,0.0,15.332623
0.170255,0.794546,-0.113513,1.673405,1.673412,-1.078325,-2.156645,-3.847906,-5.278099,-5.981845,0.003547,1.0,15.589201
0.678727,0.791855,-0.339361,0.340516,0.340511,-1.187779,-2.047507,-3.638759,-5.070697,-5.932123,0.004256,0.0,15.642284
-0.738223,0.908569,-1.476439,-0.395922,-0.39592,-0.601935,-1.232257,-2.638654,-4.187964,-5.253836,0.004246,0.0,15.580353
0.454545,0.795455,-0.113636,-0.056792,-0.056789,-0.181818,-0.9375,-2.075757,-3.607954,-4.849999,0.004303,0.0,15.571505
1.328723,1.733114,-0.05777,-1.647733,-1.647728,1.467362,0.895437,-0.188714,-1.632003,-2.953205,0.004022,-1.0,15.314929
0.396595,0.566572,-0.679881,1.964188,1.964175,-0.453252,-0.84985,-1.699708,-3.121805,-4.441918,0.004821,1.0,15.615741
0.455581,0.74033,-0.569476,-0.509921,-0.509915,-0.079721,-0.296121,-0.945323,-2.255118,-3.553523,0.004819,-1.0,15.536114
0.635104,0.866045,-0.404157,-1.366737,-1.366738,0.969976,1.016167,0.604314,-0.513853,-1.872976,0.003369,-1.0,15.323776
-0.288684,0.057737,-0.981524,0.0,0.0,0.64665,1.039262,0.658201,-0.207849,-1.51039,0.002936,0.0,15.323776
1.054482,1.113064,-0.234323,-1.443418,-1.443424,1.839487,2.366732,2.155836,1.370834,0.168726,0.002201,-1.0,15.102589
-0.530649,0.943408,-1.297164,-0.644411,-0.644399,1.686318,2.641509,2.68475,2.146229,0.992927,0.00267,-1.0,15.005268
-1.836969,0.057405,-1.894374,2.71227,2.712267,-1.159591,-0.218143,-0.049753,-0.401838,-1.407578,0.003087,1.0,15.412251
-0.400681,0.114488,-1.545495,0.287021,0.287031,-1.270757,-0.583866,-0.324373,-0.512313,-1.348603,0.002116,0.0,15.456489
0.395475,0.847452,-1.016955,1.316554,1.316534,-2.124293,-1.819209,-1.461393,-1.658191,-2.305083,0.002975,1.0,15.659979
-0.452489,0.395928,-0.7353,-0.113,-0.112995,-1.323527,-1.498869,-1.217947,-1.357464,-1.966061,0.002033,0.0,15.642284
-0.113513,0.794546,-0.794557,-0.339361,-0.339356,-0.238371,-1.180486,-0.881583,-0.930768,-1.391608,0.001988,0.0,15.589201
2.061862,2.920962,-0.057262,-0.90807,-0.908077,0.72166,-0.332179,-0.057265,-0.028627,-0.359669,0.000768,-1.0,15.447639
2.25956,2.375435,-0.637312,-1.14547,-1.145463,1.64542,0.787946,0.96562,1.077633,0.887599,0.000701,-1.0,15.270692
-1.358234,0.0,-1.414827,2.375435,2.375433,-0.74703,-1.352576,-1.35069,-1.15733,-1.342389,0.000992,1.0,15.633437
-1.050304,0.165843,-1.437258,2.37691,2.376912,-2.598122,-3.079051,-3.353606,-3.242125,-3.394143,0.001573,1.0,16.00503
-0.555247,0.16658,-0.888395,-0.442233,-0.442242,-1.732367,-2.065512,-2.791037,-2.704048,-2.807323,0.00148,0.0,15.934249
-0.826446,0.440771,-0.991741,0.777346,0.777357,-1.730031,-2.418737,-3.324155,-3.325074,-3.409371,0.002217,1.0,16.058115
-0.601756,0.109398,-0.765875,0.716259,0.716255,-1.312915,-2.669589,-3.661566,-3.829328,-3.912478,0.002403,1.0,16.173132
-2.144772,0.32171,-2.520107,2.024064,2.024073,-2.219845,-4.09116,-5.097416,-5.455772,-5.524941,0.002555,1.0,16.500488
-1.72956,0.419287,-1.991609,2.30563,2.305629,-3.385748,-5.518873,-6.533898,-7.122648,-7.287218,0.00341,1.0,16.880928
-0.158056,0.158061,-0.579552,-0.524109,-0.524118,-1.854577,-4.304528,-5.331925,-6.282927,-6.512116,0.003354,-1.0,16.792452
-0.521926,0.469729,-0.730689,0.948367,0.948378,-1.722342,-4.31629,-5.615873,-6.745833,-7.081428,0.003791,1.0,16.951708
1.388894,1.495732,-0.160246,-2.296456,-2.296453,1.057691,-1.287397,-2.952284,-4.180027,-4.660263,0.003509,-1.0,16.56242
0.642393,0.802998,-0.535332,-0.21367,-0.213695,1.306224,-0.535318,-2.394705,-3.610801,-4.224828,0.002562,0.0,16.527027
-0.487277,0.216573,-0.974543,-1.124202,-1.124189,1.797513,0.801305,-0.999814,-2.135891,-2.884674,0.002295,-1.0,16.341232
-0.107474,0.483611,-0.322418,0.757997,0.757991,0.634067,0.365397,-1.389934,-2.428801,-3.408921,0.003219,1.0,16.465097
-0.426207,0.106558,-0.958977,0.859747,0.859758,-0.639324,-0.159833,-1.765232,-2.90091,-3.974432,0.003593,1.0,16.606657
0.914962,1.776103,-0.538213,-1.012254,-1.012257,0.226045,1.022604,-0.287048,-1.609259,-2.721208,0.00378,-1.0,16.438555
0.977729,1.412276,-0.32591,-0.914962,-0.914959,0.858225,1.825091,0.90168,-0.507881,-1.5861,0.003663,-1.0,16.288149
0.324862,0.86627,-0.378988,0.325904,0.3259,0.530596,1.164055,0.711069,-0.617212,-1.602594,0.002625,0.0,16.341232
0.87241,1.145033,-0.436205,-0.703839,-0.703845,0.948752,1.532176,1.5449,0.283539,-0.604138,0.002194,-1.0,16.226215
0.276543,0.497788,-0.221233,-1.417666,-1.417663,1.637169,2.394913,2.979354,1.897127,0.971242,0.001005,-1.0,15.996182
-1.039956,0.218933,-1.313623,1.050885,1.050888,0.24083,1.083741,1.904762,1.113847,0.096332,0.001511,1.0,16.164284
1.158307,1.213464,-0.165466,-0.766289,-0.766276,0.706003,1.56094,2.500451,2.021503,0.96414,0.001326,-1.0,16.040421
-0.055525,0.16658,-0.77734,-0.661881,-0.661903,0.866192,1.98224,2.787348,2.679076,1.710169,0.001433,-1.0,15.934249
0.620417,0.676819,-0.112809,-1.554692,-1.554683,1.771008,3.096445,3.940589,4.221658,3.341228,0.001255,-1.0,15.686522
-0.842218,0.0,-1.122953,0.451207,0.451215,1.010665,2.094325,2.968365,3.658054,2.955639,0.000418,0.0,15.757302
-0.624651,0.794997,-1.419648,-1.122953,-1.122965,1.408289,2.703006,3.71758,4.645085,4.204426,-0.001103,-1.0,15.580353
0.628577,0.857143,-0.114286,-0.624651,-0.624646,1.325712,2.828568,3.919997,4.974283,4.820569,-0.001183,-1.0,15.483031
-0.169881,0.622877,-0.679496,0.914286,0.914291,0.011321,1.438271,2.672699,3.62117,3.773492,-0.001123,1.0,15.624591
0.112983,1.016938,-0.169497,0.226506,0.226489,-0.248581,0.847462,2.097933,3.025427,3.468931,-0.001336,0.0,15.659979
1.53671,1.593625,-0.113836,-0.734469,-0.734458,0.216278,1.303358,2.398026,3.335229,4.102446,-0.002535,-1.0,15.544963
-0.398855,0.740746,-0.683755,-0.113836,-0.113838,0.262114,1.008554,2.123462,3.119663,4.054707,-0.003587,0.0,15.527267
1.762632,1.938895,-0.940065,-3.019937,-3.019939,2.820213,3.501764,4.759108,5.843127,6.91187,-0.004673,-1.0,15.058353
-0.817274,0.350274,-1.167537,0.646293,0.646306,1.541149,2.323405,3.56489,4.772324,5.769988,-0.004804,1.0,15.155676
0.058241,0.465929,-0.23297,0.233514,0.233497,0.68725,1.758889,2.869352,4.108917,5.101928,-0.003704,0.0,15.191064
-0.057262,0.515464,-0.630006,1.688987,1.688986,-1.111103,-0.131719,0.924029,2.004593,2.966793,-0.002877,1.0,15.447639
0.455063,0.796354,-0.39818,0.687291,0.687302,-1.751998,-0.830495,-0.02655,1.023885,2.004544,-0.002089,1.0,15.553811
-0.169199,0.338415,-0.394811,0.853242,0.853238,-1.782292,-1.539765,-1.02275,-0.022562,0.927241,-0.002048,1.0,15.686522
1.666672,2.011494,-0.229879,-1.861252,-1.861254,0.390803,0.17816,0.620691,1.566093,2.595403,-0.003231,-1.0,15.394556
-0.513406,0.969766,-0.570456,0.747132,0.747141,0.057033,-0.661736,-0.201571,0.581847,1.588122,-0.002466,1.0,15.509575
-0.399099,0.627132,-0.513113,0.057045,0.057036,0.091221,-0.735465,-0.361082,0.370579,1.249711,-0.002043,0.0,15.518421
0.632184,0.977011,-0.057477,-0.798181,-0.79818,0.689659,-0.022987,0.360155,0.928163,1.793105,-0.002532,-1.0,15.394556
-0.567543,0.113496,-0.68105,1.264374,1.264376,-0.692397,-0.930765,-0.847527,-0.476737,0.342786,-0.001676,1.0,15.589201
0.739903,0.853722,-0.569158,-0.283774,-0.283773,-0.216275,-0.398407,-0.599508,-0.318725,0.423448,-0.001183,0.0,15.544963
0.402994,0.69084,-0.287858,-1.138298,-1.138304,0.748418,0.863559,0.418346,0.725389,1.356361,-0.002135,-1.0,15.368014
0.686499,0.97254,-0.286041,0.63327,0.633283,0.045762,0.24027,-0.247909,-0.002867,0.581229,-0.001526,1.0,15.465337
1.869159,2.102798,-0.175239,-2.059491,-2.059496,1.822426,2.079435,1.682236,1.956769,2.427563,-0.002134,-1.0,15.146829
0.936768,1.112412,-0.351288,-0.233651,-0.233646,1.428569,1.937937,1.943789,2.072594,2.42154,-0.00156,0.0,15.111439
0.0,0.759784,-0.058451,0.17565,0.175648,0.713029,1.589708,1.757248,1.732895,2.031551,-0.00168,0.0,15.137982
1.229514,1.28805,-0.058548,-0.175342,-0.17534,0.550353,1.504682,1.900855,1.730089,2.058543,-0.001268,0.0,15.111439
0.058824,0.294112,-1.882353,-0.468384,-0.468394,0.458832,1.664713,2.200007,2.041181,2.34824,-0.0012,0.0,15.040658
-0.469208,0.23461,-0.87976,0.294112,0.294109,0.082125,1.161305,1.693074,1.595321,1.916728,-0.001469,0.0,15.084894
-0.353149,0.882866,-0.706292,-0.3519,-0.351908,0.329617,1.147749,1.761836,1.945277,2.156577,-0.001721,0.0,15.031809
-0.058343,0.64178,-0.466744,0.882866,0.882888,-0.513425,0.011668,0.770129,1.056008,1.141189,-0.001018,1.0,15.164523
-0.232699,0.174508,-0.639913,0.291727,0.29172,-0.674822,-0.383949,0.345157,0.767883,0.728324,-0.000841,0.0,15.208761
0.465658,0.931315,-0.465658,-0.058179,-0.058177,-0.407456,-0.500584,0.263871,0.745051,0.696156,0.000447,0.0,15.199913
-0.231756,0.115881,-0.521437,0.465658,0.465654,-0.625724,-0.880648,-0.254922,0.185402,0.162226,0.000368,0.0,15.270692
-0.967008,0.227537,-0.967008,1.853998,1.854002,-1.763368,-2.400459,-2.085706,-1.680889,-1.533564,0.001073,1.0,15.553811
0.172007,0.688062,-0.286709,-0.796354,-0.796358,-0.630736,-1.427758,-1.349392,-0.880164,-0.672023,-8e-06,-1.0,15.429947
1.399411,1.457726,-0.23323,-1.66285,-1.662857,1.002924,0.27989,0.233245,0.685141,1.002925,-0.00103,-1.0,15.173369
0.766956,1.238932,-0.176997,-1.166175,-1.166168,1.9233,1.433623,1.207469,1.699112,2.074333,-0.001908,-1.0,14.996422
0.532544,0.710059,-0.23668,-0.294991,-0.29499,1.798818,1.644971,1.420119,1.852073,2.215387,-0.001227,0.0,14.952184
-0.059137,0.413956,-0.473093,0.059172,0.059169,0.946189,1.537556,1.293124,1.581909,1.960975,-0.001526,0.0,14.961031
-0.175547,0.409596,-0.234061,1.064459,1.064479,-0.526638,0.43884,0.218435,0.371548,0.814497,-0.001088,1.0,15.120288
1.252977,1.372315,-0.596659,-1.930954,-1.930969,0.96659,2.159906,2.064438,2.165872,2.615752,-0.00158,-1.0,14.82832
-0.35503,0.650888,-0.473373,0.835322,0.835321,0.071009,1.147931,1.179488,1.147931,1.614203,-0.001767,1.0,14.952184
0.591366,1.360136,-0.059137,0.059172,0.059169,0.02366,0.88114,1.064463,1.026025,1.438207,-0.001618,0.0,14.961031
-1.841197,0.057537,-1.95626,2.779415,2.779414,-2.140381,-1.962016,-1.518977,-1.619668,-1.360174,8.5e-05,1.0,15.37686
-0.455575,0.797278,-0.740313,1.035673,1.035673,-2.608195,-2.898625,-2.369011,-2.499991,-2.373566,0.00026,1.0,15.536114
-1.322314,0.165289,-1.432512,3.359915,3.35992,-4.242429,-5.504134,-5.190084,-5.374658,-5.375207,0.002617,1.0,16.058115
1.125487,1.125487,-0.393917,-2.093664,-2.093664,-1.215537,-3.021949,-2.941288,-3.134498,-3.286438,0.001808,-1.0,15.721912
0.452227,0.791402,-0.395704,-0.450191,-0.450206,0.113061,-2.136794,-2.340298,-2.515538,-2.720173,0.001536,0.0,15.651131
-1.057901,0.111364,-1.336303,1.526275,1.526286,-0.746099,-3.023379,-3.667402,-3.711017,-3.98663,0.002276,1.0,15.890012
0.56496,1.355932,-0.508475,-1.44765,-1.447658,0.870057,-1.254237,-2.154423,-2.138414,-2.442935,0.00185,-1.0,15.659979
0.853722,1.138304,-0.341491,-0.734469,-0.734458,0.956171,-0.062611,-1.271108,-1.306205,-1.609564,0.001403,-1.0,15.544963
0.932939,0.991254,-0.758017,-2.390438,-2.390446,2.705542,2.530615,1.224495,1.102047,0.834992,0.000516,-1.0,15.173369
0.174831,0.582751,-0.641031,0.058309,0.058326,2.02796,2.616537,1.2665,1.013976,0.801855,0.000158,0.0,15.182219
0.646684,1.352146,-0.176367,-0.874126,-0.874134,1.810699,3.303936,2.198705,1.737212,1.695473,-0.000349,-1.0,15.049506
-0.116674,0.700123,-0.233366,0.76425,0.764258,0.385063,2.275376,1.443014,0.87806,0.924152,9e-06,1.0,15.164523
0.472813,1.182039,-0.295502,-1.283541,-1.283555,0.921991,2.878255,2.825062,2.121754,2.172582,-0.000752,-1.0,14.969878
1.490757,2.027436,-0.536673,-0.886525,-0.886514,1.371494,3.202139,3.693095,2.981508,2.988664,-0.001943,-1.0,14.837168
0.179211,0.776589,-0.238943,-0.178891,-0.178902,1.051379,2.819598,3.811234,3.118284,3.04899,-0.001675,0.0,14.810624
0.972066,1.275826,-0.121495,-1.672646,-1.672637,2.102067,3.657353,5.204537,4.735724,4.529771,-0.001679,-1.0,14.562896
-1.706881,0.0,-1.706881,3.219933,3.219916,-1.259556,0.005897,1.69905,1.439093,1.163049,0.000228,1.0,15.031809
-0.291369,0.641026,-0.4662,1.000589,1.000611,-1.958052,-1.223786,0.306904,0.550688,0.16316,0.000791,1.0,15.182219
-0.695255,0.347625,-0.926999,0.582751,0.582741,-1.958287,-1.732329,-0.471226,0.07242,-0.345308,0.001019,1.0,15.270692
-0.517539,0.345037,-1.150075,0.753181,0.753175,-1.943638,-2.334666,-1.330257,-0.537656,-0.977563,0.000883,1.0,15.385707
0.460299,0.690455,-0.345219,-0.057504,-0.057501,-0.828535,-2.065587,-1.495966,-0.480431,-0.812421,0.001698,0.0,15.37686
-1.146137,0.40114,-1.146137,0.402773,0.402787,-0.699156,-2.28082,-1.986645,-0.911192,-1.127812,0.00151,0.0,15.438796
-1.565109,0.39128,-1.621012,2.521478,2.521473,-2.325322,-4.141979,-4.277995,-3.420906,-3.306876,0.00258,1.0,15.828081
0.674531,0.84317,-0.61833,-0.55896,-0.558962,-1.180446,-3.029801,-3.500102,-2.87241,-2.563248,0.001129,-1.0,15.739608
-0.168919,0.67567,-0.844589,-0.16864,-0.168632,-0.596852,-2.291676,-3.111872,-2.688637,-2.207219,0.000605,0.0,15.713066
-0.508768,0.452227,-1.300181,-0.394139,-0.394162,0.146989,-1.209715,-2.472199,-2.379868,-1.750135,-0.001027,0.0,15.651131
0.394583,0.732813,-0.281843,0.28264,0.282663,0.191651,-1.065396,-2.521618,-2.643752,-1.986481,6e-06,0.0,15.695371
0.113047,0.565291,-0.226122,-0.281843,-0.281867,0.248739,-0.486142,-1.9559,-2.334645,-1.813447,7.9e-05,0.0,15.651131
0.113496,0.567526,-0.170267,-0.395704,-0.39569,0.454026,0.113503,-1.244803,-1.813285,-1.457441,-0.000756,0.0,15.589201
-1.065625,0.224347,-1.177785,1.191822,1.191819,-0.650587,-0.81884,-2.000371,-2.781825,-2.586649,0.000391,1.0,15.774996
-1.1105,0.0,-1.221538,1.009534,1.009528,-1.288165,-1.460288,-2.406062,-3.475838,-3.549131,0.00115,1.0,15.934249
-0.276702,0.442723,-0.498063,0.333148,0.333163,-1.250699,-1.444387,-2.331677,-3.53902,-3.787498,0.002334,0.0,15.987336
-0.942873,0.27731,-1.442047,-0.221356,-0.221369,-0.654463,-1.148083,-1.793305,-3.017191,-3.471989,0.002212,0.0,15.951945
0.110854,0.49888,-0.166303,0.055463,0.055467,-0.243905,-1.064302,-1.559498,-2.718959,-3.32816,0.002616,0.0,15.960793
-0.326259,0.163138,-0.706901,1.940122,1.940135,-1.533446,-2.60468,-3.070511,-4.121808,-4.900493,0.003128,1.0,16.270454
-0.688929,0.105978,-1.059889,2.610125,2.610112,-3.126655,-4.45681,-5.009715,-5.922099,-6.925279,0.004821,1.0,16.695131
1.278636,1.331913,-0.426207,-0.529947,-0.529939,-1.86468,-3.399045,-4.03481,-4.946726,-6.082049,0.004976,-1.0,16.606657
-1.371298,0.0,-1.529531,1.012248,1.012233,-1.867073,-3.697242,-4.620237,-5.424562,-6.592811,0.005494,1.0,16.774755
0.799148,1.012248,-0.426207,-1.002104,-1.002089,-0.095903,-2.109755,-3.306699,-4.065001,-5.221101,0.005785,-1.0,16.606657
-3.396809,0.308801,-3.396809,3.516249,3.516259,-2.418951,-4.611437,-6.018197,-6.798775,-7.886784,0.005914,1.0,17.19059
0.778412,1.297353,-0.467047,-0.823469,-0.823485,-1.193561,-3.165538,-4.691226,-5.534504,-6.538657,0.005121,-1.0,17.049028
1.269836,2.063497,-0.052915,-1.920083,-1.920086,0.878312,-0.830681,-2.41622,-3.30158,-4.304755,0.004033,-1.0,16.721672
-0.3663,0.261638,-0.837258,1.111116,1.111127,-0.073266,-1.355319,-2.993205,-4.04501,-4.948202,0.004188,1.0,16.907471
-0.521376,0.104281,-0.729922,0.366295,0.366282,-0.010418,-1.12095,-2.804996,-4.032837,-4.894673,0.004373,0.0,16.9694
1.059327,1.16526,-0.582622,-1.564135,-1.564115,0.995757,0.709741,-0.889835,-2.211339,-3.0678,0.003517,-1.0,16.703979
-1.591517,0.0,-2.01592,-0.158893,-0.158896,0.710869,0.85941,-0.435019,-1.748016,-2.601596,0.002352,0.0,16.677437
1.349163,1.726924,-0.593637,-1.697607,-1.697617,2.050729,2.471665,1.449899,0.161898,-0.686456,0.001857,-1.0,16.394318
-0.160933,0.16095,-1.287548,0.593621,0.59362,0.944214,1.695289,1.069394,-0.174347,-1.111578,0.002188,1.0,16.491638
-1.725941,0.313802,-1.725941,2.575118,2.575117,-1.652719,-0.674686,-1.091353,-2.28818,-3.3159,0.003479,1.0,16.916317
0.890519,1.309586,-0.052383,-0.156909,-0.156896,-1.278163,-0.696708,-0.691469,-1.804617,-2.885288,0.003288,0.0,16.889776
-2.162719,0.411946,-2.162719,1.728654,1.728655,-2.368699,-2.306908,-2.19019,-3.110204,-4.179205,0.004162,1.0,17.181742
-0.967403,1.323834,-0.967403,1.132848,1.132836,-2.331969,-3.024432,-2.990489,-3.795818,-4.865574,0.004827,1.0,17.376383
-1.398601,0.099905,-1.448551,1.934832,1.934845,-2.807199,-4.410598,-4.478863,-5.124884,-6.205803,0.00515,1.0,17.712589
-1.230315,0.196855,-1.279532,1.498501,1.498488,-3.061017,-5.260822,-5.380573,-5.964563,-7.059052,0.005363,1.0,17.97801
1.297395,1.546901,-0.249506,-1.377948,-1.37795,-0.758481,-3.358282,-3.855621,-4.239021,-5.319361,0.004619,-1.0,17.730282
0.100291,0.752252,-0.702116,-0.499002,-0.498999,0.260781,-2.326982,-3.14945,-3.490473,-4.457374,0.004498,0.0,17.641808
1.315129,2.124436,-0.202327,-0.852563,-0.852566,1.254432,-0.859883,-2.023261,-2.407683,-3.29185,0.004103,-1.0,17.4914
-0.455927,0.354605,-0.658556,-0.151745,-0.151726,1.124608,-0.151986,-1.661613,-2.061815,-2.798391,0.003194,0.0,17.464861
-0.450455,0.0,-0.950946,1.215805,1.215778,-0.430418,-0.920906,-2.575895,-2.935422,-3.577564,0.002587,1.0,17.677195
-0.942933,0.297762,-0.942933,0.850851,0.850865,-1.161291,-1.230769,-2.977667,-3.575682,-4.041687,0.003188,1.0,17.827604
1.967704,2.421791,-0.151357,-1.637717,-1.637713,0.363265,0.615536,-1.035994,-1.831487,-2.252274,0.002036,-1.0,17.535639
-0.351931,0.351936,-0.754143,0.353174,0.353172,0.130721,0.387132,-0.928437,-1.928102,-2.371039,0.002625,0.0,17.59757
-0.987172,0.345508,-1.382034,1.860236,1.860228,-1.184599,-1.327736,-2.204667,-3.435336,-3.897329,0.001905,1.0,17.924925
-0.877621,0.243779,-2.194057,1.233959,1.233963,-1.872258,-2.437836,-2.944904,-4.288151,-4.7294,0.002799,1.0,18.146112
1.290323,1.33995,-0.496283,-1.755241,-1.755241,-0.119107,-0.640199,-0.860215,-2.263027,-2.884367,0.002871,-1.0,17.827604
-0.627408,0.965256,-0.723933,2.828779,2.828787,-1.998073,-2.997108,-3.169244,-4.500485,-5.276065,0.003618,1.0,18.331909
-0.778205,0.145919,-1.459139,-0.772201,-0.772211,-0.583652,-1.857971,-2.117373,-3.263612,-4.215946,0.003123,-1.0,18.190348
-0.875486,0.097281,-1.021396,0.0,0.0,-0.291824,-1.45914,-1.942277,-2.796686,-3.933846,0.003803,0.0,18.190348
-0.195977,0.244973,-0.538956,-0.729567,-0.729563,0.342965,-0.524256,-1.192229,-1.766293,-2.986773,0.003555,-1.0,18.057638
-0.583648,0.194557,-1.459139,0.734929,0.734924,0.009732,-1.050579,-1.744482,-2.12548,-3.367698,0.004612,1.0,18.190348
0.803616,1.205424,-0.301356,-3.161474,-3.161473,2.461072,2.225012,1.453206,1.192868,1e-06,0.00298,-1.0,17.615265
-0.837438,0.049261,-1.182266,1.95881,1.958807,0.236458,0.46306,-0.321832,-0.588662,-1.572406,0.002712,1.0,17.960314
0.945279,1.492537,-0.099502,-0.985217,-0.9852,0.776106,1.38307,0.789372,0.420384,-0.3025,0.002352,-1.0,17.783369
-0.696522,0.0,-1.492542,0.0,0.0,0.46765,1.179092,0.829174,0.365658,-0.107475,0.0016,0.0,17.783369
1.618614,1.719782,-0.101163,-1.641791,-1.641809,1.345481,2.675777,2.384089,1.972691,1.697527,0.000394,-1.0,17.4914
0.662584,0.917421,0.0,-0.75872,-0.758727,1.824677,2.900108,3.098885,2.670751,2.515807,-0.000777,-1.0,17.358688
-0.661236,0.356053,-0.813835,0.203868,0.203881,0.966432,2.23296,2.811122,2.433876,2.311292,-0.00134,0.0,17.394079
-1.099995,0.45,-1.35,1.7294,1.729405,-0.850003,0.214996,0.976662,0.757495,0.567995,1.1e-05,1.0,17.694893
-1.426458,0.049188,-1.770787,1.65,1.649985,-2.233146,-1.451048,-0.72142,-0.791923,-1.062459,0.000945,1.0,17.986856
-0.780107,0.390054,-0.877621,0.885391,0.885402,-2.369579,-2.340322,-1.475704,-1.574843,-1.839104,0.001701,1.0,18.146112
0.44096,0.685933,-0.734934,-0.487567,-0.487564,-1.117103,-1.616857,-1.094239,-0.948068,-1.26605,0.001555,0.0,18.057638
-2.282657,0.0,-2.331224,0.881921,0.88192,-1.078196,-2.336087,-1.949169,-1.644005,-1.969891,0.001409,1.0,18.216892
-0.581391,0.339147,-1.065887,0.242831,0.242824,-0.697668,-2.311038,-2.160844,-1.790205,-2.032938,0.001145,0.0,18.261127
0.631676,1.360549,-0.145777,-0.290693,-0.290689,-0.165209,-1.793005,-1.820538,-1.486881,-1.63071,0.001731,0.0,18.208044
-0.387222,0.193616,-1.161665,0.388727,0.388729,-0.406585,-1.742501,-2.168444,-1.744921,-1.912878,0.001746,0.0,18.278824
-0.481464,0.240732,-1.829567,0.53243,0.53243,-0.587389,-1.709199,-2.41053,-2.253253,-2.249401,0.001169,0.0,18.376146
-0.09681,0.338819,-0.435624,-0.52961,-0.529611,0.009678,-0.701842,-1.774767,-1.708618,-1.579867,0.000402,-1.0,18.278824
0.097518,0.975129,-0.243788,-0.726041,-0.726042,0.614335,0.273036,-0.923127,-1.001951,-0.811312,0.00085,-1.0,18.146112
0.04878,0.585371,-0.097561,-0.048757,-0.04876,0.585369,0.404881,-0.744714,-0.931705,-0.764876,-0.000401,0.0,18.137264
-0.339142,0.387597,-0.532936,0.682922,0.68292,-0.116271,-0.21317,-1.136943,-1.584294,-1.343015,0.000231,1.0,18.261127
0.290411,0.290411,-0.532435,0.096904,0.096911,-0.319461,-0.188774,-0.897066,-1.498066,-1.450148,0.000273,0.0,18.278824
-0.287214,0.335089,-0.909517,1.113258,1.11325,-1.196739,-1.14408,-1.595651,-2.44135,-2.471987,0.001075,1.0,18.482313
0.431448,0.767013,-0.239703,-0.1436,-0.143591,-0.71909,-0.896461,-1.1793,-2.118896,-2.274217,0.000693,0.0,18.455774
0.724633,0.724633,-0.289865,-0.767018,-0.767017,0.241537,-0.072472,-0.296305,-1.217401,-1.462811,0.001734,-1.0,18.314215
-0.778205,0.340467,-0.778205,-0.676338,-0.676343,0.84631,0.559344,0.398839,-0.352621,-0.791823,0.000588,-1.0,18.190348
0.048403,0.145213,-0.435624,0.486386,0.48639,0.358178,0.019358,-0.006456,-0.583255,-1.126817,0.001228,0.0,18.278824
-2.542368,0.282481,-2.871944,2.807357,2.807352,-2.052726,-2.438793,-2.532955,-2.926081,-3.649715,0.002448,1.0,18.791975
0.568716,0.758294,-0.094787,-0.659134,-0.659127,-1.175358,-1.511853,-1.74092,-2.021332,-2.820857,0.002876,-1.0,18.668112
-0.377358,0.04716,-0.707557,0.473938,0.47392,-1.169805,-1.646219,-2.009426,-2.278294,-3.07169,0.003412,0.0,18.756584
0.616401,0.663822,-0.094832,-0.518873,-0.518847,-0.151741,-0.919878,-1.362427,-1.631116,-2.315801,0.003097,-1.0,18.659266
0.37719,0.518628,-0.235733,0.568985,0.568972,-0.198014,-1.221116,-1.782173,-1.999052,-2.568594,0.002593,1.0,18.765432
-0.516423,0.469488,-0.798122,0.424328,0.424333,-0.563379,-1.446008,-1.99687,-2.246479,-2.6723,0.00206,0.0,18.84506
0.851869,1.135835,-0.378609,-0.798122,-0.798124,0.265028,-0.525317,-1.012776,-1.344058,-1.675341,0.001328,-1.0,18.694653
-0.047376,0.521071,-0.568456,-0.094643,-0.094642,0.274746,-0.236862,-0.726361,-1.125066,-1.434398,0.001499,0.0,18.67696
0.237074,0.568985,-0.331911,-0.094747,-0.094737,0.369833,0.109046,-0.489974,-0.929362,-1.230926,0.001074,0.0,18.659266
-0.565766,0.047148,-0.660061,0.568985,0.568972,-0.198012,-0.198013,-0.880081,-1.386132,-1.638844,0.001216,1.0,18.765432
-0.14111,0.188142,-0.611482,0.235743,0.235747,-0.470368,-0.423332,-0.99718,-1.476955,-1.744124,0.001445,0.0,18.809671
-0.562061,0.42155,-1.03045,0.42333,0.423335,-0.683844,-0.726002,-1.261521,-1.695558,-2.0253,0.00146,0.0,18.889299
-1.613651,0.0,-1.613651,1.592511,1.59251,-1.705862,-2.056256,-2.505005,-2.962206,-3.356396,0.001921,1.0,19.190113
1.560284,1.654846,-0.047286,-2.489631,-2.489647,0.86053,0.472823,0.170222,-0.364057,-0.796209,0.001069,-1.0,18.712347
0.815348,0.815348,-0.095923,-1.41844,-1.418438,1.966435,1.745811,1.672269,1.115115,0.646529,0.000768,-1.0,18.446924
1.34744,1.780553,-0.144374,-0.335727,-0.335715,1.847923,1.838298,1.867171,1.42925,1.008652,0.000643,0.0,18.384995
-0.713276,0.142644,-2.615316,1.20308,1.203073,0.332856,0.580123,0.634012,0.263906,-0.093204,0.000869,1.0,18.60618
0.19029,0.618459,-0.523311,-0.047556,-0.047554,-0.256899,0.585159,0.624803,0.387726,0.053282,0.000806,0.0,18.597332
-0.469929,0.093976,-0.75188,1.236922,1.236909,-1.353376,-0.554503,-0.545104,-0.669635,-1.048864,0.00086,1.0,18.827364
-0.186999,0.280514,-0.561005,0.516908,0.516928,-1.355775,-0.981769,-1.00047,-1.00982,-1.421228,0.001147,0.0,18.924688
-1.365494,0.045521,-1.365494,2.711548,2.711548,-2.876653,-3.272647,-3.410714,-3.45699,-3.82704,0.002659,1.0,19.43784
-0.089357,1.117069,-0.536189,1.866181,1.86618,-3.44951,-4.584451,-4.807864,-4.93968,-5.317249,0.003765,1.0,19.800585
-0.572431,0.0,-0.880665,1.474531,1.474517,-3.364148,-5.521787,-5.721403,-5.98854,-6.339047,0.004195,1.0,20.092548
0.661667,0.92633,-0.220551,-0.176129,-0.17612,-1.96736,-4.684608,-5.09043,-5.474197,-5.801502,0.002897,0.0,20.057161
0.177231,0.487373,-0.487377,-0.441112,-0.441119,-0.487369,-3.500216,-4.268197,-4.754093,-5.045631,0.002992,0.0,19.968685
0.133814,0.312221,-0.401427,-0.664599,-0.664596,0.579838,-2.123104,-3.282781,-3.867081,-4.19982,0.002497,-1.0,19.835974
-3.224409,0.0,-3.267974,2.363965,2.363968,-1.246194,-3.546847,-5.051566,-5.690636,-6.089765,0.003751,1.0,20.30489
0.832972,1.139855,-0.306879,-0.61003,-0.610025,-0.55239,-2.170103,-4.14146,-4.73915,-5.23104,0.003238,-1.0,20.181025
-0.529563,0.088261,-1.059135,-0.657602,1.577903,-1.665677,-2.874106,-5.049328,-5.770084,-6.344101,0.00374,1.0,20.499462
0.445042,0.53405,-1.023583,-0.838486,-0.838481,-0.481081,-1.362697,-3.629671,-4.589061,-5.24478,0.003722,-1.0,20.327578
3.440038,3.678935,-0.095557,-6.853578,-6.853576,5.889073,5.62901,3.654561,2.464075,1.746045,0.000783,-1.0,18.934412
3.118807,3.118807,-0.39604,-3.487812,-3.487819,7.493067,8.610921,7.279316,5.998637,5.330935,-0.000692,-1.0,18.274014
0.39062,0.927734,-0.195308,1.386134,1.386138,4.23828,6.281184,5.787414,4.370568,3.858557,-0.000337,1.0,18.527317
0.440529,0.636314,-0.146843,-0.244141,-0.244142,2.310329,5.689078,5.921772,4.563711,4.074393,-0.000545,0.0,18.482084
0.0,0.482859,-0.193139,1.370529,1.370538,-0.772575,3.601881,4.422342,3.226985,2.660885,-0.000133,1.0,18.735388
0.338491,0.53192,-0.193428,-0.144853,-0.14487,-0.870398,3.14939,4.313848,3.463139,2.78814,-0.000889,0.0,18.708246
-0.239344,0.382958,-0.670172,1.015469,1.015477,-1.206315,1.368123,2.94689,2.500324,1.756731,0.000635,1.0,18.898224
1.425057,1.425057,-0.245705,-2.584964,-2.584952,1.287457,3.095811,5.069231,5.16926,4.287329,0.000128,-1.0,18.409714
-0.834561,0.245454,-1.178213,0.098285,0.098269,1.129111,1.870397,4.376627,4.957601,4.123185,0.000317,0.0,18.427805
0.632906,1.265813,-0.048685,0.834561,0.83457,0.126574,0.087625,3.015084,3.996586,3.290386,0.000156,1.0,18.581598
0.09653,0.289585,-0.530878,0.876329,0.876319,-0.704622,-0.883195,1.731966,2.908197,2.469799,0.000558,1.0,18.744432
0.9,1.400005,-0.4,-3.474899,-3.474899,1.980007,2.585005,4.579338,6.141021,6.045271,-0.001491,-1.0,18.093082
-0.841584,0.49504,-0.841584,1.000005,1.000007,0.82178,1.430691,2.848183,4.592539,4.92454,-0.001281,1.0,18.274014
0.243779,0.536329,-0.780107,1.534648,1.534644,-0.565572,-0.063377,0.594839,2.606732,3.279826,-0.001792,1.0,18.554455
1.060611,1.262626,-0.606056,-3.461731,-3.461724,2.252526,3.06061,3.303036,5.712001,6.75718,-0.004109,-1.0,17.912151
-0.399212,0.349301,-0.748513,1.212131,1.212138,0.349289,1.506975,1.769783,3.975268,5.189914,-0.004223,1.0,18.129271
0.954294,1.657459,-0.200899,-0.648708,-0.648708,0.914109,1.677545,2.337178,4.017573,5.479465,-0.004428,-1.0,18.011665
0.90954,1.212734,-0.353724,-0.602707,-0.602709,1.111666,2.011109,2.725274,4.012119,5.629878,-0.004498,-1.0,17.903107
-0.199496,0.598509,-0.199496,1.313785,1.313772,-0.658339,0.528692,1.266847,2.012483,3.836979,-0.003638,1.0,18.138313
0.550275,0.600305,-0.450225,-0.299247,-0.299251,-0.170073,0.555288,1.330677,1.698362,3.731779,-0.004796,0.0,18.084034
0.0,0.590266,-0.29513,1.70085,1.700865,-1.554357,-1.318252,-0.478769,-0.150027,1.682815,-0.003792,1.0,18.391619
0.097409,0.34096,-0.340974,0.983773,0.983769,-1.909406,-2.021435,-1.565192,-1.04238,0.31914,-0.00405,1.0,18.57255
0.488988,0.488988,-0.733506,-0.389674,-0.389677,-0.880199,-1.515893,-1.147514,-0.662591,0.348167,-0.003855,0.0,18.500177
-0.195403,0.097709,-0.635071,0.09779,0.097794,-0.566679,-1.63165,-1.211524,-0.749872,-0.177815,-0.000832,0.0,18.518269
-0.482165,0.337507,-0.482165,1.319008,1.319011,-1.137899,-2.459017,-2.433304,-2.034717,-1.810994,0.001258,1.0,18.762527
-0.479846,0.287908,-0.575821,0.48216,0.482163,-1.122845,-2.543191,-2.863088,-2.466415,-2.299428,0.000865,0.0,18.852993
0.484956,0.824442,-0.145495,-1.055657,-1.055673,0.019404,-1.159064,-1.626247,-1.491264,-1.175551,0.000512,-1.0,18.653967
-0.432069,0.816131,-0.432069,1.018424,1.018432,-0.624099,-1.656265,-2.416384,-2.369176,-2.104654,0.000359,1.0,18.843945
0.82205,0.918767,-0.145068,-0.720115,-0.72012,0.299812,-0.638292,-1.653765,-1.586067,-1.346221,0.000108,-1.0,18.708246
-0.432692,0.240389,-0.769231,0.580266,0.580284,-0.221161,-0.822121,-1.900647,-2.091353,-1.898083,-8.1e-05,1.0,18.816807
0.047824,0.191301,-1.052123,0.528851,0.528846,-0.679108,-1.066481,-2.139333,-2.560982,-2.370163,0.001273,0.0,18.916319
-0.908661,0.095648,-1.530368,0.0,0.0,-0.401726,-0.88475,-1.820507,-2.343382,-2.366337,0.00123,0.0,18.916319
0.047755,0.047755,-0.620831,0.143477,0.143474,-0.439355,-0.792748,-1.595042,-2.306597,-2.393512,0.00093,0.0,18.943459
-0.28463,0.85389,-0.426945,0.668572,0.668574,-0.721061,-1.162242,-1.922838,-2.820212,-2.907025,0.00084,1.0,19.07011
-0.327864,0.140511,-0.843091,1.280835,1.280826,-1.461351,-2.126459,-2.738481,-3.686178,-3.983135,0.002907,1.0,19.314365
0.613492,0.89664,-0.047197,-0.74941,-0.749406,-0.453045,-1.222278,-1.733526,-2.687593,-3.169424,0.002147,-1.0,19.169622
-0.236076,0.047219,-0.944287,-0.047197,-0.0472,-0.151081,-0.911233,-1.482527,-2.341829,-2.900847,0.001459,0.0,19.160574
0.474608,0.522069,-0.284765,-0.519358,-0.519358,0.493596,-0.280014,-0.772026,-1.528237,-2.228758,0.002738,-1.0,19.061062
0.095017,0.712599,-0.332537,-0.094926,-0.094921,0.560571,-0.009496,-0.494058,-1.197147,-2.033251,0.00217,0.0,19.042969
-1.093685,0.237751,-1.331436,-0.095002,-0.095001,0.351871,0.194954,-0.307504,-0.855927,-1.706141,0.002411,0.0,19.024878
-0.334928,0.191392,-0.76555,-0.618169,-0.61818,0.69857,0.813406,0.331746,-0.102863,-0.930136,0.002404,-1.0,18.90727
1.966568,2.064897,-0.29498,-2.679426,-2.67943,2.645043,3.308762,3.002306,2.600798,1.882017,0.000668,-1.0,18.400663
1.136359,1.136359,-0.049407,-0.491642,-0.491629,2.332012,3.473317,3.316863,3.055828,2.474305,0.000584,0.0,18.3102
-1.220703,0.537109,-1.660161,1.185771,1.185771,0.576169,1.96777,2.041015,1.850584,1.35742,0.00036,1.0,18.527317
-0.290989,0.533458,-0.387973,0.683599,0.683585,-0.504362,0.92144,1.290017,1.129977,0.791471,0.00023,1.0,18.653967
-1.05162,0.1912,-1.290631,1.454893,1.454908,-1.912051,-0.65488,-0.15934,-0.30115,-0.541112,0.001032,1.0,18.925365
1.754381,2.095521,-0.097466,-1.912046,-1.912037,0.175429,0.960027,1.660157,1.617922,1.3957,0.000158,-1.0,18.563505
0.343806,0.442043,-0.785855,-0.779722,-0.77974,1.080553,1.404716,2.269156,2.301082,2.174854,-0.000755,-1.0,18.418758
-0.245816,0.688299,-0.29498,-0.098237,-0.098242,1.042292,1.155369,2.127182,2.318105,2.249766,-0.001007,0.0,18.400663
-0.437105,0.242831,-0.679937,1.229105,1.229119,-0.213697,-0.286551,0.641085,1.024768,0.979114,-1.4e-05,1.0,18.626829
1.093978,1.292889,-0.248642,-2.331224,-2.331229,1.362505,1.700644,2.685228,3.237193,3.244155,-0.00147,-1.0,18.192595
-0.29791,0.297925,-0.347562,0.14917,0.149176,0.83416,1.449853,2.188018,2.892255,2.995036,-0.001092,0.0,18.219734
-0.100256,0.401002,-1.002511,-0.943386,-0.943384,1.383448,2.270666,2.786956,3.624048,3.799488,-0.001755,-1.0,18.047852
-1.387512,0.049559,-1.833503,1.152877,1.152868,0.06938,0.956396,1.32805,2.220022,2.517347,-0.001483,1.0,18.25592
0.39801,0.646766,-0.547264,-0.396432,-0.39643,-0.019898,1.099504,1.422885,2.315921,2.786071,-0.001656,0.0,18.183548
-0.936427,0.591419,-1.774278,0.945279,0.945283,-0.778714,-0.15772,0.272704,1.136019,1.701322,-0.001307,1.0,18.355434
-1.056164,0.336054,-1.440226,2.661405,2.661397,-2.688424,-2.597212,-2.169943,-1.569848,-0.950549,-0.000441,1.0,18.843945
0.384246,0.432277,-0.576364,-0.048008,-0.048,-1.805959,-2.329495,-1.937243,-1.582617,-0.926037,-0.001018,0.0,18.8349
1.521109,1.766443,-0.098126,-2.113357,-2.113364,0.510312,-0.201169,0.147211,0.377828,1.075571,-0.001611,-1.0,18.43685
-2.087379,0.291262,-2.330092,1.079495,1.07949,-0.077664,-1.262129,-0.928796,-0.798538,-0.149509,-0.001121,1.0,18.635874
1.465564,1.514421,-0.293107,-0.631073,-0.631068,0.732782,-0.459203,-0.446175,-0.273566,0.343923,-0.00117,-1.0,18.518269
3.806579,4.012335,-0.257212,-5.031744,-5.031745,4.639912,4.454729,4.458158,4.778803,5.302465,-0.003316,-1.0,17.586477
0.711739,2.236914,-0.254189,1.183122,1.183131,2.247068,3.090995,3.002874,3.408738,3.78647,-0.002761,1.0,17.794548
-1.241311,1.191658,-1.439916,2.38942,2.389417,-0.377358,0.665344,0.532938,0.911124,1.183715,-0.001453,1.0,18.219734
-1.743901,0.896861,-3.089183,-0.347562,-0.347568,-0.558044,1.001497,0.710848,1.126062,1.345294,-0.000439,0.0,18.156408
-2.36486,1.785719,-2.557906,3.23866,3.238658,-3.436286,-1.959453,-2.252244,-2.094586,-1.868718,0.001183,1.0,18.744432
-0.820463,0.48263,-0.820463,0.0,0.0,-2.200767,-2.012542,-2.065629,-2.046324,-1.795359,0.000667,0.0,18.744432
-0.383325,0.574983,-1.149986,0.723948,0.723954,-1.753723,-2.692869,-2.47565,-2.628181,-2.380457,0.000685,1.0,18.880133
-2.150533,0.374007,-2.758298,2.491605,2.491609,-2.973355,-4.586257,-4.469379,-4.749884,-4.583451,0.001135,1.0,19.350552
1.694915,2.16573,-0.2354,-0.701258,-0.701267,-1.186439,-3.611109,-3.436909,-3.924196,-3.79284,0.001662,-1.0,19.214853
0.14085,0.563385,-0.798122,0.282481,0.28249,-0.920189,-3.492958,-3.392803,-3.915493,-3.992488,0.002124,0.0,19.269133
-0.802644,0.047219,-1.369221,-0.563376,-0.563383,0.075546,-2.124645,-2.735284,-3.125588,-3.323889,0.001921,-1.0,19.160574
-0.187271,0.187261,-1.170412,0.849863,0.84986,-0.308989,-2.15824,-3.386393,-3.611891,-3.95131,0.001756,1.0,19.323412
-0.648444,0.046318,-1.157943,1.076774,1.076792,-1.185745,-2.528961,-4.042007,-4.312193,-4.742948,0.003238,1.0,19.531485
-0.092635,0.324224,-0.694761,0.0,0.0,-0.861518,-1.82493,-3.736308,-3.967125,-4.557676,0.003173,0.0,19.531485
1.80009,2.036949,-0.473714,-2.223247,-2.223256,1.212694,0.592132,-1.345339,-1.589301,-2.198016,0.002617,-1.0,19.09725
-1.498633,0.499541,-1.498633,4.310748,4.310752,-2.207083,-2.97457,-4.641239,-5.386017,-5.898278,0.00399,1.0,19.920485
0.365297,0.365297,-0.684932,-0.544959,-0.544972,-1.178069,-1.972593,-3.439871,-4.620997,-5.026477,0.003925,-1.0,19.811924
0.182228,0.227786,-0.865608,0.228315,0.228332,-1.075179,-1.940785,-3.110111,-4.48065,-4.920286,0.003614,0.0,19.857161
0.136169,0.680885,-0.862465,0.364465,0.364443,-1.034943,-1.938256,-2.868807,-4.502942,-4.915108,0.002615,0.0,19.929529
1.100927,1.192661,-0.366972,-1.04404,-1.044024,0.642203,-0.674309,-1.513759,-3.190365,-3.634862,0.002182,-1.0,19.72146
0.0,0.229152,-0.962415,0.091748,0.091753,0.366628,-0.472049,-1.267956,-2.733738,-3.541713,0.003141,0.0,19.739555
-0.718778,0.314465,-0.763702,2.016499,2.016484,-1.293794,-2.035032,-2.803228,-4.074568,-5.189573,0.003548,1.0,20.1376
0.720721,0.900896,-0.450455,-0.269537,-0.269531,-0.801808,-1.495499,-2.297301,-3.351356,-4.605411,0.003705,0.0,20.083323
-1.224481,0.090707,-1.36054,-0.675685,-0.67569,-0.108835,-0.616771,-1.387745,-2.244889,-3.693415,0.005599,-1.0,19.947622
-0.358102,0.358102,-0.80573,1.315197,1.315204,-0.922115,-1.356314,-2.357506,-3.1513,-4.608776,0.005657,1.0,20.209974
0.178576,0.312496,-0.40179,0.268577,0.26857,-0.669641,-1.45089,-2.255947,-3.03571,-4.335711,0.004734,0.0,20.264252
1.186673,1.323601,-0.593332,-2.1875,-2.187497,1.232314,0.757646,0.097371,-0.629848,-1.787311,0.003934,-1.0,19.820972
-1.315188,0.272118,-1.587293,0.638973,0.63897,0.45352,0.163272,-0.399084,-1.111102,-2.064391,0.002804,1.0,19.947622
-0.843324,0.488229,-1.287177,2.17688,2.176876,-1.260541,-1.748777,-2.242932,-2.931643,-3.714156,0.003751,1.0,20.381857
-0.702988,0.26362,-1.054482,1.020857,1.020864,-1.889282,-2.31986,-2.74751,-3.591827,-4.328646,0.00388,1.0,20.589928
-0.477008,0.173465,-0.737207,1.318098,1.31811,-2.593244,-3.052914,-3.712063,-4.438428,-5.167396,0.00337,1.0,20.861326
-0.348736,0.305139,-0.828252,-0.520373,-0.520389,-1.185703,-2.249347,-2.906132,-3.594158,-4.310375,0.003448,-1.0,20.752766
0.130952,0.698385,-0.174592,-0.13078,-0.130778,-0.305542,-1.811436,-2.499636,-3.179832,-3.919684,0.003268,0.0,20.725626
-0.819672,0.258844,-1.078516,1.178525,1.178527,-0.905953,-2.467646,-3.304574,-3.964625,-4.704055,0.004026,1.0,20.969883
-0.596502,0.298262,-1.491257,1.251074,1.25108,-1.525352,-3.191311,-4.024999,-4.648489,-5.511718,0.0042,1.0,21.232233
1.133391,1.220567,-0.435924,-2.258194,-2.258203,0.645161,-0.719268,-1.482129,-2.244988,-3.021796,0.00275,-1.0,20.752766
0.443066,0.531684,-0.575981,-1.612908,-1.612908,1.967217,1.200713,0.22449,-0.494015,-1.21754,0.002049,-1.0,20.418043
-0.784998,0.654165,-1.526385,1.595038,1.59504,0.383778,-0.004359,-1.136793,-1.842564,-2.534669,0.003709,1.0,20.743719
0.35057,0.482033,-0.52585,-0.479721,-0.479721,0.552148,0.604735,-0.43529,-1.196318,-1.849253,0.001626,0.0,20.644207
0.087951,0.263848,-0.835536,-0.35057,-0.350568,0.263851,0.949869,0.032248,-0.642041,-1.217238,0.001711,0.0,20.571835
1.244449,1.777778,-0.488893,-1.055409,-1.055404,0.942217,1.777773,1.128884,0.568884,-0.078227,0.001153,-1.0,20.354719
-1.328605,0.088574,-2.258636,0.355556,0.355559,0.593439,1.257743,0.968401,0.283429,-0.311788,0.001149,0.0,20.427092
1.171699,1.171699,-0.090135,-1.727188,-1.727196,1.694456,2.712931,2.785036,2.04371,1.483547,0.000852,-1.0,20.074276
-0.632335,1.038853,-0.993672,-0.225336,-0.225338,1.309856,2.475166,2.899738,2.294498,1.732619,0.000714,0.0,20.029041
0.728266,1.137915,0.0,-0.767841,-0.76783,1.392807,2.585341,3.456226,3.001817,2.550748,-0.000497,-1.0,19.875252
1.139471,2.051039,-0.227903,-0.136541,-0.136552,1.020967,2.269826,3.257368,3.037829,2.712852,-0.000439,0.0,19.848112
1.725737,1.912309,-0.046646,-2.278942,-2.278947,2.313436,4.127803,5.199009,5.33116,4.955227,-0.001136,-1.0,19.395784
-1.756003,0.046215,-2.21811,0.932826,0.932832,0.859524,2.569324,3.835498,4.262947,3.881708,-0.001302,1.0,19.576714
1.193199,1.973373,-0.321257,0.69317,0.69317,-0.156038,1.390545,2.695424,3.3754,3.11886,-0.001118,1.0,19.712414
1.306302,1.576567,-0.94595,1.881597,1.881601,-1.792799,-0.72523,0.417412,1.340085,1.189183,0.000652,1.0,20.083323
-0.447032,0.938753,-0.67055,0.765766,0.765765,-2.154676,-1.537778,-0.515576,0.415731,0.414837,0.000707,1.0,20.237114
0.045025,0.720405,-0.045016,-0.715253,-0.715245,-0.756418,-0.99505,0.093049,0.974784,1.192253,-0.000551,-1.0,20.092369
-0.49217,0.715884,-0.58166,0.630351,0.630349,-0.74273,-1.543629,-0.706939,0.216998,0.612076,-0.00072,1.0,20.219021
0.986114,1.030937,-0.179287,-0.178975,-0.17898,-0.098604,-1.290896,-0.681304,0.201708,0.75303,-0.001371,0.0,20.182833
1.251122,1.653266,0.0,0.313761,0.313762,-0.250219,-1.41644,-1.099192,-0.355225,0.369977,-0.001009,0.0,20.246159
-0.490201,0.53475,-0.534764,0.268105,0.268105,-0.45455,-1.457224,-1.381466,-0.733071,-0.008918,-0.000835,0.0,20.30044
0.446832,1.161752,-0.223409,-0.267389,-0.267388,-0.035743,-0.773008,-1.176643,-0.50938,0.159074,-0.001464,0.0,20.246159
0.763016,0.80789,-1.256737,-0.446819,-0.446821,0.350086,-0.040397,-0.706168,-0.20871,0.495508,-0.002202,0.0,20.155695
1.839922,1.977921,-0.137999,-2.423703,-2.423702,2.318308,2.419505,1.637535,2.02162,2.726771,-0.002274,-1.0,19.667181
-0.187271,1.029958,-0.936334,-1.747925,-1.747932,3.183524,3.848318,3.255308,3.51358,4.159179,-0.002333,-1.0,19.323412
-0.369174,0.415321,-1.522843,1.451306,1.451312,0.99677,2.039688,1.695125,1.841257,2.434704,-0.002395,1.0,19.603855
-0.550197,0.917015,-0.641903,0.64605,0.646046,-0.174225,1.201292,1.155442,1.011013,1.63779,-0.001906,1.0,19.730505
1.981132,2.075462,-0.849061,-2.796873,-2.796867,1.679237,3.570747,3.927667,3.683955,4.235843,-0.002969,-1.0,19.178669
1.298692,1.442997,-0.481,-1.933962,-1.933977,2.770568,4.882162,5.656575,5.404049,5.900923,-0.003351,-1.0,18.807758
-0.142513,1.187649,-0.285031,1.250592,1.250606,1.206651,2.954872,3.987335,3.883613,4.271737,-0.002962,1.0,19.042969
-1.946814,0.189938,-2.184231,0.047506,0.047503,0.579299,2.250716,3.523272,3.625362,3.948724,-0.002191,0.0,19.052015
-1.310612,1.048493,-4.281341,8.689459,8.689464,-6.518131,-5.70118,-4.555119,-4.342507,-4.307557,0.001685,1.0,20.707533
-1.017695,0.442482,-1.371677,-1.266924,-1.266921,-4.079655,-4.349566,-3.256645,-2.902662,-3.007087,0.001468,-1.0,20.445185
-2.122131,0.433092,-2.685149,2.168142,2.168134,-4.122997,-5.794718,-5.084453,-4.68168,-4.900823,0.00247,1.0,20.888464
-0.904778,0.344688,-1.077122,0.519701,0.519708,-2.757434,-5.484708,-5.336783,-4.956917,-5.178804,0.003687,0.0,20.997023
-2.150983,0.042176,-3.458456,2.154244,2.154234,-2.572747,-6.617456,-6.975954,-6.67861,-6.879791,0.004218,1.0,21.449348
-0.250104,1.292201,-0.458529,1.180941,1.18095,-2.792834,-6.798672,-7.61429,-7.396838,-7.541481,0.00443,1.0,21.702654
-0.869201,0.124176,-1.076159,0.708629,0.708618,-2.185427,-6.229302,-7.745582,-7.673838,-7.77483,0.00392,1.0,21.856443
-0.248045,0.289372,-0.992145,0.124176,0.124183,-1.397277,-4.940064,-7.184794,-7.399758,-7.492358,0.003641,0.0,21.883585
2.13122,2.340159,-0.334308,-1.074828,-1.074824,0.275799,-2.703725,-5.460377,-6.069793,-6.198084,0.003485,-1.0,21.648375
1.717475,2.189772,-0.901679,-2.674463,-2.674473,2.670677,0.927438,-2.398741,-3.306141,-3.462431,0.002048,-1.0,21.069395
1.232941,1.805381,-0.176129,-2.490348,-2.490342,4.16557,3.425807,0.358141,-0.763978,-0.908849,0.001043,-1.0,20.544695
0.392328,0.610283,-1.002624,1.012779,1.012772,2.057544,2.537054,-0.142401,-1.615084,-1.799478,0.001347,1.0,20.752766
0.820734,1.252704,-0.388773,0.915427,0.91543,0.233264,1.632831,-0.368609,-2.203023,-2.545139,0.001629,1.0,20.942743
0.042409,0.72095,-0.55131,1.857451,1.857455,-1.891436,-0.063615,-1.470174,-3.515693,-4.118747,0.002552,1.0,21.331745
0.253588,0.422654,-1.479294,0.339271,0.339264,-1.910394,-0.422649,-1.070719,-3.421383,-4.236683,0.002894,0.0,21.404116
1.515156,2.294368,-0.216455,-2.366864,-2.366858,0.805193,1.606059,1.388166,-0.800868,-1.790478,0.002919,-1.0,20.897511
1.102779,1.191006,-0.794001,-1.861472,-1.861466,2.47904,2.876041,3.331855,1.404932,0.141147,0.00287,-1.0,20.508511
0.16764,0.3772,-1.676454,5.249232,5.249235,-2.036892,-2.393139,-1.606607,-3.009234,-4.497918,0.004521,1.0,21.585051
-1.687946,0.247011,-2.140803,1.802179,1.802164,-3.186492,-3.972826,-3.052009,-4.059282,-5.706051,0.005023,1.0,21.974049
-0.245194,0.04087,-1.30772,0.741037,0.741047,-3.236612,-4.196975,-3.558097,-4.068246,-5.94197,0.006562,1.0,22.136887
-1.570044,0.483088,-1.771337,1.51206,1.512055,-3.276969,-4.766504,-4.766505,-5.104669,-6.855072,0.00806,1.0,22.471609
-0.322967,0.484453,-0.363343,-0.281804,-0.281804,-1.308031,-3.758577,-4.333196,-4.398464,-6.01534,0.007394,0.0,22.408283
-0.080931,0.566576,-0.404686,-0.242233,-0.242227,-0.380413,-2.893564,-3.960609,-3.838526,-5.15257,0.007268,0.0,22.354004
0.652529,0.774874,-0.244702,-0.768915,-0.768923,0.579121,-1.757745,-3.056005,-2.826261,-3.851547,0.003155,-1.0,22.182119
1.06383,1.104738,-0.57284,-0.32626,-0.326263,0.883798,-1.117018,-2.424984,-2.358836,-2.983631,0.003564,0.0,22.109747
0.78448,0.867056,-0.371594,-0.900172,-0.900164,1.288192,0.243604,-1.123036,-1.42444,-1.882739,0.00223,-1.0,21.910723
-2.635791,0.15974,-2.755595,3.38564,3.385644,-1.813108,-2.09266,-3.801925,-4.476845,-4.706079,0.003476,1.0,22.652542
0.039928,1.118207,-0.199684,0.0,0.0,-1.549528,-1.621414,-3.298729,-4.307116,-4.394577,0.00254,0.0,22.652542
0.48622,1.256078,-0.121556,-1.437704,-1.437711,0.016212,-0.02836,-1.591029,-2.759317,-2.761748,0.001401,-1.0,22.326864
0.896857,1.01916,-0.244607,-0.607776,-0.607779,0.701186,0.607421,-0.752817,-1.911943,-2.033426,0.000829,-1.0,22.191166
-0.933817,0.0,-0.933817,0.407656,0.407658,0.625263,0.11369,-0.741634,-1.920414,-2.327235,0.000952,0.0,22.28163
0.857139,0.938776,-0.408163,-0.527808,-0.527807,0.718369,0.534697,0.282997,-1.081629,-1.753466,0.00119,-1.0,22.164026
0.986436,1.109741,-0.822035,-0.693878,-0.693877,0.83847,1.080972,1.112483,-0.147963,-1.043976,0.002051,-1.0,22.010235
0.0,0.08177,-1.308258,0.534316,0.534311,0.122655,0.519225,0.621433,-0.498762,-1.483227,0.003366,0.0,22.127838
0.664176,1.203815,-0.207551,-1.51267,-1.51266,1.295136,1.917805,2.061709,1.118719,0.16272,0.002268,-1.0,21.793119
0.938162,1.066098,-0.810239,-2.6567,-2.656706,3.053301,4.371001,4.452024,3.953091,3.0226,0.000715,-1.0,21.21414
-0.130148,0.911067,-0.607371,-1.705765,-1.705768,3.583521,5.31888,5.767182,5.83949,4.829511,-0.000834,-1.0,20.852276
-0.34057,0.979136,-0.34057,1.908898,1.908904,0.928051,2.686246,3.43976,3.778202,2.923797,-0.000152,1.0,21.250326
-0.127501,0.934972,-0.255002,0.170289,0.170284,-0.034,2.022947,2.983425,3.440288,2.740332,0.000951,0.0,21.286512
-0.921269,0.376884,-0.963145,1.487454,1.487458,-1.67504,0.255445,1.317703,1.800674,1.271361,0.002407,1.0,21.60314
-1.276779,0.45304,-1.565078,1.67505,1.675053,-2.61121,-1.54037,-0.334987,0.00823,-0.202642,0.000853,1.0,21.965004
-1.069519,0.534768,-1.480864,0.12355,0.123551,-1.694774,-1.740025,-0.658165,-0.20979,-0.055943,0.000124,0.0,21.992142
-0.809385,0.768924,-2.266285,1.645413,1.645415,-2.298665,-3.176853,-2.355324,-1.825173,-1.536221,0.000517,1.0,22.354004
0.973236,1.987024,-0.121659,-0.202343,-0.202349,-1.184103,-2.899432,-2.162748,-1.597729,-1.276561,-0.000229,0.0,22.308771
0.12111,0.524828,-0.363343,0.446067,0.446067,-0.904318,-3.056116,-2.532635,-1.968106,-1.666532,8.8e-05,0.0,22.408283
0.322581,0.604847,-0.201609,0.12111,0.121107,-0.604833,-2.629026,-2.604833,-1.969751,-1.791929,0.000246,0.0,22.435421
0.448984,0.816331,-0.204078,-1.209673,-1.209672,0.767347,-0.844897,-1.412244,-0.879591,-0.633468,5.4e-05,-1.0,22.164026
5.435725,5.478865,-0.431406,-5.387755,-5.387753,5.185502,4.667816,3.871152,4.363674,4.761,-0.002146,-1.0,20.969883
-0.603457,1.336203,-1.034491,0.086286,0.086281,3.836205,4.435344,3.41954,3.95474,4.443103,-0.001718,0.0,20.987976
-0.13078,0.784656,-1.22058,-1.12069,-1.120689,3.417609,5.209241,4.257482,4.786398,5.3653,-0.003677,-1.0,20.752766
-2.021501,0.215049,-2.021501,1.351347,1.351352,0.705375,3.363439,2.810034,3.092471,3.793547,-0.003089,1.0,21.033209
-0.298126,0.340711,-0.681431,0.989247,0.98925,-1.149918,1.99744,1.925039,1.865413,2.511069,-0.002034,1.0,21.24128
0.860956,1.033142,-0.387434,-1.064736,-1.064729,-0.043056,2.458018,2.947327,2.724913,3.302614,-0.002233,-1.0,21.015118
-0.295483,0.590962,-0.464335,1.980202,1.980189,-1.570281,0.059095,0.993386,0.567749,1.129588,-0.001549,1.0,21.431257
-1.44435,0.849613,-1.486831,-0.633179,-0.633178,-0.433303,0.17417,1.540639,1.091757,1.605774,-0.001595,-1.0,21.295559
0.641308,1.02608,-0.171009,-0.637222,-0.637222,0.324934,0.213774,1.938157,1.72724,2.045325,-0.00157,-1.0,21.159859
-0.301733,0.646547,-0.517246,-0.812304,-0.812307,0.905174,0.47414,2.454024,2.592673,2.656897,-0.002156,-1.0,20.987976
-0.810584,0.981224,-0.853247,1.034483,1.034483,0.051194,-0.443684,1.0438,1.531571,1.453925,-0.001048,1.0,21.205093
0.978723,1.276591,-0.510643,0.255968,0.255967,-0.365953,-0.570206,0.456744,1.265964,1.031495,0.000218,0.0,21.259371
0.771539,1.543082,-0.085731,-0.723404,-0.723408,0.180031,0.321484,0.777263,1.885994,1.637386,0.000645,-1.0,21.105579
0.258844,0.517683,-1.509922,-0.642949,-0.642939,0.647106,0.940465,0.963474,2.308023,2.248489,-0.000464,-1.0,20.969883
-1.488728,0.552952,-1.786474,1.423641,1.423632,-0.50191,-0.463625,-0.734431,0.701837,0.891544,8.1e-05,1.0,21.268417
1.16179,1.333903,-2.538726,-1.148447,-1.14844,0.481924,0.697072,0.43603,1.555508,2.020654,-0.001065,-1.0,21.024162
-0.775185,0.129203,-1.507313,-0.086063,-0.086068,0.327308,0.581402,0.528289,1.332911,2.055134,-0.001831,0.0,21.006067
0.558659,1.504087,-0.343786,0.215336,0.215333,0.060166,0.249252,0.406825,0.792873,1.730992,-0.001791,0.0,21.0513
-0.128594,0.171457,-0.728676,0.257843,0.257842,-0.068579,-0.034286,0.17146,0.21861,1.30648,-0.002394,0.0,21.105579
-1.845638,0.0,-1.887588,2.186027,2.186043,-1.929541,-1.904373,-1.870814,-2.063766,-0.939605,-0.001356,1.0,21.566956
-1.893,0.493831,-2.469128,1.929526,1.929521,-2.913582,-3.40741,-3.434843,-3.687242,-2.882304,-0.000711,1.0,21.983095
1.124051,1.605777,-0.883175,2.510292,2.510293,-3.934167,-5.20675,-5.473041,-5.702532,-5.220397,0.000328,1.0,22.534935
-2.046442,1.416765,-2.518693,2.007226,2.007221,-4.140101,-6.253444,-6.842451,-7.072018,-6.984651,0.001726,1.0,22.987261
0.879648,1.119556,-0.839668,-1.574183,-1.574176,-1.263498,-4.022398,-4.920705,-5.233912,-5.46342,0.003384,-1.0,22.625401
0.242029,0.443723,-0.806781,-0.879644,-0.879653,0.379186,-2.654298,-3.649323,-4.128682,-4.577653,0.002964,-1.0,22.426376
0.245495,0.736498,-0.327332,-1.41186,-1.41186,1.931261,-0.769232,-1.996729,-2.508185,-3.004911,0.002838,-1.0,22.109747
-0.161677,0.404204,-0.687146,1.227492,1.22749,0.557806,-1.35812,-2.850981,-3.47817,-3.932089,0.002784,1.0,22.381142
0.986838,1.192438,-0.16447,-1.697656,-1.697652,1.398028,0.77714,-0.901864,-1.650905,-2.046051,0.001616,-1.0,22.001188
-0.370523,0.658707,-0.494035,-0.123351,-0.123352,0.930422,1.29683,-0.474821,-1.344177,-1.75381,0.002025,0.0,21.974049
-0.286307,0.245395,-0.818,0.658707,0.658713,-0.008187,0.883429,-0.86981,-1.73416,-2.238044,0.001451,1.0,22.118795
-0.082072,0.164132,-0.574481,-0.327198,-0.327197,0.262611,1.243325,-0.235271,-1.220773,-1.730005,0.001584,0.0,22.046423
-0.366599,0.773935,-0.651731,0.738605,0.738596,-0.627282,0.354388,-0.605559,-1.731154,-2.31038,0.002182,1.0,22.209257
0.861711,1.025851,-0.123106,-0.733189,-0.733181,0.147717,0.668848,0.429482,-0.791966,-1.452615,0.002216,-1.0,22.046423
-0.82034,0.492211,-0.984413,0.041026,0.041027,0.180478,0.369155,0.675417,-0.586548,-1.330601,0.001784,0.0,22.055468
0.163662,0.941076,-0.204591,0.246112,0.246102,-0.073648,-0.020457,0.591927,-0.640344,-1.369887,0.00178,0.0,22.109747
-0.163863,0.450635,-0.409672,-0.122754,-0.122751,0.081935,0.090129,0.745599,-0.278573,-1.089717,0.002041,0.0,22.082607
-0.447875,0.162871,-0.610745,0.614498,0.614506,-0.521173,-0.594463,0.035286,-0.614823,-1.521176,0.002588,1.0,22.218306
0.286768,0.286768,-0.163863,-0.610745,-0.610753,0.122902,0.05326,0.376897,0.229416,-0.73904,0.001703,-1.0,22.082607
-0.447336,0.284669,-0.528674,0.737403,0.737404,-0.439203,-0.557135,-0.471736,-0.248067,-1.236275,0.002523,1.0,22.245445
-0.244101,0.366151,-0.691619,-0.040667,-0.040665,-0.284786,-0.463793,-0.488203,-0.056958,-1.021971,0.002543,0.0,22.236399
0.577554,0.783828,-0.371287,-1.383238,-1.383241,0.973598,0.878714,0.852587,1.33251,0.531354,0.001848,-1.0,21.928816
0.702479,1.570244,0.0,-0.165012,-0.165007,0.842968,0.900819,0.870516,1.353298,0.859495,0.001664,0.0,21.892632
-0.370981,0.494637,-0.453421,0.24793,0.247933,0.469905,0.605929,0.604556,0.865616,0.773282,0.000821,0.0,21.946911
-1.747967,0.406508,-2.03252,1.401484,1.401487,-0.910574,-0.69513,-0.701905,-0.611797,-0.413017,0.000592,1.0,22.254494
0.163595,0.817992,-0.368098,-0.609752,-0.60976,-0.408998,-0.081803,-0.09271,-0.071579,0.297746,-0.000765,-1.0,22.118795
-0.94729,0.617788,-1.400329,-0.695296,-0.695296,0.321253,0.564247,0.582093,0.595135,0.9967,-0.00194,-1.0,21.965004
0.165704,0.414254,-0.869921,-0.576614,-0.576617,0.853365,0.973495,1.052202,1.054273,1.454852,-0.001506,-1.0,21.83835
1.309675,1.39417,-0.126747,-1.946972,-1.946969,2.357416,2.665823,2.861568,2.923532,3.175326,-0.00197,-1.0,21.413164
0.507189,0.591712,-0.760778,-0.042248,-0.042254,1.606092,2.316153,2.702176,2.833903,2.990707,-0.001375,0.0,21.404116
1.261967,1.958225,-0.870318,-2.874049,-2.874045,3.333334,4.647523,5.31767,5.557008,5.723239,-0.003158,-1.0,20.788952
-0.174982,0.787402,-0.481194,-0.522189,-0.522196,2.633422,4.593182,5.418494,5.780844,6.001754,-0.002647,-1.0,20.680393
0.971307,1.192053,-0.220751,-0.91864,-0.918633,2.269316,4.878591,5.833704,6.342166,6.615455,-0.002993,-1.0,20.490416
0.175212,1.182654,-0.525629,0.794702,0.794703,0.727112,3.425319,4.537891,5.166449,5.513799,-0.002933,1.0,20.653254
-1.200176,0.042863,-1.414488,2.190101,2.190091,-1.714524,0.66439,1.937431,2.687537,3.087881,-0.001839,1.0,21.105579
0.638026,0.850698,-0.21268,0.771539,0.77154,-2.016159,-0.506161,0.853547,1.703539,2.138674,-0.001825,1.0,21.268417
-0.549214,0.380228,-1.140684,0.680561,0.680573,-1.994091,-1.436422,0.011264,0.859736,1.329951,-0.00121,1.0,21.413164
0.558895,0.773865,-0.128977,-1.73215,-1.732154,0.257951,-0.077387,1.504731,2.358127,2.894241,-0.001981,-1.0,21.042255
-1.4419,0.296862,-1.611531,1.375752,1.375756,-0.466502,-1.47159,-0.065029,0.793044,1.363866,-0.00149,1.0,21.331745
-0.169496,0.423733,-0.635589,0.084818,0.084817,-0.322036,-1.580512,-0.432206,0.497881,1.145762,-0.001399,0.0,21.349838
-0.420875,0.294613,-0.799663,0.677966,0.677968,-0.78283,-1.914988,-1.2963,-0.351433,0.350166,-0.001372,1.0,21.494583
0.940175,1.196581,-0.042739,-1.515152,-1.515154,0.512821,-0.175215,-0.028492,1.002137,1.721367,-0.001765,-1.0,21.168907
-0.755034,0.209727,-1.006711,1.880342,1.880347,-0.855708,-1.518463,-1.957501,-0.937505,-0.276851,-0.001268,1.0,21.566956
0.334308,0.459678,-0.752194,0.377517,0.377517,-0.936067,-1.429175,-2.253803,-1.379028,-0.732141,-0.001086,0.0,21.648375
0.251042,0.41841,-0.292887,-0.125366,-0.125386,-0.560655,-1.066932,-2.064144,-1.401661,-0.722998,-0.000539,0.0,21.621231
-0.166109,1.038206,-0.332226,0.753138,0.753158,-1.038211,-1.569772,-2.491701,-2.215538,-1.548178,-0.00014,1.0,21.784073
1.227258,1.735091,-0.804054,-1.868775,-1.868774,1.041048,0.287768,-0.417552,-0.490905,0.223443,-0.001061,-1.0,21.376978
1.295804,2.502243,-0.089357,-5.289886,-2.279293,2.749409,2.553924,2.032603,1.603048,2.369074,-0.002661,-1.0,20.889734
0.660511,1.849406,-0.176129,1.474531,1.474533,0.831197,1.0005,0.721207,0.07584,0.740179,-0.001755,1.0,21.19776
0.872215,1.30833,-0.348888,0.968741,0.968744,-0.340047,0.056342,-0.152486,-0.884572,-0.385486,-0.001031,1.0,21.403112
-0.647948,0.777538,-0.863927,0.959442,0.959445,-1.44968,-0.841819,-0.996452,-1.636865,-1.426618,-0.000363,1.0,21.608463
0.261548,1.394939,-0.305144,-0.907123,-0.907126,-0.514391,0.179643,-0.090367,-0.565478,-0.627469,8.9e-05,-1.0,21.412447
-0.65331,0.17422,-2.2648,0.087175,0.087178,-0.095818,0.028998,-0.056427,-0.432618,-0.790033,0.000145,0.0,21.431114
1.619433,1.934323,-0.224921,-3.179438,-3.179447,2.753043,2.880716,3.038578,2.860278,2.339985,1.2e-05,-1.0,20.749723
1.620167,1.935198,-0.495041,-0.044989,-0.044974,2.160213,2.502308,2.889043,2.818521,2.258026,0.00022,0.0,20.740391
-1.019052,0.443066,-1.019052,1.575162,1.575158,0.062026,0.572437,1.158228,1.176298,0.725087,0.001304,1.0,21.067085
-0.743657,0.08748,-1.312345,1.284896,1.284891,-1.277343,-0.721789,-0.072296,-0.124881,-0.429469,0.001517,1.0,21.337774
-0.131575,0.438601,-0.482447,-0.262476,-0.262478,-1.157888,-0.276309,0.101346,0.194231,-0.018692,0.000451,0.0,21.281767
0.664894,1.551423,-0.664889,-1.052632,-1.052629,0.186175,0.71809,0.979265,1.195066,1.121771,-0.000342,-1.0,21.057749
-2.991645,0.439947,-4.531452,0.753551,0.753556,-0.114392,-0.12319,0.096823,0.406768,0.38636,-0.000311,1.0,21.216431
-0.347373,0.260525,-1.085541,1.319846,1.31984,-1.01607,-1.476339,-1.296284,-0.900743,-0.878887,0.001016,1.0,21.496454
0.56769,0.611358,-1.222703,-0.564485,-0.564479,-0.419219,-0.934503,-0.736542,-0.289938,-0.323314,0.000173,-1.0,21.375111
0.262247,1.223781,-0.218527,-0.087341,-0.087345,-0.262234,-0.882864,-0.504077,-0.252057,-0.17733,9.8e-05,0.0,21.356441
1.125113,1.440153,-0.495041,-2.884616,-2.88461,2.394239,2.056704,2.304228,2.491855,2.673645,-0.001451,-1.0,20.740391
-0.806813,0.851641,-0.9861,0.405041,0.405041,1.604661,1.685341,1.706258,1.887074,2.158525,-0.000616,0.0,20.824398
1.94085,2.634011,-0.138623,-3.003138,-3.003136,3.465802,4.403878,4.390015,4.649256,5.064911,-0.002739,-1.0,20.199013
-0.277388,0.277402,-1.386958,-0.046211,-0.046225,2.339353,3.883505,4.03453,4.403615,4.919494,-0.002924,0.0,20.189676
-0.776965,0.502747,-1.279703,1.155802,1.155813,0.25594,2.276051,2.516757,3.096433,3.49663,-0.002367,1.0,20.423031
-1.311628,0.72365,-1.673455,1.051197,1.051191,-0.88648,1.008591,1.414138,1.888282,2.224115,-0.002237,1.0,20.637716
-2.070489,0.352423,-2.246696,2.668476,2.668478,-3.118948,-1.62996,-1.080769,-0.810578,-0.514519,-0.000264,1.0,21.188429
1.990041,2.26142,-0.361827,-2.599119,-2.599121,-0.108551,0.578922,1.420169,1.601082,1.918042,-0.000403,-1.0,20.637716
0.828734,0.828734,-0.920806,-1.763917,-1.763916,1.767963,1.841626,2.89135,3.144573,3.530391,-0.001811,-1.0,20.273684
1.771557,2.191137,-0.512825,-1.243085,-1.243089,2.648021,2.456878,3.766901,4.09091,4.66014,-0.002773,-1.0,20.021664
-0.277658,1.203147,-0.416478,0.745921,0.745927,1.425262,1.416006,2.705533,3.176765,3.681623,-0.002866,1.0,20.171011
0.65789,1.268788,-1.268802,-1.527071,-1.527068,1.663527,2.504692,3.843978,4.555913,4.979315,-0.003135,-1.0,19.862986
1.093671,1.806938,-0.190209,-1.174812,-1.174823,1.844987,3.433194,4.444449,5.432719,5.824064,-0.003684,-1.0,19.629631
-2.267469,1.295687,-3.192971,2.757965,2.757973,-0.990285,0.647845,1.243247,2.313739,2.737616,-0.001103,1.0,20.171011
0.816131,1.296207,-1.34422,-3.609445,-3.609447,2.121945,3.91263,4.378304,5.672111,6.175711,-0.002652,-1.0,19.442949
-1.060236,0.144583,-2.746988,-0.384061,-0.384057,1.686747,3.657831,4.308432,5.643372,6.299757,-0.003504,0.0,19.368277
0.048676,0.730282,-0.632916,-1.012043,-1.012041,2.005835,3.66601,4.800382,6.190352,7.059388,-0.004503,-1.0,19.172262
-0.049058,0.09814,-0.785083,-0.778978,-0.778974,2.168794,3.63101,5.21099,6.373895,7.470067,-0.004727,-1.0,19.022915
-1.873772,0.147919,-2.90927,-0.490667,-0.490682,1.360951,3.431957,5.286001,6.252469,7.491127,-0.004483,0.0,18.929573
0.748872,0.848727,-0.099855,-1.232742,-1.232733,1.827256,4.013975,5.984352,6.867194,8.279575,-0.005347,-1.0,18.696222
0.452034,0.753385,-1.406334,-0.599106,-0.59911,1.597192,3.787046,5.886494,6.931194,8.399803,-0.006181,-1.0,18.584211
0.917899,2.345737,0.0,-1.506775,-1.506768,2.20295,4.523194,6.455881,7.878624,9.421714,-0.006591,-1.0,18.30419
1.959751,3.33687,-0.052956,-3.722601,-3.722596,4.565677,7.425846,9.431495,11.318853,12.773302,-0.008171,-1.0,17.622799
-5.4371,3.571429,-7.675906,-0.635588,-0.635591,3.614071,6.593813,9.079598,11.265987,12.611935,-0.007193,-1.0,17.51079
5.170576,6.663113,-0.319824,0.0,0.0,2.260126,5.490403,8.123664,10.434431,11.733471,-0.00737,0.0,17.51079
-0.565558,0.154236,-2.622108,3.678044,3.678041,-1.840618,1.079688,3.547553,5.832899,7.199993,-0.004465,1.0,18.154844
-1.604814,0.0,-1.805421,2.51928,2.519278,-3.921765,-1.705117,0.554995,2.540117,4.090267,-0.003349,1.0,18.612215
-1.850005,0.4,-2.250005,0.300898,0.300899,-3.089997,-2.189998,-0.089999,1.705,3.449999,-0.003721,0.0,18.668219
1.408456,1.559366,-0.653919,-0.600005,-0.600009,-1.37826,-1.800795,-0.06706,1.856146,3.722343,-0.004439,-1.0,18.556208
-0.309119,1.803194,-0.824317,-2.36418,-2.364179,1.679549,0.257603,1.865022,3.797015,5.724887,-0.006627,-1.0,18.117506
-1.203611,0.651951,-1.454368,2.730556,2.730558,-0.531599,-2.392178,-1.113343,0.619355,2.479435,-0.00431,1.0,18.612215
0.398605,0.847035,-0.249128,0.651951,0.651948,-1.046336,-2.795212,-1.909978,-0.333828,1.291484,-0.003259,1.0,18.733557
0.152522,0.813421,-0.355872,-1.993024,-1.993022,0.630401,-0.416876,-0.155904,1.347231,2.855111,-0.003585,-1.0,18.360193
-0.448878,0.049875,-1.147127,1.931871,1.931881,-1.107235,-1.66085,-2.12469,-0.962596,0.572566,-0.00307,1.0,18.71489
2.816912,3.923546,-0.301806,-0.84788,-0.847892,0.211275,-0.256531,-1.338019,-0.354619,1.116709,-0.002774,-1.0,18.556208
0.507604,1.065985,-2.182746,-0.905423,-0.905427,0.883249,0.781728,-0.50761,0.289344,1.652795,-0.002657,-1.0,18.388195
-0.80402,0.251261,-1.457281,1.015223,1.015227,-0.301506,-0.251254,-1.410381,-0.879393,0.353773,-0.003415,1.0,18.574877
-0.249506,0.648698,-0.748513,0.703523,0.70352,-0.628744,-0.928145,-1.713239,-1.656685,-0.544909,-0.00154,1.0,18.705555
-1.127999,0.833742,-1.716518,1.746497,1.746503,-2.00098,-2.378613,-2.867414,-3.317797,-2.491412,-0.000614,1.0,19.032248
0.193512,0.387034,-1.01597,1.373227,1.373227,-2.564105,-3.091438,-3.567167,-4.472665,-3.84325,0.000424,1.0,19.293604
-0.387222,1.742498,-0.435624,-0.048379,-0.048384,-1.587607,-2.696029,-3.130039,-4.244913,-3.814129,0.000741,0.0,19.284269
-0.388161,0.727797,-1.261528,-0.242009,-0.242016,-0.65987,-2.197958,-2.678307,-3.770008,-3.567194,0.000849,0.0,19.237598
0.0,0.925465,-0.633225,-0.388161,-0.388146,0.204569,-1.397964,-2.126978,-2.993188,-3.162209,0.001216,0.0,19.162928
1.102752,1.453629,-0.350887,-2.825134,-2.825142,2.676692,1.418545,0.741854,0.125314,-0.413031,0.000249,-1.0,18.621548
-1.7991,1.399305,-2.048976,0.300747,0.300743,1.709152,1.179417,0.639688,0.13744,-0.715633,0.001035,0.0,18.677551
-0.500255,0.200105,-2.151081,-0.09995,-0.099944,1.140571,1.425713,0.757046,0.372688,-0.600297,0.00261,0.0,18.658884
0.548633,1.246883,-0.448878,0.300145,0.300157,0.279297,1.197001,0.448872,0.099745,-0.809979,0.003016,0.0,18.71489
1.732043,2.139582,-0.254707,-2.094763,-2.094765,1.507893,3.153333,2.584476,2.14722,1.465102,0.002106,-1.0,18.322857
-1.357456,0.301669,-2.011056,1.324503,1.324493,0.120669,1.553551,1.189883,0.814486,0.36602,0.001082,1.0,18.565542
-1.879513,0.192776,-2.024096,4.323786,4.32379,-3.315664,-2.61687,-2.7245,-3.040966,-3.410122,0.001867,1.0,19.368277
0.431448,0.671136,-1.246409,0.530125,0.530125,-2.991375,-3.034521,-2.866737,-3.331741,-3.649095,0.001967,0.0,19.470953
-2.64933,0.04817,-2.64933,-0.479391,-0.479391,-1.840077,-2.495183,-2.122673,-2.699905,-3.026976,0.002019,0.0,19.377611
-1.58879,0.186921,-2.850463,3.082852,3.082857,-3.1215,-5.004678,-4.626174,-5.205613,-5.665426,0.004387,1.0,19.974995
-0.800758,0.612346,-1.27179,-0.794393,-0.794403,-1.083366,-3.641069,-3.598677,-4.168625,-4.655672,0.002855,-1.0,19.816313
-1.139991,0.775194,-1.367994,3.297221,3.297228,-3.164615,-5.841314,-6.292751,-6.760148,-7.2394,0.004005,1.0,20.469702
-2.112355,0.089888,-2.606742,1.459188,1.459186,-3.307864,-6.179774,-7.164044,-7.52809,-8.158202,0.005506,1.0,20.768393
1.640082,2.186783,-0.182237,-1.34831,-1.348308,-0.902054,-4.031895,-5.488235,-5.797272,-6.56037,0.00408,-1.0,20.488371
-0.090539,0.497967,-0.362155,0.637809,0.637806,-0.905385,-3.52648,-5.616416,-5.930284,-6.714349,0.004726,1.0,20.619047
-0.546951,0.41021,-1.185055,-0.679036,-0.679037,0.419325,-1.932543,-4.366455,-4.933912,-5.731998,0.004824,-1.0,20.479036
-2.50671,0.850497,-3.043868,1.823149,1.823152,-1.011637,-2.976722,-5.383466,-6.262309,-6.979409,0.005175,1.0,20.8524
2.733476,3.826879,-0.728929,-1.745743,-1.745741,0.4738,-0.756269,-3.107066,-4.302966,-4.916634,0.00411,-1.0,20.488371
-0.676895,0.270754,-0.767148,0.956715,0.956709,-0.288803,-1.064976,-3.390487,-4.860102,-5.409742,0.003767,1.0,20.684385
-0.674764,0.314885,-1.214579,0.315884,0.315881,-0.476826,-1.003141,-2.914971,-4.777319,-5.313532,0.003307,0.0,20.749723
-0.493044,0.493057,-0.627517,0.35987,0.359884,-0.50202,-0.874049,-2.539968,-4.589871,-5.308831,0.003485,0.0,20.824398
0.495054,1.035113,-0.360036,-0.403407,-0.403407,-0.207023,-0.342035,-1.704171,-3.706121,-4.646266,0.003415,0.0,20.740391
-0.533101,0.488676,-0.844069,1.305135,1.30513,-0.995116,-1.51044,-2.48186,-4.386939,-5.54598,0.004151,1.0,21.01108
1.24611,1.24611,-0.311522,-0.177703,-0.177706,-0.542942,-1.103688,-1.800913,-3.678231,-5.046722,0.005302,0.0,20.973742
1.398912,1.624549,-1.037906,-1.379613,-1.379616,0.785202,0.311375,-0.198552,-1.759923,-3.424183,0.004571,-1.0,20.684385
-0.63064,0.450441,-1.44145,0.18051,0.180508,0.504504,0.247748,-0.087085,-1.416664,-3.192791,0.004693,0.0,20.721722
-0.04529,0.860507,-0.951082,-0.540545,-0.540539,0.923911,0.674818,0.501208,-0.579709,-2.291666,0.004328,-1.0,20.609713
-0.045834,0.0,-1.374885,-1.177536,-1.177532,1.494036,1.814843,1.567365,0.824928,-0.791937,0.004727,-1.0,20.367027
-0.546444,0.500915,-1.411653,0.641609,0.641601,0.38252,1.074688,0.922898,0.455382,-1.076494,0.00443,1.0,20.497702
-1.085968,0.180991,-1.493213,0.637527,0.637535,-0.307696,0.375561,0.286572,-0.022628,-1.256112,0.002827,1.0,20.628382
-2.327624,0.790518,-2.898546,3.031674,3.031673,-2.74045,-2.375936,-2.421317,-2.626265,-3.655689,0.003915,1.0,21.253767
-1.910824,0.467096,-2.123142,3.425556,3.425548,-4.713368,-5.044579,-5.310679,-5.507423,-6.371116,0.005612,1.0,21.981825
1.087903,1.087903,-0.130544,-2.420378,-2.420381,-1.340292,-2.484764,-2.663179,-3.004779,-3.679714,0.00322,-1.0,21.449781
-1.007888,0.043821,-1.709027,-0.696258,-0.696254,0.105172,-1.647675,-1.787903,-2.134089,-2.643291,0.003262,-1.0,21.300436
-0.91463,0.087112,-1.219508,0.613493,0.613499,0.243901,-1.898954,-2.174796,-2.541375,-2.965155,0.002095,1.0,21.431114
0.0,0.710795,-0.799645,-1.959926,-1.959926,2.016875,0.199907,-0.159932,-0.466462,-0.79787,0.000609,-1.0,21.01108
-0.708592,0.531448,-1.328605,0.310973,0.310969,0.841451,0.110717,-0.363153,-0.721877,-0.990256,0.00133,0.0,21.076418
0.899285,1.978417,0.0,-1.505757,-1.505749,1.717619,1.830027,1.079129,0.861053,0.521576,0.000398,-1.0,20.75906
0.822298,1.187762,-1.46185,-1.573746,-1.573747,2.49429,3.42622,2.518652,2.412058,2.117861,9e-06,-1.0,20.432365
-2.326622,0.134224,-2.460855,2.101421,2.101416,-0.161073,1.409394,0.465323,0.331095,0.062639,0.00013,1.0,20.861734
-0.399645,1.332149,-0.621674,0.760626,0.760627,-0.905861,0.532857,-0.198344,-0.379665,-0.5897,0.00122,1.0,21.020414
-0.621674,0.177615,-1.642984,0.0,0.0,-0.959147,0.075487,-0.06809,-0.313057,-0.557729,0.000804,0.0,21.020414
1.191006,1.191006,-0.352889,0.666075,0.666072,-1.23511,-0.723421,-0.479341,-0.937362,-1.088663,0.000956,1.0,21.160425
-0.087608,0.262808,-0.525629,0.705779,0.70578,-1.10381,-1.414804,-0.922763,-1.552782,-1.664477,0.001107,1.0,21.309771
1.550731,1.639349,-0.132915,-1.138852,-1.138848,0.230392,-0.45193,0.357402,-0.327873,-0.471426,0.000787,-1.0,21.067085
-0.311111,0.355556,-1.511111,-0.310146,-0.310152,0.524447,-0.146664,0.589631,0.048891,-0.127998,8.5e-05,0.0,21.001745
0.044331,0.443267,-0.221627,0.266662,0.266664,0.292557,-0.421093,0.029556,-0.110811,-0.333329,0.000278,0.0,21.057749
-0.267269,0.846316,-0.489982,-0.48758,-0.487578,0.587968,0.160352,0.362282,0.518925,0.144315,0.000666,0.0,20.955076
-1.405971,0.483308,-1.6696,1.380842,1.38084,-0.843584,-0.821615,-1.022259,-0.674428,-1.168716,0.001188,1.0,21.244432
-1.890039,0.300683,-1.932994,2.284714,2.284716,-2.448458,-2.637461,-3.14147,-2.63961,-3.183854,0.002416,1.0,21.729807
0.0,0.733075,-0.560595,-0.386598,-0.386598,-1.474777,-1.970681,-2.570077,-2.171199,-2.637348,0.00276,0.0,21.6458
1.526389,1.657213,-0.479721,-1.121177,-1.121178,-0.034886,-0.68033,-1.363568,-1.197121,-1.385084,0.001993,-1.0,21.403112
-2.059198,0.257409,-2.488198,1.657213,1.657212,-0.926635,-2.024876,-2.665516,-2.737017,-2.737017,0.002437,1.0,21.757807
0.903619,1.118761,-0.258176,-0.300296,-0.300297,-0.215144,-1.553354,-1.985081,-2.353698,-2.22375,0.000988,0.0,21.692469
-0.34662,0.606581,-0.866555,-0.688468,-0.68846,0.303287,-0.649919,-1.094748,-1.650785,-1.376089,-0.000801,-1.0,21.543125
0.967888,1.231852,-0.351958,-1.516464,-1.516465,1.443022,0.981078,0.489804,-0.087993,0.135499,-0.000408,-1.0,21.216431
0.309046,0.883002,-0.176596,-0.351958,-0.351968,1.554089,1.37749,0.883008,0.280359,0.330248,-0.000258,0.0,21.141756
1.082056,1.713251,-0.090171,-2.075055,-2.07505,2.687106,3.403968,2.87346,2.391795,2.311993,-0.001427,-1.0,20.703054
0.495054,0.85509,-0.675063,0.180338,0.180345,1.584157,2.974795,2.505248,2.281726,2.0198,-0.000496,0.0,20.740391
-1.752848,0.35057,-1.752848,2.700275,2.700262,-1.314632,0.065736,-0.116852,-0.304553,-0.687112,0.000543,1.0,21.300436
-0.215885,0.302245,-1.165807,1.489921,1.489923,-2.392054,-1.416233,-1.393204,-1.629962,-2.032812,0.001845,1.0,21.617796
0.566206,1.437291,-0.043545,-0.863562,-0.863557,-1.271776,-0.544424,-0.418116,-0.677263,-1.113238,0.002154,-1.0,21.431114
-0.697776,0.654165,-0.915835,-0.130658,-0.13066,-0.488444,-0.580026,-0.148277,-0.490623,-0.863497,0.001183,0.0,21.403112
-0.08715,0.435721,-0.871464,0.087226,0.08723,0.060994,-0.793035,-0.180109,-0.551206,-0.765149,0.000891,0.0,21.421782
-0.346917,0.1301,-0.477008,0.479294,0.479297,-0.208154,-1.274937,-0.719863,-0.919343,-1.115353,0.001099,0.0,21.524456
0.519935,0.563254,-0.476607,0.086735,0.086734,-0.363955,-1.208844,-0.837671,-0.879554,-1.103991,0.000847,0.0,21.543125
0.0,0.561559,-0.302376,0.303293,0.303289,-0.501079,-1.291578,-1.074156,-1.051837,-1.29417,0.000672,0.0,21.608463
0.608431,0.782273,-0.69535,-0.604752,-0.604754,0.173841,-0.33029,-0.559176,-0.328117,-0.634506,0.000904,-1.0,21.477785
-0.043328,0.649913,-0.433276,0.304216,0.304221,-0.017334,-0.25997,-0.906994,-0.561096,-0.892552,0.001171,0.0,21.543125
0.743007,0.917837,-0.174821,-0.866555,-0.86656,0.699306,0.638116,-0.099064,0.22072,0.027975,0.000679,-1.0,21.356441
0.483521,1.098901,-0.791209,-0.568177,-0.568171,0.984609,1.032961,0.477648,0.696696,0.643509,0.000644,-1.0,21.2351
