-0.799159,0.271929,-1.487323,1.150783,1.150788,-0.379599,-0.139854,-0.026633,-0.359442,-1.395405,0.003384,1.0,41.875259
-0.443953,0.860158,-0.832408,0.005545,0.00555,-0.366262,-0.223644,0.063262,-0.292287,-1.100564,0.003084,0.0,41.877583
1.495314,1.675885,-0.203137,-1.653716,-1.653742,1.2053,1.209815,1.678915,1.348971,0.788032,0.00213,-1.0,41.185036
-1.483136,0.039025,-1.644837,1.2019,1.201917,-0.184002,-0.036244,0.381749,0.1844,-0.084569,0.002883,1.0,41.680046
0.394569,0.589083,-0.216739,0.328963,0.328954,-0.311208,-0.261742,0.057808,-0.069965,-0.282701,0.002858,0.0,41.817154
-0.981741,0.444249,-1.480829,1.328218,1.328228,-1.383208,-1.46602,-1.33567,-1.245809,-1.499771,0.003213,1.0,42.372581
0.49538,1.274625,-0.055665,-1.464376,-1.464369,0.022254,-0.022271,0.058252,0.278578,0.010372,0.003207,-1.0,41.75209
0.83171,0.83171,-0.245595,-0.283876,-0.28389,0.522478,0.31874,0.253804,0.568255,0.310196,0.001088,0.0,41.63356
-1.700965,0.279833,-1.942382,1.730398,1.730421,-0.86915,-1.320728,-1.374316,-1.128955,-1.301642,0.000863,1.0,42.353996
0.619031,0.856687,-0.45321,-0.724284,-0.724291,-0.036479,-0.446585,-0.55049,-0.37639,-0.500709,0.000734,-1.0,42.04723
-0.016452,0.751298,-0.466141,0.784843,0.784844,-0.812731,-1.103385,-1.255471,-1.213062,-1.167869,0.000834,1.0,42.377235
-1.244495,0.663007,-1.244495,0.910331,0.910331,-1.234717,-1.788495,-2.002069,-2.039024,-1.92055,0.001265,1.0,42.763008
0.887037,1.368888,-0.054758,-0.749955,-0.749959,-0.107319,-0.750154,-1.09767,-1.269237,-1.099931,0.001132,-1.0,42.442303
1.720269,2.252599,0.0,-2.283303,-2.283302,1.802083,1.519102,1.11733,0.990691,1.137055,0.000283,-1.0,41.473217
0.278552,1.114206,-0.38997,0.582759,0.582757,1.05293,0.906409,0.581987,0.444569,0.544401,0.000455,1.0,41.714905
-0.089754,0.678741,-1.452859,-0.685235,-0.685239,1.292427,1.374886,1.204168,1.07646,1.096766,-6.7e-05,-1.0,41.429058
-0.371251,0.504241,-1.091594,1.234081,1.234093,-0.334685,0.18396,-0.019586,-0.143521,-0.16092,-0.000177,1.0,41.940331
-0.416092,0.268277,-1.188062,1.207953,1.20794,-1.522027,-0.820135,-1.014681,-1.211871,-1.328433,0.00064,1.0,42.446945
-0.445019,0.401609,-0.95517,0.88147,0.881479,-1.75296,-1.577662,-1.701944,-1.987411,-2.101163,7e-06,1.0,42.821106
0.826263,1.077975,-0.290014,-0.819492,-0.819498,-0.585499,-0.664839,-0.787229,-1.051435,-1.190476,0.000287,-1.0,42.470188
-0.71267,1.209377,-0.858436,1.351573,1.351576,-1.160783,-1.834575,-2.006263,-2.235182,-2.405141,0.000782,1.0,43.044205
-0.086377,0.971706,-0.529048,0.0108,0.010812,-0.65646,-1.778787,-1.816036,-2.109711,-2.303189,0.001063,0.0,43.048859
-1.529085,0.213864,-1.662746,0.971706,0.971696,-1.143067,-2.488235,-2.47968,-2.789241,-3.053036,0.001814,1.0,43.467163
-1.00634,0.036694,-1.724405,2.004919,2.004913,-2.401586,-3.758577,-4.098041,-4.400119,-4.753912,0.002059,1.0,44.338642
1.860712,2.48272,-0.021272,-1.409919,-1.409924,-0.436998,-1.925037,-2.47244,-2.816052,-3.180008,0.001639,-1.0,43.713501
0.934829,1.24466,-0.320506,-0.478475,-0.478461,0.253202,-0.9765,-1.830845,-2.218754,-2.564749,0.001843,0.0,43.504349
0.348159,0.594537,-0.476701,-0.267094,-0.2671,0.678093,-0.377611,-1.471879,-1.768343,-2.164542,0.001168,0.0,43.388149
-0.326391,0.052636,-1.284483,1.746123,1.746124,-0.742268,-1.702469,-2.90553,-3.169619,-3.575285,0.002362,1.0,44.14576
-0.429954,0.005241,-0.823201,0.40008,0.400066,-1.145123,-1.755441,-2.863873,-3.333408,-3.721046,0.002094,0.0,44.322372
0.65703,0.830486,-0.236529,-0.246435,-0.246417,-0.674906,-1.118533,-2.247224,-2.849676,-3.266444,0.002004,0.0,44.213154
0.427711,0.712848,-0.359071,-0.457291,-0.457292,0.011611,-0.444614,-1.407054,-2.217769,-2.67315,0.002431,0.0,44.010971
-0.632776,0.163466,-0.790972,0.137288,0.137268,0.184574,-0.349069,-1.219841,-2.203371,-2.596062,0.002051,0.0,44.071384
-0.41882,0.204176,-0.554945,0.722419,0.722442,-0.424068,-0.855982,-1.636568,-2.685466,-3.046336,0.002191,1.0,44.389774
0.610783,1.089935,-0.273804,-0.570649,-0.570652,0.063182,-0.332775,-0.873354,-1.825246,-2.328352,0.001513,-1.0,44.136463
-0.528183,0.047064,-1.030227,0.684499,0.684507,-0.515646,-0.847202,-1.251971,-2.186236,-2.777125,0.00228,1.0,44.43858
1.140098,1.532506,-0.021215,-1.380609,-1.380607,0.792227,0.614052,0.24922,-0.543548,-1.283923,0.001889,-1.0,43.825058
1.62784,1.659978,-0.583666,-0.97041,-0.970424,1.470422,1.60268,1.285499,0.599198,-0.257883,0.000924,-1.0,43.399769
-1.854992,0.714249,-1.854992,4.208835,4.208845,-2.25785,-2.261966,-2.545954,-3.156576,-4.040087,0.002686,1.0,45.226398
0.414081,0.724644,-0.709108,-0.724528,-0.724537,-1.204961,-1.420284,-1.751549,-2.218423,-3.034572,0.002147,-1.0,44.898716
0.463614,0.791792,-0.375059,-0.636644,-0.636648,-0.493819,-0.69906,-0.987648,-1.351767,-2.153456,0.001594,-1.0,44.612869
0.658165,0.919344,-0.15149,-0.276083,-0.276084,0.080446,-0.316543,-0.565881,-0.916209,-1.607392,0.001764,0.0,44.4897
9.457095,10.106772,-3.400933,-7.537614,-7.537614,7.138587,7.096221,7.175123,6.928715,6.335471,-0.000113,-1.0,41.136238
1.445552,1.445552,-3.287381,1.220272,1.220267,4.123464,5.14429,5.481585,5.420004,4.975846,0.000115,1.0,41.63821
-1.29348,0.048911,-1.717393,2.695764,2.695781,0.390208,2.062496,2.469199,2.468202,2.214561,0.001322,1.0,42.760685
-0.292615,0.325137,-0.942879,0.293474,0.293466,-0.708787,1.40187,1.963087,2.071916,1.954272,0.000986,0.0,42.886173
0.72175,0.776421,-1.11542,-0.894111,-0.894118,-0.747987,2.005584,2.646409,2.874962,2.823128,0.000236,-1.0,42.50272
0.011028,0.336292,-0.821439,-0.820165,-0.820152,0.555702,2.553608,3.192015,3.579301,3.588508,-0.000372,-1.0,42.154133
0.901651,0.98462,-0.470189,-0.336292,-0.336275,1.07311,2.134617,3.162942,3.674889,3.799516,-0.000199,0.0,42.012379
0.550586,0.856466,-0.139036,-0.536566,-0.53658,1.152326,1.940933,3.344639,3.930814,4.11523,-0.000874,-1.0,41.786949
-0.200269,0.122385,-0.756567,-0.027807,-0.027805,0.648642,1.290048,2.948371,3.667942,3.958607,-0.000888,0.0,41.77533
0.708589,0.786701,-0.306871,-0.294838,-0.294846,0.537866,0.908333,2.905023,3.691351,4.08816,-0.00134,0.0,41.652157
0.6504,1.760581,0.0,-0.490983,0.247325,0.098729,0.807607,2.388564,3.158173,3.674926,-0.001968,0.0,41.755173
2.023805,2.046807,-0.275971,-2.478282,-2.478277,2.007916,3.143985,4.2528,5.329125,5.973092,-0.002349,-1.0,40.720364
0.340782,0.924156,-0.444755,-0.459948,-0.459962,1.860585,3.07102,4.0165,5.371336,6.088833,-0.002343,0.0,40.533066
-1.514457,1.091556,-1.583031,1.068557,1.068552,0.388627,1.512619,2.323333,3.83348,4.650164,-0.001866,1.0,40.966183
0.802448,1.183468,-0.184741,-1.005827,-1.005817,0.867105,2.063536,2.716012,4.485188,5.372488,-0.002848,-1.0,40.554138
-2.875724,1.743371,-3.290541,2.984644,2.984662,-2.051701,-0.987713,-0.160571,1.261271,2.097685,-0.001925,1.0,41.764542
0.402414,1.402857,-1.061925,0.297102,0.297085,-1.784037,-1.310537,-0.416447,0.562919,1.556429,-0.001731,0.0,41.888618
0.725843,0.831931,-0.826361,0.100608,0.100622,-1.216094,-1.375442,-0.6485,0.107922,1.243931,-0.001532,0.0,41.930767
2.548576,2.548576,-0.017143,-2.289228,-2.28924,1.100578,0.738859,1.367528,2.008863,3.277395,-0.002399,-1.0,40.970871
-0.683243,0.522478,-0.918638,-0.474286,-0.4743,1.691469,1.004207,1.56839,2.039692,3.470529,-0.002826,0.0,40.776546
-1.050175,0.331022,-1.050175,0.597122,0.59714,0.724839,0.225437,0.781169,1.419826,2.624277,-0.002409,1.0,41.020039
-0.148256,1.089128,-0.330732,0.091312,0.091311,0.228091,0.216115,0.53418,1.256583,2.124502,-0.002621,0.0,41.057495
0.567598,0.619195,-0.349733,-0.54171,-0.541718,0.237362,0.835921,0.926358,1.572318,2.282689,-0.002321,-1.0,40.835079
-0.559261,0.779566,-0.999889,1.490657,1.490657,-1.006665,-0.529878,-0.609343,-0.093556,0.474531,-0.001442,1.0,41.44379
0.402967,0.959192,-0.533517,-0.468874,-0.468866,-0.311031,0.107269,-0.206219,0.225168,0.633634,-0.003113,0.0,41.249474
-0.045403,0.27807,-0.556161,0.011354,0.011346,-0.208841,-0.027805,-0.298505,0.104721,0.633651,-0.00285,0.0,41.254154
-0.198105,0.690553,-0.916962,0.261048,0.261057,-0.321507,-0.415466,-0.454711,-0.234568,0.344898,-0.002529,0.0,41.361851
-0.711288,0.056,-0.711288,1.064133,1.064128,-0.908429,-1.49482,-1.300475,-1.283222,-0.803394,-0.002051,1.0,41.801994
-1.180991,0.032502,-1.766074,3.382801,3.3828,-3.33062,-4.19849,-4.182958,-4.346655,-4.018682,0.001849,1.0,43.216072
-0.703127,0.118085,-1.824911,0.931795,0.931783,-3.136695,-4.43131,-4.599128,-5.004278,-4.802419,0.001746,1.0,43.618752
0.740298,1.486005,0.0,-0.670925,-0.670897,-1.526004,-3.253551,-3.714482,-4.181357,-4.051227,0.000544,-1.0,43.326115
-1.857141,0.158732,-2.010584,2.129041,2.129025,-2.274074,-4.549206,-5.366135,-5.780156,-5.84927,0.0012,1.0,44.248539
0.834303,0.897664,-0.264019,0.20106,0.201069,-1.326443,-3.950795,-5.194151,-5.540191,-5.808094,0.001591,0.0,44.337509
-1.189979,0.156568,-1.586645,1.172248,1.172238,-1.737996,-4.302714,-5.715032,-6.200938,-6.624634,0.002302,1.0,44.85725
-1.667954,0.180743,-1.797052,1.069929,1.069941,-2.020139,-4.414152,-6.042519,-6.66641,-7.287996,0.002804,1.0,45.337196
-0.092449,1.689688,-0.359515,0.547388,0.547385,-1.562329,-3.984394,-5.886369,-6.755438,-7.456635,0.003192,0.0,45.585365
-1.775384,0.0,-2.494595,2.115963,2.115971,-2.613293,-4.859437,-7.049919,-8.186903,-8.873319,0.003957,1.0,46.549938
0.87648,2.354258,-0.122301,-1.302618,-1.302635,-0.628815,-2.702299,-5.081868,-6.538419,-7.199547,0.003597,-1.0,45.943562
1.499952,1.789598,-0.372401,-1.477786,-1.477787,1.041699,-0.790308,-3.095402,-4.662245,-5.427735,0.002981,-1.0,45.264614
0.892675,1.273754,-0.459388,-0.920658,-0.920651,1.762375,0.405621,-1.660053,-3.322456,-4.166003,0.003537,-1.0,44.847885
-0.573466,0.48564,-0.981604,1.044059,1.04406,0.592064,-0.192704,-2.078597,-3.847386,-4.842736,0.004075,1.0,45.316124
-0.549081,0.341882,-0.642325,-0.26348,-0.263474,0.258989,0.280748,-1.254261,-3.135467,-4.298585,0.003599,0.0,45.196728
-0.156988,0.450026,-0.444797,-1.010099,-1.010109,0.744111,1.394034,0.191172,-1.710625,-3.070855,0.003597,-1.0,44.740192
-0.998866,0.201842,-1.630262,1.109363,1.109354,-0.373657,0.365398,-0.610347,-2.369827,-3.757159,0.002928,1.0,45.236519
0.041697,0.615156,-0.427488,-0.724559,-0.724554,0.380567,1.002505,0.30654,-1.249868,-2.686684,0.002563,-1.0,44.908756
1.770481,1.834089,-0.482368,-1.652599,-1.652598,1.546787,2.378486,2.118924,0.739208,-0.766491,0.001937,-1.0,44.166595
-0.965979,0.351741,-1.296724,0.970053,0.970048,0.301349,0.956539,1.189637,0.133882,-1.402552,0.003101,1.0,44.595032
0.869423,0.869423,-0.005363,-2.178704,-2.1787,2.023289,2.673215,3.334231,2.572858,1.04911,0.002492,-1.0,43.62344
2.032545,3.204955,-0.010959,-2.039392,-2.039383,2.97594,4.218477,5.154215,4.651832,3.273538,0.00155,-1.0,42.733791
-0.244773,0.462327,-2.034271,0.723173,0.723175,1.369582,3.050844,4.043865,3.833549,2.69871,0.001776,1.0,43.042831
-1.634659,0.047609,-1.840976,2.81751,2.817514,-1.368046,-0.012707,0.992424,1.093202,0.155731,0.002976,1.0,44.255569
-1.768987,0.0,-2.445367,1.67698,1.676964,-2.815807,-1.70603,-0.90322,-0.490888,-1.172938,0.003042,1.0,44.997719
-1.58706,0.180928,-1.76799,0.645165,0.645175,-2.703682,-2.215165,-1.634967,-1.023838,-1.498559,0.00344,1.0,45.288033
0.867432,1.593773,0.0,-1.070103,-1.070126,-0.727366,-1.254097,-0.63958,0.040778,-0.291353,0.003054,-1.0,44.803394
-1.640855,0.092006,-1.937335,2.226058,2.226066,-1.684808,-3.209624,-2.664547,-2.087095,-2.272036,0.003756,1.0,45.800747
-1.31632,0.237039,-1.417188,1.354596,1.354602,-2.065768,-4.017549,-3.806735,-3.305676,-3.311475,0.003859,1.0,46.421165
-0.863056,0.269398,-1.746071,1.09441,1.09441,-2.302819,-4.559237,-4.601976,-4.312044,-4.129703,0.003042,1.0,46.929203
0.504905,0.819836,-0.38992,-0.204542,-0.20454,-1.442714,-3.67826,-4.108509,-4.020942,-3.720051,0.002636,0.0,46.833214
0.035008,1.350133,-0.235024,-0.029992,-0.029992,-0.552057,-2.776777,-3.854385,-3.826131,-3.52355,0.002865,0.0,46.819168
-0.10559,0.110614,-0.859776,-0.545053,-0.54505,0.320776,-1.487761,-3.090489,-3.11479,-2.889438,0.00191,-1.0,46.56398
-1.498205,0.23163,-1.626339,2.02122,2.02124,-1.21041,-2.755433,-4.541938,-4.803876,-4.65174,0.00256,1.0,47.50515
0.33488,0.413669,-0.758393,0.07392,0.073885,-1.026282,-2.292413,-4.199401,-4.627682,-4.638812,0.002168,0.0,47.540249
0.241288,0.699232,-0.310225,0.009851,0.009893,-0.736676,-1.827386,-3.65901,-4.342157,-4.513518,0.001789,0.0,47.544952
-0.372115,0.494514,-0.372115,0.571205,0.571184,-0.883273,-1.754804,-3.497525,-4.615655,-4.842349,0.001798,1.0,47.816521
0.51025,0.529871,-1.069575,-0.205638,-0.205644,-0.195265,-1.150525,-2.645474,-4.12472,-4.405655,0.000969,0.0,47.718189
0.193219,1.133875,-1.225405,-3.508001,-3.508015,2.798613,2.361333,1.152876,-0.435232,-0.867022,0.000181,-1.0,46.044228
-0.105447,0.908815,-0.32135,1.266082,1.266115,1.1217,1.016755,0.121157,-1.462159,-1.983751,0.001161,1.0,46.627201
1.659705,1.822625,-0.117094,-1.37578,-1.375811,1.854204,2.241642,1.618992,0.169294,-0.508082,0.000998,-1.0,45.985699
-1.008255,0.304,-1.200788,0.483655,0.483663,0.667786,1.617277,1.33253,0.063087,-0.902866,0.000798,0.0,46.208115
-0.140689,0.587881,-0.819015,0.835997,0.836013,-0.649194,0.78132,0.605958,-0.385401,-1.579753,0.001191,1.0,46.594421
1.973479,2.172357,0.0,-1.467187,-1.467212,0.772066,1.934739,2.029929,1.278185,0.037747,0.001028,-1.0,45.910782
-1.27086,0.085741,-1.27086,1.116769,1.11677,-0.428655,0.568378,0.830451,0.313194,-0.90956,0.00103,1.0,46.4235
-0.316156,0.215784,-0.526925,0.494232,0.494239,-0.632309,-0.117427,0.308798,-0.033871,-1.137147,0.001466,0.0,46.652943
0.272352,0.458964,-0.716193,-0.501832,-0.501825,-0.040355,0.085232,0.757215,0.64432,-0.32098,0.001877,-1.0,46.418827
-1.566727,0.0,-1.641806,0.761586,1.581324,-1.359571,-1.592696,-0.728022,-0.779042,-1.524035,0.002095,1.0,47.152859
-0.109918,0.039972,-0.689477,0.1852,0.185213,-0.979098,-1.521455,-0.948938,-0.875785,-1.453368,0.002939,0.0,47.240192
-1.108913,0.267323,-1.11881,0.924311,0.92431,-1.360212,-2.203209,-1.836993,-1.705202,-2.13113,0.003998,1.0,47.676838
1.050529,1.405711,-0.315152,-1.039608,-1.039622,-0.10004,-0.92243,-0.857148,-0.635697,-0.942474,0.003368,-1.0,47.181179
1.499573,1.524896,-0.288764,-1.255624,-1.255617,1.243223,0.419128,0.227849,0.603076,0.470413,0.001913,-1.0,46.588764
-0.171611,1.049869,-0.227133,0.369824,0.369821,0.702609,0.084761,-0.277906,0.253468,0.182367,0.001447,0.0,46.761059
-1.155697,0.193443,-2.063392,1.761561,1.761564,-0.895791,-1.295982,-1.788332,-1.473622,-1.454045,0.001845,1.0,47.584785
-0.207797,0.108846,-1.128043,0.252962,0.252942,-1.133966,-1.276356,-1.885484,-1.704925,-1.637619,0.002318,0.0,47.705147
0.292186,0.356559,-0.307035,-0.094006,-0.093975,-0.839906,-0.972128,-1.558951,-1.600362,-1.475679,0.001489,0.0,47.660316
-0.422563,0.03931,-0.933573,0.787408,0.787372,-1.012172,-1.409181,-2.074366,-2.346279,-2.144079,0.001287,1.0,48.03558
-0.24021,0.411783,-0.470613,0.230936,0.230966,-0.664752,-1.429984,-2.085106,-2.526824,-2.238095,0.000978,0.0,48.146526
0.516066,0.79131,0.0,-0.259815,-0.259813,-0.224138,-1.010532,-1.537032,-2.067049,-1.940431,0.000959,0.0,48.021435
-0.502119,0.662994,-0.502119,0.820798,0.820779,-0.742936,-1.663818,-2.064313,-2.679628,-2.666413,0.001262,1.0,48.415585
-0.902111,0.421317,-0.902111,-1.647738,-1.647728,0.902105,0.075338,-0.288477,-0.87781,-1.02963,0.000869,-1.0,47.617828
-0.473515,0.291011,-0.818785,0.490708,0.490711,0.332444,-0.149459,-0.575785,-1.190122,-1.509993,0.000322,0.0,47.851494
0.237963,0.609784,-0.094197,-0.508038,-0.508036,0.618705,0.538388,-0.004305,-0.579078,-1.016298,0.000114,-1.0,47.608391
0.906524,0.975876,-0.430968,0.079316,0.079293,0.381451,0.471609,-0.026731,-0.47574,-0.960239,0.000139,0.0,47.646141
0.094253,0.550623,-0.114091,-0.138703,-0.138693,0.169658,0.58486,0.098557,-0.215976,-0.742581,-0.000115,0.0,47.580059
0.742121,1.133236,0.0,-1.071484,-1.07148,1.021916,1.54892,1.166999,0.909098,0.424626,-0.000424,-1.0,47.070248
-2.265878,1.094039,-2.265878,3.123909,3.12391,-1.754356,-1.423221,-1.629551,-1.929154,-2.425299,0.001945,1.0,48.54068
0.752063,1.086309,-0.462055,-1.079452,-1.079455,-0.512193,-0.374554,-0.381764,-0.769019,-1.242048,0.001107,-1.0,48.016705
-1.374423,0.308642,-1.658951,1.926856,1.926863,-1.86343,-2.069833,-2.08012,-2.471066,-2.861271,0.002287,1.0,48.941921
0.139587,1.357405,-0.221424,0.188079,0.18807,-1.454628,-2.127551,-2.083265,-2.515757,-2.830665,0.002181,0.0,49.033966
-2.171162,0.262601,-2.53693,2.647413,2.647418,-2.700117,-4.112543,-4.254785,-4.716997,-5.044405,0.002828,1.0,50.3321
-1.044811,0.060361,-2.484331,0.984763,0.984785,-2.749033,-4.462061,-4.822247,-5.229183,-5.623424,0.003704,1.0,50.827763
-0.532214,0.828395,-0.712703,0.338979,0.338962,-1.907626,-4.119774,-4.770764,-5.133748,-5.640504,0.003426,0.0,51.00005
0.34727,1.032549,-0.032416,-0.050907,-0.050916,-1.060324,-3.418061,-4.33609,-4.752968,-5.299433,0.003231,0.0,50.974083
-0.476997,0.366922,-0.678804,0.953836,0.953851,-1.052152,-3.576579,-4.845518,-5.28804,-5.900113,0.003751,1.0,51.4603
-0.118866,0.393179,-0.781782,0.321055,0.321046,-0.867729,-3.002785,-4.632497,-5.207101,-5.856898,0.003301,0.0,51.625511
-0.549497,0.022708,-0.549497,0.672061,0.672067,-1.089012,-2.99001,-4.740542,-5.461173,-6.071028,0.003475,1.0,51.972469
0.605454,0.787541,-0.236722,-0.240688,-0.240695,-0.523511,-2.017113,-3.965645,-4.876175,-5.451994,0.003059,0.0,51.847374
-0.144859,0.321394,-0.547738,0.564485,0.564478,-0.634641,-1.953729,-3.930101,-5.015158,-5.633238,0.003632,1.0,52.140041
-0.520922,0.017967,-0.74097,0.801226,0.801248,-1.006835,-2.062608,-4.06234,-5.376109,-6.014019,0.004366,1.0,52.557812
0.239806,0.461519,-0.683225,-0.749953,-0.749965,-0.052486,-0.971447,-2.686454,-4.225374,-4.958508,0.003966,-1.0,52.163647
0.266773,0.601375,-0.420514,0.067874,0.067879,-0.033467,-0.775916,-2.28523,-3.8739,-4.703931,0.003361,0.0,52.199055
0.614107,1.128143,-0.109177,-0.601376,-0.601367,0.585897,-0.005017,-1.196998,-2.880195,-3.839162,0.003056,-1.0,51.885147
-0.343098,0.27087,-0.474014,0.764225,0.764209,-0.122785,-0.51329,-1.520469,-3.173443,-4.242514,0.003363,1.0,52.281658
-0.360004,0.351004,-0.711007,0.320529,0.320541,-0.48331,-0.642614,-1.401022,-3.018639,-4.240852,0.003196,0.0,52.449242
0.739038,1.176152,-0.112658,-0.1395,-0.139506,-0.263168,-0.360509,-1.003111,-2.376643,-3.743684,0.003064,0.0,52.376072
0.321074,0.728078,-0.506493,-0.351494,-0.351491,0.085921,0.033008,-0.479664,-1.682501,-3.071504,0.003031,0.0,52.191975
1.425314,2.416634,-0.132477,-1.008462,-1.008479,1.020573,1.01692,0.620085,-0.32776,-1.769927,0.002378,-1.0,51.66563
-1.756114,0.0,-1.940261,1.713111,1.713127,-0.578486,-0.606331,-0.874616,-1.663149,-3.051068,0.003578,1.0,52.550728
-0.40668,0.509473,-0.86253,0.498542,0.498532,-0.934031,-1.051117,-1.195619,-1.793208,-3.135674,0.003581,0.0,52.81271
0.640303,0.897322,-0.216446,-0.889342,-0.889341,-0.057718,-0.128959,-0.21764,-0.719887,-1.86355,0.003445,-1.0,52.343025
-4.362989,0.034458,-4.367301,4.694047,4.694052,-3.586875,-4.132136,-4.347486,-4.808767,-5.806699,0.005093,1.0,54.800034
1.060668,1.539261,-0.478586,-0.107675,-0.107675,-2.359333,-3.507091,-3.891976,-4.364461,-5.213812,0.005104,0.0,54.741028
-0.253235,0.35624,-0.562261,0.45704,0.45705,-1.915975,-3.453379,-3.983587,-4.434322,-5.205042,0.00565,0.0,54.991222
1.493978,1.787514,-0.258487,-2.034424,-2.034425,0.514341,-1.184237,-1.826952,-2.225858,-2.877205,0.003807,-1.0,53.872467
2.32768,2.580795,0.0,-3.066813,-3.066813,3.647453,1.912308,1.286321,0.924512,0.340241,0.003098,-1.0,52.220299
2.705581,2.705581,-0.508743,-2.273446,-2.273459,4.582379,4.056057,3.490278,3.18033,2.690597,0.001598,-1.0,51.033092
-1.511591,0.633595,-1.611159,2.192215,2.19223,1.345939,1.917077,1.304295,0.996095,0.576018,0.002313,1.0,52.151855
0.911944,1.667284,-0.285555,-1.737876,-1.737888,1.676501,3.464909,2.961194,2.695059,2.376017,0.000747,-1.0,51.245514
2.204815,2.317999,-2.069,1.731765,1.731779,-0.721667,1.573242,1.168042,0.906136,0.684884,0.001014,1.0,52.132973
0.324937,1.610732,-0.148536,-2.467409,-2.467404,1.249587,3.848574,3.526888,3.329377,3.170763,1.2e-05,-1.0,50.846642
1.424086,2.047124,-0.655826,-0.909805,-0.909826,1.921593,3.925621,4.238229,4.098007,3.991949,-0.000295,-1.0,50.384026
-0.177118,0.624598,-1.472913,0.501238,0.501246,0.81477,2.596725,3.582862,3.455535,3.377647,-0.000457,0.0,50.636574
-1.099205,0.524096,-1.154865,0.498745,0.498738,0.174396,1.281488,2.851141,2.805302,2.766296,-0.000393,0.0,50.889118
-1.337837,0.0,-1.474817,1.576919,1.576932,-1.551532,-0.712756,1.109838,1.136015,1.103871,-7e-05,1.0,51.691605
-0.716925,0.099197,-1.496975,1.264784,1.264759,-2.208483,-1.928921,-0.152685,-0.130067,-0.144991,0.000468,1.0,52.345379
0.60757,0.716391,-0.253911,-0.554602,-0.554584,-1.021089,-1.185674,0.052595,0.413735,0.400814,6.8e-05,-1.0,52.05508
-0.539736,0.251878,-1.025501,0.807071,0.807062,-1.112757,-1.915164,-1.036288,-0.31304,-0.358019,7e-05,1.0,52.475197
-0.325644,0.325642,-0.570995,0.827599,1.55847,-1.728094,-3.036134,-2.767377,-1.773149,-1.811171,0.000894,1.0,53.293007
-0.535593,0.312428,-0.709661,-0.053529,-0.053534,-1.084867,-2.771766,-2.791393,-1.678128,-1.697356,0.000851,0.0,53.264477
-0.765485,0.106196,-1.101772,0.87034,0.870359,-1.423656,-3.0744,-3.44307,-2.397604,-2.444904,0.001377,1.0,53.728069
0.185791,1.070512,-0.194639,0.026547,0.026554,-0.82192,-2.47524,-3.132625,-2.521919,-2.35541,0.001113,0.0,53.742336
0.888865,1.746466,-0.089339,-0.964342,-0.964372,0.42524,-1.039431,-2.055066,-1.715221,-1.287462,0.000654,-1.0,53.22406
0.313253,0.675733,-0.389337,-0.187599,-0.187596,0.550441,-0.432706,-1.635218,-1.706218,-1.058752,0.000637,0.0,53.124214
0.16565,0.586497,-0.170131,-0.044754,-0.044742,0.533667,-0.122821,-1.469724,-1.734914,-0.992789,0.000747,0.0,53.100445
-1.087585,0.548206,-1.202531,1.267015,1.267001,-0.707362,-1.106902,-2.339653,-2.81996,-2.125129,0.001559,1.0,53.773228
-0.405088,0.581213,-0.713309,0.406736,0.406743,-1.01713,-1.148781,-2.289782,-2.939623,-2.581483,0.001093,0.0,53.991947
0.495332,0.791647,-0.375925,-0.440315,-0.44031,-0.382119,-0.473666,-1.470998,-2.361321,-2.224074,0.000758,0.0,53.754215
-0.039772,0.671736,-0.300509,0.075185,0.075181,-0.207707,-0.455187,-1.184943,-2.197742,-2.386502,0.001102,0.0,53.794628
0.234574,0.907321,-2.319203,-0.150255,-0.150249,0.170835,-0.221745,-0.785266,-1.903421,-2.251434,-0.000628,0.0,53.713802
0.812861,1.174128,-0.835444,-1.991679,-1.991689,1.777461,1.599986,1.268755,0.26077,-0.23283,-0.001301,-1.0,52.64399
-0.155214,0.208426,-1.2949,1.833452,1.833459,-0.197783,-0.254105,-0.361272,-1.24357,-1.836873,-0.000809,1.0,53.609196
1.261164,1.341954,-0.228891,-1.192906,-1.192892,0.710909,0.902101,0.903897,0.168943,-0.589996,-0.000509,-1.0,52.969696
-0.044673,0.987228,-0.241219,0.471255,0.471226,0.02235,0.446721,0.421409,-0.081943,-0.907894,0.000755,0.0,53.219303
-0.270438,0.075368,-0.895551,0.759401,0.759416,-0.765207,-0.212804,-0.29083,-0.654886,-1.543562,0.001838,1.0,53.623459
0.004433,0.385808,-0.345898,-0.026599,-0.026598,-0.378715,-0.216852,-0.279085,-0.510582,-1.311242,0.001045,0.0,53.609196
-0.541419,0.532621,-1.122453,0.745008,0.745012,-0.967516,-0.95167,-0.983658,-1.065457,-1.772604,0.001932,1.0,54.008591
0.00884,0.698799,-0.358256,-0.475387,-0.475385,-0.203461,-0.479001,-0.445241,-0.474136,-1.071589,0.001144,0.0,53.751842
2.663287,3.039226,-0.158532,-2.352945,-2.352959,1.922285,1.669997,1.872762,1.847323,1.434027,0.001185,-1.0,52.487083
-0.067948,0.520902,-1.001045,-0.004528,-0.004519,1.492956,1.440411,1.799155,1.777641,1.499056,0.001508,0.0,52.484711
-0.799891,0.044689,-1.07248,1.363408,1.363391,-0.025904,0.18055,0.358105,0.359074,0.198118,0.001816,1.0,53.200283
-0.799433,0.159004,-1.3957,1.175263,1.175279,-1.255248,-0.942982,-0.828293,-0.798996,-0.834241,0.002058,1.0,53.825535
1.246534,1.46099,-0.813157,-1.143941,-1.143944,-0.31633,0.248412,0.251094,0.3476,0.36851,0.001086,-1.0,53.209801
1.036871,1.036871,-0.410244,-0.893575,-0.893572,0.676219,1.060316,1.020945,1.215396,1.231085,0.000315,-1.0,52.734333
-0.179073,4.163497,-1.643014,0.698759,0.698757,0.210414,0.261006,0.243247,0.513278,0.516457,0.000763,1.0,53.102818
2.101925,2.482444,-0.747448,-1.17294,-1.172932,1.125251,1.235781,1.41215,1.583007,1.614309,5.6e-05,-1.0,52.479958
1.735354,2.124542,0.0,-1.064556,-1.064555,1.479852,1.923074,2.286627,2.476645,2.567395,-0.000881,-1.0,51.92128
1.979787,2.091066,0.0,-1.245421,-1.245439,2.004836,2.725347,3.35622,3.527231,3.708843,-0.001307,-1.0,51.274632
-0.407844,0.185381,-1.260602,0.041734,0.041744,1.40149,2.450292,3.063137,3.240487,3.52301,-0.001603,0.0,51.296036
1.12688,2.003866,-0.740248,-1.705523,-1.705526,2.097226,3.818665,4.427999,4.705319,5.106705,-0.002221,-1.0,50.421169
-1.422222,0.0,-1.941073,1.777549,1.777553,-0.138982,1.638561,2.306432,2.747382,3.079588,-0.001242,1.0,51.317432
1.108525,1.611555,-0.069861,-0.537387,-0.537392,0.055894,1.642297,2.471671,3.051007,3.405316,-0.001367,-1.0,51.041656
0.0559,0.857168,-0.600954,-0.018627,-0.018632,-0.020493,1.234516,2.135475,2.880375,3.211225,-0.001358,0.0,51.032146
0.362772,0.590672,-0.758101,0.163045,0.163048,-0.253939,0.752993,1.79031,2.507099,2.83355,-0.001752,0.0,51.115353
3.789125,3.85653,-0.938852,-3.399842,-3.399867,2.833919,3.544564,4.953329,5.684915,6.101526,-0.003112,-1.0,49.377499
1.65675,1.98122,-1.174967,-2.065475,-2.065449,3.778566,4.875862,6.499188,7.370827,7.984662,-0.003692,-1.0,48.357632
0.113536,1.643716,-0.291227,-0.403131,-0.403128,3.003102,4.519962,6.146404,7.19853,7.969398,-0.003863,0.0,48.162689
-1.426227,0.115644,-2.370626,2.443357,2.443354,-0.139735,1.634867,3.091777,4.194617,5.099938,-0.002937,1.0,49.339474
3.329195,3.731086,-0.694623,-2.886185,-2.886182,1.492423,3.94988,5.485151,6.814185,7.780696,-0.003256,-1.0,47.915447
1.322276,1.713877,-0.910343,-2.441082,-2.441081,2.905962,5.764626,7.21795,8.873005,9.889026,-0.004783,-1.0,46.745792
-0.601956,0.467638,-1.492463,2.22753,2.22752,0.424862,2.721262,4.226993,5.934291,7.007223,-0.003561,1.0,47.787064
-0.10292,0.436168,-2.391573,1.512367,1.512378,-0.92821,0.668944,2.205333,3.808128,4.959562,-0.003189,1.0,48.509785
-1.127245,0.095527,-1.853269,2.602301,2.60231,-3.267108,-2.137481,-0.588156,0.829897,1.977633,-0.002531,1.0,49.77216
1.149315,1.726375,0.0,-0.673483,-0.673503,-1.995662,-1.81341,-0.164776,1.1801,2.422322,-0.002762,-1.0,49.436943
-0.07173,0.176922,-0.353849,0.567448,0.567478,-1.353245,-2.29907,-0.82248,0.268708,1.621742,-0.002825,1.0,49.717487
-0.300045,0.290518,-0.685812,0.401662,0.401645,-0.894412,-2.377485,-1.406239,-0.389109,0.952131,-0.002512,0.0,49.917175
0.708742,0.708742,-0.392687,-0.547693,-0.547697,0.108229,-1.541521,-1.050991,-0.069923,1.171147,-0.001867,-1.0,49.64378
0.191028,0.525314,-0.864373,0.277744,0.277751,-0.165233,-1.725406,-1.492523,-0.496662,0.615468,-0.001767,0.0,49.781666
0.537882,2.448103,-0.185993,-5.0,-5.000005,4.182385,3.315241,3.153204,4.317097,5.450762,-0.004039,-1.0,47.29258
-0.953232,0.253198,-1.196507,1.251701,1.251691,2.128893,2.275851,1.67015,2.762641,3.711256,-0.004012,1.0,47.884537
-0.384862,0.680912,-0.434207,0.620594,0.620601,0.778605,1.726948,1.018734,1.803422,2.714756,-0.003382,1.0,48.181709
-0.172748,0.508366,-0.350431,-0.029605,-0.029603,0.195447,1.685998,1.049306,1.535212,2.433439,-0.003073,0.0,48.167446
-0.965592,0.591974,-1.324662,1.717584,1.717592,-1.81766,-0.189729,-0.703906,-0.387219,0.517629,-0.002709,1.0,48.994766
0.645731,1.31103,-0.205459,-0.810324,-0.810327,-0.478431,0.452987,0.20089,0.167541,1.116713,-0.00258,-1.0,48.597748
-1.631827,0.362091,-1.993919,1.325704,1.325691,-1.229173,-0.957847,-0.772133,-1.156756,-0.302029,-0.001726,1.0,49.242004
0.652511,0.808339,-0.077914,-0.854538,-0.854545,-0.115881,-0.328678,0.224337,-0.257339,0.352758,-0.001587,-1.0,48.821209
-0.809775,0.143749,-2.041204,1.62641,1.626426,-1.130811,-1.929565,-1.231112,-1.707235,-1.368282,-0.001021,1.0,49.61525
-0.934092,0.568998,-1.085819,1.054143,1.054148,-1.706027,-2.881464,-2.212741,-2.652918,-2.468473,-3.5e-05,1.0,50.138268
-0.298849,0.028462,-1.261802,-0.042672,-0.042684,-1.057822,-2.276452,-2.080539,-2.39172,-2.506517,-0.000685,0.0,50.116867
-0.292865,0.368446,-0.316484,0.422181,0.422193,-1.042048,-2.201706,-2.411279,-2.446155,-2.840817,-0.000342,0.0,50.328457
-0.033006,0.29709,-0.311235,0.170052,0.170055,-0.578144,-1.924934,-2.511247,-2.351228,-2.842599,-0.000275,0.0,50.414043
0.638519,0.962548,0.0,-1.03744,-0.285099,-0.033267,-1.226212,-2.149424,-1.89693,-2.397109,-0.000435,0.0,50.270313
0.74717,1.079782,-0.496503,-1.148387,-1.148378,0.948866,0.061775,-1.024568,-0.765211,-1.23478,0.000369,-1.0,49.69302
-1.0581,0.133454,-1.0581,1.137624,1.137623,-0.130336,-0.733335,-1.744468,-1.799713,-2.159249,0.001513,1.0,50.258339
-0.465866,0.294731,-0.717813,0.262144,0.262126,-0.366977,-0.765021,-1.669861,-1.98971,-2.125758,0.001751,0.0,50.390079
1.154294,1.154294,-0.2501,-1.159916,-1.159911,0.557911,0.597171,-0.298571,-0.850738,-0.815069,0.000464,-1.0,49.805599
-0.594955,0.271296,-0.718711,1.048484,1.048472,-0.462627,-0.305038,-1.046896,-1.811548,-1.699711,0.001869,1.0,50.327797
0.362998,0.434639,-0.320008,-0.347459,-0.347438,0.067816,0.045474,-0.547944,-1.4322,-1.326618,0.002617,0.0,50.152939
-0.98081,0.094307,-1.11284,1.289589,1.289589,-0.993081,-1.093858,-1.525166,-2.341945,-2.475594,0.002282,1.0,50.799706
-0.703961,0.009326,-0.783213,1.145844,1.145833,-1.728668,-2.009319,-2.36311,-3.107947,-3.450839,0.002151,1.0,51.381786
0.327407,0.327407,-0.369508,-0.326338,-0.326337,-0.856875,-1.532272,-1.731951,-2.494666,-3.033436,0.001105,0.0,51.214108
-0.312107,0.009318,-0.545023,0.40692,0.406927,-0.832907,-1.707275,-1.895907,-2.573331,-3.288058,0.001491,0.0,51.422512
0.48876,0.521341,-0.698227,0.074533,0.074539,-0.398461,-1.436959,-1.797642,-2.406291,-3.229572,0.001315,0.0,51.460842
0.866426,1.016298,-0.318475,-0.609783,-0.6098,0.348451,-0.658482,-1.060855,-1.558302,-2.334405,0.000953,-1.0,51.147034
0.809196,0.903837,-0.246074,-1.030347,-1.030333,1.092176,0.421154,0.007564,-0.397349,-1.101487,0.000781,-1.0,50.620049
-0.127696,0.0,-0.936478,0.052046,0.052056,0.815393,0.534919,-0.013884,-0.268982,-0.958285,0.0007,0.0,50.6464
-0.047123,0.131939,-0.753936,0.37365,0.373628,0.209227,0.260588,-0.311933,-0.520186,-1.117009,0.00262,0.0,50.835629
-0.220657,0.18779,-0.652582,0.367543,0.367567,-0.32959,0.063837,-0.503302,-0.797852,-1.320172,0.002304,0.0,51.022484
0.428076,0.663282,-0.446889,-0.197183,-0.197186,-0.221099,0.285529,-0.219851,-0.52281,-0.942641,0.002012,0.0,50.921875
-0.583431,0.247375,-0.700117,0.785587,0.785564,-0.725308,-0.507806,-0.876536,-1.20139,-1.552629,0.002303,1.0,51.321899
0.145765,0.578339,-0.263305,-0.732793,-0.732777,0.125071,0.173971,0.004387,-0.419882,-0.659091,0.001428,-1.0,50.945824
0.292769,0.661093,-0.254997,-0.427867,-0.427858,0.512811,0.467476,0.486677,0.053108,-0.144495,0.001564,0.0,50.727848
0.274506,0.369168,-0.208237,-0.226667,-0.226666,0.579294,0.528177,0.775545,0.371281,0.119866,0.00101,0.0,50.612865
0.304414,0.356735,-0.128427,-0.496942,-0.496937,0.859005,0.874225,1.220809,0.882781,0.639302,0.001138,0.0,50.361351
-0.31782,0.526542,-0.43167,0.271115,0.271105,0.259954,0.577297,0.830445,0.620696,0.380622,0.000654,0.0,50.497883
-0.3787,0.0,-1.050888,0.208721,0.208722,-0.084257,0.359287,0.539956,0.489934,0.186501,0.000352,0.0,50.603283
0.546782,0.874855,-1.093574,-0.440233,-0.440238,0.219668,0.712724,0.846644,0.939517,0.638259,0.00021,0.0,50.380508
0.96902,1.255426,-0.186164,-0.394639,-0.394633,0.444889,0.944194,1.076259,1.3423,1.075937,-8.2e-05,0.0,50.18169
-0.224376,0.162313,-0.615844,-0.009549,-0.009555,0.380966,0.80537,0.957022,1.289923,1.079103,-0.000146,0.0,50.176895
0.712263,1.347516,-0.197309,-0.802028,-0.802032,0.901883,1.309508,1.660021,1.947408,1.846872,-0.000331,-1.0,49.77446
-0.83708,0.684018,-0.83708,0.611196,0.611201,0.079405,0.520909,0.966871,1.214726,1.249977,0.000298,1.0,50.078682
0.416344,0.430701,-0.66999,-0.047827,-0.047823,-0.002879,0.434528,0.911174,1.126524,1.276599,-0.000126,0.0,50.054733
-0.563834,0.29625,-0.678517,0.153136,0.153122,-0.175835,0.184931,0.63839,0.839316,1.120039,-0.000165,0.0,50.131378
-0.972903,0.488822,-1.048839,0.683299,0.683303,-0.735609,-0.472686,-0.103774,0.088276,0.407955,0.000494,1.0,50.473927
-1.073514,0.513423,-1.129522,1.68003,1.68002,-1.772684,-1.956579,-1.754321,-1.497067,-1.255715,0.000719,1.0,51.321899
0.018622,0.302554,-0.274621,0.275377,0.275381,-1.504368,-2.058732,-1.957102,-1.688221,-1.507528,0.000942,0.0,51.46323
-0.554247,0.226319,-0.651235,0.777323,0.777332,-1.566676,-2.528289,-2.567391,-2.347462,-2.233242,0.000759,1.0,51.86327
-0.143034,0.37372,-0.507522,0.106234,0.106218,-0.982738,-2.297212,-2.503138,-2.3648,-2.301729,0.000387,0.0,51.918358
0.701481,0.757226,-0.980212,-0.682849,-0.682839,0.120783,-1.356496,-1.677345,-1.631275,-1.597687,0.00026,-1.0,51.563839
-0.305331,0.055513,-0.763327,0.418103,0.418105,-0.119361,-1.379999,-1.921724,-1.996666,-1.917836,0.000264,0.0,51.77943
-0.807269,0.626338,-1.3269,-0.28683,-0.286819,0.232895,-0.795684,-1.506919,-1.648421,-1.559435,0.000135,0.0,51.630917
-0.483873,0.018429,-1.211983,0.677372,0.677352,-0.396308,-1.092621,-1.964353,-2.189619,-2.133628,0.000595,1.0,51.98064
-1.031534,0.601728,-1.529208,1.857143,1.857159,-1.824193,-2.364393,-3.403768,-3.752661,-3.772703,0.001626,1.0,52.946003
-0.049599,1.339165,-0.396793,0.33932,0.339321,-1.568225,-2.195428,-3.360394,-3.817978,-3.932189,0.001728,0.0,53.12566
0.121257,0.220058,-0.714061,0.401299,0.401305,-1.376934,-2.208213,-3.30116,-3.936104,-4.164917,0.001738,0.0,53.338856
1.863411,1.890947,-0.02295,-2.151164,-2.15118,1.006063,0.08124,-0.905389,-1.672018,-1.962542,0.000839,-1.0,52.191441
-0.463217,0.767486,-0.581288,1.064803,1.064811,0.232519,-0.805633,-1.609146,-2.483652,-2.842324,0.00129,1.0,52.747181
0.14141,0.41511,-0.323877,-0.445048,-0.445038,0.515457,-0.249076,-0.867027,-1.825804,-2.263308,0.00085,0.0,52.512436
-0.153664,0.601103,-0.29377,0.93057,0.930566,-0.458286,-0.89759,-1.463143,-2.464528,-2.965205,0.001444,1.0,53.001099
0.131107,0.605785,-0.235083,-0.027117,-0.027113,-0.564201,-0.642864,-1.226955,-2.134956,-2.751004,0.001587,0.0,52.986729
0.291818,0.498341,-0.40855,0.696206,0.696197,-0.815299,-1.006556,-1.673405,-2.504495,-3.217029,0.001917,1.0,53.355621
-0.31196,0.898632,-1.597061,-3.578163,-3.578167,2.359739,2.563211,1.921435,1.248776,0.457419,0.000816,-1.0,51.446468
0.093362,0.345443,-0.513493,-0.25609,-0.256095,2.155738,2.508646,2.104698,1.624037,0.803666,0.000628,0.0,51.314716
0.421542,1.035133,-0.079625,-0.336103,-0.336087,1.773296,2.466505,2.39406,2.032074,1.2191,0.000433,0.0,51.142254
-0.266277,0.341024,-0.284967,0.262293,0.262265,0.83997,1.796247,2.060815,1.760741,1.071495,0.000684,0.0,51.276382
1.071043,1.113693,0.0,-1.424834,-1.424816,1.185724,2.942044,3.392891,3.140848,2.569358,0.000316,-1.0,50.545788
-0.915915,0.590152,-0.958404,0.379129,0.379124,0.524057,2.15713,2.839031,2.640345,2.235783,0.000455,0.0,50.737419
0.325228,0.476054,-0.301659,0.165246,0.165249,0.164024,1.655826,2.390651,2.363076,2.121417,0.000801,0.0,50.821262
0.455974,0.878697,-0.650704,-0.76358,-0.763566,0.653545,1.928842,2.822577,3.038608,2.903952,0.00031,-1.0,50.433208
-0.336992,0.327495,-0.417679,0.071251,0.071237,0.261997,1.357444,2.370309,2.835447,2.763112,0.000352,0.0,50.469135
1.023728,1.152891,-0.210478,-0.783147,-0.78314,0.864906,1.502103,2.896416,3.491677,3.46326,1.8e-05,-1.0,50.073891
-0.750738,0.042762,-1.069087,0.679304,0.679308,0.056059,0.612455,1.893619,2.63802,2.650182,1.6e-05,1.0,50.414047
0.21844,0.303922,-0.261183,0.057014,0.057008,-0.151009,0.382275,1.562034,2.331418,2.474688,-0.000563,0.0,50.442787
-0.099861,0.427956,-0.404188,-0.132964,-0.13297,-0.04089,0.363767,1.34982,2.194726,2.516789,-0.000709,0.0,50.375713
-0.227024,0.316897,-0.458773,0.537322,1.308089,-1.109932,-0.979491,-0.213805,0.649442,1.134721,-0.000519,1.0,51.034672
-0.202338,0.032934,-0.569362,0.515543,0.515561,-1.139983,-1.340789,-0.993061,0.046089,0.590008,-0.000373,0.0,51.297787
1.28455,1.489131,-0.123703,-1.096367,-1.09639,0.082588,-0.247513,0.011035,0.956879,1.606914,-0.000521,-1.0,50.735363
-1.320457,0.051318,-1.423107,1.964891,1.964892,-1.347514,-1.993673,-1.862397,-1.063994,-0.444928,3.1e-05,1.0,51.732258
-0.116279,0.320932,-0.404649,0.317279,0.317286,-1.073488,-2.021705,-2.075911,-1.483344,-0.85455,0.000247,0.0,51.896397
-0.749304,0.111012,-0.818688,0.558138,0.558145,-1.181316,-2.236531,-2.503227,-2.106871,-1.493214,0.000205,1.0,52.186054
0.347625,0.565469,-0.018536,-0.208139,-0.208153,-0.675777,-1.647886,-2.103789,-2.025399,-1.296499,-0.000533,0.0,52.077427
0.050905,0.397982,-0.365585,0.157588,0.157598,-0.285994,-1.468005,-2.076068,-2.111211,-1.496877,-0.000598,0.0,52.1595
0.546242,0.601798,-0.078695,-0.03239,-0.032391,-0.096291,-1.110085,-1.875399,-2.000106,-1.493331,-0.000753,0.0,52.142605
-0.110733,0.585984,-0.253774,0.32867,0.328681,-0.263932,-1.063545,-1.957182,-2.209168,-1.868581,0.000133,0.0,52.313988
-0.004609,0.18422,-0.847424,0.184565,0.184559,-0.362,-0.983288,-1.890847,-2.281118,-2.093332,-0.000181,0.0,52.410538
0.18639,0.531219,-0.386768,-1.165199,-1.165201,0.705497,0.280982,-0.512069,-1.008024,-1.059211,-0.000439,-1.0,51.79985
0.959906,1.166947,-0.197627,-0.969247,-0.969236,1.355159,1.372093,0.576493,0.015452,-0.102449,-0.001117,-1.0,51.297787
-0.614722,0.11177,-0.940711,1.039898,1.039895,0.19187,0.347874,-0.280048,-0.916471,-1.090725,-0.000736,1.0,51.83123
0.079114,0.586325,-0.274544,0.079167,0.079155,-0.057689,0.263853,-0.166581,-0.856128,-1.112663,-0.000956,0.0,51.872257
0.550736,0.868104,-0.121346,-0.297811,-0.297822,-0.027053,0.472807,0.219687,-0.439257,-0.783136,0.000215,0.0,51.71777
0.070021,0.074687,-0.518183,-0.023331,-0.023323,-0.040146,0.424354,0.295662,-0.258233,-0.670258,0.000298,0.0,51.705708
-0.815687,0.208554,-1.052048,0.728255,0.72826,-0.461606,-0.316539,-0.257064,-0.819209,-1.285121,0.000678,1.0,52.08226
0.471342,0.555348,-0.13067,-0.690552,-0.690542,0.188527,0.295402,0.435249,-0.005841,-0.529007,0.000338,-1.0,51.72261
-1.295645,0.816114,-1.309485,1.213368,1.213371,-0.829964,-0.900047,-0.711003,-1.016012,-1.575016,0.00128,1.0,52.350197
0.814143,0.837406,-0.232612,-0.889897,-0.889911,0.124688,-0.111647,0.141745,-0.045353,-0.582153,0.000827,-1.0,51.884327
0.392456,0.79892,-0.602687,-0.423356,-0.423346,0.53448,0.28686,0.514233,0.415106,-0.03632,0.000617,0.0,51.664677
-0.368054,0.451919,-0.368054,0.280325,0.280323,0.148155,0.105288,0.18822,0.238069,-0.20802,0.00099,0.0,51.809505
-1.099862,0.220891,-1.679711,1.239286,1.239292,-0.799823,-1.001852,-0.998935,-0.920397,-1.276404,0.001407,1.0,52.451576
0.68204,0.909388,-0.849072,-0.814544,-0.814567,-0.110413,-0.159594,-0.223002,-0.094405,-0.338873,0.001396,-1.0,52.024323
-0.235637,0.11088,-0.596014,0.422217,0.422243,-0.392729,-0.478667,-0.663784,-0.508931,-0.665325,0.001304,0.0,52.243992
0.665898,0.878609,-0.351443,-0.087786,-0.087796,-0.100808,-0.296878,-0.525628,-0.409943,-0.509043,0.001252,0.0,52.198124
1.449407,1.449407,-0.060784,-1.095952,-1.095953,0.935104,0.719563,0.619036,0.641947,0.662425,0.000908,-1.0,51.626057
0.677767,0.677767,0.0,-0.663922,-0.663932,1.154105,1.307077,1.220313,1.230827,1.300203,0.000204,-1.0,51.283295
-0.760228,0.275172,-1.007418,0.917818,0.917819,0.129666,0.270516,0.284507,0.256058,0.367899,0.000347,1.0,51.753983
1.580363,1.689524,-0.137634,-1.725664,-1.725653,1.34402,1.829998,1.933141,1.864167,2.026095,0.000123,-1.0,50.860889
-0.231201,0.132111,-0.651131,0.583739,0.583739,0.34915,1.139941,1.270167,1.210243,1.362079,-0.000371,1.0,51.157784
-0.341338,0.251276,-0.858103,-0.476556,-0.476561,0.54995,1.448354,1.602118,1.65719,1.749591,-0.000654,0.0,50.913986
-1.031071,0.304639,-1.101369,1.156784,1.156788,-0.5146,0.104044,0.411805,0.46281,0.536345,-0.00044,1.0,51.502953
1.352322,1.809438,-0.123802,-1.574729,-1.574743,0.658076,1.442802,1.800244,1.953729,2.016869,-0.000928,-1.0,50.691914
-0.343315,0.133511,-0.915504,-0.138087,-0.138089,0.70285,1.262647,1.77476,1.986471,2.016606,-0.001034,0.0,50.621914
-0.452853,0.146233,-0.85382,1.082397,1.082415,-0.370783,-0.02265,0.620463,0.842015,0.874941,-0.000636,1.0,51.169853
0.377735,0.642146,-0.061376,-0.09435,-0.09435,-0.19548,-0.026915,0.625777,0.843289,0.956419,-0.000787,0.0,51.121574
1.3266,1.461183,-0.096129,-1.765895,-1.765906,1.08724,1.558283,2.138273,2.506375,2.642832,-0.001483,-1.0,50.218815
-2.03899,0.084758,-2.194389,2.071615,2.071622,-0.743079,-0.599454,-0.034217,0.319506,0.511774,-0.000327,1.0,51.259159
2.166482,2.166482,-0.062591,-2.189674,-2.189677,1.285446,1.481391,1.923514,2.391075,2.635791,-0.000763,-1.0,50.136749
1.419653,2.239249,0.0,-1.314338,-1.314337,1.950437,2.493416,2.914434,3.533765,3.822623,-0.001604,-1.0,49.477783
0.107695,1.698649,-0.274134,-0.341495,-0.341487,1.564513,2.519084,2.953782,3.634957,3.953393,-0.001754,0.0,49.308823
0.833664,1.568662,-0.13812,-0.763658,-0.763654,1.820237,2.782646,3.425734,4.07285,4.525249,-0.001921,-1.0,48.932274
0.304619,0.858926,-1.647942,-1.218429,-1.218447,1.866676,3.563055,4.230055,4.975042,5.482357,-0.002348,-1.0,48.33606
-2.911332,0.103452,-3.847289,1.373283,1.373291,0.022661,1.829066,2.564861,3.221922,3.817933,-0.002117,1.0,48.999855
-0.563109,0.276703,-1.179608,1.477833,1.477849,-1.334963,0.055326,0.878949,1.469888,2.149889,-0.001343,1.0,49.723999
-1.116193,0.168385,-1.303829,0.898062,0.898047,-1.869618,-1.02478,-0.117717,0.421694,1.110028,-0.001455,1.0,50.170544
-1.654867,0.03282,-2.536217,2.626889,2.626896,-3.388498,-3.311615,-2.676236,-2.128832,-1.552862,-0.000199,1.0,51.488472
1.123645,1.436562,-0.071115,-1.120433,-1.120439,-1.281999,-2.284277,-1.544662,-1.102551,-0.524749,-0.000448,-1.0,50.911575
-0.19134,0.756016,-0.74669,1.593021,1.593027,-1.777114,-3.509897,-2.946617,-2.570008,-2.124889,2.1e-05,1.0,51.72261
0.070268,0.313845,-0.758851,-0.373345,-0.373351,-0.708259,-2.750136,-2.536379,-2.16882,-1.810004,-0.000555,0.0,51.529503
-0.164007,0.618524,-0.562296,-0.032786,-0.032803,-0.154618,-2.290412,-2.453792,-2.078615,-1.786595,-0.000276,0.0,51.5126
-0.969041,0.069213,-1.222838,1.546321,1.546344,-1.361276,-3.132767,-3.672813,-3.492696,-3.203738,0.000125,1.0,52.309162
0.768654,1.742285,-0.423928,-0.945966,-0.945959,-0.070822,-1.536395,-2.681463,-2.462747,-2.274682,-0.000181,-1.0,51.814339
-3.431224,1.111349,-3.646731,10.244101,10.244089,-7.465876,-9.263888,-10.909217,-10.957108,-10.91705,0.003869,1.0,57.122246
-1.714783,0.443196,-1.714783,2.019861,2.019852,-6.982554,-9.592834,-11.666589,-12.110335,-12.192181,0.004827,1.0,58.276031
-0.231844,0.687258,-1.051582,0.045562,0.045568,-4.695698,-8.239212,-10.678421,-11.534526,-11.725261,0.004516,0.0,58.302586
-1.366427,0.016461,-1.592786,0.592038,0.592042,-3.095036,-7.55855,-10.099742,-11.336588,-11.757506,0.005343,1.0,58.647762
-2.152044,1.126115,-2.216166,2.699922,2.699907,-2.847748,-8.441462,-11.146546,-12.922686,-13.443826,0.006099,1.0,60.231197
-0.231917,0.323882,-1.019635,0.22442,0.224432,-1.990487,-7.214604,-10.090234,-12.270383,-12.991963,0.00635,0.0,60.366375
-0.915104,0.0,-1.342947,0.935662,0.935658,-2.027491,-6.531709,-9.69747,-12.143758,-13.157703,0.006271,1.0,60.931198
0.707401,0.875258,-0.671439,-0.879445,-0.879448,-0.465211,-4.231645,-7.767609,-10.446425,-11.772991,0.006519,-1.0,60.39534
-0.220239,0.060068,-0.628676,-0.191844,-0.191843,0.267489,-2.725341,-6.618078,-9.333076,-10.935807,0.0065,0.0,60.279476
-1.230398,0.083353,-1.432824,0.88896,1.670635,-1.035697,-2.778184,-7.023941,-9.766349,-11.744837,0.00671,1.0,61.286526
0.589826,0.589826,-0.530051,-0.40881,-0.408817,-0.410041,-1.737876,-5.625024,-8.409958,-10.668271,0.006598,0.0,61.035976
0.92429,0.932329,-0.044205,-0.828951,-0.828957,0.28986,-0.544142,-3.844856,-6.751754,-9.191196,0.006932,-1.0,60.530014
-0.488392,0.652517,-0.656525,0.385793,0.385805,0.025615,-0.521368,-3.199436,-6.23847,-8.786143,0.00633,0.0,60.763542
0.024024,0.800865,-0.264281,-0.028026,-0.02803,0.207425,-0.147983,-2.246333,-5.450159,-7.982632,0.007102,0.0,60.74651
0.148081,0.388217,-1.068597,0.052058,0.052064,-0.012013,-0.109953,-1.313975,-4.687673,-7.211662,0.00759,0.0,60.778137
-1.645011,0.087416,-1.65296,0.724406,0.7244,-0.671515,-0.689173,-1.577644,-4.597583,-7.080629,0.007971,1.0,61.218414
0.361891,0.920461,-0.550701,1.013232,1.013228,-1.244587,-1.538572,-2.180802,-4.720975,-7.229038,0.008605,1.0,61.838696
0.149244,0.247429,-0.400592,0.157342,0.157353,-1.021134,-1.44451,-1.943388,-4.029199,-6.61494,0.009097,0.0,61.936001
-0.738556,0.287644,-0.948457,1.036844,1.036846,-1.451458,-2.088559,-2.53093,-4.193562,-6.864409,0.008977,1.0,62.578182
0.085518,0.656924,-0.645262,0.0,0.0,-0.876163,-1.882152,-2.280897,-3.33353,-6.118679,0.008449,0.0,62.578182
0.151045,0.507377,-0.112325,0.3615,0.361493,-0.728144,-1.953988,-2.374078,-3.229345,-5.751034,0.008257,0.0,62.804398
-0.72826,0.968429,-0.72826,-0.015497,-0.015496,-0.408283,-1.578149,-2.16111,-2.854553,-5.01884,0.007313,0.0,62.794666
-0.323063,0.092301,-0.684587,0.720518,0.720505,-0.706117,-1.889535,-2.560407,-3.158595,-4.956152,0.007971,1.0,63.247105
-0.749232,0.107032,-1.112387,0.611515,0.611525,-0.97783,-2.032111,-2.801226,-3.355424,-4.821969,0.00762,1.0,63.633877
0.359949,0.425053,-0.417411,-0.175838,-0.175826,-0.506257,-1.427601,-2.395411,-2.92617,-3.917092,0.007691,0.0,63.521992
-0.649323,0.053155,-0.892352,0.846286,0.846263,-0.949298,-1.811267,-2.899807,-3.452515,-4.290204,0.008005,1.0,64.059555
0.15203,0.96161,-0.220456,-0.094931,-0.094921,-0.478905,-1.380462,-2.446218,-3.121127,-3.841592,0.007419,0.0,63.998749
-1.75665,0.223365,-1.75665,0.39529,0.395294,-0.558041,-1.408348,-2.468394,-3.202475,-3.849839,0.007898,0.0,64.251732
0.787101,1.192112,-0.275103,-0.916187,-0.916179,0.370621,-0.326309,-1.261151,-2.041693,-2.64567,0.003912,-1.0,63.663071
-0.064603,0.934932,-0.231829,0.534921,0.534918,-0.012923,-0.633933,-1.450543,-2.350641,-2.927901,0.003382,0.0,64.003616
1.460394,2.986997,0.0,-2.409545,-2.409554,1.944084,1.764551,1.115358,0.174474,-0.39698,0.002505,-1.0,62.461414
0.572653,0.837552,-1.406317,-0.03115,-0.031152,1.477215,1.739777,1.211275,0.358787,-0.269163,0.002282,0.0,62.441956
-0.193364,1.988875,-0.418293,-1.281655,-1.281648,1.947831,2.800205,2.493456,1.732961,1.106505,0.00086,-1.0,61.64167
-1.914464,0.185274,-2.076576,2.237474,2.237478,-0.487108,0.453144,0.297207,-0.313029,-0.932221,0.001579,1.0,63.020889
-0.878259,0.109785,-1.143242,1.960791,1.960783,-2.322077,-1.364323,-1.457448,-1.959416,-2.652482,0.001945,1.0,64.256592
0.645841,1.112079,-0.11083,-0.942607,-0.942601,-1.018848,-0.489937,-0.431085,-0.835411,-1.561823,0.001923,-1.0,63.650909
-0.677484,0.03785,-0.825098,0.970681,0.970652,-1.401892,-1.404539,-1.235355,-1.599648,-2.275436,0.002338,1.0,64.268738
-0.094247,0.437308,-0.452391,0.397417,0.397444,-0.898749,-1.752626,-1.494388,-1.788627,-2.429169,0.001883,0.0,64.52417
-0.799616,0.455855,-0.840713,0.893461,0.893451,-1.137389,-2.40182,-2.216487,-2.464591,-3.025664,0.002348,1.0,65.100662
0.378819,1.012682,0.0,-0.37739,-0.377399,-0.578341,-1.900819,-1.709034,-1.91957,-2.406854,0.00251,0.0,64.854973
0.395592,0.855224,-0.143165,-0.44633,-0.44633,0.150706,-1.135125,-1.216123,-1.343463,-1.761953,0.002212,0.0,64.565506
0.207908,0.313746,-0.555661,-0.331539,-0.331524,0.509542,-0.509545,-0.851002,-0.894346,-1.278998,0.002104,0.0,64.351456
1.250953,1.926006,-0.007635,-0.888292,-0.888286,1.176947,0.717377,-0.011708,0.035649,-0.278576,0.001768,-1.0,63.779831
-0.618815,0.652785,-0.954643,1.075506,1.075487,-0.096589,-0.130168,-0.992616,-0.964251,-1.222533,0.001894,1.0,64.465775
1.666852,1.670713,-0.11576,-2.207372,-2.207356,1.583504,1.931537,1.140552,1.233157,1.03653,0.000743,-1.0,63.042786
0.889323,1.273786,-1.025243,-0.644369,-0.644367,1.626402,2.430668,1.815137,1.776109,1.68108,0.000457,-1.0,62.636559
-0.961873,0.072812,-1.341253,1.33981,1.339821,0.006882,0.951501,0.57761,0.389325,0.379668,0.000565,1.0,63.475777
-0.472679,0.25335,-0.688224,1.341253,1.341242,-1.146535,-0.415213,-0.475212,-0.933457,-0.881689,0.001044,1.0,64.327141
1.182199,1.512302,-0.291718,-1.482326,-1.482337,-0.003825,0.810659,1.059382,0.534299,0.593257,0.000386,-1.0,63.373596
0.392285,0.761485,-0.338425,-0.195759,-0.19575,0.257679,0.754559,1.151449,0.671871,0.773325,0.000321,0.0,63.249542
0.475492,1.928827,-0.640393,0.29229,0.292277,0.217053,0.282624,0.833914,0.45518,0.440226,0.000168,0.0,63.434406
0.422609,1.189549,-0.563468,-2.001689,-2.001677,1.842227,1.979184,2.667864,2.484736,2.373765,-0.000765,-1.0,62.164654
1.414288,1.714532,-0.304193,-0.95085,-0.950847,1.925484,2.599845,3.333983,3.463034,3.182546,-0.001042,-1.0,61.573563
-1.196315,0.05884,-1.353205,0.718995,0.718994,0.760147,1.472447,2.264754,2.643455,2.339749,-0.001087,1.0,62.016273
-0.241394,1.109643,-1.004516,0.741322,0.74131,-0.228929,0.635037,1.25838,1.745646,1.488872,-0.000789,1.0,62.476006
-0.435322,0.913403,-1.080535,0.171314,0.17133,-0.671648,0.454363,0.874009,1.486308,1.323063,-0.000869,0.0,62.583046
-0.834632,0.543475,-1.642085,0.124381,0.124377,-0.63665,0.199528,0.568836,1.231941,1.211172,-0.000497,0.0,62.660885
0.089039,0.913695,-0.042594,0.267857,0.267847,-0.502531,-0.306629,0.199264,0.826593,1.016379,-0.000592,0.0,62.82872
0.159827,0.296265,-1.064201,-0.681408,-0.681389,0.303269,0.221406,0.66606,1.30198,1.669655,2.5e-05,-1.0,62.400612
1.115577,1.115577,-0.960199,-2.15959,-2.159605,2.051084,2.073791,2.670762,3.226626,3.703894,-0.000735,-1.0,61.053005
2.504465,2.6993,-0.024353,-1.844697,-1.844697,3.082487,3.406809,4.298865,4.779597,5.40429,-0.000936,-1.0,59.926762
-0.189516,0.322582,-1.141129,0.665692,0.665714,1.626599,2.418131,3.261006,3.753009,4.445789,-0.001498,1.0,60.325703
2.153697,3.416889,0.0,2.786292,2.786267,-1.393424,-0.288329,0.212369,0.797544,1.452126,-0.001203,1.0,62.006538
0.379886,0.379886,-2.20882,0.168684,0.168685,-1.652692,-0.440972,-0.091896,0.438249,1.088752,-0.000806,0.0,62.111134
-1.185579,0.254053,-1.943879,1.742779,1.742776,-2.659836,-2.032789,-1.809148,-1.27025,-0.747983,-0.00053,1.0,63.193592
-2.000838,0.694626,-2.185816,1.963127,1.963145,-3.134898,-3.631709,-3.596222,-3.031648,-2.667082,2.9e-05,1.0,64.434174
-1.674021,0.0,-2.170712,2.608619,2.608614,-3.846211,-5.559233,-5.648759,-5.297276,-5.034877,0.000642,1.0,66.115013
1.619171,1.880936,-0.516044,-1.61147,-1.61148,-1.335725,-3.671002,-3.747162,-3.690635,-3.401389,0.000201,-1.0,65.049583
0.734578,1.084911,-0.067804,-0.732937,-0.73293,0.155205,-2.623369,-2.772543,-2.886685,-2.68153,9.8e-05,-1.0,64.572815
0.831605,1.254964,-0.347754,-0.342803,-0.342805,0.85958,-1.77584,-2.243803,-2.467013,-2.265425,9.4e-05,0.0,64.351456
-0.379706,0.116544,-0.654157,0.544322,1.279373,-0.187231,-2.211401,-3.213568,-3.565548,-3.344242,0.000869,1.0,65.174751
-1.214428,0.0,-1.421139,1.849698,1.849675,-1.919993,-3.07522,-4.597747,-4.999342,-4.924569,0.001145,1.0,66.380272
1.15714,1.15714,-0.315248,-0.472482,-0.472473,-1.146502,-2.000555,-3.818124,-4.208317,-4.367913,0.001765,0.0,66.066643
0.225206,0.413481,-0.369181,0.459887,0.459889,-1.057332,-1.807428,-3.85967,-4.318813,-4.625085,0.002159,0.0,66.370476
0.650268,0.698575,-0.360435,-0.646066,-0.646075,0.068379,-0.752161,-2.740251,-3.433838,-3.841581,0.00145,-1.0,65.941673
0.360461,0.360461,-0.408773,-0.007427,-0.007428,0.30695,-0.516903,-2.125372,-3.172351,-3.682634,0.000968,0.0,65.936775
-1.450547,0.0,-2.175826,1.449272,1.449297,-0.97291,-1.821898,-2.869149,-4.239332,-4.77591,0.002015,1.0,66.892395
-0.01832,0.113549,-1.010955,0.003666,0.003649,-0.728913,-1.549637,-2.385531,-3.938907,-4.461197,0.002086,0.0,66.894836
0.491796,0.491796,-0.477112,-0.197798,-0.197775,-0.414742,-1.026554,-1.727619,-3.421872,-3.987504,0.001911,0.0,66.762535
-0.641002,0.446872,-0.641002,0.19819,0.198167,-0.326723,-0.842093,-1.553115,-3.176236,-3.913167,0.002697,0.0,66.894836
-0.200909,0.273973,-0.631968,0.271049,0.271076,-0.256451,-0.826688,-1.556673,-2.905061,-3.90499,0.003133,0.0,67.076172
0.796139,1.061519,0.0,-0.891326,-0.89133,0.516009,0.079969,-0.634895,-1.569089,-2.811069,0.002558,-1.0,66.478302
-0.567759,0.0,-1.38345,2.572707,2.572703,-1.625644,-2.119023,-2.820251,-3.584602,-4.934323,0.003212,1.0,68.188591
1.216856,1.216856,-0.653828,-1.074426,-1.074436,-0.351605,-0.895016,-1.479836,-2.141258,-3.602038,0.002767,-1.0,67.455948
0.511413,0.511413,-0.547945,-0.563018,-0.562999,0.26666,-0.164762,-0.65122,-1.29778,-2.697062,0.002522,-1.0,67.076172
0.317366,0.368443,-0.138622,0.138814,0.138799,0.155405,-0.119648,-0.590964,-1.23099,-2.400631,0.002476,0.0,67.169273
1.507387,1.908375,-0.033414,-1.747349,-1.747339,1.790299,1.52075,1.138081,0.516485,-0.321258,0.002095,-1.0,65.995598
-0.331598,0.291054,-0.862141,0.772264,0.772238,0.504029,0.684195,0.407006,-0.144354,-0.814538,0.003142,1.0,66.505241
1.67421,1.757154,0.0,-2.291651,-2.291631,2.099543,2.771488,2.619398,2.229061,1.688406,0.002983,-1.0,64.981186
0.332391,0.993392,-0.64212,-0.169688,-0.169692,1.593203,2.634188,2.683792,2.442869,1.964682,0.002684,0.0,64.870918
-1.179611,0.155802,-1.216708,1.824358,1.824337,-0.564561,0.640653,0.855927,0.674034,0.235944,0.002341,1.0,66.054382
1.437572,1.437572,-0.199977,-1.687806,-1.687791,0.817265,2.131462,2.386906,2.291442,1.884356,0.001678,-1.0,64.939522
-0.791752,0.382871,-0.888404,1.505485,1.505495,-0.856446,0.272098,0.769462,0.762954,0.425891,0.001593,1.0,65.917183
1.345934,1.459351,-0.1361,-1.680168,-1.68017,0.78487,1.577314,2.290611,2.364459,2.156669,0.000292,-1.0,64.809662
-1.337474,0.115814,-3.235328,1.198492,1.198483,-0.190537,0.147197,0.946194,1.125083,1.022155,-0.000212,1.0,65.586395
0.029942,0.568783,-1.586586,-0.160653,-0.160646,-0.205058,0.050517,0.946219,1.252998,1.203414,0.000306,0.0,65.481033
-0.237359,0.430193,-0.934587,0.898078,0.898083,-0.751381,-0.828896,0.006418,0.289451,0.283774,0.000889,1.0,66.069107
1.416215,1.684551,-0.014911,-0.489545,-0.48956,-0.315287,-0.456539,0.250703,0.695448,0.75761,0.000836,0.0,65.745659
0.0,0.879291,-0.387484,0.029809,0.0298,-0.054378,-0.366972,0.04945,0.589628,0.690782,0.00039,0.0,65.765251
2.084276,2.586333,0.0,-2.041721,-2.041709,1.667425,1.64004,1.860135,2.494298,2.695119,-0.001,-1.0,64.422516
-0.518366,1.082493,-0.869033,-0.213003,-0.213003,1.512432,1.581805,1.778482,2.49601,2.81157,-0.000907,0.0,64.285294
-0.030522,0.411958,-0.595055,-0.076224,-0.076216,1.019214,1.549812,1.673527,2.399677,2.724594,-0.001098,0.0,64.236298
0.548268,1.005172,-0.243686,0.183099,0.183096,0.402061,1.1213,1.264843,1.914593,2.378919,-0.000802,0.0,64.353912
0.091725,1.223047,-0.030584,-0.380749,-0.380746,0.269065,1.398477,1.561168,2.043067,2.604641,-0.000936,0.0,64.108887
0.414233,0.521628,-1.11998,-0.351634,-0.351647,0.454137,1.48973,1.816516,2.153278,2.778166,-0.001579,0.0,63.88345
-0.459493,0.50544,-0.735186,0.168765,0.168785,0.192977,1.085912,1.430018,1.732834,2.412151,-0.00152,0.0,63.991276
-0.72085,0.67485,-1.211646,-0.137853,-0.137855,0.226994,0.886498,1.461909,1.709544,2.392329,-0.001498,0.0,63.903061
-0.638307,0.592704,-0.744688,0.920255,0.920234,-0.644368,-0.227958,0.389318,0.625957,1.229339,-0.001241,1.0,64.491119
-0.917295,0.511272,-1.052627,1.063825,1.063815,-1.362389,-1.368401,-0.629804,-0.418213,0.023932,-0.000957,1.0,65.177185
0.195662,0.571942,-1.02348,-0.090223,-0.090191,-0.894052,-1.172499,-0.588013,-0.309316,-0.006033,-0.000671,0.0,65.118401
0.527594,0.527594,-0.618022,-0.150521,-0.150543,-0.428086,-0.910444,-0.485362,-0.238527,0.012529,-0.001644,0.0,65.02037
0.929736,1.813751,-0.152414,-1.100384,-1.100377,0.804751,0.202714,0.438957,0.822094,1.02012,-0.001653,-1.0,64.304901
-0.015263,0.625672,-0.991915,-0.121936,-0.121919,0.8454,0.305192,0.403873,0.813547,1.001515,-0.001496,0.0,64.226501
-0.121806,0.350189,-0.578558,0.228904,0.228884,0.365415,0.117241,0.030458,0.549451,0.733107,-0.001463,0.0,64.373505
-0.182792,0.548363,-0.456975,-0.045673,-0.045665,0.170596,0.234573,0.068034,0.498853,0.746378,-0.000856,0.0,64.344109
0.898948,1.518914,-0.263483,-1.721257,-1.721259,1.360825,1.870742,1.710071,2.081531,2.332617,-0.001746,-1.0,63.23658
0.432631,0.757104,-0.216315,0.309988,0.309995,0.772554,1.481759,1.311283,1.558243,1.921347,-0.000817,0.0,63.43261
-0.489669,0.734513,-0.55088,0.973419,0.973402,-0.254005,0.434595,0.302998,0.446839,0.822203,-0.000409,1.0,64.050064
-3.220118,2.896634,-3.264227,4.070396,4.070413,-3.470085,-3.271584,-3.365199,-3.414945,-3.010299,0.000393,1.0,66.657166
0.708795,0.738334,-0.29534,-0.426409,-0.426412,-2.445367,-2.668344,-2.701322,-2.854403,-2.547551,0.000844,0.0,66.372932
0.963239,1.03734,-0.251934,-0.354398,-0.354393,-1.22111,-2.153239,-2.138916,-2.368859,-2.161243,0.00018,0.0,66.137711
1.922505,2.250377,-0.25335,-0.563137,-0.563158,0.047706,-1.377031,-1.39591,-1.699684,-1.625616,0.000578,-1.0,65.765251
0.808748,1.09331,-0.539154,-0.491805,-0.491799,0.967512,-0.703898,-0.81173,-1.130734,-1.157992,-2.5e-05,0.0,65.441818
-0.712793,1.663206,-0.831596,0.853675,0.853702,-0.086142,-1.297903,-1.568173,-1.824336,-1.980409,0.000337,1.0,66.000496
1.710821,2.195302,-0.95383,-1.915642,-1.915669,1.359579,0.690391,0.314918,0.158976,-0.046625,-0.000668,-1.0,64.736145
-0.836241,1.353211,-0.942671,-0.42393,-0.423932,1.271104,1.309122,0.684218,0.621879,0.38986,-0.000644,0.0,64.461708
0.716683,0.853914,-0.167736,-0.288878,-0.288835,1.100913,1.733726,0.972824,0.942325,0.683102,-0.000758,0.0,64.27552
-0.288056,0.65191,-0.545787,0.57944,0.579403,0.272904,1.240154,0.434614,0.372961,0.121294,0.000178,1.0,64.647934
0.730933,1.492316,-0.670009,-0.439662,-0.439627,0.207077,1.330874,0.877089,0.752984,0.579235,9.7e-05,0.0,64.363724
-1.501952,0.300386,-1.562032,1.385723,1.385694,-1.0033,-0.225293,-0.408532,-0.613549,-0.711326,0.000619,1.0,65.255608
-3.353969,0.993239,-3.541095,4.340641,4.340641,-4.056418,-4.089535,-4.076579,-4.522815,-4.601123,0.002104,1.0,68.08812
0.405688,0.985222,-0.333231,-0.647767,-0.647761,-2.434075,-3.186032,-3.035836,-3.653289,-3.757753,0.002009,-1.0,67.647072
-0.203813,0.4513,-1.048189,-0.478115,-0.478118,-1.170475,-2.441405,-2.245842,-2.960407,-3.127098,0.001963,0.0,67.323639
0.145664,0.335025,-0.670066,-0.058233,0.116656,-0.384042,-2.347122,-2.286057,-2.848805,-3.107932,0.001945,0.0,67.402176
-1.485716,0.042856,-1.64286,1.966494,1.966509,-1.294843,-3.649669,-3.942142,-4.403541,-4.766515,0.002696,1.0,68.727646
0.76182,1.609892,-0.373727,-0.614286,-0.61428,-0.621131,-2.491419,-3.136857,-3.441636,-3.985523,0.002148,-1.0,68.305466
-0.371431,0.342854,-1.242861,0.618083,0.618076,-0.917144,-2.442602,-3.444511,-3.649556,-4.317913,0.001989,1.0,68.727646
-0.028513,0.570117,-0.228056,0.228577,0.228579,-0.689859,-2.050032,-3.331507,-3.518365,-4.265629,0.002103,0.0,68.884743
0.673547,0.773862,-0.429917,-0.541626,-0.541631,0.174841,-0.911183,-2.560717,-2.857605,-3.502676,0.001963,-1.0,68.511642
0.259478,0.720773,-0.129745,-0.587555,-0.587575,0.585284,0.093436,-1.654654,-2.155994,-2.711217,0.002146,-1.0,68.109085
-0.459638,0.330358,-0.459638,0.360386,0.360382,0.238452,-0.227012,-1.62813,-2.345183,-2.761074,0.002319,0.0,68.354538
1.123427,1.40064,-0.335575,-1.551281,-1.551259,1.391883,1.292674,0.220969,-0.692833,-0.999345,0.001683,-1.0,67.294182
-0.920996,0.359764,-1.424663,1.386048,1.38605,-0.187083,0.040293,-0.79944,-1.846358,-2.107904,0.002194,1.0,68.226913
-0.115001,0.316275,-1.092575,0.100734,0.10072,-0.350771,0.070456,-0.515441,-1.777089,-2.110438,0.002845,0.0,68.295631
0.946421,1.339543,-0.232969,-1.265092,-1.265085,0.725099,1.160457,0.974383,-0.318696,-0.793383,0.002282,-1.0,67.431633
0.028934,0.491964,-0.98394,0.626093,0.626086,-0.049192,0.464483,0.323109,-0.688946,-1.309473,0.002158,1.0,67.853813
-0.449012,0.60834,-1.491887,-0.101288,-0.101284,0.196987,0.42729,0.438397,-0.329384,-1.090223,0.000668,0.0,67.785088
0.449608,0.797684,-0.087017,-0.130365,-0.130347,0.171127,0.382875,0.606229,0.025884,-0.827892,0.000774,0.0,67.696732
0.615743,1.378101,-0.263891,-1.073239,-1.073262,0.862052,1.241761,1.654706,1.305668,0.305948,0.000517,-1.0,66.970169
-0.117013,0.482659,-0.541177,0.234576,0.2346,0.535305,0.858544,1.257844,1.207973,0.213665,0.000802,0.0,67.127281
0.753549,0.901302,-0.088648,-1.009219,-1.009228,1.137705,1.600172,2.104014,2.116532,1.355036,0.000618,-1.0,66.449814
-0.412066,0.206032,-0.618099,0.398932,0.398922,0.415022,1.109647,1.497187,1.640922,1.098571,0.000455,0.0,66.714897
-2.024984,0.057448,-2.182961,2.472406,2.472436,-1.812452,-1.309799,-1.002462,-0.735334,-1.123267,0.002022,1.0,68.36438
0.086155,0.545661,-0.315912,0.014364,0.014363,-1.415863,-1.312481,-1.03008,-0.678508,-0.902847,0.002179,0.0,68.374199
0.144235,0.591369,-0.447144,-0.445142,-0.445161,-0.698108,-0.777443,-0.59138,-0.28271,-0.294361,0.002123,0.0,68.069824
0.218756,0.61251,-0.583348,-1.096209,-1.096217,0.662108,0.243556,0.408348,0.749605,0.765322,0.001525,-1.0,67.323631
-0.811484,0.231845,-1.043328,0.641683,0.641675,0.327505,-0.399929,-0.186436,0.035512,0.129267,0.001911,1.0,67.75563
0.523638,0.960006,-0.349088,-0.37676,-0.376742,0.450907,-0.052365,0.119268,0.311267,0.518396,0.001281,0.0,67.500366
-0.863306,0.489203,-0.892091,1.090909,1.090907,-0.673384,-0.945322,-0.966907,-0.79137,-0.517412,0.000121,1.0,68.236732
0.844366,0.931722,-0.30572,-1.165465,-1.165472,0.311545,0.269331,0.201877,0.329016,0.579417,-6.4e-05,-1.0,67.441452
0.332905,0.506594,-0.274995,0.582318,0.582329,-0.118687,-0.107105,-0.380179,-0.290201,-0.030685,0.000315,1.0,67.834183
-0.460962,0.244883,-0.47537,0.477641,0.477643,-0.47537,-0.370212,-0.81725,-0.700811,-0.539331,0.000443,0.0,68.158188
0.363055,0.784201,-0.145221,-0.80668,-0.806694,0.365965,0.328209,-0.019356,0.060999,0.194021,-0.000547,-1.0,67.60836
1.10754,1.10754,-0.160305,-0.34853,-0.348528,0.460507,0.530457,0.370157,0.342466,0.476828,-0.000452,0.0,67.372726
-0.072732,0.669089,-0.49454,0.189445,0.189454,0.287996,0.255995,0.217209,0.157815,0.250759,-0.000605,0.0,67.500366
1.903473,2.652873,-0.044963,-2.952726,-2.952729,2.628896,3.029074,3.170463,3.026078,3.127096,-0.001741,-1.0,65.507263
0.28294,0.491439,-0.580789,0.644486,0.64449,1.2956,2.092324,2.430374,2.225608,2.383909,-0.001318,1.0,65.929451
0.132651,0.663235,-0.471627,1.042436,1.042434,-0.04716,0.906413,1.198724,1.089906,1.230951,-0.000736,1.0,66.616722
-0.131882,0.117236,-0.908551,0.574797,0.574809,-0.729784,0.145067,0.483577,0.514352,0.575019,-0.000659,1.0,66.999641
-0.836759,0.0,-1.115681,-0.175843,-0.175864,-0.739865,0.23782,0.542183,0.673081,0.719322,-0.000168,0.0,66.881813
0.501703,0.634499,-1.829715,-0.513808,-0.513806,0.082643,0.560731,0.982745,1.199657,1.160406,-0.000846,-1.0,66.53817
0.4196,0.884156,-0.119888,-1.534594,-1.534578,1.516547,1.724848,2.328774,2.685436,2.598518,-0.00143,-1.0,65.51709
0.894853,1.327366,-0.044752,0.479544,0.479525,0.793444,0.969432,1.671395,2.002988,1.995531,-0.000807,0.0,65.831261
-0.64308,0.175392,-0.745387,2.043244,2.043231,-1.172154,-1.081532,-0.469625,-0.128595,-0.034468,-0.000301,1.0,67.176346
-0.676056,0.115076,-0.992513,1.607716,1.607722,-2.333132,-2.535945,-1.964886,-1.695179,-1.55004,0.000309,1.0,68.256355
-0.185445,0.285314,-0.898712,0.834294,0.834316,-2.476473,-2.860207,-2.679987,-2.399436,-2.226539,0.000654,1.0,68.825829
0.157098,0.371325,-0.471287,-0.114124,-0.114143,-1.425303,-2.339321,-2.511651,-2.215782,-1.996558,0.000996,0.0,68.747269
-0.198385,0.028335,-0.850218,0.785494,0.785497,-1.19598,-2.715032,-3.10991,-2.848939,-2.707093,0.001193,1.0,69.287277
-0.677194,0.11287,-0.846498,0.439276,0.439273,-0.933968,-2.768051,-3.321095,-3.176484,-3.062629,0.00171,0.0,69.591637
-1.939472,0.412659,-2.022,2.56772,2.567731,-2.539205,-4.572218,-5.379183,-5.32462,-5.303988,0.002485,1.0,71.378563
1.138571,1.194113,-0.361004,-0.935351,-0.935362,-1.085805,-3.081081,-3.995176,-4.227286,-4.218261,0.001268,-1.0,70.710915
-0.041683,0.250106,-0.486311,-0.06942,-0.069399,-0.475214,-2.285693,-3.482021,-3.983617,-3.987229,0.001238,0.0,70.661842
0.627174,0.696864,-0.766555,-0.305684,-0.305707,0.158891,-1.331006,-2.823686,-3.487795,-3.525565,0.001288,0.0,70.445824
2.647053,2.834218,-0.534761,4.250875,4.250881,-2.877006,-4.50134,-6.201428,-7.010026,-7.175935,0.003197,1.0,73.440392
0.568641,1.150823,-0.379094,-1.256687,-1.256683,-1.326837,-2.698351,-4.489578,-5.48064,-5.714595,0.002519,-1.0,72.517479
-0.588701,0.58871,-1.190795,1.191439,1.191434,-1.760763,-3.22317,-4.992413,-6.056991,-6.522336,0.00308,1.0,73.381477
-1.39456,0.552556,-1.762931,1.699229,1.699238,-2.339174,-4.052106,-5.765917,-7.043816,-7.737408,0.003297,1.0,74.628403
-0.641527,0.497519,-1.492536,0.486771,0.486776,-1.599898,-3.756224,-5.408054,-6.935721,-7.790524,0.003887,0.0,74.991676
1.473322,1.552968,-0.026541,-1.361614,-1.361622,-0.098217,-1.835674,-3.489954,-5.179848,-6.160866,0.003193,-1.0,73.970573
-0.237562,0.356347,-1.003029,0.570747,0.570751,-0.161014,-1.987595,-3.48775,-5.213147,-6.322819,0.003226,1.0,74.392761
0.345426,1.076133,-0.318849,-0.659892,-0.659884,0.643013,-0.90475,-2.388743,-4.085302,-5.246188,0.003278,-1.0,73.901855
1.427047,1.587083,-0.080028,-0.385272,-0.385269,0.757522,-0.120049,-1.570214,-3.164196,-4.462007,0.003265,0.0,73.617134
2.337593,2.500674,-0.040771,-1.867166,-1.867192,1.913575,2.029095,0.575347,-0.877949,-2.33269,0.002531,-1.0,72.242561
-0.714188,0.134751,-1.199298,0.856207,0.856228,0.743832,1.083406,0.020655,-1.329344,-2.840057,0.003891,1.0,72.861122
0.685671,1.075562,-0.712556,0.229077,0.229067,0.139831,0.922297,-0.057358,-1.228148,-2.72546,0.003743,0.0,73.028023
0.613409,1.240453,-0.19084,-1.371331,-1.371332,1.011453,2.137408,1.454019,0.367366,-1.068157,0.002881,-1.0,72.026566
-0.911066,0.394345,-1.563778,0.245365,0.40961,0.241116,1.401784,1.193146,0.205042,-1.095392,0.002822,0.0,72.321594
-0.676315,0.676315,-0.743951,0.530322,0.530323,-0.160435,0.552368,0.866493,-0.088516,-1.23896,0.003074,0.0,72.705132
-0.498522,0.242524,-1.037462,0.392264,0.392272,-0.515142,0.025173,0.431261,-0.246091,-1.306242,0.003397,0.0,72.990334
-0.551007,0.040314,-1.222959,0.256,0.256015,-0.728417,-0.396364,0.234901,-0.377928,-1.289285,0.004037,0.0,73.1772
-0.281991,0.349137,-0.617697,0.08063,0.080614,-0.478043,-0.567486,0.140938,-0.285766,-1.127911,0.003894,0.0,73.236191
-0.268824,0.752684,-0.981188,-0.093996,-0.093988,-0.153231,-0.535416,0.102023,-0.02074,-0.793253,0.003131,0.0,73.167358
-0.527382,0.784316,-1.541581,-0.604845,-0.604857,0.459783,0.136174,0.503377,0.744356,-0.000472,0.002341,-1.0,72.7248
1.840143,3.413402,-0.323083,-3.732245,-3.732261,3.503321,3.611244,4.022761,4.405219,3.900401,0.00071,-1.0,70.010521
-6.143939,1.462844,-12.229375,-3.975279,-3.975244,6.018121,7.037724,7.618551,8.333955,7.954691,-0.000669,-1.0,67.227432
7.047933,7.212187,-0.552491,-2.033353,-2.033368,5.978795,8.323129,9.038267,10.011522,9.900778,-0.001676,-1.0,65.860451
-1.867306,0.424383,-3.94681,5.554727,5.554731,-0.647906,2.219546,2.907201,3.854759,4.051572,0.000151,1.0,69.518822
-0.635359,0.124304,-2.209943,2.419013,2.419015,-3.422658,-0.406083,0.379084,1.1356,1.636395,9.8e-05,1.0,71.200493
-0.496827,0.289814,-1.186863,0.082869,0.082873,-3.152084,-0.731443,0.146126,0.86163,1.429815,0.000462,0.0,71.259499
0.855541,1.093968,-0.673216,-1.600878,-1.6009,-0.751742,0.447415,1.49884,2.197821,2.943182,-8.5e-05,-1.0,70.118706
0.652559,2.073666,-0.667052,-3.281913,-3.281897,3.193157,3.056844,4.529195,5.217075,6.108138,-0.001148,-1.0,67.817482
0.459637,0.473993,-1.321468,0.957082,0.957073,1.907501,1.393279,3.162887,3.843478,4.742241,-0.002324,1.0,68.466545
0.071016,0.965909,-0.582392,1.120366,1.120375,0.210223,-0.234379,1.685602,2.475629,3.249063,-0.001476,1.0,69.233627
0.187966,1.084442,-0.751887,-1.761361,-1.761346,1.052612,1.260827,3.020994,3.956623,4.74994,-0.00253,-1.0,68.014183
0.311925,0.680566,-1.389474,1.980906,1.980884,-1.128587,-0.398402,0.653158,1.673054,2.42512,-0.002429,1.0,69.361465
1.652302,2.55747,-0.24425,-1.318589,-1.318582,0.376441,1.310349,1.531612,2.770117,3.47494,-0.003074,-1.0,68.446877
-1.039446,0.598034,-1.096403,0.90518,0.905157,-0.350261,0.336056,0.224991,1.612576,2.283175,-0.002265,1.0,69.066429
-1.271906,0.070656,-1.8372,0.754662,0.75466,-0.994898,-0.647241,-0.826249,0.627492,1.364458,-0.002199,1.0,69.587646
1.014139,1.128412,-0.571348,-1.059921,-1.059907,0.308522,0.067135,0.123796,1.404804,2.217305,-0.002342,-1.0,68.850082
-0.042546,0.340374,-1.418239,0.714184,0.714182,-0.408456,-0.7545,-0.38292,0.409166,1.279823,-0.001949,1.0,69.341797
-0.760672,0.169042,-1.324123,0.680749,0.680763,-0.690249,-1.139602,-0.678972,-0.514865,0.468232,-0.001039,1.0,69.81385
0.479149,1.916574,-0.648251,-0.042258,-0.042258,-0.442511,-0.908968,-0.611617,-0.715197,0.365272,-0.00136,0.0,69.784348
0.042985,1.461523,-0.114632,-1.648813,-1.648811,0.948552,0.664841,0.805263,0.65123,1.810566,-0.002031,-1.0,68.633736
-0.226047,0.762929,-0.791181,1.418538,1.418536,-0.245833,-0.514276,-0.762932,-0.785535,0.192142,-0.001034,1.0,69.60733
-0.355872,0.199287,-1.338081,-0.748798,-0.748808,0.432748,0.196443,-0.113875,0.097514,0.711179,-0.001448,-1.0,69.086105
-1.11345,0.281896,-1.479908,0.996437,0.996449,-0.569415,-0.601838,-0.912383,-0.609587,-0.480905,-0.001282,1.0,69.774513
0.156606,0.555238,-0.854213,-1.000703,-1.000701,0.230634,0.404321,0.148057,0.363034,0.288148,-0.001779,-1.0,69.076279
0.707314,1.089259,-0.679025,0.640666,0.640658,-0.152782,-0.244733,-0.462116,-0.396808,-0.534733,-0.001642,1.0,69.518822
4.449412,4.583337,-0.252973,-4.937056,-4.937056,3.967266,4.517862,4.512897,4.384675,4.393456,-0.003434,-1.0,66.086639
-1.47381,0.248064,-1.940759,1.97917,1.979173,1.44754,2.200495,2.289989,2.156716,2.377349,-0.002693,1.0,67.394608
-0.488091,0.0,-2.009764,1.64892,1.648918,-0.56848,0.351703,0.636415,0.549805,0.87108,-0.001888,1.0,68.50589
0.142875,1.114444,-1.443056,0.473721,0.473717,-1.108724,-0.260031,0.139071,0.102161,0.355483,-0.000386,0.0,68.830414
-2.646095,0.084909,-3.26871,0.971567,0.971575,-2.065942,-1.095233,-0.832982,-0.841945,-0.708083,0.00138,1.0,69.499153
-1.619832,0.152282,-1.813658,2.20745,2.207447,-2.788319,-3.030602,-2.769861,-2.771017,-2.865299,0.002895,1.0,71.03331
0.194227,0.638178,-0.346837,-0.207671,-0.20768,-1.600994,-2.574912,-2.422304,-2.461152,-2.619864,0.000837,0.0,70.885788
-0.737505,0.01366,-1.051631,1.581575,1.581582,-2.160614,-3.781754,-3.738506,-3.73259,-3.903308,0.000538,1.0,72.006905
-1.217865,0.040593,-1.447903,0.928709,0.928715,-2.002712,-4.171861,-4.359051,-4.370104,-4.555896,0.00084,1.0,72.675644
0.0811,0.148679,-0.783997,0.108256,0.108244,-1.213838,-3.830762,-4.084885,-4.255878,-4.465531,0.00145,0.0,72.754311
-1.666889,0.586748,-1.760235,1.365227,1.365218,-1.808227,-4.087195,-5.002429,-5.213346,-5.441245,0.00311,1.0,73.747566
-0.720001,0.333333,-1.133331,0.013338,0.013356,-1.042672,-3.237337,-4.592892,-4.92667,-5.215472,0.002773,0.0,73.757416
0.862532,1.428578,-0.646895,-1.066671,-1.066674,0.288411,-1.582208,-3.272234,-3.685307,-3.945551,0.001992,-1.0,72.970665
-0.504376,0.092923,-1.008752,1.536387,1.536372,-0.846816,-2.361279,-4.28456,-4.851987,-5.127672,0.00317,1.0,74.091766
-0.881576,0.710528,-1.592104,0.876034,0.876037,-1.176314,-2.507888,-4.649992,-5.269728,-5.675781,0.002775,1.0,74.740837
-1.3768,0.441621,-1.3768,1.302629,1.302637,-1.927525,-3.143265,-5.028356,-6.084553,-6.526039,0.003711,1.0,75.714439
0.471945,0.799685,-0.458835,-0.922196,-0.922205,-0.679075,-1.691131,-3.467043,-4.815145,-5.353425,0.003059,-1.0,75.016197
1.961308,1.961308,-0.198782,-1.074987,-1.074973,0.734153,-0.326008,-1.905651,-3.481981,-4.087997,0.002405,-1.0,74.209793
-0.693534,0.56268,-1.020674,1.272196,1.272204,-0.248638,-1.248378,-2.576998,-4.290117,-5.007076,0.003238,1.0,75.153893
0.506032,0.726608,-2.75075,0.850565,0.850559,-0.812254,-1.6803,-2.84504,-4.683411,-5.430394,0.003287,1.0,75.793121
-0.127907,0.16628,-1.394224,1.440249,1.440235,-1.916083,-2.668196,-3.717058,-5.334478,-6.394467,0.003558,1.0,76.88472
0.657897,0.851397,-0.593394,-0.84421,-0.844203,-0.761088,-1.514446,-2.429478,-3.948655,-5.22239,0.003272,-1.0,76.235657
-1.331308,0.025353,-1.813111,1.741494,1.74149,-1.595028,-2.608091,-3.621995,-5.008875,-6.443006,0.004482,1.0,77.563293
0.10189,0.254741,-0.738762,-0.456449,-0.456445,-0.611389,-1.75774,-2.788608,-4.030698,-5.592664,0.003813,0.0,77.209259
1.46945,1.585455,-0.025785,-1.184562,-1.184548,0.711509,-0.3764,-1.313929,-2.434921,-4.105712,0.003657,-1.0,76.294678
-0.039882,1.316137,-0.917312,-3.042022,-3.042031,3.084284,2.513956,1.802707,0.824908,-0.670571,0.002215,-1.0,73.97377
-3.555847,0.872914,-3.966629,3.562883,3.562871,-0.364561,-0.80487,-1.451429,-2.270213,-3.606669,0.003845,1.0,76.60936
0.025533,0.612641,-0.574341,0.577659,0.577671,-1.069558,-1.005743,-1.664329,-2.50415,-3.716657,0.003822,1.0,77.05191
-1.059808,0.567748,-1.059808,1.16146,1.161461,-2.016152,-1.784007,-2.463628,-3.285398,-4.354284,0.006,1.0,77.946838
1.04127,1.04127,-0.546032,-0.643454,-0.643449,-1.084451,-0.934611,-1.599162,-2.356201,-3.324454,0.005064,-1.0,77.44529
0.461303,0.461303,-0.961046,-0.901586,-0.901595,0.538186,-0.051255,-0.614215,-1.272426,-2.147106,0.004153,-1.0,76.747047
-2.302467,0.062904,-2.352796,1.84521,2.028255,-1.027693,-1.774069,-2.310049,-2.94477,-3.713429,0.004708,1.0,78.303673
0.846171,1.351351,-0.012632,-0.377457,-0.377468,-0.407537,-1.344872,-1.615295,-2.25415,-3.040879,0.004226,0.0,78.008102
0.702341,1.072665,-0.217085,-1.098765,-1.098773,0.492601,-0.256388,-0.349692,-0.969952,-1.731653,0.003045,-1.0,77.15097
-0.115227,1.101011,-0.435289,-0.255391,-0.255381,0.622198,0.08466,0.006012,-0.572607,-1.261759,0.003028,0.0,76.953941
-1.406845,0.012677,-1.673004,1.011395,1.011401,-0.131819,-0.433945,-0.922634,-1.438355,-2.045352,0.002825,1.0,77.732254
0.139541,0.570845,-0.45668,-0.08872,-0.088717,-0.208052,-0.209829,-0.712108,-1.180415,-1.757203,0.002461,0.0,77.663292
-1.86428,0.049715,-2.137709,2.067737,2.067737,-1.911513,-1.951715,-2.580064,-2.863223,-3.429624,0.003161,1.0,79.269165
0.561442,1.072988,-0.374303,-0.385281,-0.385295,-1.072981,-1.443697,-2.055132,-2.246272,-2.809309,0.002536,0.0,78.963745
0.498808,1.010098,-0.261877,0.049906,0.049923,-0.603573,-1.295683,-1.875449,-2.09189,-2.641999,0.002549,0.0,79.003166
0.59917,0.836348,-0.68656,-0.099764,-0.099786,-0.202209,-0.921222,-1.359268,-1.864881,-2.382071,0.002894,0.0,78.924332
-0.70184,0.513844,-0.726911,-0.399451,-0.399448,0.438659,-0.485016,-0.794078,-1.320347,-1.807751,0.002203,0.0,78.60907
0.276522,0.666161,0.0,-0.28826,-0.288253,0.502767,-0.149569,-0.394118,-0.982822,-1.310951,0.001787,0.0,78.382477
-0.250497,0.388284,-0.28807,0.351933,0.351945,0.072639,-0.30812,-0.683143,-1.237973,-1.478853,0.001448,0.0,78.65834
1.328941,1.417536,-0.063287,-1.039572,-1.039592,0.825215,0.853066,0.394051,-0.101163,-0.338661,0.001406,-1.0,77.840614
-0.475541,0.025023,-1.426614,1.139099,1.139117,-0.360419,-0.156437,-0.568985,-0.924413,-1.367515,0.002196,1.0,78.72731
0.999495,1.404353,-0.088563,-1.088729,-1.088754,0.546574,0.969146,0.488377,0.247106,-0.197869,0.001353,-1.0,77.870163
1.366713,1.890402,-0.268232,-0.948887,-0.948867,1.185333,1.659211,1.375225,1.212575,0.735788,0.000711,-1.0,77.131279
-2.263682,0.0,-2.425379,2.695109,2.695082,-1.33083,-0.977593,-1.111919,-1.363864,-1.806839,0.001159,1.0,79.21003
0.729094,1.18164,-0.603398,-1.057213,-1.057202,-0.140788,4e-06,0.065376,-0.250777,-0.651592,0.001083,-1.0,78.37262
-0.113819,0.758819,-0.897937,-0.603398,-0.603382,0.252929,0.475521,0.687151,0.42873,0.153088,0.000245,-1.0,77.899734
1.219832,2.401134,-0.616326,-1.504999,-1.505013,1.48691,1.765547,2.144336,1.860568,1.689587,-0.000129,-1.0,76.727333
-0.268816,1.267278,-0.627248,0.308174,0.308199,1.131569,1.26854,1.630804,1.479755,1.372564,0.000404,0.0,76.963806
1.353302,1.353302,-0.775199,-2.572967,-2.572989,2.67508,3.4529,3.960938,4.015247,3.891675,0.000571,-1.0,74.983536
-0.871609,0.598412,-1.678159,0.998557,0.998571,0.962656,2.151673,2.645146,2.906195,2.774024,-0.000345,1.0,75.7323
-0.317985,1.055703,-0.521501,2.276571,2.276558,-1.399132,-0.286188,0.234037,0.597814,0.523024,0.000262,1.0,77.45639
-0.513403,0.150265,-2.141246,1.577204,1.5772,-2.434249,-1.731774,-1.316464,-0.899692,-1.018775,0.000411,1.0,78.678032
1.639345,2.020583,-0.076255,-1.465063,-1.46506,-0.838732,-0.219849,0.077098,0.461306,0.428012,0.000117,-1.0,77.525352
2.25367,2.450212,-0.052412,-3.011821,-3.011817,2.295599,2.344079,2.877359,3.330059,3.442351,-0.000636,-1.0,75.19043
-0.349872,0.246214,-0.997792,1.113729,1.113749,1.246583,0.90837,1.585229,1.996225,2.254229,-0.000963,1.0,76.027863
0.06462,0.142157,-0.930464,0.272125,0.272088,0.65135,0.41615,1.091603,1.543056,1.898188,-0.000731,0.0,76.234726
-0.610993,0.127299,-1.272912,1.524943,1.524964,-1.191448,-1.0056,-0.467584,-0.060464,0.35387,0.000206,1.0,77.397278
0.114996,0.575003,-0.102226,-0.381869,-0.381867,-0.922572,-0.608235,-0.088601,0.23958,0.626112,0.000161,0.0,77.101723
-0.623963,0.152812,-0.904112,0.345,0.344997,-0.700369,-0.641793,-0.590857,-0.188464,0.197632,-7.7e-05,0.0,77.367722
-0.265117,0.227244,-0.391361,0.865911,0.865902,-1.037744,-1.199337,-1.472869,-1.03269,-0.712024,0.000264,1.0,78.037651
0.918956,1.072117,-0.114864,-1.085723,-1.085705,0.296101,-0.149339,-0.452677,-0.045956,0.287931,-0.000862,-1.0,77.190392
0.889742,1.611863,0.0,-1.021053,-1.021064,1.070276,0.582846,0.545882,0.8891,1.20696,-0.001089,-1.0,76.402229
